频道名,地址,回播地址,回播类型,回播天数,tvg-id,tvg-name,国家分组,语言分组,图标,原分组,分辨率,来源文件
上虞新商都,https://stream1.freetv.fun/shang-yu-xin-shang-du-5.m3u8,,,,上虞新商都,上虞新商都,,,https://www.xn--rgv465a.top/tvlogo/上虞新商都.png,☘️浙江频道,,Guovin.txt
上虞新商都,https://stream1.freetv.fun/shang-yu-xin-shang-du-1.m3u8,,,,上虞新商都,上虞新商都,,,https://www.xn--rgv465a.top/tvlogo/上虞新商都.png,☘️浙江频道,,Guovin.txt
上虞文化影院,https://stream1.freetv.fun/shang-yu-wen-hua-ying-yuan-2.ctv,,,,绍兴文化影视,上虞文化影院,,,https://www.xn--rgv465a.top/tvlogo/上虞文化影院.png,☘️浙江频道,,Guovin.txt
上虞文化影院,https://stream1.freetv.fun/shang-yu-wen-hua-ying-yuan-1.m3u8,,,,绍兴文化影视,上虞文化影院,,,https://www.xn--rgv465a.top/tvlogo/上虞文化影院.png,☘️浙江频道,,Guovin.txt
上虞文化影院,https://stream1.freetv.fun/shang-yu-wen-hua-ying-yuan-3.ctv,,,,绍兴文化影视,上虞文化影院,,,https://www.xn--rgv465a.top/tvlogo/上虞文化影院.png,☘️浙江频道,,Guovin.txt
上虞文化影院,https://stream1.freetv.fun/shang-yu-wen-hua-ying-yuan-4.ctv,,,,绍兴文化影视,上虞文化影院,,,https://www.xn--rgv465a.top/tvlogo/上虞文化影院.png,☘️浙江频道,,Guovin.txt
上虞文化影院,https://t.freetv.fun/live/shang-yu-wen-hua-ying-yuan.m3u8,,,,绍兴文化影视,上虞文化影院,,,https://www.xn--rgv465a.top/tvlogo/上虞文化影院.png,☘️浙江频道,,Guovin.txt
北京卡酷少儿,https://zby.130519.xyz/PLTV/11/224/3221226019/index.m3u8,,,,北京卡酷少儿,北京卡酷少儿,,,https://www.xn--rgv465a.top/tvlogo/北京卡酷少儿.png,☘️北京频道,,Guovin.txt
北京卡酷少儿,http://[2409:8087:1a15:10d1::33]/ottrrs.hl.chinamobile.com/PLTV/88888888/224/3221225654/index.m3u8,,,,北京卡酷少儿,北京卡酷少儿,,,https://www.xn--rgv465a.top/tvlogo/北京卡酷少儿.png,☘️北京频道,,Guovin.txt
北京卡酷少儿,http://[2409:8087:5e08:25::16]:6610/200000001898/460000089800010081/1.m3u8,,,,北京卡酷少儿,北京卡酷少儿,,,https://www.xn--rgv465a.top/tvlogo/北京卡酷少儿.png,☘️北京频道,,Guovin.txt
北京卡酷少儿,https://migu.188766.xyz/?migutoken=1023983db6b5249e61d4950c1654cd84&id=%E5%8C%97%E4%BA%AC%E5%8D%A1%E9%85%B7%E5%B0%91%E5%84%BF&type=yy,,,,北京卡酷少儿,北京卡酷少儿,,,https://www.xn--rgv465a.top/tvlogo/北京卡酷少儿.png,☘️北京频道,,Guovin.txt
北京卡酷少儿,https://migu.188766.xyz/?migutoken=2c51384549aec8a85219fdc0c475e40b&id=%E5%8C%97%E4%BA%AC%E5%8D%A1%E9%85%B7%E5%B0%91%E5%84%BF&type=yy,,,,北京卡酷少儿,北京卡酷少儿,,,https://www.xn--rgv465a.top/tvlogo/北京卡酷少儿.png,☘️北京频道,,Guovin.txt
北京新闻,http://iptv.huuc.edu.cn/hls/btv9hd.m3u8,,,,北京新闻,北京新闻,,,https://gitee.com/suxuang/logo/raw/master/mylogo/北京新闻.png,☘️北京频道,,Guovin.txt
北京新闻,http://[2409:8087:1:20:20::2a]/otttv.bj.chinamobile.com/PLTV/88888888/224/3221226437/1.m3u8?GuardEncType=2&accountinfo=%7E%7EV2.0%7EncK5uEAdYwWMsf8WJWI1mQ%7E_eNUbgU9sJGUcVVduOMKhafLvQUgE_zlz_7pvDimJNO_LSIQh_h2P54Cz-MqgJqC%2CEND,,,,北京新闻,北京新闻,,,https://live.fanmingming.cn/tv/北京新闻.png,☘️北京频道,,Guovin.txt
北京生活,https://migu.188766.xyz/?migutoken=42c3cdb90190cfbb68aa926990ba2e82&id=%E5%8C%97%E4%BA%ACi%E7%94%9F%E6%B4%BB&type=yy,,,,北京生活,北京生活,,,https://www.xn--rgv465a.top/tvlogo/北京生活.png,☘️北京频道,,Guovin.txt
北京生活,https://migu.188766.xyz/?migutoken=ebac33487fb14297e10f0a7f96677c9d&id=%E5%8C%97%E4%BA%ACi%E7%94%9F%E6%B4%BB&type=yy,,,,北京生活,北京生活,,,https://www.xn--rgv465a.top/tvlogo/北京生活.png,☘️北京频道,,Guovin.txt
北京生活,https://migu.188766.xyz/?migutoken=136fbb78e4d83281d95615b20e411bed&id=%E5%8C%97%E4%BA%ACi%E7%94%9F%E6%B4%BB&type=yy,,,,北京生活,北京生活,,,https://www.xn--rgv465a.top/tvlogo/北京生活.png,☘️北京频道,,Guovin.txt
北京生活,https://migu.188766.xyz/?migutoken=b5a17d96fc35fc63b25cc763a1785672&id=%E5%8C%97%E4%BA%ACi%E7%94%9F%E6%B4%BB&type=yy,,,,北京生活,北京生活,,,https://www.xn--rgv465a.top/tvlogo/北京生活.png,☘️北京频道,,Guovin.txt
北京生活,https://migu.188766.xyz/?migutoken=e5ba633a55b22307c0e4272af6ea6632&id=%E5%8C%97%E4%BA%ACi%E7%94%9F%E6%B4%BB&type=yy,,,,北京生活,北京生活,,,https://www.xn--rgv465a.top/tvlogo/北京生活.png,☘️北京频道,,Guovin.txt
北京财经,https://migu.188766.xyz/?migutoken=c08ea955ec38f0a4d9526118b6474ec8&id=%E5%8C%97%E4%BA%AC%E8%B4%A2%E7%BB%8F&type=yy,,,,北京财经,北京财经,,,https://www.xn--rgv465a.top/tvlogo/北京财经.png,☘️北京频道,,Guovin.txt
北京财经,https://migu.188766.xyz/?migutoken=cc53eb44d2b32d63d359c351275b9ae6&id=%E5%8C%97%E4%BA%AC%E8%B4%A2%E7%BB%8F&type=yy,,,,北京财经,北京财经,,,https://www.xn--rgv465a.top/tvlogo/北京财经.png,☘️北京频道,,Guovin.txt
北京财经,https://migu.188766.xyz/?migutoken=c8b534aec73742e548cb389e18d991a8&id=%E5%8C%97%E4%BA%AC%E8%B4%A2%E7%BB%8F&type=yy,,,,北京财经,北京财经,,,https://www.xn--rgv465a.top/tvlogo/北京财经.png,☘️北京频道,,Guovin.txt
北京财经,https://migu.188766.xyz/?migutoken=3b13c5c5e624f786cc66b1a394b73802&id=%E5%8C%97%E4%BA%AC%E8%B4%A2%E7%BB%8F&type=yy,,,,北京财经,北京财经,,,https://www.xn--rgv465a.top/tvlogo/北京财经.png,☘️北京频道,,Guovin.txt
北京财经,https://migu.188766.xyz/?migutoken=be646e9ac808c7495130d26b316a39fd&id=%E5%8C%97%E4%BA%AC%E8%B4%A2%E7%BB%8F&type=yy,,,,北京财经,北京财经,,,https://www.xn--rgv465a.top/tvlogo/北京财经.png,☘️北京频道,,Guovin.txt
七彩戏剧,http://t.061899.xyz/tl/tl.php?id=qcxj,,,,七彩戏剧,七彩戏剧,,,https://gitee.com/suxuang/logo/raw/master/mylogo/七彩戏剧.png,☘️上海频道,,Guovin.txt
上海外语,http://t.061899.xyz/tl/tl.php?id=shics,,,,上海外语,上海外语,,,https://gitee.com/suxuang/logo/raw/master/mylogo/上海外语.png,☘️上海频道,,Guovin.txt
上海新闻综合,http://t.061899.xyz/tl/tl.php?id=shxwzh,,,,上海新闻综合,上海新闻综合,,,https://gitee.com/suxuang/logo/raw/master/mylogo/上海新闻综合.png,☘️上海频道,,Guovin.txt
上海纪实,http://iptv.huuc.edu.cn/hls/docuchina.m3u8,,,,上海纪实,上海纪实,,,https://www.xn--rgv465a.top/tvlogo/上海纪实.png,☘️上海频道,,Guovin.txt
上海纪实,https://stream1.freetv.fun/ipv6-shang-hai-ji-shi-ren-wen-2.m3u8,,,,上海纪实,上海纪实,,,https://www.xn--rgv465a.top/tvlogo/上海纪实.png,☘️上海频道,,Guovin.txt
上海纪实,https://stream1.freetv.fun/ipv6-shang-hai-ji-shi-ren-wen-3.m3u8,,,,上海纪实,上海纪实,,,https://www.xn--rgv465a.top/tvlogo/上海纪实.png,☘️上海频道,,Guovin.txt
上海纪实,https://stream1.freetv.fun/ipv6-shang-hai-ji-shi-ren-wen-5.m3u8,,,,上海纪实,上海纪实,,,https://www.xn--rgv465a.top/tvlogo/上海纪实.png,☘️上海频道,,Guovin.txt
上海纪实,https://stream1.freetv.fun/shang-hai-ji-shi-ren-wen-1.m3u8,,,,上海纪实,上海纪实,,,https://www.xn--rgv465a.top/tvlogo/上海纪实.png,☘️上海频道,,Guovin.txt
上海都市,https://zby.130519.xyz/PLTV/11/224/3221225749/index.m3u8,,,,上海都市频道,上海都市,,,https://www.xn--rgv465a.top/tvlogo/上海都市.png,☘️上海频道,,Guovin.txt
上海都市,https://migu.188766.xyz/?migutoken=6d8853cd2a35a94822edc25fb168517a&id=shds&type=sz,,,,上海都市频道,上海都市,,,https://www.xn--rgv465a.top/tvlogo/上海都市.png,☘️上海频道,,Guovin.txt
上海都市,https://stream1.freetv.fun/ipv6-shang-hai-du-shi-3.m3u8,,,,上海都市频道,上海都市,,,https://www.xn--rgv465a.top/tvlogo/上海都市.png,☘️上海频道,,Guovin.txt
上海都市,https://stream1.freetv.fun/ipv6-shang-hai-du-shi-8.m3u8,,,,上海都市频道,上海都市,,,https://www.xn--rgv465a.top/tvlogo/上海都市.png,☘️上海频道,,Guovin.txt
上海都市,https://stream1.freetv.fun/ipv6-shang-hai-du-shi-4.m3u8,,,,上海都市频道,上海都市,,,https://www.xn--rgv465a.top/tvlogo/上海都市.png,☘️上海频道,,Guovin.txt
东方影视,https://zby.130519.xyz/PLTV/11/224/3221225744/index.m3u8,,,,东方影视,东方影视,,,https://gitee.com/suxuang/logo/raw/master/mylogo/东方影视.png,☘️上海频道,,Guovin.txt
东方影视,https://live.chinacert.cftest5.cn/cnmg/live/617290047,,,,东方影视,东方影视,,,https://www.xn--rgv465a.top/tvlogo/东方影视.png,☘️上海频道,,Guovin.txt
东方财经,https://zby.130519.xyz/PLTV/11/224/3221226134/index.m3u8,,,,东方财经,东方财经,,,https://www.xn--rgv465a.top/tvlogo/东方财经.png,☘️上海频道,,Guovin.txt
动漫秀场,https://zby.130519.xyz/PLTV/11/224/3221225764/index.m3u8,,,,动漫秀场,动漫秀场,,,https://www.xn--rgv465a.top/tvlogo/动漫秀场.png,☘️上海频道,,Guovin.txt
动漫秀场,http://php.jdshipin.com/itv6.php?cid=bestzb&id=5000000011000031113,,,,动漫秀场,动漫秀场,,,https://www.xn--rgv465a.top/tvlogo/动漫秀场.png,☘️上海频道,,Guovin.txt
动漫秀场,https://stream1.freetv.fun/dong-man-xiu-chang-11.m3u8,,,,动漫秀场,动漫秀场,,,https://www.xn--rgv465a.top/tvlogo/动漫秀场.png,☘️上海频道,,Guovin.txt
动漫秀场,https://stream1.freetv.fun/ipv6-dong-man-xiu-chang-11.m3u8,,,,动漫秀场,动漫秀场,,,https://www.xn--rgv465a.top/tvlogo/动漫秀场.png,☘️上海频道,,Guovin.txt
动漫秀场,https://stream1.freetv.fun/dong-man-xiu-chang-9.ctv,,,,动漫秀场,动漫秀场,,,https://www.xn--rgv465a.top/tvlogo/动漫秀场.png,☘️上海频道,,Guovin.txt
哈哈炫动,https://zby.130519.xyz/PLTV/11/224/3221226161/index.m3u8,,,,哈哈炫动,哈哈炫动,,,https://www.xn--rgv465a.top/tvlogo/哈哈炫动.png,☘️上海频道,,Guovin.txt
哈哈炫动,http://php.jdshipin.com/TVOD/hnyd.php?id=200000001898/460000089800010117,,,,哈哈炫动,哈哈炫动,,,https://www.xn--rgv465a.top/tvlogo/哈哈炫动.png,☘️上海频道,,Guovin.txt
哈哈炫动,http://[2409:8087:8:21::18]:6610/otttv.bj.chinamobile.com/PLTV/88888888/224/3221226931/1.m3u8,,,,哈哈炫动,哈哈炫动,,,https://www.xn--rgv465a.top/tvlogo/哈哈炫动.png,☘️上海频道,,Guovin.txt
哈哈炫动,https://stream1.freetv.fun/ha-ha-xuan-dong-29.m3u8,,,,哈哈炫动,哈哈炫动,,,https://www.xn--rgv465a.top/tvlogo/哈哈炫动.png,☘️上海频道,,Guovin.txt
哈哈炫动,https://stream1.freetv.fun/ha-ha-xuan-dong-8.m3u8,,,,哈哈炫动,哈哈炫动,,,https://www.xn--rgv465a.top/tvlogo/哈哈炫动.png,☘️上海频道,,Guovin.txt
崇明电视台,https://pili-live-hls.wdit.com.cn/wditlive/c038f4fafbdf4f97ba74c74ad67259b931ee.m3u8,,,,崇明电视台,崇明电视台,,,https://www.xn--rgv465a.top/tvlogo/崇明电视台.png,☘️上海频道,,Guovin.txt
欢笑剧场,https://zby.130519.xyz/PLTV/11/224/3221225771/index.m3u8,,,,欢笑剧场,欢笑剧场,,,https://gitee.com/suxuang/logo/raw/master/mylogo/欢笑剧场.png,☘️上海频道,,Guovin.txt
欢笑剧场,http://goo.bkpcp.top/mg/hxjc,,,,欢笑剧场,欢笑剧场,,,https://www.xn--rgv465a.top/tvlogo/欢笑剧场.png,☘️上海频道,,Guovin.txt
欢笑剧场,http://z.b.bkpcp.top/m.php?id=hxjc,,,,欢笑剧场,欢笑剧场,,,https://www.xn--rgv465a.top/tvlogo/欢笑剧场.png,☘️上海频道,,Guovin.txt
欢笑剧场,http://[2409:8087:5e00:24::1e]:6060/000000001000/5000000002000009455/1.m3u8,,,,欢笑剧场,欢笑剧场,,,https://www.xn--rgv465a.top/tvlogo/欢笑剧场.png,☘️上海频道,,Guovin.txt
法治天地,https://zby.130519.xyz/PLTV/11/224/3221225994/index.m3u8,,,,法治天地,法治天地,,,https://gitee.com/suxuang/logo/raw/master/mylogo/法治天地.png,☘️上海频道,,Guovin.txt
法治天地,http://[2409:8087:5e01:24::16]:6610/000000001000/2000000002000000014/index.m3u8?stbId=3&livemode=1&HlsProfileId=&channel-id=hnbblive&Contentid=2000000002000000014&IASHttpSessionId=OTT19019320240419154124000281,,,,法治天地,法治天地,,,https://www.xn--rgv465a.top/tvlogo/法治天地.png,☘️上海频道,,Guovin.txt
生活时尚,https://zby.130519.xyz/PLTV/11/224/3221225768/index.m3u8,,,,生活时尚,生活时尚,,,https://www.xn--rgv465a.top/tvlogo/生活时尚.png,☘️上海频道,,Guovin.txt
生活时尚,https://stream1.freetv.fun/sheng-huo-shi-shang-13.m3u8,,,,生活时尚,生活时尚,,,https://www.xn--rgv465a.top/tvlogo/生活时尚.png,☘️上海频道,,Guovin.txt
生活时尚,https://stream1.freetv.fun/sheng-huo-shi-shang-17.ctv,,,,生活时尚,生活时尚,,,https://www.xn--rgv465a.top/tvlogo/生活时尚.png,☘️上海频道,,Guovin.txt
生活时尚,https://stream1.freetv.fun/sheng-huo-shi-shang-9.ctv,,,,生活时尚,生活时尚,,,https://www.xn--rgv465a.top/tvlogo/生活时尚.png,☘️上海频道,,Guovin.txt
生活时尚,https://stream1.freetv.fun/sheng-huo-shi-shang-29.m3u8,,,,生活时尚,生活时尚,,,https://www.xn--rgv465a.top/tvlogo/生活时尚.png,☘️上海频道,,Guovin.txt
第一财经,https://zby.130519.xyz/PLTV/11/224/3221225737/index.m3u8,,,,第一财经,第一财经,,,https://gitee.com/suxuang/logo/raw/master/mylogo/第一财经.png,☘️上海频道,,Guovin.txt
纪实人文,https://stream1.freetv.fun/ipv6-ji-shi-ren-wen-12.m3u8,,,,纪实人文,纪实人文,,,https://www.xn--rgv465a.top/tvlogo/纪实人文.png,☘️上海频道,,Guovin.txt
都市剧场,https://zby.130519.xyz/PLTV/11/224/3221225762/index.m3u8,,,,都市剧场,都市剧场,,,https://gitee.com/suxuang/logo/raw/master/mylogo/都市剧场.png,☘️上海频道,,Guovin.txt
都市剧场,https://zby.130519.xyz/PLTV/11/224/3221226155/index.m3u8,,,,都市剧场,都市剧场,,,https://gitee.com/suxuang/logo/raw/master/mylogo/都市剧场.png,☘️上海频道,,Guovin.txt
都市剧场,https://hls-gateway.vpstv.net/streams/708845.m3u8,,,,都市剧场,都市剧场,,,https://www.xn--rgv465a.top/tvlogo/都市剧场.png,☘️上海频道,,Guovin.txt
万源新闻综合,http://live.wanyuannews.com/wytv/hd/live.m3u8?zsicd,,,,万源新闻综合,万源新闻综合,,,https://www.xn--rgv465a.top/tvlogo/万源新闻综合.png,☘️重庆频道,,Guovin.txt
重庆新闻,http://38.75.136.137:98/gslb/dsdqpub/cqxw.m3u8?auth=testpub,,,,重庆新闻,重庆新闻,,,https://www.xn--rgv465a.top/tvlogo/重庆新闻.png,☘️重庆频道,,Guovin.txt
东海新闻,http://iptv.666230.xyz/iptv/jsyd.php/jsdonghaixinwen,,,,东海新闻,东海新闻,,,https://www.xn--rgv465a.top/tvlogo/东海新闻.png,☘️江苏频道,,Guovin.txt
优漫卡通,http://t.061899.xyz/tl/tl.php?id=ymkt,,,,优漫卡通,优漫卡通,,,https://gitee.com/suxuang/logo/raw/master/mylogo/优漫卡通.png,☘️江苏频道,,Guovin.txt
六合新闻综合,http://p2hs.vzan.com/720020/432453820030502236/live.m3u8,,,,六合新闻综合,六合新闻综合,,,https://www.xn--rgv465a.top/tvlogo/六合新闻综合.png,☘️江苏频道,,Guovin.txt
南京十八,https://mgtv.ottiptv.cc/migu/838151753.m3u8?migutoken=e1c3c9e2e67541d90ea94c4c917f96ecf43c6c0ae7c616929d8676e7c14bc5587ba870ce22575333640bfff61b05d4d468f6564c6251023f1ad20957cfe3b2c12e71b4662f83dce5d920a86c29,,,,南京十八,南京十八,,,https://www.xn--rgv465a.top/tvlogo/南京十八.png,☘️江苏频道,,Guovin.txt
南京十八,http://gslbmgsplive.miguvideo.com/migu/kailu/nanjingsb/50/20230719/index.m3u8?msisdn=202509190801349730ff2fd0254ae4ad096d68d3fc7f35&mdspid=&spid=699067&netType=0&sid=5910021864&pid=2028597139&timestamp=20250919080134&Channel_ID=0116_2600000900-99000-201600010010027&ProgramID=838151753&ParentNodeID=-99&assertID=5910021864&client_ip=106.13.250.88&SecurityKey=20250919080134&promotionId=&mvid=5900006207&mcid=500020&playurlVersion=WX-A1-8.9.1-RELEASE&userid=&jmhm=&videocodec=h264&bean=mgspad&tid=android&conFee=0&puData=b0d57eedc76b6ea1b6b460ea0a8ac2d3&ddCalcu=3bd0e2d1c58a708eae0dace7066b46be6ab1,,,,南京十八,南京十八,,,https://www.xn--rgv465a.top/tvlogo/南京十八.png,☘️江苏频道,,Guovin.txt
南京十八,http://gslbmgsplive.miguvideo.com/migu/kailu/nanjingsb/50/20230719/index.m3u8?msisdn=2025102308014162d44288f10c4a84b8b27a5f80ee99fd&mdspid=&spid=699067&netType=0&sid=5910021864&pid=2028597139&timestamp=20251023080141&Channel_ID=0116_2600000900-99000-201600010010027&ProgramID=838151753&ParentNodeID=-99&assertID=5910021864&client_ip=106.13.250.83&SecurityKey=20251023080141&promotionId=&mvid=5900006207&mcid=500020&playurlVersion=WX-A1-8.9.2-RELEASE&userid=&jmhm=&videocodec=h264&bean=mgspad&tid=android&conFee=0&puData=5a6e4ed4765e04fdb8e8bd37c3607a6c&ddCalcu=c56aea627e80406e3dc47736d5be80e48fbd,,,,南京十八,南京十八,,,https://www.xn--rgv465a.top/tvlogo/南京十八.png,☘️江苏频道,,Guovin.txt
南京教科,https://mgtv.ottiptv.cc/migu/838153729.m3u8?migutoken=0427a8c0867765b66984ce8ef774d494eeb52a2d6a7eefe17c4b03fa30923700917323b8951caa30617f3eecc1db2844cdff2f7470556533fbc072ad7a7cb0c6284344cc57983294a2b26f4303,,,,南京教科,南京教科,,,https://www.xn--rgv465a.top/tvlogo/南京教科.png,☘️江苏频道,,Guovin.txt
南京教科,http://gslbmgsplive.miguvideo.com/migu/kailu/nanjingkj/50/20230719/index.m3u8?msisdn=2025091908013422d2a0f4ed5e4511b896d3d3645248f2&mdspid=&spid=699067&netType=0&sid=5910021865&pid=2028597139&timestamp=20250919080134&Channel_ID=0116_2600000900-99000-201600010010027&ProgramID=838153729&ParentNodeID=-99&assertID=5910021865&client_ip=106.13.250.88&SecurityKey=20250919080134&promotionId=&mvid=5900006205&mcid=500020&playurlVersion=WX-A1-8.9.1-RELEASE&userid=&jmhm=&videocodec=h264&bean=mgspad&tid=android&conFee=0&puData=52692ec9c72414583509ce0cd575172e&ddCalcu=e522e7611985207e5cd9cc07e2c491045538,,,,南京教科,南京教科,,,https://www.xn--rgv465a.top/tvlogo/南京教科.png,☘️江苏频道,,Guovin.txt
南京教科,http://gslbmgsplive.miguvideo.com/migu/kailu/nanjingkj/50/20230719/index.m3u8?msisdn=20251023080141d50925a1117343ecb53b23bb6266f888&mdspid=&spid=699067&netType=0&sid=5910021865&pid=2028597139&timestamp=20251023080141&Channel_ID=0116_2600000900-99000-201600010010027&ProgramID=838153729&ParentNodeID=-99&assertID=5910021865&client_ip=106.13.250.83&SecurityKey=20251023080141&promotionId=&mvid=5900006205&mcid=500020&playurlVersion=WX-A1-8.9.2-RELEASE&userid=&jmhm=&videocodec=h264&bean=mgspad&tid=android&conFee=0&puData=b2b216d53c7175e66065d308271343c9&ddCalcu=9bc2e3b2428310167d25830c37d157650e66,,,,南京教科,南京教科,,,https://www.xn--rgv465a.top/tvlogo/南京教科.png,☘️江苏频道,,Guovin.txt
南京新闻综合,https://mgtv.ottiptv.cc/migu/838109047.m3u8?migutoken=d3d943815e6d6e9e9493a9b4b1d5a1d360bb5f3c04230f6d4d71f7f7c9f30771d321f1c262008c92ffde17fef4a62d1e1c58d5a9454573fb1489994d9be29f4e1cc7786813b671581eda4b9439,,,,南京新闻综合,南京新闻综合,,,https://www.xn--rgv465a.top/tvlogo/南京新闻综合.png,☘️江苏频道,,Guovin.txt
南京新闻综合,http://gslbmgsplive.miguvideo.com/migu/kailu/nanjingxwzh/50/20230719/index.m3u8?msisdn=202509190801346040f34e796a43e3821e1db9273c556a&mdspid=&spid=699067&netType=0&sid=5910021863&pid=2028597139&timestamp=20250919080134&Channel_ID=0116_2600000900-99000-201600010010027&ProgramID=838109047&ParentNodeID=-99&assertID=5910021863&client_ip=106.13.250.88&SecurityKey=20250919080134&promotionId=&mvid=5900006203&mcid=500020&playurlVersion=WX-A1-8.9.1-RELEASE&userid=&jmhm=&videocodec=h264&bean=mgspad&tid=android&conFee=0&puData=de89fe41d47757280f2c68af5d15033a&ddCalcu=ad3ee3810985f01ed451fda48767c527f208,,,,南京新闻综合,南京新闻综合,,,https://www.xn--rgv465a.top/tvlogo/南京新闻综合.png,☘️江苏频道,,Guovin.txt
南京新闻综合,http://gslbmgsplive.miguvideo.com/migu/kailu/nanjingxwzh/50/20230719/index.m3u8?msisdn=20251023080141b90781bc871243ca9ccefdd19990364a&mdspid=&spid=699067&netType=0&sid=5910021863&pid=2028597139&timestamp=20251023080141&Channel_ID=0116_2600000900-99000-201600010010027&ProgramID=838109047&ParentNodeID=-99&assertID=5910021863&client_ip=106.13.250.83&SecurityKey=20251023080141&promotionId=&mvid=5900006203&mcid=500020&playurlVersion=WX-A1-8.9.2-RELEASE&userid=&jmhm=&videocodec=h264&bean=mgspad&tid=android&conFee=0&puData=147e2c56380633b791b7bb2fc8bdccc9&ddCalcu=91c4ec72ce8d20bc85c6f328b0b673b31b97,,,,南京新闻综合,南京新闻综合,,,https://www.xn--rgv465a.top/tvlogo/南京新闻综合.png,☘️江苏频道,,Guovin.txt
南通新闻综合,https://mgtv.ottiptv.cc/migu/955227985.m3u8?migutoken=03e9c85f19b5ac291f5863436507873a8f47ec3c677c7857c89bda5778edc8e38fc38b4270aa374c49eee39b39ffaf80a20b750130c27760df766c0cf7b5d437be8dc60c1ced9117d98f6c9b3e,,,,南通新闻综合,南通新闻综合,,,https://www.xn--rgv465a.top/tvlogo/南通新闻综合.png,☘️江苏频道,,Guovin.txt
南通新闻综合,http://gslbmgsplive.miguvideo.com/migu/kailu/ntxwzh/51/20250604/index.m3u8?msisdn=202509190801352ef9ff3bad3f4a65b064683f87e439c3&mdspid=&spid=699067&netType=0&sid=5910022178&pid=2028597139&timestamp=20250919080135&Channel_ID=0116_2600000900-99000-201600010010027&ProgramID=955227985&ParentNodeID=-99&assertID=5910022178&client_ip=106.13.250.88&SecurityKey=20250919080135&promotionId=&mvid=5900006706&mcid=500020&playurlVersion=WX-A1-8.9.1-RELEASE&userid=&jmhm=&videocodec=h264&bean=mgspad&tid=android&conFee=0&puData=98aea868da861defcb53a7c9f1ba5a81&ddCalcu=1988eaa15e5aa0b816f89dca78a6315dbecf,,,,南通新闻综合,南通新闻综合,,,https://www.xn--rgv465a.top/tvlogo/南通新闻综合.png,☘️江苏频道,,Guovin.txt
南通新闻综合,http://gslbmgsplive.miguvideo.com/migu/kailu/ntxwzh/51/20250604/index.m3u8?msisdn=202510230801432bba200bfb354535b9886f031208cce3&mdspid=&spid=699067&netType=0&sid=5910022178&pid=2028597139&timestamp=20251023080143&Channel_ID=0116_2600000900-99000-201600010010027&ProgramID=955227985&ParentNodeID=-99&assertID=5910022178&client_ip=106.13.250.83&SecurityKey=20251023080143&promotionId=&mvid=5900006706&mcid=500020&playurlVersion=WX-A1-8.9.2-RELEASE&userid=&jmhm=&videocodec=h264&bean=mgspad&tid=android&conFee=0&puData=2e507c0ae7d1d63de0a405794c6b1217&ddCalcu=721ee252105b706cc04a9e775d014da603ed,,,,南通新闻综合,南通新闻综合,,,https://www.xn--rgv465a.top/tvlogo/南通新闻综合.png,☘️江苏频道,,Guovin.txt
南通新闻综合,http://gslbmgsplive.miguvideo.com/migu/kailu/ntxwzh/51/20250604/index.m3u8?msisdn=202510240800592b66efbec2f342349068cf9b89987f0e&mdspid=&spid=699067&netType=0&sid=5910022178&pid=2028597139&timestamp=20251024080059&Channel_ID=0116_2600000900-99000-201600010010027&ProgramID=955227985&ParentNodeID=-99&assertID=5910022178&client_ip=106.13.250.88&SecurityKey=20251024080059&promotionId=&mvid=5900006706&mcid=500020&playurlVersion=WX-A1-8.9.2-RELEASE&userid=&jmhm=&videocodec=h264&bean=mgspad&tid=android&conFee=0&puData=c30e235addfb289fd6b4a087caa89b23&ddCalcu=3c23eb029e5820a3a5ca7d8d0fab42b869df,,,,南通新闻综合,南通新闻综合,,,https://www.xn--rgv465a.top/tvlogo/南通新闻综合.png,☘️江苏频道,,Guovin.txt
南通新闻综合,http://gslbmgsplive.miguvideo.com/migu/kailu/ntxwzh/51/20250604/index.m3u8?msisdn=20251025080102df5bfd8079f1495a93b5db8970ebcd80&mdspid=&spid=699067&netType=0&sid=5910022178&pid=2028597139&timestamp=20251025080102&Channel_ID=0116_2600000900-99000-201600010010027&ProgramID=955227985&ParentNodeID=-99&assertID=5910022178&client_ip=106.13.250.90&SecurityKey=20251025080102&promotionId=&mvid=5900006706&mcid=500020&playurlVersion=WX-A1-8.9.2-RELEASE&userid=&jmhm=&videocodec=h264&bean=mgspad&tid=android&conFee=0&puData=bce85213974cffcdcc52779b9d090656&ddCalcu=6b5ce6e208595002d193b997747c2f5fcccd,,,,南通新闻综合,南通新闻综合,,,https://www.xn--rgv465a.top/tvlogo/南通新闻综合.png,☘️江苏频道,,Guovin.txt
宜兴新闻,https://live.chinacert.cftest5.cn/cnmg/live/955227996,,,,宜兴新闻综合,宜兴新闻,,,https://www.xn--rgv465a.top/tvlogo/宜兴新闻.png,☘️江苏频道,,Guovin.txt
宿迁公共,http://iptv.666230.xyz/iptv/jsyd.php/G_SQGG,,,,宿迁公共,宿迁公共,,,https://www.xn--rgv465a.top/tvlogo/宿迁公共.png,☘️江苏频道,,Guovin.txt
常州公共,http://iptv.666230.xyz/iptv/jsyd.php/jsczgonggong,,,,常州公共,常州公共,,,https://www.xn--rgv465a.top/tvlogo/常州公共.png,☘️江苏频道,,Guovin.txt
常州生活,http://iptv.666230.xyz/iptv/jsyd.php/jsczshenghuo,,,,常州生活,常州生活,,,https://www.xn--rgv465a.top/tvlogo/常州生活.png,☘️江苏频道,,Guovin.txt
常州都市,http://iptv.666230.xyz/iptv/jsyd.php/jsczdushi,,,,常州都市,常州都市,,,https://www.xn--rgv465a.top/tvlogo/常州都市.png,☘️江苏频道,,Guovin.txt
徐州公共,http://iptv.666230.xyz/iptv/jsyd.php/xzgg,,,,徐州公共,徐州公共,,,https://www.xn--rgv465a.top/tvlogo/徐州公共.png,☘️江苏频道,,Guovin.txt
徐州新聞綜合,https://live.chinacert.cftest5.cn/cnmg/live/639731747,,,,徐州新闻综合,徐州新聞綜合,,,https://www.xn--rgv465a.top/tvlogo/徐州新聞綜合.png,☘️江苏频道,,Guovin.txt
无锡娱乐,http://stream.thmz.com/wxtv2/playlist.m3u8?_upt=5ff4061f1706166872,,,,无锡娱乐,无锡娱乐,,,https://www.xn--rgv465a.top/tvlogo/无锡娱乐.png,☘️江苏频道,,Guovin.txt
无锡娱乐,http://stream.thmz.com/wxtv2/sd/live.m3u8?_upt=acffe97a1704940314,,,,无锡娱乐,无锡娱乐,,,https://www.xn--rgv465a.top/tvlogo/无锡娱乐.png,☘️江苏频道,,Guovin.txt
无锡娱乐,https://stream.thmz.com/wxtv2/playlist.m3u8,,,,无锡娱乐,无锡娱乐,,,https://www.xn--rgv465a.top/tvlogo/无锡娱乐.png,☘️江苏频道,,Guovin.txt
无锡娱乐,http://stream.thmz.com/wxtv2/sd/live.m3u8,,,,无锡娱乐,无锡娱乐,,,https://www.xn--rgv465a.top/tvlogo/无锡娱乐.png,☘️江苏频道,,Guovin.txt
无锡娱乐,http://stream.thmz.com/wxtv2/sd/live.m3u8?_upt=978cd8731706199708,,,,无锡娱乐,无锡娱乐,,,https://www.xn--rgv465a.top/tvlogo/无锡娱乐.png,☘️江苏频道,,Guovin.txt
无锡新闻综合,http://stream.thmz.com/wxtv1/playlist.m3u8,,,,无锡新闻综合,无锡新闻综合,,,https://www.xn--rgv465a.top/tvlogo/无锡新闻综合.png,☘️江苏频道,,Guovin.txt
无锡新闻综合,http://stream.thmz.com/wxtv1/playlist.m3u8?_upt=156143371706166361,,,,无锡新闻综合,无锡新闻综合,,,https://www.xn--rgv465a.top/tvlogo/无锡新闻综合.png,☘️江苏频道,,Guovin.txt
无锡新闻综合,http://stream.thmz.com/wxtv1/sd/live.m3u8?_upt=4ba3ab191698644028,,,,无锡新闻综合,无锡新闻综合,,,https://www.xn--rgv465a.top/tvlogo/无锡新闻综合.png,☘️江苏频道,,Guovin.txt
无锡新闻综合,http://stream.thmz.com/wxtv1/sd/live.m3u8,,,,无锡新闻综合,无锡新闻综合,,,https://www.xn--rgv465a.top/tvlogo/无锡新闻综合.png,☘️江苏频道,,Guovin.txt
无锡生活,http://stream.thmz.com/wxtv4/playlist.m3u8?_upt=8c51357c1707362770,,,,无锡生活,无锡生活,,,https://www.xn--rgv465a.top/tvlogo/无锡生活.png,☘️江苏频道,,Guovin.txt
无锡生活,https://stream.thmz.com/wxtv4/playlist.m3u8,,,,无锡生活,无锡生活,,,https://www.xn--rgv465a.top/tvlogo/无锡生活.png,☘️江苏频道,,Guovin.txt
无锡生活,http://stream.thmz.com/wxtv4/sd/live.m3u8,,,,无锡生活,无锡生活,,,https://www.xn--rgv465a.top/tvlogo/无锡生活.png,☘️江苏频道,,Guovin.txt
无锡生活,http://stream.thmz.com/wxtv4/sd/live.m3u8?_upt=978cd8731706199708,,,,无锡生活,无锡生活,,,https://www.xn--rgv465a.top/tvlogo/无锡生活.png,☘️江苏频道,,Guovin.txt
无锡经济,https://stream.thmz.com/wxtv5/playlist.m3u8,,,,无锡经济,无锡经济,,,https://www.xn--rgv465a.top/tvlogo/无锡经济.png,☘️江苏频道,,Guovin.txt
无锡经济,http://stream.thmz.com/wxtv5/sd/live.m3u8?zjiangsd,,,,无锡经济,无锡经济,,,https://www.xn--rgv465a.top/tvlogo/无锡经济.png,☘️江苏频道,,Guovin.txt
无锡经济,http://stream.thmz.com/wxtv5/playlist.m3u8?_upt=10155d141706166867,,,,无锡经济,无锡经济,,,https://www.xn--rgv465a.top/tvlogo/无锡经济.png,☘️江苏频道,,Guovin.txt
无锡经济,http://stream.thmz.com/wxtv5/playlist.m3u8,,,,无锡经济,无锡经济,,,https://www.xn--rgv465a.top/tvlogo/无锡经济.png,☘️江苏频道,,Guovin.txt
无锡经济,http://stream.thmz.com/wxtv5/sd/live.m3u8?_upt=cfacd5221704890772,,,,无锡经济,无锡经济,,,https://www.xn--rgv465a.top/tvlogo/无锡经济.png,☘️江苏频道,,Guovin.txt
无锡都市资讯,http://stream.thmz.com/wxtv3/playlist.m3u8,,,,无锡都市资讯,无锡都市资讯,,,https://www.xn--rgv465a.top/tvlogo/无锡都市资讯.png,☘️江苏频道,,Guovin.txt
无锡都市资讯,http://stream.thmz.com/wxtv3/playlist.m3u8?_upt=1758133b1706166861,,,,无锡都市资讯,无锡都市资讯,,,https://www.xn--rgv465a.top/tvlogo/无锡都市资讯.png,☘️江苏频道,,Guovin.txt
无锡都市资讯,http://stream.thmz.com/wxtv3/sd/live.m3u8?_upt=978cd8731706199708,,,,无锡都市资讯,无锡都市资讯,,,https://www.xn--rgv465a.top/tvlogo/无锡都市资讯.png,☘️江苏频道,,Guovin.txt
无锡都市资讯,http://stream.thmz.com/wxtv3/sd/live.m3u8,,,,无锡都市资讯,无锡都市资讯,,,https://www.xn--rgv465a.top/tvlogo/无锡都市资讯.png,☘️江苏频道,,Guovin.txt
武进生活,http://43.251.226.89:8080/play/522.m3u8,,,,武进生活,武进生活,,,https://www.xn--rgv465a.top/tvlogo/武进生活.png,☘️江苏频道,,Guovin.txt
江宁新闻,https://migu.188766.xyz/?migutoken=77969fb082a75b798578427f3570edd2&id=%E4%BD%93%E8%82%B2%E4%BC%91%E9%97%B2%E9%A2%91%E9%81%93&type=yy,,,,江宁新闻,江宁新闻,,,https://www.xn--rgv465a.top/tvlogo/江宁新闻.png,☘️江苏频道,,Guovin.txt
江苏体育,https://stream1.freetv.fun/af1087a1c24fff7af556ac8e6c5c623303d52966f67a998cefb52c17811b09a2.ctv,,,,江苏体育休闲,江苏体育,,,https://gitee.com/suxuang/TVlogo/raw/main/img/Jiangsu5.png,☘️江苏频道,,Guovin.txt
江苏体育,https://live.chinacert.cftest5.cn/cnmg/live/626064707,,,,江苏体育休闲,江苏体育,,,https://www.xn--rgv465a.top/tvlogo/江苏体育.png,☘️江苏频道,,Guovin.txt
江苏公共,https://live.chinacert.cftest5.cn/cnmg/live/626064693,,,,江苏公共新闻,江苏公共,,,https://www.xn--rgv465a.top/tvlogo/江苏公共.png,☘️江苏频道,,Guovin.txt
江苏城市,https://stream1.freetv.fun/675206b8446ce719bfb293b5a5296db3aa26521c9810de7c996838247cc56964.ctv,,,,江苏城市频道,江苏城市,,,https://gitee.com/suxuang/TVlogo/raw/main/img/Jiangsu2.png,☘️江苏频道,,Guovin.txt
江苏影视,https://stream1.freetv.fun/a89dd489fa013bc4f36bcc4afe388f1783e2251c276e2566a9359d68a61c6d91.ctv,,,,江苏影视频道,江苏影视,,,https://gitee.com/suxuang/TVlogo/raw/main/img/Jiangsu4.png,☘️江苏频道,,Guovin.txt
江苏教育,https://stream1.freetv.fun/7174b4fd66ddb2a7456b7040105dc27a1e57c166593870bb773cb5f6b4546c54.ctv,,,,江苏教育,江苏教育,,,https://gitee.com/suxuang/TVlogo/raw/main/img/Jiangsu7.png,☘️江苏频道,,Guovin.txt
江苏教育,http://goo.bkpcp.top/mg/jsjy,,,,江苏教育,江苏教育,,,https://www.xn--rgv465a.top/tvlogo/江苏教育.png,☘️江苏频道,,Guovin.txt
江苏教育,http://z.b.bkpcp.top/m.php?id=jsjy,,,,江苏教育,江苏教育,,,https://www.xn--rgv465a.top/tvlogo/江苏教育.png,☘️江苏频道,,Guovin.txt
沭阳综合,http://shuyang-tv-hls.cm.jstv.com/shuyang-tv/shuyangzh.m3u8,,,,沭阳综合,沭阳综合,,,https://www.xn--rgv465a.top/tvlogo/沭阳综合.png,☘️江苏频道,,Guovin.txt
泗阳资讯,http://43.251.226.89:8080/play/530.m3u8,,,,泗阳资讯,泗阳资讯,,,https://www.xn--rgv465a.top/tvlogo/泗阳资讯.png,☘️江苏频道,,Guovin.txt
泰州一套新闻综合,https://stream1.freetv.fun/tai-zhou-yi-tao-xin-wen-zong-he-4.m3u8,,,,泰州一套新闻综合,泰州一套新闻综合,,,https://www.xn--rgv465a.top/tvlogo/泰州一套新闻综合.png,☘️江苏频道,,Guovin.txt
涟水电视台综合,https://lianshui-tv-hls.cm.jstv.com:443/lianshui-tv/lsxw.m3u8,,,,涟水综合,涟水电视台综合,,,https://www.xn--rgv465a.top/tvlogo/涟水电视台综合.png,☘️江苏频道,,Guovin.txt
涟水电视台综合,http://lianshui-tv-hls.cm.jstv.com/lianshui-tv/lsxw.m3u8?zjiangsd,,,,涟水综合,涟水电视台综合,,,https://www.xn--rgv465a.top/tvlogo/涟水电视台综合.png,☘️江苏频道,,Guovin.txt
涟水综合,http://lianshui-tv-hls.cm.jstv.com/lianshui-tv/lsxw.m3u8,,,,涟水综合,涟水综合,,,https://www.xn--rgv465a.top/tvlogo/涟水综合.png,☘️江苏频道,,Guovin.txt
淮安新闻综合,https://mgtv.ottiptv.cc/migu/639731826.m3u8?migutoken=383a4690d772fe16ccec98f2da2e7e0c3b362ae2d9a0fa219e9a7bb76bb96d4ca6392f861efb0a61154552c563897f4660867745735f85e310ec9fb52d7fc55cd30da8d55169f8c415c5a69a15,,,,淮安新闻综合,淮安新闻综合,,,https://www.xn--rgv465a.top/tvlogo/淮安新闻综合.png,☘️江苏频道,,Guovin.txt
淮安新闻综合,http://gslbmgsplive.miguvideo.com/wd_r2/jstv/haxinwenzonghe/600/index.m3u8?msisdn=2025091908013583ce7f12af754a16ba29f7c2626810f0&mdspid=&spid=699067&netType=0&sid=5500469363&pid=2028597139&timestamp=20250919080135&Channel_ID=0116_2600000900-99000-201600010010027&ProgramID=639731826&ParentNodeID=-99&assertID=5500469363&client_ip=106.13.250.88&SecurityKey=20250919080135&promotionId=&mvid=5102012618&mcid=500020&playurlVersion=WX-A1-8.9.1-RELEASE&userid=&jmhm=&videocodec=h264&bean=mgspad&tid=android&conFee=0&puData=8f83667dfa073a4952557e51d015d22c&ddCalcu=c82fe281d395601607dd1f5ae077535a2459,,,,淮安新闻综合,淮安新闻综合,,,https://www.xn--rgv465a.top/tvlogo/淮安新闻综合.png,☘️江苏频道,,Guovin.txt
淮安新闻综合,http://gslbmgsplive.miguvideo.com/wd_r2/jstv/haxinwenzonghe/600/index.m3u8?msisdn=20251023080142941c175264e346bdb28fc24a4c0fff92&mdspid=&spid=699067&netType=0&sid=5500469363&pid=2028597139&timestamp=20251023080142&Channel_ID=0116_2600000900-99000-201600010010027&ProgramID=639731826&ParentNodeID=-99&assertID=5500469363&client_ip=106.13.250.83&SecurityKey=20251023080142&promotionId=&mvid=5102012618&mcid=500020&playurlVersion=WX-A1-8.9.2-RELEASE&userid=&jmhm=&videocodec=h264&bean=mgspad&tid=android&conFee=0&puData=228f78becdd3f1c2f4ea311cb51557e2&ddCalcu=22e2e7825f9570185bbecc1d1d33afe14cf2,,,,淮安新闻综合,淮安新闻综合,,,https://www.xn--rgv465a.top/tvlogo/淮安新闻综合.png,☘️江苏频道,,Guovin.txt
淮安新闻综合,http://gslbmgsplive.miguvideo.com/wd_r2/jstv/haxinwenzonghe/600/index.m3u8?msisdn=2025102408005841cc8f9eb2074fbabaeaef4617e0ca47&mdspid=&spid=699067&netType=0&sid=5500469363&pid=2028597139&timestamp=20251024080058&Channel_ID=0116_2600000900-99000-201600010010027&ProgramID=639731826&ParentNodeID=-99&assertID=5500469363&client_ip=106.13.250.88&SecurityKey=20251024080058&promotionId=&mvid=5102012618&mcid=500020&playurlVersion=WX-A1-8.9.2-RELEASE&userid=&jmhm=&videocodec=h264&bean=mgspad&tid=android&conFee=0&puData=d70ba06f67ad26900d75c4f6652b7fa4&ddCalcu=4da7ef027b9ba020566f66f74acd5276d900,,,,淮安新闻综合,淮安新闻综合,,,https://www.xn--rgv465a.top/tvlogo/淮安新闻综合.png,☘️江苏频道,,Guovin.txt
淮阴综合,https://huaiyin-tv-replay.cm.jstv.com/huaiyin-tv/huaiyinf.m3u8,,,,淮阴综合,淮阴综合,,,https://www.xn--rgv465a.top/tvlogo/淮阴综合.png,☘️江苏频道,,Guovin.txt
溧水新闻综合,https://mgtv.ottiptv.cc/migu/639737327.m3u8?migutoken=4c07b7afe94ad06d114a6bccae5747804d493ab7b1100069e485b78d3cb91c0fb0dbd92aa90a6157d7066e5b90780fabf5e150e17ebb9bc72b8bb18f43c5acddd1c0fd4d1904a99210aa962135,,,,溧水新闻综合,溧水新闻综合,,,https://www.xn--rgv465a.top/tvlogo/溧水新闻综合.png,☘️江苏频道,,Guovin.txt
溧水新闻综合,http://gslbmgsplive.miguvideo.com/migu/kailu/wxxwzh/51/20250604/index.m3u8?msisdn=202509190801368edab7fc3daa499fa4e273d73d8b9f2d&mdspid=&spid=699067&netType=0&sid=5500469349&pid=2028597139&timestamp=20250919080136&Channel_ID=0116_2600000900-99000-201600010010027&ProgramID=639737327&ParentNodeID=-99&assertID=5500469349&client_ip=106.13.250.88&SecurityKey=20250919080136&promotionId=&mvid=5102012612&mcid=500020&playurlVersion=WX-A1-8.9.1-RELEASE&userid=&jmhm=&videocodec=h264&bean=mgspad&tid=android&conFee=0&puData=c3e71707790a9a58ff5c4df8b135c614&ddCalcu=4c13e6e1c795103710b787f9d04ac95af5f8,,,,溧水新闻综合,溧水新闻综合,,,https://www.xn--rgv465a.top/tvlogo/溧水新闻综合.png,☘️江苏频道,,Guovin.txt
溧水新闻综合,http://gslbmgsplive.miguvideo.com/migu/kailu/wxxwzh/51/20250604/index.m3u8?msisdn=20251023080144558f016a4098437fa4b5f82b16dbaeb4&mdspid=&spid=699067&netType=0&sid=5500469349&pid=2028597139&timestamp=20251023080144&Channel_ID=0116_2600000900-99000-201600010010027&ProgramID=639737327&ParentNodeID=-99&assertID=5500469349&client_ip=106.13.250.83&SecurityKey=20251023080144&promotionId=&mvid=5102012612&mcid=500020&playurlVersion=WX-A1-8.9.2-RELEASE&userid=&jmhm=&videocodec=h264&bean=mgspad&tid=android&conFee=0&puData=d70adf995324060624c3825a44083d19&ddCalcu=9d17ed023a98d00f4949a553228430c64026,,,,溧水新闻综合,溧水新闻综合,,,https://www.xn--rgv465a.top/tvlogo/溧水新闻综合.png,☘️江苏频道,,Guovin.txt
溧水新闻综合,http://gslbmgsplive.miguvideo.com/migu/kailu/wxxwzh/51/20250604/index.m3u8?msisdn=202510240800594a9687dbd7324f45ae45174f1227d3ad&mdspid=&spid=699067&netType=0&sid=5500469349&pid=2028597139&timestamp=20251024080059&Channel_ID=0116_2600000900-99000-201600010010027&ProgramID=639737327&ParentNodeID=-99&assertID=5500469349&client_ip=106.13.250.88&SecurityKey=20251024080059&promotionId=&mvid=5102012612&mcid=500020&playurlVersion=WX-A1-8.9.2-RELEASE&userid=&jmhm=&videocodec=h264&bean=mgspad&tid=android&conFee=0&puData=287022ec4f8292e91b2eca7dd26993d3&ddCalcu=32d8e372909920622edcd47fa8c2e922be19,,,,溧水新闻综合,溧水新闻综合,,,https://www.xn--rgv465a.top/tvlogo/溧水新闻综合.png,☘️江苏频道,,Guovin.txt
溧水新闻综合,http://gslbmgsplive.miguvideo.com/migu/kailu/wxxwzh/51/20250604/index.m3u8?msisdn=20251025080102f85a6abac0d64c679ab538b375a256e3&mdspid=&spid=699067&netType=0&sid=5500469349&pid=2028597139&timestamp=20251025080102&Channel_ID=0116_2600000900-99000-201600010010027&ProgramID=639737327&ParentNodeID=-99&assertID=5500469349&client_ip=106.13.250.90&SecurityKey=20251025080102&promotionId=&mvid=5102012612&mcid=500020&playurlVersion=WX-A1-8.9.2-RELEASE&userid=&jmhm=&videocodec=h264&bean=mgspad&tid=android&conFee=0&puData=c4c759517172dc16ebdc0de9d4416c8c&ddCalcu=cc84ecc26791504945d197e1d702cddcb1e6,,,,溧水新闻综合,溧水新闻综合,,,https://www.xn--rgv465a.top/tvlogo/溧水新闻综合.png,☘️江苏频道,,Guovin.txt
睢宁三农,http://iptv.666230.xyz/iptv/jsyd.php/xzsnsn,,,,睢宁三农,睢宁三农,,,https://www.xn--rgv465a.top/tvlogo/睢宁三农.png,☘️江苏频道,,Guovin.txt
睢宁综合,http://iptv.666230.xyz/iptv/jsyd.php/xzsnzh,,,,睢宁综合,睢宁综合,,,https://www.xn--rgv465a.top/tvlogo/睢宁综合.png,☘️江苏频道,,Guovin.txt
睢宁资讯,http://iptv.666230.xyz/iptv/jsyd.php/xzsnzx,,,,睢宁资讯,睢宁资讯,,,https://www.xn--rgv465a.top/tvlogo/睢宁资讯.png,☘️江苏频道,,Guovin.txt
连云港公共,http://iptv.666230.xyz/iptv/jsyd.php/jslyggonggongpd,,,,连云港公共频道,连云港公共,,,https://www.xn--rgv465a.top/tvlogo/连云港公共.png,☘️江苏频道,,Guovin.txt
连云港新闻综合,https://live.chinacert.cftest5.cn/cnmg/live/639731715,,,,连云港新闻综合,连云港新闻综合,,,https://www.xn--rgv465a.top/tvlogo/连云港新闻综合.png,☘️江苏频道,,Guovin.txt
镇江新闻综合,https://live.chinacert.cftest5.cn/cnmg/live/639731783,,,,镇江新闻综合,镇江新闻综合,,,https://www.xn--rgv465a.top/tvlogo/镇江新闻综合.png,☘️江苏频道,,Guovin.txt
靖江新闻综合,https://stream1.freetv.fun/jing-jiang-xin-wen-zong-he-7.m3u8,,,,靖江新闻综合,靖江新闻综合,,,https://www.xn--rgv465a.top/tvlogo/靖江新闻综合.png,☘️江苏频道,,Guovin.txt
靖江新闻综合,https://stream1.freetv.fun/jing-jiang-xin-wen-zong-he-1.m3u8,,,,靖江新闻综合,靖江新闻综合,,,https://www.xn--rgv465a.top/tvlogo/靖江新闻综合.png,☘️江苏频道,,Guovin.txt
辽宁北方,https://stream1.freetv.fun/liao-zhu-bei-fang-3.m3u8,,,,辽宁北方频道,辽宁北方,,,https://www.xn--rgv465a.top/tvlogo/辽宁北方.png,☘️辽宁频道,,Guovin.txt
湖南都市,https://stream1.freetv.fun/hu-nan-du-shi-13.m3u8,,,,湖南都市,湖南都市,,,https://www.xn--rgv465a.top/tvlogo/湖南都市.png,☘️湖南频道,,Guovin.txt
湖南都市,https://stream1.freetv.fun/hu-nan-du-shi-4.m3u8,,,,湖南都市,湖南都市,,,https://www.xn--rgv465a.top/tvlogo/湖南都市.png,☘️湖南频道,,Guovin.txt
湖南都市,https://stream1.freetv.fun/hu-nan-du-shi-8.m3u8,,,,湖南都市,湖南都市,,,https://www.xn--rgv465a.top/tvlogo/湖南都市.png,☘️湖南频道,,Guovin.txt
湖南都市,https://stream1.freetv.fun/hu-nan-du-shi-9.m3u8,,,,湖南都市,湖南都市,,,https://www.xn--rgv465a.top/tvlogo/湖南都市.png,☘️湖南频道,,Guovin.txt
湖南都市,https://stream1.freetv.fun/hu-nan-du-shi-6.ctv,,,,湖南都市,湖南都市,,,https://www.xn--rgv465a.top/tvlogo/湖南都市.png,☘️湖南频道,,Guovin.txt
湖南经视,https://stream1.freetv.fun/hu-nan-jing-shi-6.m3u8,,,,湖南经视,湖南经视,,,https://www.xn--rgv465a.top/tvlogo/湖南经视.png,☘️湖南频道,,Guovin.txt
湖南经视,https://stream1.freetv.fun/hu-nan-jing-shi-1.m3u8,,,,湖南经视,湖南经视,,,https://www.xn--rgv465a.top/tvlogo/湖南经视.png,☘️湖南频道,,Guovin.txt
湖南经视,https://stream1.freetv.fun/hu-nan-jing-shi-15.ctv,,,,湖南经视,湖南经视,,,https://www.xn--rgv465a.top/tvlogo/湖南经视.png,☘️湖南频道,,Guovin.txt
湖南经视,https://stream1.freetv.fun/hu-nan-jing-shi-5.m3u8,,,,湖南经视,湖南经视,,,https://www.xn--rgv465a.top/tvlogo/湖南经视.png,☘️湖南频道,,Guovin.txt
湖南经视,https://stream1.freetv.fun/hu-nan-jing-shi-2.m3u8,,,,湖南经视,湖南经视,,,https://www.xn--rgv465a.top/tvlogo/湖南经视.png,☘️湖南频道,,Guovin.txt
湖南电视剧,https://stream1.freetv.fun/hu-nan-dian-shi-ju-2.m3u8,,,,湖南电视剧,湖南电视剧,,,https://www.xn--rgv465a.top/tvlogo/湖南电视剧.png,☘️湖南频道,,Guovin.txt
湖南电视剧,https://stream1.freetv.fun/hu-nan-dian-shi-ju-12.m3u8,,,,湖南电视剧,湖南电视剧,,,https://www.xn--rgv465a.top/tvlogo/湖南电视剧.png,☘️湖南频道,,Guovin.txt
湖南电视剧,https://stream1.freetv.fun/hu-nan-dian-shi-ju-14.ctv,,,,湖南电视剧,湖南电视剧,,,https://www.xn--rgv465a.top/tvlogo/湖南电视剧.png,☘️湖南频道,,Guovin.txt
湖南电视剧,https://stream1.freetv.fun/hu-nan-dian-shi-ju-7.m3u8,,,,湖南电视剧,湖南电视剧,,,https://www.xn--rgv465a.top/tvlogo/湖南电视剧.png,☘️湖南频道,,Guovin.txt
湖南电视剧,https://stream1.freetv.fun/hu-nan-dian-shi-ju-3.m3u8,,,,湖南电视剧,湖南电视剧,,,https://www.xn--rgv465a.top/tvlogo/湖南电视剧.png,☘️湖南频道,,Guovin.txt
湖南电影,https://stream1.freetv.fun/hu-nan-dian-ying-2.ctv,,,,湖南电影,湖南电影,,,https://www.xn--rgv465a.top/tvlogo/湖南电影.png,☘️湖南频道,,Guovin.txt
湖南教育,https://stream1.freetv.fun/hu-nan-jiao-yu-6.ctv,,,,湖南教育,湖南教育,,,https://www.xn--rgv465a.top/tvlogo/湖南教育.png,☘️湖南频道,,Guovin.txt
湖南娱乐,https://stream1.freetv.fun/hu-nan-yu-le-9.ctv,,,,湖南娱乐,湖南娱乐,,,https://www.xn--rgv465a.top/tvlogo/湖南娱乐.png,☘️湖南频道,,Guovin.txt
湖南娱乐,https://stream1.freetv.fun/hu-nan-yu-le-3.m3u8,,,,湖南娱乐,湖南娱乐,,,https://www.xn--rgv465a.top/tvlogo/湖南娱乐.png,☘️湖南频道,,Guovin.txt
湖南国际,https://stream1.freetv.fun/hu-nan-guo-ji-2.ctv,,,,湖南国际,湖南国际,,,https://www.xn--rgv465a.top/tvlogo/湖南国际.png,☘️湖南频道,,Guovin.txt
湖南国际,https://stream1.freetv.fun/hu-nan-guo-ji-4.ctv,,,,湖南国际,湖南国际,,,https://www.xn--rgv465a.top/tvlogo/湖南国际.png,☘️湖南频道,,Guovin.txt
湖南公共,https://stream1.freetv.fun/hu-nan-gong-gong-7.m3u8,,,,湖南公共,湖南公共,,,https://www.xn--rgv465a.top/tvlogo/湖南公共.png,☘️湖南频道,,Guovin.txt
湖南公共,https://stream1.freetv.fun/hu-nan-gong-gong-5.ctv,,,,湖南公共,湖南公共,,,https://www.xn--rgv465a.top/tvlogo/湖南公共.png,☘️湖南频道,,Guovin.txt
湖南公共,https://stream1.freetv.fun/hu-nan-gong-gong-2.ctv,,,,湖南公共,湖南公共,,,https://www.xn--rgv465a.top/tvlogo/湖南公共.png,☘️湖南频道,,Guovin.txt
湖南公共,https://stream1.freetv.fun/hu-nan-gong-gong-7.ctv,,,,湖南公共,湖南公共,,,https://www.xn--rgv465a.top/tvlogo/湖南公共.png,☘️湖南频道,,Guovin.txt
金鹰纪实,http://iptv.huuc.edu.cn/hls/gedocu.m3u8,,,,金鹰纪实,金鹰纪实,,,https://www.xn--rgv465a.top/tvlogo/金鹰纪实.png,☘️湖南频道,,Guovin.txt
金鹰纪实,http://rrs01.hw.gmcc.net:8088/PLTV/81/224/3221226667/1.m3u8,,,,金鹰纪实,金鹰纪实,,,https://www.xn--rgv465a.top/tvlogo/金鹰纪实.png,☘️湖南频道,,Guovin.txt
金鹰纪实,https://hls-gateway.vpstv.net/streams/708834.m3u8,,,,金鹰纪实,金鹰纪实,,,https://www.xn--rgv465a.top/tvlogo/金鹰纪实.png,☘️湖南频道,,Guovin.txt
金鹰纪实,https://stream1.freetv.fun/jin-ying-ji-shi-35.m3u8,,,,金鹰纪实,金鹰纪实,,,https://www.xn--rgv465a.top/tvlogo/金鹰纪实.png,☘️湖南频道,,Guovin.txt
金鹰纪实,https://stream1.freetv.fun/jin-ying-ji-shi-22.ctv,,,,金鹰纪实,金鹰纪实,,,https://www.xn--rgv465a.top/tvlogo/金鹰纪实.png,☘️湖南频道,,Guovin.txt
娄底综合,http://iptv.666230.xyz/iptv/hnyx.php/ldxw,,,,娄底综合,娄底综合,,,https://www.xn--rgv465a.top/tvlogo/娄底综合.png,☘️湖南频道,,Guovin.txt
湖北综合,http://[2409:8087:4c0a:22:1::11]:6410/170000001115/UmaiCHAN638072216f7da/index.m3u8?AuthInfo=9kOOdBn7MFF%2F2bWjKgahUUAdKgLqNB5aOAUhcp5CeNLx3R3LdIBdA5q61lut1LwZcw4SC2tJubc%2Bq5t%2F61jvWCtjrJL0x%2BHncPgdmcbBW9I,,,,湖北综合,湖北综合,,,https://www.xn--rgv465a.top/tvlogo/湖北综合.png,☘️湖北频道,,Guovin.txt
湖北综合,https://stream1.freetv.fun/hu-bei-zong-he-4.ctv,,,,湖北综合,湖北综合,,,https://www.xn--rgv465a.top/tvlogo/湖北综合.png,☘️湖北频道,,Guovin.txt
湖北综合,https://stream1.freetv.fun/hu-bei-zong-he-6.ctv,,,,湖北综合,湖北综合,,,https://www.xn--rgv465a.top/tvlogo/湖北综合.png,☘️湖北频道,,Guovin.txt
湖北经视,https://stream1.freetv.fun/hu-bei-jing-shi-2.ctv,,,,湖北经视,湖北经视,,,https://www.xn--rgv465a.top/tvlogo/湖北经视.png,☘️湖北频道,,Guovin.txt
湖北经视,https://stream1.freetv.fun/hu-bei-jing-shi-24.m3u8,,,,湖北经视,湖北经视,,,https://www.xn--rgv465a.top/tvlogo/湖北经视.png,☘️湖北频道,,Guovin.txt
湖北经视,https://t.freetv.fun/live/hu-bei-jing-shi-1.m3u8,,,,湖北经视,湖北经视,,,https://www.xn--rgv465a.top/tvlogo/湖北经视.png,☘️湖北频道,,Guovin.txt
湖北生活,http://[2409:8087:4c0a:22:1::11]:6410/170000001115/UmaiCHAN638072c62e405/index.m3u8?AuthInfo=9kOOdBn7MFF%2F2bWjKgahUUAdKgLqNB5aOAUhcp5CeNKJPodw5BcDirSOw7egztI5bUvJjqPzSNAhrA37GrbRBIAjGQpzP0QmgsmuHnQyd2c,,,,湖北生活,湖北生活,,,https://www.xn--rgv465a.top/tvlogo/湖北生活.png,☘️湖北频道,,Guovin.txt
湖北生活,https://stream1.freetv.fun/hu-bei-sheng-huo-3.ctv,,,,湖北生活,湖北生活,,,https://www.xn--rgv465a.top/tvlogo/湖北生活.png,☘️湖北频道,,Guovin.txt
湖北生活,https://stream1.freetv.fun/hu-bei-sheng-huo-2.m3u8,,,,湖北生活,湖北生活,,,https://www.xn--rgv465a.top/tvlogo/湖北生活.png,☘️湖北频道,,Guovin.txt
湖北生活,https://stream1.freetv.fun/hu-bei-sheng-huo-4.ctv,,,,湖北生活,湖北生活,,,https://www.xn--rgv465a.top/tvlogo/湖北生活.png,☘️湖北频道,,Guovin.txt
湖北生活,https://t.freetv.fun/live/hu-bei-sheng-huo.m3u8,,,,湖北生活,湖北生活,,,https://www.xn--rgv465a.top/tvlogo/湖北生活.png,☘️湖北频道,,Guovin.txt
湖北教育,http://[2409:8087:4c0a:22:1::11]:6410/170000001115/UmaiCHAN638072a6cbbf6/index.m3u8?AuthInfo=9kOOdBn7MFF%2F2bWjKgahUUAdKgLqNB5aOAUhcp5CeNKTFQuOKNd5i0HMa3ydMWIQ6kJ2fBJGJ77BLTXK72CqUYQsX3ZguYt0954s9hfZTfc,,,,湖北教育,湖北教育,,,https://www.xn--rgv465a.top/tvlogo/湖北教育.png,☘️湖北频道,,Guovin.txt
湖北教育,https://stream1.freetv.fun/hu-bei-jiao-yu-4.ctv,,,,湖北教育,湖北教育,,,https://www.xn--rgv465a.top/tvlogo/湖北教育.png,☘️湖北频道,,Guovin.txt
湖北教育,https://stream1.freetv.fun/hu-bei-jiao-yu-1.ctv,,,,湖北教育,湖北教育,,,https://www.xn--rgv465a.top/tvlogo/湖北教育.png,☘️湖北频道,,Guovin.txt
湖北教育,https://t.freetv.fun/live/hu-bei-jiao-yu.m3u8,,,,湖北教育,湖北教育,,,https://www.xn--rgv465a.top/tvlogo/湖北教育.png,☘️湖北频道,,Guovin.txt
湖北影视,https://stream1.freetv.fun/hu-bei-ying-shi-1.m3u8,,,,湖北影视,湖北影视,,,https://www.xn--rgv465a.top/tvlogo/湖北影视.png,☘️湖北频道,,Guovin.txt
湖北影视,https://stream1.freetv.fun/hu-bei-ying-shi-1.ctv,,,,湖北影视,湖北影视,,,https://www.xn--rgv465a.top/tvlogo/湖北影视.png,☘️湖北频道,,Guovin.txt
湖北影视,https://stream1.freetv.fun/hu-bei-ying-shi-14.m3u8,,,,湖北影视,湖北影视,,,https://www.xn--rgv465a.top/tvlogo/湖北影视.png,☘️湖北频道,,Guovin.txt
湖北公共,https://stream1.freetv.fun/hu-bei-gong-gong-5.ctv,,,,湖北公共新闻,湖北公共,,,https://www.xn--rgv465a.top/tvlogo/湖北公共.png,☘️湖北频道,,Guovin.txt
湖北垄上,http://[2409:8087:4c0a:22:1::11]:6410/170000001115/UmaiCHAN638072463c333/index.m3u8?AuthInfo=9kOOdBn7MFF%2F2bWjKgahUUAdKgLqNB5aOAUhcp5CeNL%2Be1h4FfA5QqwJ7IPOz3p2qIS7djSxm17Htd%2FckZkm%2FVqsKHEJFJt26ju9iibzMEo,,,,湖北垄上,湖北垄上,,,https://www.xn--rgv465a.top/tvlogo/湖北垄上.png,☘️湖北频道,,Guovin.txt
湖北垄上,https://stream1.freetv.fun/hu-bei-long-shang-1.ctv,,,,湖北垄上,湖北垄上,,,https://www.xn--rgv465a.top/tvlogo/湖北垄上.png,☘️湖北频道,,Guovin.txt
湖北垄上,https://t.freetv.fun/live/hu-bei-long-shang.m3u8,,,,湖北垄上,湖北垄上,,,https://www.xn--rgv465a.top/tvlogo/湖北垄上.png,☘️湖北频道,,Guovin.txt
武汉一台新闻综合,https://stream1.freetv.fun/wu-yi-xin-wen-zong-he-1.m3u8,,,,武汉新闻综合,武汉一台新闻综合,,,https://www.xn--rgv465a.top/tvlogo/武汉一台新闻综合.png,☘️湖北频道,,Guovin.txt
武汉一台新闻综合,https://stream1.freetv.fun/wu-yi-xin-wen-zong-he-7.m3u8,,,,武汉新闻综合,武汉一台新闻综合,,,https://www.xn--rgv465a.top/tvlogo/武汉一台新闻综合.png,☘️湖北频道,,Guovin.txt
武汉二台电视剧,https://stream1.freetv.fun/wu-yi-2dian-shi-ju-1.m3u8,,,,武汉二台电视剧,武汉二台电视剧,,,https://www.xn--rgv465a.top/tvlogo/武汉二台电视剧.png,☘️湖北频道,,Guovin.txt
武汉四台经济,https://stream1.freetv.fun/wu-yi-jing-ji-1.m3u8,,,,武汉四台经济,武汉四台经济,,,https://www.xn--rgv465a.top/tvlogo/武汉四台经济.png,☘️湖北频道,,Guovin.txt
武汉教育,https://stream1.freetv.fun/wu-yi-jiao-yu-4.m3u8,,,,武汉教育,武汉教育,,,https://www.xn--rgv465a.top/tvlogo/武汉教育.png,☘️湖北频道,,Guovin.txt
武汉教育,https://stream1.freetv.fun/wu-yi-jiao-yu-6.m3u8,,,,武汉教育,武汉教育,,,https://www.xn--rgv465a.top/tvlogo/武汉教育.png,☘️湖北频道,,Guovin.txt
武汉教育,https://stream1.freetv.fun/wu-yi-jiao-yu-8.m3u8,,,,武汉教育,武汉教育,,,https://www.xn--rgv465a.top/tvlogo/武汉教育.png,☘️湖北频道,,Guovin.txt
武汉教育,https://stream1.freetv.fun/wu-yi-jiao-yu-13.ctv,,,,武汉教育,武汉教育,,,https://www.xn--rgv465a.top/tvlogo/武汉教育.png,☘️湖北频道,,Guovin.txt
武汉教育,https://stream1.freetv.fun/wu-yi-jiao-yu-1.m3u8,,,,武汉教育,武汉教育,,,https://www.xn--rgv465a.top/tvlogo/武汉教育.png,☘️湖北频道,,Guovin.txt
武汉文体,http://www.hiliu.myds.me:18088/rtp/239.69.1.147:10518,,,,武汉文体,武汉文体,,,https://www.xn--rgv465a.top/tvlogo/武汉文体.png,☘️湖北频道,,Guovin.txt
十堰新闻,https://stream1.freetv.fun/shi-yan-xin-wen-1.m3u8,,,,十堰新闻,十堰新闻,,,https://www.xn--rgv465a.top/tvlogo/十堰新闻.png,☘️湖北频道,,Guovin.txt
十堰新闻,https://stream1.freetv.fun/shi-yan-xin-wen-2.m3u8,,,,十堰新闻,十堰新闻,,,https://www.xn--rgv465a.top/tvlogo/十堰新闻.png,☘️湖北频道,,Guovin.txt
十堰新闻,https://stream1.freetv.fun/shi-yan-xin-wen-3.m3u8,,,,十堰新闻,十堰新闻,,,https://www.xn--rgv465a.top/tvlogo/十堰新闻.png,☘️湖北频道,,Guovin.txt
十堰新闻,https://stream1.freetv.fun/shi-yan-xin-wen-4.m3u8,,,,十堰新闻,十堰新闻,,,https://www.xn--rgv465a.top/tvlogo/十堰新闻.png,☘️湖北频道,,Guovin.txt
荆门新闻综合,https://stream1.freetv.fun/jing-men-xin-wen-zong-he-6.m3u8,,,,荆门新闻综合,荆门新闻综合,,,https://www.xn--rgv465a.top/tvlogo/荆门新闻综合.png,☘️湖北频道,,Guovin.txt
荆门新闻综合,https://stream1.freetv.fun/jing-men-xin-wen-zong-he-2.m3u8,,,,荆门新闻综合,荆门新闻综合,,,https://www.xn--rgv465a.top/tvlogo/荆门新闻综合.png,☘️湖北频道,,Guovin.txt
荆门新闻综合,https://stream1.freetv.fun/jing-men-xin-wen-zong-he-3.m3u8,,,,荆门新闻综合,荆门新闻综合,,,https://www.xn--rgv465a.top/tvlogo/荆门新闻综合.png,☘️湖北频道,,Guovin.txt
南宁公共,https://stream1.freetv.fun/nan-zhu-gong-gong-1.m3u8,,,,南宁公共,南宁公共,,,https://www.xn--rgv465a.top/tvlogo/南宁公共.png,☘️广西频道,,Guovin.txt
南宁公共,https://stream1.freetv.fun/nan-zhu-gong-gong-5.m3u8,,,,南宁公共,南宁公共,,,https://www.xn--rgv465a.top/tvlogo/南宁公共.png,☘️广西频道,,Guovin.txt
南宁公共,https://stream1.freetv.fun/nan-zhu-gong-gong-9.m3u8,,,,南宁公共,南宁公共,,,https://www.xn--rgv465a.top/tvlogo/南宁公共.png,☘️广西频道,,Guovin.txt
南宁公共,https://stream1.freetv.fun/nan-zhu-gong-gong-6.m3u8,,,,南宁公共,南宁公共,,,https://www.xn--rgv465a.top/tvlogo/南宁公共.png,☘️广西频道,,Guovin.txt
南宁公共,https://stream1.freetv.fun/nan-zhu-gong-gong-7.m3u8,,,,南宁公共,南宁公共,,,https://www.xn--rgv465a.top/tvlogo/南宁公共.png,☘️广西频道,,Guovin.txt
南宁新闻综合,https://stream1.freetv.fun/nan-zhu-xin-wen-zong-he-3.m3u8,,,,南宁新闻综合,南宁新闻综合,,,https://www.xn--rgv465a.top/tvlogo/南宁新闻综合.png,☘️广西频道,,Guovin.txt
南宁新闻综合,https://stream1.freetv.fun/nan-zhu-xin-wen-zong-he-1.m3u8,,,,南宁新闻综合,南宁新闻综合,,,https://www.xn--rgv465a.top/tvlogo/南宁新闻综合.png,☘️广西频道,,Guovin.txt
南宁新闻综合,https://stream1.freetv.fun/nan-zhu-xin-wen-zong-he-4.m3u8,,,,南宁新闻综合,南宁新闻综合,,,https://www.xn--rgv465a.top/tvlogo/南宁新闻综合.png,☘️广西频道,,Guovin.txt
南宁都市生活,https://stream1.freetv.fun/nan-zhu-du-shi-sheng-huo-1.m3u8,,,,南宁都市生活,南宁都市生活,,,https://www.xn--rgv465a.top/tvlogo/南宁都市生活.png,☘️广西频道,,Guovin.txt
南宁都市生活,https://stream1.freetv.fun/nan-zhu-du-shi-sheng-huo-2.m3u8,,,,南宁都市生活,南宁都市生活,,,https://www.xn--rgv465a.top/tvlogo/南宁都市生活.png,☘️广西频道,,Guovin.txt
南宁都市生活,https://stream1.freetv.fun/nan-zhu-du-shi-sheng-huo-3.m3u8,,,,南宁都市生活,南宁都市生活,,,https://www.xn--rgv465a.top/tvlogo/南宁都市生活.png,☘️广西频道,,Guovin.txt
南宁都市生活,https://t.freetv.fun/live/nan-zhu-du-shi-sheng-huo-1.m3u8,,,,南宁都市生活,南宁都市生活,,,https://www.xn--rgv465a.top/tvlogo/南宁都市生活.png,☘️广西频道,,Guovin.txt
宾阳综合,http://pulls.myun.tv/live/0dkp33j5.m3u8,,,,宾阳综合,宾阳综合,,,https://www.xn--rgv465a.top/tvlogo/宾阳综合.png,☘️广西频道,,Guovin.txt
广西国际,http://198.204.228.26/live/gxgj.m3u8,,,,广西国际,广西国际,,,https://www.xn--rgv465a.top/tvlogo/广西国际.png,☘️广西频道,,Guovin.txt
广西国际,http://38.75.136.137:98/gslb/dsdqpub/gxgj.m3u8?auth=testpub,,,,广西国际,广西国际,,,https://www.xn--rgv465a.top/tvlogo/广西国际.png,☘️广西频道,,Guovin.txt
广西国际,http://192.151.150.154/live/gxgj.m3u8,,,,广西国际,广西国际,,,https://www.xn--rgv465a.top/tvlogo/广西国际.png,☘️广西频道,,Guovin.txt
广西国际,http://63.141.230.178:82/gslb/zbdq5.m3u8?id=gxgj,,,,广西国际,广西国际,,,https://www.xn--rgv465a.top/tvlogo/广西国际.png,☘️广西频道,,Guovin.txt
广西国际,http://107.150.60.122/live/gxgj.m3u8,,,,广西国际,广西国际,,,https://www.xn--rgv465a.top/tvlogo/广西国际.png,☘️广西频道,,Guovin.txt
武清综合,https://tvpull.smartwq.cn/wqlive/convergencemedia/playlist.m3u8?ztianjd,,,,武清综合,武清综合,,,https://www.xn--rgv465a.top/tvlogo/武清综合.png,☘️天津频道,,Guovin.txt
天津卫视,http://iptv.huuc.edu.cn/hls/tjhd.m3u8,,,,天津卫视,天津卫视,,,https://www.xn--rgv465a.top/tvlogo/天津卫视.png,☘️天津频道,,Guovin.txt
天津卫视,https://zby.130519.xyz/PLTV/11/224/3221225742/index.m3u8,,,,天津卫视,天津卫视,,,https://www.xn--rgv465a.top/tvlogo/天津卫视.png,☘️天津频道,,Guovin.txt
天津卫视,http://[2409:8087:1a01:df::4030]:80/TVOD/88888888/224/3221225972/main.m3u8,,,,天津卫视,天津卫视,,,https://www.xn--rgv465a.top/tvlogo/天津卫视.png,☘️天津频道,,Guovin.txt
天津卫视,http://[2409:8087:1a0a:df::404b]/ottrrs.hl.chinamobile.com/TVOD/88888888/224/3221226459/index.m3u8,,,,天津卫视,天津卫视,,,https://www.xn--rgv465a.top/tvlogo/天津卫视.png,☘️天津频道,,Guovin.txt
天津卫视,http://[2409:8087:1a01:df::4077]/ottrrs.hl.chinamobile.com/PLTV/88888888/8/3221226459/index.m3u8,,,,天津卫视,天津卫视,,,https://www.xn--rgv465a.top/tvlogo/天津卫视.png,☘️天津频道,,Guovin.txt
乐山新闻综合,https://stream1.freetv.fun/le-shan-xin-wen-zong-he-1.m3u8,,,,乐山新闻综合,乐山新闻综合,,,https://www.xn--rgv465a.top/tvlogo/乐山新闻综合.png,☘️四川频道,,Guovin.txt
乐山新闻综合,https://stream1.freetv.fun/le-shan-xin-wen-zong-he-2.m3u8,,,,乐山新闻综合,乐山新闻综合,,,https://www.xn--rgv465a.top/tvlogo/乐山新闻综合.png,☘️四川频道,,Guovin.txt
叙州新闻综合,https://stream1.freetv.fun/xu-zhou-xin-wen-zong-he-6.m3u8,,,,叙州新闻综合,叙州新闻综合,,,https://www.xn--rgv465a.top/tvlogo/叙州新闻综合.png,☘️四川频道,,Guovin.txt
叙州新闻综合,https://stream1.freetv.fun/xu-zhou-xin-wen-zong-he-2.m3u8,,,,叙州新闻综合,叙州新闻综合,,,https://www.xn--rgv465a.top/tvlogo/叙州新闻综合.png,☘️四川频道,,Guovin.txt
叙州新闻综合,https://stream1.freetv.fun/xu-zhou-xin-wen-zong-he-7.m3u8,,,,叙州新闻综合,叙州新闻综合,,,https://www.xn--rgv465a.top/tvlogo/叙州新闻综合.png,☘️四川频道,,Guovin.txt
叙州新闻综合,https://stream1.freetv.fun/xu-zhou-xin-wen-zong-he-3.m3u8,,,,叙州新闻综合,叙州新闻综合,,,https://www.xn--rgv465a.top/tvlogo/叙州新闻综合.png,☘️四川频道,,Guovin.txt
叙州新闻综合,https://stream1.freetv.fun/xu-zhou-xin-wen-zong-he-1.m3u8,,,,叙州新闻综合,叙州新闻综合,,,https://www.xn--rgv465a.top/tvlogo/叙州新闻综合.png,☘️四川频道,,Guovin.txt
四川科教,https://stream1.freetv.fun/si-chuan-ke-jiao-3.ctv,,,,四川科教,四川科教,,,https://www.xn--rgv465a.top/tvlogo/四川科教.png,☘️四川频道,,Guovin.txt
四川科教,https://stream1.freetv.fun/si-chuan-ke-jiao-1.m3u8,,,,四川科教,四川科教,,,https://www.xn--rgv465a.top/tvlogo/四川科教.png,☘️四川频道,,Guovin.txt
四川科教,https://stream1.freetv.fun/si-chuan-ke-jiao-4.ctv,,,,四川科教,四川科教,,,https://www.xn--rgv465a.top/tvlogo/四川科教.png,☘️四川频道,,Guovin.txt
广元综合,https://stream1.freetv.fun/yan-yuan-zong-he-1.m3u8,,,,广元综合,广元综合,,,https://www.xn--rgv465a.top/tvlogo/广元综合.png,☘️四川频道,,Guovin.txt
广元综合,https://stream1.freetv.fun/yan-yuan-zong-he-2.ctv,,,,广元综合,广元综合,,,https://www.xn--rgv465a.top/tvlogo/广元综合.png,☘️四川频道,,Guovin.txt
康巴卫视,http://[2409:8087:8:21::18]:6610/otttv.bj.chinamobile.com/PLTV/88888888/224/3221227027/1.m3u8?GuardEncType=2&accountinfo=%7E%7EV2.0%7EkHMvBpWz4rccMxNvSRekpQ%7EtP4-l0lmSfjwLWEfK_el1vH_mv-s1zo4AQJwdedaVwG9xkuFTDg8J26cwOrNJzn20BErrHdLhuZ9EzLUCD3PMW-OMx4MGteHV2vLeW6BqoY%2CEND,,,,康巴卫视,康巴卫视,,,https://www.xn--rgv465a.top/tvlogo/康巴卫视.png,☘️四川频道,,Guovin.txt
德阳新闻综合,https://stream1.freetv.fun/de-yang-xin-wen-zong-he-2.m3u8,,,,德阳新闻综合,德阳新闻综合,,,https://www.xn--rgv465a.top/tvlogo/德阳新闻综合.png,☘️四川频道,,Guovin.txt
德阳新闻综合,https://stream1.freetv.fun/de-yang-xin-wen-zong-he-1.m3u8,,,,德阳新闻综合,德阳新闻综合,,,https://www.xn--rgv465a.top/tvlogo/德阳新闻综合.png,☘️四川频道,,Guovin.txt
德阳新闻综合,https://stream1.freetv.fun/de-yang-xin-wen-zong-he-3.m3u8,,,,德阳新闻综合,德阳新闻综合,,,https://www.xn--rgv465a.top/tvlogo/德阳新闻综合.png,☘️四川频道,,Guovin.txt
汉源综合,http://live.hyxrmt.com:85/live/xwpd.m3u8?zsicd,,,,汉源综合,汉源综合,,,https://www.xn--rgv465a.top/tvlogo/汉源综合.png,☘️四川频道,,Guovin.txt
绵阳科技,https://stream1.freetv.fun/mian-yang-ke-ji-2.m3u8,,,,绵阳科技,绵阳科技,,,https://www.xn--rgv465a.top/tvlogo/绵阳科技.png,☘️四川频道,,Guovin.txt
陕西新闻资讯,https://mgtv.ottiptv.cc/migu/956909289.m3u8?migutoken=d4f3f5a8bf93821548ae70c6bd12860956574c27b3b1ef52c88c8e3d72259b1727a6dbf5d6a5de850afac4c7ffe2f2124bb3b558a89906cd32ccc8913f0f22dd74b7a84514b6015bff75903d9c,,,,陕西新闻资讯,陕西新闻资讯,,,https://www.xn--rgv465a.top/tvlogo/陕西新闻资讯.png,☘️陕西频道,,Guovin.txt
陕西新闻资讯,http://gslbmgsplive.miguvideo.com/migu/kailu/sxxwzx/51/20250804/index.m3u8?msisdn=20250919080136670d8cf97d464e1f874949e449ebd1ac&mdspid=&spid=600572&netType=0&sid=5910022187&pid=2028597139&timestamp=20250919080136&Channel_ID=0116_2600000900-99000-201600010010027&ProgramID=956909289&ParentNodeID=-99&assertID=5910022187&client_ip=106.13.250.88&SecurityKey=20250919080136&promotionId=&mvid=5900006710&mcid=500020&playurlVersion=WX-A1-8.9.1-RELEASE&userid=&jmhm=&videocodec=h264&bean=mgspad&tid=android&conFee=0&puData=01b1afdabd15fc39dd9264ccca9ac59f&ddCalcu=f091e5b1c16aa09fadcacbcd41652f9cd3d9,,,,陕西新闻资讯,陕西新闻资讯,,,https://www.xn--rgv465a.top/tvlogo/陕西新闻资讯.png,☘️陕西频道,,Guovin.txt
陕西新闻资讯,http://gslbmgsplive.miguvideo.com/migu/kailu/sxxwzx/51/20250804/index.m3u8?msisdn=202510230801447f8d4c3a1a3c4ca1bd0de217472d80f2&mdspid=&spid=600572&netType=0&sid=5910022187&pid=2028597139&timestamp=20251023080144&Channel_ID=0116_2600000900-99000-201600010010027&ProgramID=956909289&ParentNodeID=-99&assertID=5910022187&client_ip=106.13.250.83&SecurityKey=20251023080144&promotionId=&mvid=5900006710&mcid=500020&playurlVersion=WX-A1-8.9.2-RELEASE&userid=&jmhm=&videocodec=h264&bean=mgspad&tid=android&conFee=0&puData=6ed563603d847927c8983a33d5b70e32&ddCalcu=263eeed2056760b356d0333da834879982c7,,,,陕西新闻资讯,陕西新闻资讯,,,https://www.xn--rgv465a.top/tvlogo/陕西新闻资讯.png,☘️陕西频道,,Guovin.txt
陕西新闻资讯,http://gslbmgsplive.miguvideo.com/migu/kailu/sxxwzx/51/20250804/index.m3u8?msisdn=202510240800591ee112712ed2473aa0d84b8ea3046959&mdspid=&spid=600572&netType=0&sid=5910022187&pid=2028597139&timestamp=20251024080059&Channel_ID=0116_2600000900-99000-201600010010027&ProgramID=956909289&ParentNodeID=-99&assertID=5910022187&client_ip=106.13.250.88&SecurityKey=20251024080059&promotionId=&mvid=5900006710&mcid=500020&playurlVersion=WX-A1-8.9.2-RELEASE&userid=&jmhm=&videocodec=h264&bean=mgspad&tid=android&conFee=0&puData=5661fd15cfb5726d7c6a1eb652fdb094&ddCalcu=4596e062b16df0fd21556cbfeb15a762c67d,,,,陕西新闻资讯,陕西新闻资讯,,,https://www.xn--rgv465a.top/tvlogo/陕西新闻资讯.png,☘️陕西频道,,Guovin.txt
陕西都市青春,https://mgtv.ottiptv.cc/migu/956909358.m3u8?migutoken=c3931ea9d3d7ede24a9d13084dadcc55f7f21b114c6c584ca7defd6492ba46b7286dbd751d0f853f83e998e4b0349c62cf4bc570ac83667c4f6bd49a9411edc68e80c1d7f24da79a264d15912b,,,,陕西都市青春,陕西都市青春,,,https://www.xn--rgv465a.top/tvlogo/陕西都市青春.png,☘️陕西频道,,Guovin.txt
陕西都市青春,http://gslbmgsplive.miguvideo.com/migu/kailu/sxdsqc/51/20250804/index.m3u8?msisdn=20250919080136b45ee433a7cf4d688994f00b794d176d&mdspid=&spid=600572&netType=0&sid=5910022190&pid=2028597139&timestamp=20250919080136&Channel_ID=0116_2600000900-99000-201600010010027&ProgramID=956909358&ParentNodeID=-99&assertID=5910022190&client_ip=106.13.250.88&SecurityKey=20250919080136&promotionId=&mvid=5900006713&mcid=500020&playurlVersion=WX-A1-8.9.1-RELEASE&userid=&jmhm=&videocodec=h264&bean=mgspad&tid=android&conFee=0&puData=9db1317be8c80566b10f130aebe87c29&ddCalcu=992decb1716830e1b7ebae083c18f00516b6,,,,陕西都市青春,陕西都市青春,,,https://www.xn--rgv465a.top/tvlogo/陕西都市青春.png,☘️陕西频道,,Guovin.txt
陕西都市青春,http://gslbmgsplive.miguvideo.com/migu/kailu/sxdsqc/51/20250804/index.m3u8?msisdn=202510230801444202628b64cc49f4bfb9f6b1dfb1f491&mdspid=&spid=600572&netType=0&sid=5910022190&pid=2028597139&timestamp=20251023080144&Channel_ID=0116_2600000900-99000-201600010010027&ProgramID=956909358&ParentNodeID=-99&assertID=5910022190&client_ip=106.13.250.83&SecurityKey=20251023080144&promotionId=&mvid=5900006713&mcid=500020&playurlVersion=WX-A1-8.9.2-RELEASE&userid=&jmhm=&videocodec=h264&bean=mgspad&tid=android&conFee=0&puData=83284c876ebb25ecdf72f4eb4dd5a006&ddCalcu=6803e022a86540dcd847b6ee4bfb2275fedc,,,,陕西都市青春,陕西都市青春,,,https://www.xn--rgv465a.top/tvlogo/陕西都市青春.png,☘️陕西频道,,Guovin.txt
陕西都市青春,http://gslbmgsplive.miguvideo.com/migu/kailu/sxdsqc/51/20250804/index.m3u8?msisdn=2025102408005947806826798c44e4b89b7ed86b1ba04f&mdspid=&spid=600572&netType=0&sid=5910022190&pid=2028597139&timestamp=20251024080059&Channel_ID=0116_2600000900-99000-201600010010027&ProgramID=956909358&ParentNodeID=-99&assertID=5910022190&client_ip=106.13.250.88&SecurityKey=20251024080059&promotionId=&mvid=5900006713&mcid=500020&playurlVersion=WX-A1-8.9.2-RELEASE&userid=&jmhm=&videocodec=h264&bean=mgspad&tid=android&conFee=0&puData=52c95103cb01acfba0783bb6dba5f262&ddCalcu=2562e2c2f96550a1b0d36cbbb0318a7c0fab,,,,陕西都市青春,陕西都市青春,,,https://www.xn--rgv465a.top/tvlogo/陕西都市青春.png,☘️陕西频道,,Guovin.txt
陕西体育休闲,https://mgtv.ottiptv.cc/migu/956909356.m3u8?migutoken=2cd1b3120e6a6d3cec136ca61cb23c24512860d4956d391b8c7d8a1fce58c3fa549930217eede8887c05f73eb24ac9692be10bdd06557f58130ff6717e37e1b6ba38adfacf8e74298fe1d4f48c,,,,陕西体育休闲,陕西体育休闲,,,https://www.xn--rgv465a.top/tvlogo/陕西体育休闲.png,☘️陕西频道,,Guovin.txt
陕西体育休闲,http://gslbmgsplive.miguvideo.com/migu/kailu/sxtyxx/51/20250804/index.m3u8?msisdn=20250921080053bb7e3ee981dc4bde95a765fbffef7b9e&mdspid=&spid=600572&netType=0&sid=5910022189&pid=2028597139&timestamp=20250921080053&Channel_ID=0116_2600000900-99000-201600010010027&ProgramID=956909356&ParentNodeID=-99&assertID=5910022189&client_ip=106.13.250.88&SecurityKey=20250921080053&promotionId=&mvid=5900006712&mcid=500020&playurlVersion=WX-A1-8.9.1-RELEASE&userid=&jmhm=&videocodec=h264&bean=mgspad&tid=android&conFee=0&puData=43ffb82e5f9372a440dd84479d27b2f6&ddCalcu=64f3e2f2bf67b028d29e754f4983d7d20a44,,,,陕西体育休闲,陕西体育休闲,,,https://www.xn--rgv465a.top/tvlogo/陕西体育休闲.png,☘️陕西频道,,Guovin.txt
陕西体育休闲,http://gslbmgsplive.miguvideo.com/migu/kailu/sxtyxx/51/20250804/index.m3u8?msisdn=20251023080139c026415ca4654e0cb51f36f8105eb6a1&mdspid=&spid=600572&netType=0&sid=5910022189&pid=2028597139&timestamp=20251023080139&Channel_ID=0116_2600000900-99000-201600010010027&ProgramID=956909356&ParentNodeID=-99&assertID=5910022189&client_ip=106.13.250.83&SecurityKey=20251023080139&promotionId=&mvid=5900006712&mcid=500020&playurlVersion=WX-A1-8.9.2-RELEASE&userid=&jmhm=&videocodec=h264&bean=mgspad&tid=android&conFee=0&puData=101f9c0a14d24dc78aa97137482db06c&ddCalcu=c160e012bf6d902c804a71341d7294adac87,,,,陕西体育休闲,陕西体育休闲,,,https://www.xn--rgv465a.top/tvlogo/陕西体育休闲.png,☘️陕西频道,,Guovin.txt
陕西体育休闲,http://gslbmgsplive.miguvideo.com/migu/kailu/sxtyxx/51/20250804/index.m3u8?msisdn=20251024080056953be86c14d64c758cd4dbf06a58c942&mdspid=&spid=600572&netType=0&sid=5910022189&pid=2028597139&timestamp=20251024080056&Channel_ID=0116_2600000900-99000-201600010010027&ProgramID=956909356&ParentNodeID=-99&assertID=5910022189&client_ip=106.13.250.88&SecurityKey=20251024080056&promotionId=&mvid=5900006712&mcid=500020&playurlVersion=WX-A1-8.9.2-RELEASE&userid=&jmhm=&videocodec=h264&bean=mgspad&tid=android&conFee=0&puData=d18ceaa4887dd90437843aedd252e8e7&ddCalcu=7de1e882ec62e05a2ad4d8e8a73d4d897034,,,,陕西体育休闲,陕西体育休闲,,,https://www.xn--rgv465a.top/tvlogo/陕西体育休闲.png,☘️陕西频道,,Guovin.txt
陕西体育休闲,http://gslbmgsplive.miguvideo.com/migu/kailu/sxtyxx/51/20250804/index.m3u8?msisdn=2025102508005957060912be0d47f78a9e823b236e0022&mdspid=&spid=600572&netType=0&sid=5910022189&pid=2028597139&timestamp=20251025080059&Channel_ID=0116_2600000900-99000-201600010010027&ProgramID=956909356&ParentNodeID=-99&assertID=5910022189&client_ip=106.13.250.90&SecurityKey=20251025080059&promotionId=&mvid=5900006712&mcid=500020&playurlVersion=WX-A1-8.9.2-RELEASE&userid=&jmhm=&videocodec=h264&bean=mgspad&tid=android&conFee=0&puData=25d98077b85839680d0db7d4d6a823de&ddCalcu=e2d5e3d2296880a067d74bd875b8d309d608,,,,陕西体育休闲,陕西体育休闲,,,https://www.xn--rgv465a.top/tvlogo/陕西体育休闲.png,☘️陕西频道,,Guovin.txt
漳州新闻综合,https://stream1.freetv.fun/zhang-zhou-xin-wen-zong-he-2.m3u8,,,,漳州新闻综合,漳州新闻综合,,,https://www.xn--rgv465a.top/tvlogo/漳州新闻综合.png,☘️福建频道,,Guovin.txt
漳州新闻综合,https://stream1.freetv.fun/zhang-zhou-xin-wen-zong-he-1.m3u8,,,,漳州新闻综合,漳州新闻综合,,,https://www.xn--rgv465a.top/tvlogo/漳州新闻综合.png,☘️福建频道,,Guovin.txt
漳州新闻综合,https://stream1.freetv.fun/zhang-zhou-xin-wen-zong-he-3.m3u8,,,,漳州新闻综合,漳州新闻综合,,,https://www.xn--rgv465a.top/tvlogo/漳州新闻综合.png,☘️福建频道,,Guovin.txt
福建电视剧,http://tvcdn.stream3.hndt.com/tv/65bd329b017e1000648cd2ed00000000_transios/playlist.m3u8?wsSecret=19bcd03fe3cd7324a376acb515ffc894&wsTime=1787821270,,,,福建电视剧,福建电视剧,,,https://www.xn--rgv465a.top/tvlogo/福建电视剧.png,☘️福建频道,,Guovin.txt
福建综合,https://stream1.freetv.fun/fu-jian-zong-he-6.m3u8,,,,福建综合,福建综合,,,https://www.xn--rgv465a.top/tvlogo/福建综合.png,☘️福建频道,,Guovin.txt
福建综合,https://stream1.freetv.fun/fu-jian-zong-he-5.m3u8,,,,福建综合,福建综合,,,https://www.xn--rgv465a.top/tvlogo/福建综合.png,☘️福建频道,,Guovin.txt
福建综合,https://stream1.freetv.fun/fu-jian-zong-he-4.m3u8,,,,福建综合,福建综合,,,https://www.xn--rgv465a.top/tvlogo/福建综合.png,☘️福建频道,,Guovin.txt
福建综合,https://stream1.freetv.fun/fu-jian-zong-he-1.m3u8,,,,福建综合,福建综合,,,https://www.xn--rgv465a.top/tvlogo/福建综合.png,☘️福建频道,,Guovin.txt
福建综合,https://stream1.freetv.fun/fu-jian-zong-he-3.m3u8,,,,福建综合,福建综合,,,https://www.xn--rgv465a.top/tvlogo/福建综合.png,☘️福建频道,,Guovin.txt
福建经视,https://stream1.freetv.fun/fu-jian-jing-ji-4.m3u8,,,,福建经视,福建经视,,,https://www.xn--rgv465a.top/tvlogo/福建经视.png,☘️福建频道,,Guovin.txt
福建经视,https://stream1.freetv.fun/fu-jian-jing-ji-1.m3u8,,,,福建经视,福建经视,,,https://www.xn--rgv465a.top/tvlogo/福建经视.png,☘️福建频道,,Guovin.txt
福建经视,https://stream1.freetv.fun/fu-jian-jing-ji-2.m3u8,,,,福建经视,福建经视,,,https://www.xn--rgv465a.top/tvlogo/福建经视.png,☘️福建频道,,Guovin.txt
福建经视,https://stream1.freetv.fun/fu-jian-jing-ji-5.m3u8,,,,福建经视,福建经视,,,https://www.xn--rgv465a.top/tvlogo/福建经视.png,☘️福建频道,,Guovin.txt
福建经视,https://stream1.freetv.fun/fu-jian-jing-ji-6.m3u8,,,,福建经视,福建经视,,,https://www.xn--rgv465a.top/tvlogo/福建经视.png,☘️福建频道,,Guovin.txt
福建少儿,https://stream1.freetv.fun/fu-jian-shao-er-1.m3u8,,,,福建少儿,福建少儿,,,https://www.xn--rgv465a.top/tvlogo/福建少儿.png,☘️福建频道,,Guovin.txt
福建少儿,https://stream1.freetv.fun/fu-jian-shao-er-6.m3u8,,,,福建少儿,福建少儿,,,https://www.xn--rgv465a.top/tvlogo/福建少儿.png,☘️福建频道,,Guovin.txt
福建少儿,https://stream1.freetv.fun/fu-jian-shao-er-4.m3u8,,,,福建少儿,福建少儿,,,https://www.xn--rgv465a.top/tvlogo/福建少儿.png,☘️福建频道,,Guovin.txt
福建少儿,https://stream1.freetv.fun/fu-jian-shao-er-7.m3u8,,,,福建少儿,福建少儿,,,https://www.xn--rgv465a.top/tvlogo/福建少儿.png,☘️福建频道,,Guovin.txt
福建少儿,https://stream1.freetv.fun/fu-jian-shao-er-2.m3u8,,,,福建少儿,福建少儿,,,https://www.xn--rgv465a.top/tvlogo/福建少儿.png,☘️福建频道,,Guovin.txt
福建海峡卫视,https://m.italkbbtv.com/live/6a30f74820a80832dc74e2c7,,,,海峡卫视,福建海峡卫视,,,https://www.xn--rgv465a.top/tvlogo/福建海峡卫视.png,☘️福建频道,,Guovin.txt
海南新闻,https://migu.188766.xyz/?migutoken=410e218b52bfcc506bef1f814d8d3b5f&id=hn_xwpd&type=sz,,,,海南新闻,海南新闻,,,https://www.xn--rgv465a.top/tvlogo/海南新闻.png,☘️海南频道,,Guovin.txt
海南新闻,https://stream1.freetv.fun/ipv6-hai-nan-xin-wen-6.m3u8,,,,海南新闻,海南新闻,,,https://www.xn--rgv465a.top/tvlogo/海南新闻.png,☘️海南频道,,Guovin.txt
海南新闻,https://migu.188766.xyz/?migutoken=964b97d815e0f15de878a99d3908dd6e&id=hn_xwpd&type=sz,,,,海南新闻,海南新闻,,,https://www.xn--rgv465a.top/tvlogo/海南新闻.png,☘️海南频道,,Guovin.txt
海南新闻,https://migu.188766.xyz/?migutoken=98fdcff69572bc92b5e7bcf3e90854a5&id=hn_xwpd&type=sz,,,,海南新闻,海南新闻,,,https://www.xn--rgv465a.top/tvlogo/海南新闻.png,☘️海南频道,,Guovin.txt
海南自贸,https://migu.188766.xyz/?migutoken=2795391bf2380a7870585be391603d6a&id=hn_jjpd&type=sz,,,,海南自贸频道,海南自贸,,,https://www.xn--rgv465a.top/tvlogo/海南自贸.png,☘️海南频道,,Guovin.txt
海南自贸,https://migu.188766.xyz/?migutoken=45ac9a110c797599551115731cf44df2&id=hn_jjpd&type=sz,,,,海南自贸频道,海南自贸,,,https://www.xn--rgv465a.top/tvlogo/海南自贸.png,☘️海南频道,,Guovin.txt
海南自贸,https://migu.188766.xyz/?migutoken=660a5548e95409c119145c54d487e47e&id=hn_jjpd&type=sz,,,,海南自贸频道,海南自贸,,,https://www.xn--rgv465a.top/tvlogo/海南自贸.png,☘️海南频道,,Guovin.txt
海南自贸,https://migu.188766.xyz/?migutoken=315ad4939096a91be5ce3462b2080323&id=hn_jjpd&type=sz,,,,海南自贸频道,海南自贸,,,https://www.xn--rgv465a.top/tvlogo/海南自贸.png,☘️海南频道,,Guovin.txt
海南自贸,https://migu.188766.xyz/?migutoken=4d8834d7ea1adc0f097aa6a031305918&id=hn_jjpd&type=sz,,,,海南自贸频道,海南自贸,,,https://www.xn--rgv465a.top/tvlogo/海南自贸.png,☘️海南频道,,Guovin.txt
海南文旅,https://migu.188766.xyz/?migutoken=c9c9f8b653c1e1e8219e116f7e481879&id=hn_wlpd&type=sz,,,,海南文旅频道,海南文旅,,,https://www.xn--rgv465a.top/tvlogo/海南文旅.png,☘️海南频道,,Guovin.txt
海南文旅,https://stream1.freetv.fun/ipv6-hai-nan-wen-lu-7.m3u8,,,,海南文旅频道,海南文旅,,,https://www.xn--rgv465a.top/tvlogo/海南文旅.png,☘️海南频道,,Guovin.txt
海南文旅,https://stream1.freetv.fun/ipv6-hai-nan-wen-lu-9.m3u8,,,,海南文旅频道,海南文旅,,,https://www.xn--rgv465a.top/tvlogo/海南文旅.png,☘️海南频道,,Guovin.txt
海南文旅,https://migu.188766.xyz/?migutoken=dac1d4aae188058344c7dd4b136f975d&id=hn_wlpd&type=sz,,,,海南文旅频道,海南文旅,,,https://www.xn--rgv465a.top/tvlogo/海南文旅.png,☘️海南频道,,Guovin.txt
海南文旅,https://migu.188766.xyz/?migutoken=a5b4cdf3f9c93a7335e55a109404af67&id=hn_wlpd&type=sz,,,,海南文旅频道,海南文旅,,,https://www.xn--rgv465a.top/tvlogo/海南文旅.png,☘️海南频道,,Guovin.txt
海南少儿,https://migu.188766.xyz/?migutoken=6f0f1afceaa5258c040b50b1f89bfdc5&id=hn_sepd&type=sz,,,,海南少儿,海南少儿,,,https://www.xn--rgv465a.top/tvlogo/海南少儿.png,☘️海南频道,,Guovin.txt
海南少儿,https://migu.188766.xyz/?migutoken=2d0b3796b93c0d0a9068434e65cbce37&id=hn_sepd&type=sz,,,,海南少儿,海南少儿,,,https://www.xn--rgv465a.top/tvlogo/海南少儿.png,☘️海南频道,,Guovin.txt
海南少儿,https://migu.188766.xyz/?migutoken=9c9969bee01e9a37dca68dd16df63e65&id=hn_sepd&type=sz,,,,海南少儿,海南少儿,,,https://www.xn--rgv465a.top/tvlogo/海南少儿.png,☘️海南频道,,Guovin.txt
海南少儿,https://migu.188766.xyz/?migutoken=0c9220e89aa5bb92fd25dbc47f73c650&id=hn_sepd&type=sz,,,,海南少儿,海南少儿,,,https://www.xn--rgv465a.top/tvlogo/海南少儿.png,☘️海南频道,,Guovin.txt
海南少儿,https://migu.188766.xyz/?migutoken=7827d9fc7bedc235d7359a1ccc57a032&id=hn_sepd&type=sz,,,,海南少儿,海南少儿,,,https://www.xn--rgv465a.top/tvlogo/海南少儿.png,☘️海南频道,,Guovin.txt
海南公共,https://migu.188766.xyz/?migutoken=9b74a05ac3e7b51beecb305c9c7c22b4&id=hn_ggpd&type=sz,,,,海南公共,海南公共,,,https://www.xn--rgv465a.top/tvlogo/海南公共.png,☘️海南频道,,Guovin.txt
海南公共,https://stream1.freetv.fun/ipv6-hai-nan-gong-gong-8.m3u8,,,,海南公共,海南公共,,,https://www.xn--rgv465a.top/tvlogo/海南公共.png,☘️海南频道,,Guovin.txt
海南公共,https://stream1.freetv.fun/ipv6-hai-nan-gong-gong-9.m3u8,,,,海南公共,海南公共,,,https://www.xn--rgv465a.top/tvlogo/海南公共.png,☘️海南频道,,Guovin.txt
海南公共,https://migu.188766.xyz/?migutoken=a7038ebf14621b3c5b7d47281fa0ab4c&id=hn_ggpd&type=sz,,,,海南公共,海南公共,,,https://www.xn--rgv465a.top/tvlogo/海南公共.png,☘️海南频道,,Guovin.txt
海南公共,https://migu.188766.xyz/?migutoken=3a138924186d190af58e01219616242b&id=hn_ggpd&type=sz,,,,海南公共,海南公共,,,https://www.xn--rgv465a.top/tvlogo/海南公共.png,☘️海南频道,,Guovin.txt
临颍综合,http://tvpull.dxhmt.cn:9081/tv/11122-1.m3u8?%E5%85%B3%E6%B3%A8%E5%BE%AE%E4%BF%A1%E5%85%AC%E4%BC%97%E5%8F%B7[%E6%99%B4%E5%9B%AD],,,,临颍综合,临颍综合,,,https://www.xn--rgv465a.top/tvlogo/临颍综合.png,☘️河南频道,,Guovin.txt
义马新闻综合,http://tvpull.dxhmt.cn:9081/tv/11281-1.m3u8?%E5%85%B3%E6%B3%A8%E5%BE%AE%E4%BF%A1%E5%85%AC%E4%BC%97%E5%8F%B7[%E6%99%B4%E5%9B%AD],,,,义马新闻综合,义马新闻综合,,,https://www.xn--rgv465a.top/tvlogo/义马新闻综合.png,☘️河南频道,,Guovin.txt
光山综合,http://tvpull.dxhmt.cn:9081/tv/11522-1.m3u8?%E5%85%B3%E6%B3%A8%E5%BE%AE%E4%BF%A1%E5%85%AC%E4%BC%97%E5%8F%B7[%E6%99%B4%E5%9B%AD],,,,光山综合,光山综合,,,https://www.xn--rgv465a.top/tvlogo/光山综合.png,☘️河南频道,,Guovin.txt
兰考新闻,http://tvpull.dxhmt.cn:9081/tv/10225-1.m3u8?%E5%85%B3%E6%B3%A8%E5%BE%AE%E4%BF%A1%E5%85%AC%E4%BC%97%E5%8F%B7[%E6%99%B4%E5%9B%AD],,,,兰考新闻,兰考新闻,,,https://www.xn--rgv465a.top/tvlogo/兰考新闻.png,☘️河南频道,,Guovin.txt
兰考新闻,http://tvpull.dxhmt.cn:9081/tv/10225-1.m3u8?,,,,兰考新闻,兰考新闻,,,https://www.xn--rgv465a.top/tvlogo/兰考新闻.png,☘️河南频道,,Guovin.txt
卫辉综合,http://tvpull.dxhmt.cn:9081/tv/10781-1.m3u8?%E5%85%B3%E6%B3%A8%E5%BE%AE%E4%BF%A1%E5%85%AC%E4%BC%97%E5%8F%B7[%E6%99%B4%E5%9B%AD],,,,卫辉综合,卫辉综合,,,https://www.xn--rgv465a.top/tvlogo/卫辉综合.png,☘️河南频道,,Guovin.txt
卫辉综合,http://iptv.cdn.ha.chinamobile.com/PLTV/88888888/224/3221226538/index.m3u8,,,,卫辉综合,卫辉综合,,,https://www.xn--rgv465a.top/tvlogo/卫辉综合.png,☘️河南频道,,Guovin.txt
卫辉综合,http://tvpull.dxhmt.cn:9081/tv/10781-1.m3u8?zhend,,,,卫辉综合,卫辉综合,,,https://www.xn--rgv465a.top/tvlogo/卫辉综合.png,☘️河南频道,,Guovin.txt
叶县,http://tvpull.dxhmt.cn:9081/tv/10422-1.m3u8#,,,,叶县,叶县,,,https://www.xn--rgv465a.top/tvlogo/叶县.png,☘️河南频道,,Guovin.txt
唐河一套,http://tvpull.dxhmt.cn:9081/tv/11328-1.m3u8?zhend,,,,唐河一套,唐河一套,,,https://www.xn--rgv465a.top/tvlogo/唐河一套.png,☘️河南频道,,Guovin.txt
固始综合,http://tvpull.dxhmt.cn:9081/tv/11525-1.m3u8?%E5%85%B3%E6%B3%A8%E5%BE%AE%E4%BF%A1%E5%85%AC%E4%BC%97%E5%8F%B7[%E6%99%B4%E5%9B%AD],,,,固始综合,固始综合,,,https://www.xn--rgv465a.top/tvlogo/固始综合.png,☘️河南频道,,Guovin.txt
宝丰综合,http://tvpull.dxhmt.cn:9081/tv/10421-1.m3u8?%E5%85%B3%E6%B3%A8%E5%BE%AE%E4%BF%A1%E5%85%AC%E4%BC%97%E5%8F%B7[%E6%99%B4%E5%9B%AD],,,,宝丰综合,宝丰综合,,,https://www.xn--rgv465a.top/tvlogo/宝丰综合.png,☘️河南频道,,Guovin.txt
宝丰综合,http://tvpull.dxhmt.cn:9081/tv/10421-1.m3u8?zhend,,,,宝丰综合,宝丰综合,,,https://www.xn--rgv465a.top/tvlogo/宝丰综合.png,☘️河南频道,,Guovin.txt
巩义新闻综合,http://tvpull.dxhmt.cn:9081/tv/10181-1.m3u8?zhend,,,,巩义新闻综合,巩义新闻综合,,,https://www.xn--rgv465a.top/tvlogo/巩义新闻综合.png,☘️河南频道,,Guovin.txt
巩义新闻综合,http://tvpull.dxhmt.cn:9081/tv/10181-1.m3u8?zhend?,,,,巩义新闻综合,巩义新闻综合,,,https://www.xn--rgv465a.top/tvlogo/巩义新闻综合.png,☘️河南频道,,Guovin.txt
扶沟综合,http://tvpull.dxhmt.cn:9081/tv/11621-1.m3u8?%E5%85%B3%E6%B3%A8%E5%BE%AE%E4%BF%A1%E5%85%AC%E4%BC%97%E5%8F%B7[%E6%99%B4%E5%9B%AD],,,,扶沟综合,扶沟综合,,,https://www.xn--rgv465a.top/tvlogo/扶沟综合.png,☘️河南频道,,Guovin.txt
扶沟综合,http://tvpull.dxhmt.cn:9081/tv/11621-1.m3u8?zhend,,,,扶沟综合,扶沟综合,,,https://www.xn--rgv465a.top/tvlogo/扶沟综合.png,☘️河南频道,,Guovin.txt
新乡县电视台,http://tvpull.dxhmt.cn:9081/tv/10721-1.m3u8?%E5%85%B3%E6%B3%A8%E5%BE%AE%E4%BF%A1%E5%85%AC%E4%BC%97%E5%8F%B7[%E6%99%B4%E5%9B%AD],,,,新乡县电视台,新乡县电视台,,,https://www.xn--rgv465a.top/tvlogo/新乡县电视台.png,☘️河南频道,,Guovin.txt
新县综合,http://tvpull.dxhmt.cn:9081/tv/11523-1.m3u8?%E5%85%B3%E6%B3%A8%E5%BE%AE%E4%BF%A1%E5%85%AC%E4%BC%97%E5%8F%B7[%E6%99%B4%E5%9B%AD],,,,新县综合,新县综合,,,https://www.xn--rgv465a.top/tvlogo/新县综合.png,☘️河南频道,,Guovin.txt
新蔡综合,http://tvpull.dxhmt.cn:9081/tv/11729-1.m3u8?%E5%85%B3%E6%B3%A8%E5%BE%AE%E4%BF%A1%E5%85%AC%E4%BC%97%E5%8F%B7[%E6%99%B4%E5%9B%AD],,,,新蔡综合,新蔡综合,,,https://www.xn--rgv465a.top/tvlogo/新蔡综合.png,☘️河南频道,,Guovin.txt
新蔡综合,http://tvpull.dxhmt.cn:9081/tv/11729-1.m3u8?zhend,,,,新蔡综合,新蔡综合,,,https://www.xn--rgv465a.top/tvlogo/新蔡综合.png,☘️河南频道,,Guovin.txt
泌阳新闻综合,http://tvpull.dxhmt.cn:9081/tv/11726-1.m3u8?%E5%85%B3%E6%B3%A8%E5%BE%AE%E4%BF%A1%E5%85%AC%E4%BC%97%E5%8F%B7[%E6%99%B4%E5%9B%AD],,,,泌阳新闻综合,泌阳新闻综合,,,https://www.xn--rgv465a.top/tvlogo/泌阳新闻综合.png,☘️河南频道,,Guovin.txt
泌阳新闻综合,https://stream1.freetv.fun/mi-yang-xin-wen-zong-he-2.m3u8,,,,泌阳新闻综合,泌阳新闻综合,,,https://www.xn--rgv465a.top/tvlogo/泌阳新闻综合.png,☘️河南频道,,Guovin.txt
淅川电视,http://iptv.cdn.ha.chinamobile.com/PLTV/88888888/224/3221226631/index.m3u8,,,,淅川电视,淅川电视,,,https://www.xn--rgv465a.top/tvlogo/淅川电视.png,☘️河南频道,,Guovin.txt
渑池新闻综合,http://tvpull.dxhmt.cn:9081/tv/11221-1.m3u8?%E5%85%B3%E6%B3%A8%E5%BE%AE%E4%BF%A1%E5%85%AC%E4%BC%97%E5%8F%B7[%E6%99%B4%E5%9B%AD],,,,渑池新闻综合,渑池新闻综合,,,https://www.xn--rgv465a.top/tvlogo/渑池新闻综合.png,☘️河南频道,,Guovin.txt
温县综合,http://tvpull.dxhmt.cn:9081/tv/10825-1.m3u8?zhend,,,,温县综合,温县综合,,,https://www.xn--rgv465a.top/tvlogo/温县综合.png,☘️河南频道,,Guovin.txt
温县综合,http://tvpull.dxhmt.cn:9081/tv/10825-1.m3u8?zhend?,,,,温县综合,温县综合,,,https://www.xn--rgv465a.top/tvlogo/温县综合.png,☘️河南频道,,Guovin.txt
潢川综合,http://tvpull.dxhmt.cn:9081/tv/11526-1.m3u8?%E5%85%B3%E6%B3%A8%E5%BE%AE%E4%BF%A1%E5%85%AC%E4%BC%97%E5%8F%B7[%E6%99%B4%E5%9B%AD],,,,潢川综合,潢川综合,,,https://www.xn--rgv465a.top/tvlogo/潢川综合.png,☘️河南频道,,Guovin.txt
焦作综合,http://iptv.cdn.ha.chinamobile.com/PLTV/88888888/224/3221226604/index.m3u8,,,,焦作综合,焦作综合,,,https://www.xn--rgv465a.top/tvlogo/焦作综合.png,☘️河南频道,,Guovin.txt
登封综合,http://tvpull.dxhmt.cn:9081/tv/10185-1.m3u8?%E5%85%B3%E6%B3%A8%E5%BE%AE%E4%BF%A1%E5%85%AC%E4%BC%97%E5%8F%B7[%E6%99%B4%E5%9B%AD],,,,登封综合,登封综合,,,https://www.xn--rgv465a.top/tvlogo/登封综合.png,☘️河南频道,,Guovin.txt
登封综合,http://iptv.cdn.ha.chinamobile.com/PLTV/88888888/224/3221226661/index.m3u8,,,,登封综合,登封综合,,,https://www.xn--rgv465a.top/tvlogo/登封综合.png,☘️河南频道,,Guovin.txt
禹州综合,http://tvpull.dxhmt.cn:9081/tv/11081-1.m3u8?%E5%85%B3%E6%B3%A8%E5%BE%AE%E4%BF%A1%E5%85%AC%E4%BC%97%E5%8F%B7[%E6%99%B4%E5%9B%AD],,,,禹州综合,禹州综合,,,https://www.xn--rgv465a.top/tvlogo/禹州综合.png,☘️河南频道,,Guovin.txt
西华综合,http://tvpull.dxhmt.cn:9081/tv/11622-1.m3u8?%E5%85%B3%E6%B3%A8%E5%BE%AE%E4%BF%A1%E5%85%AC%E4%BC%97%E5%8F%B7[%E6%99%B4%E5%9B%AD],,,,西华综合,西华综合,,,https://www.xn--rgv465a.top/tvlogo/西华综合.png,☘️河南频道,,Guovin.txt
西华综合,http://tvpull.dxhmt.cn:9081/tv/11622-1.m3u8?zhend,,,,西华综合,西华综合,,,https://www.xn--rgv465a.top/tvlogo/西华综合.png,☘️河南频道,,Guovin.txt
郏县综合,http://tvpull.dxhmt.cn:9081/tv/10425-1.m3u8?%E5%85%B3%E6%B3%A8%E5%BE%AE%E4%BF%A1%E5%85%AC%E4%BC%97%E5%8F%B7[%E6%99%B4%E5%9B%AD],,,,郏县综合,郏县综合,,,https://www.xn--rgv465a.top/tvlogo/郏县综合.png,☘️河南频道,,Guovin.txt
郏县综合,http://tvpull.dxhmt.cn:9081/tv/10425-1.m3u8?zhend,,,,郏县综合,郏县综合,,,https://www.xn--rgv465a.top/tvlogo/郏县综合.png,☘️河南频道,,Guovin.txt
郸城新闻综合,http://tvpull.dxhmt.cn:9081/tv/11625-1.m3u8?wsSecret=df15530a0abec41b14bca00fc96270d1&wsTime=1654956569,,,,郸城新闻综合,郸城新闻综合,,,https://www.xn--rgv465a.top/tvlogo/郸城新闻综合.png,☘️河南频道,,Guovin.txt
郸城新闻综合,https://stream1.freetv.fun/dan-cheng-xin-wen-zong-he-1.m3u8,,,,郸城新闻综合,郸城新闻综合,,,https://www.xn--rgv465a.top/tvlogo/郸城新闻综合.png,☘️河南频道,,Guovin.txt
郸城新闻综合,https://stream1.freetv.fun/dan-cheng-xin-wen-zong-he-4.m3u8,,,,郸城新闻综合,郸城新闻综合,,,https://www.xn--rgv465a.top/tvlogo/郸城新闻综合.png,☘️河南频道,,Guovin.txt
郸城新闻综合,https://t.freetv.fun/live/dan-cheng-xin-wen-zong-he.m3u8,,,,郸城新闻综合,郸城新闻综合,,,https://www.xn--rgv465a.top/tvlogo/郸城新闻综合.png,☘️河南频道,,Guovin.txt
鄢陵综合,http://tvpull.dxhmt.cn:9081/tv/11024-1.m3u8?%E5%85%B3%E6%B3%A8%E5%BE%AE%E4%BF%A1%E5%85%AC%E4%BC%97%E5%8F%B7[%E6%99%B4%E5%9B%AD],,,,鄢陵综合,鄢陵综合,,,https://www.xn--rgv465a.top/tvlogo/鄢陵综合.png,☘️河南频道,,Guovin.txt
项城新闻,http://tvpull.dxhmt.cn:9081/tv/11681-1.m3u8#@http://live.dxhmt.cn:9081/tv/11681-1.m3u8#@http://p2.weizan.cn/978354/131995006225520039/live.m3u8,,,,项城新闻,项城新闻,,,https://www.xn--rgv465a.top/tvlogo/项城新闻.png,☘️河南频道,,Guovin.txt
鹤壁综合,http://iptv.cdn.ha.chinamobile.com/PLTV/88888888/224/3221226563/index.m3u8,,,,鹤壁综合,鹤壁综合,,,https://www.xn--rgv465a.top/tvlogo/鹤壁综合.png,☘️河南频道,,Guovin.txt
邓州新闻,http://tvpull.dxhmt.cn:9081/tv/11381-1.m3u8?%E5%85%B3%E6%B3%A8%E5%BE%AE%E4%BF%A1%E5%85%AC%E4%BC%97%E5%8F%B7[%E6%99%B4%E5%9B%AD],,,,邓州新闻,邓州新闻,,,https://www.xn--rgv465a.top/tvlogo/邓州新闻.png,☘️河南频道,,Guovin.txt
许昌公共,http://iptv.cdn.ha.chinamobile.com/PLTV/88888888/224/3221226695/index.m3u8,,,,许昌公共,许昌公共,,,https://www.xn--rgv465a.top/tvlogo/许昌公共.png,☘️河南频道,,Guovin.txt
焦作教育,http://iptv.cdn.ha.chinamobile.com/PLTV/88888888/224/3221226648/index.m3u8,,,,焦作教育,焦作教育,,,https://www.xn--rgv465a.top/tvlogo/焦作教育.png,☘️河南频道,,Guovin.txt
焦作公共,http://iptv.cdn.ha.chinamobile.com/PLTV/88888888/224/3221226616/index.m3u8,,,,焦作公共,焦作公共,,,https://www.xn--rgv465a.top/tvlogo/焦作公共.png,☘️河南频道,,Guovin.txt
灵宝新闻综合,http://tvpull.dxhmt.cn:9081/tv/11282-1.m3u8?zhend,,,,灵宝新闻综合,灵宝新闻综合,,,https://www.xn--rgv465a.top/tvlogo/灵宝新闻综合.png,☘️河南频道,,Guovin.txt
濮阳公共,http://iptv.cdn.ha.chinamobile.com/PLTV/88888888/224/3221226664/index.m3u8,,,,濮阳公共,濮阳公共,,,https://www.xn--rgv465a.top/tvlogo/濮阳公共.png,☘️河南频道,,Guovin.txt
滑县新闻,http://tvpull.dxhmt.cn:9081/tv/10526-1.m3u8?%E5%85%B3%E6%B3%A8%E5%BE%AE%E4%BF%A1%E5%85%AC%E4%BC%97%E5%8F%B7[%E6%99%B4%E5%9B%AD],,,,滑县新闻,滑县新闻,,,https://www.xn--rgv465a.top/tvlogo/滑县新闻.png,☘️河南频道,,Guovin.txt
济源电视一套,http://tvpull.dxhmt.cn:9081/tv/19001-1.m3u8?zhend,,,,济源电视一套,济源电视一套,,,https://www.xn--rgv465a.top/tvlogo/济源电视一套.png,☘️河南频道,,Guovin.txt
洛阳综合,https://wshlslive.migucloud.com/live/6AL7GTQX_C0/playlist.m3u8,,,,洛阳综合,洛阳综合,,,https://www.xn--rgv465a.top/tvlogo/洛阳综合.png,☘️河南频道,,Guovin.txt
洛阳综合,http://iptv.cdn.ha.chinamobile.com/PLTV/88888888/224/3221226542/index.m3u8,,,,洛阳综合,洛阳综合,,,https://www.xn--rgv465a.top/tvlogo/洛阳综合.png,☘️河南频道,,Guovin.txt
洛阳科教,https://wshlslive.migucloud.com/live/RJ0EYBCZ_C0/playlist.m3u8,,,,洛阳科教,洛阳科教,,,https://www.xn--rgv465a.top/tvlogo/洛阳科教.png,☘️河南频道,,Guovin.txt
洛阳科教,http://iptv.cdn.ha.chinamobile.com/PLTV/88888888/224/3221226554/index.m3u8,,,,洛阳科教,洛阳科教,,,https://www.xn--rgv465a.top/tvlogo/洛阳科教.png,☘️河南频道,,Guovin.txt
洛阳科教,http://devlivepull.migucloud.com/live/A2HVH5BQ_C0.flv,,,,洛阳科教,洛阳科教,,,https://www.xn--rgv465a.top/tvlogo/洛阳科教.png,☘️河南频道,,Guovin.txt
洛阳文旅,https://wshlslive.migucloud.com/live/CVN934JS_C0/playlist.m3u8,,,,洛阳文旅,洛阳文旅,,,https://www.xn--rgv465a.top/tvlogo/洛阳文旅.png,☘️河南频道,,Guovin.txt
洛阳文旅,http://devlivepull.migucloud.com/live/Q081CD54_C0.flv,,,,洛阳文旅,洛阳文旅,,,https://www.xn--rgv465a.top/tvlogo/洛阳文旅.png,☘️河南频道,,Guovin.txt
河南民生,https://migu.188766.xyz/?migutoken=599bb7fdd4f9cab36d202bb38a0da046&id=%E6%B0%91%E7%94%9F%E9%A2%91%E9%81%93&type=yy,,,,河南民生,河南民生,,,https://www.xn--rgv465a.top/tvlogo/河南民生.png,☘️河南频道,,Guovin.txt
河南民生,https://migu.188766.xyz/?migutoken=8b7305a8d46cfe98635e66d0e757c394&id=%E6%B0%91%E7%94%9F%E9%A2%91%E9%81%93&type=yy,,,,河南民生,河南民生,,,https://www.xn--rgv465a.top/tvlogo/河南民生.png,☘️河南频道,,Guovin.txt
河南民生,https://migu.188766.xyz/?migutoken=97b2be6f258ae481d8bc142a1fac8bef&id=%E6%B0%91%E7%94%9F%E9%A2%91%E9%81%93&type=yy,,,,河南民生,河南民生,,,https://www.xn--rgv465a.top/tvlogo/河南民生.png,☘️河南频道,,Guovin.txt
河南民生,https://migu.188766.xyz/?migutoken=999fa1172c8b97bce4c61b4728d49542&id=%E6%B0%91%E7%94%9F%E9%A2%91%E9%81%93&type=yy,,,,河南民生,河南民生,,,https://www.xn--rgv465a.top/tvlogo/河南民生.png,☘️河南频道,,Guovin.txt
河南民生,https://migu.188766.xyz/?migutoken=0ec1f5f231bfb2cd0cce9a7edcf8947b&id=%E6%B0%91%E7%94%9F%E9%A2%91%E9%81%93&type=yy,,,,河南民生,河南民生,,,https://www.xn--rgv465a.top/tvlogo/河南民生.png,☘️河南频道,,Guovin.txt
沁阳新闻综合,https://stream1.freetv.fun/qin-yang-xin-wen-zong-he-1.m3u8,,,,沁阳新闻综合,沁阳新闻综合,,,https://www.xn--rgv465a.top/tvlogo/沁阳新闻综合.png,☘️河南频道,,Guovin.txt
方城一套,http://tvpull.dxhmt.cn:9081/tv/11322-1.m3u8?zhend,,,,方城一套,方城一套,,,https://www.xn--rgv465a.top/tvlogo/方城一套.png,☘️河南频道,,Guovin.txt
新安新闻综合,http://tvpull.dxhmt.cn:9081/tv/10323-1.m3u8?%E5%85%B3%E6%B3%A8%E5%BE%AE%E4%BF%A1%E5%85%AC%E4%BC%97%E5%8F%B7[%E6%99%B4%E5%9B%AD],,,,新安新闻综合,新安新闻综合,,,https://www.xn--rgv465a.top/tvlogo/新安新闻综合.png,☘️河南频道,,Guovin.txt
新安新闻综合,http://tvpull.dxhmt.cn:9081/tv/10323-1.m3u8?zhend,,,,新安新闻综合,新安新闻综合,,,https://www.xn--rgv465a.top/tvlogo/新安新闻综合.png,☘️河南频道,,Guovin.txt
开封新闻综合,https://stream1.freetv.fun/kai-feng-xin-wen-zong-he-2.m3u8,,,,开封新闻综合,开封新闻综合,,,https://www.xn--rgv465a.top/tvlogo/开封新闻综合.png,☘️河南频道,,Guovin.txt
开封新闻综合,http://tvpull.dxhmt.cn:9081/tv/10200-2.m3u8?zhend,,,,开封新闻综合,开封新闻综合,,,https://www.xn--rgv465a.top/tvlogo/开封新闻综合.png,☘️河南频道,,Guovin.txt
嵩县综合新闻,http://tvpull.dxhmt.cn:9081/tv/10325-1.m3u8?zhendhttp://wshls.live.migucloud.com/live/MZCYG799_C0/playlist.m3u8?zhend,,,,嵩县综合新闻,嵩县综合新闻,,,https://www.xn--rgv465a.top/tvlogo/嵩县综合新闻.png,☘️河南频道,,Guovin.txt
宜阳综合,http://tvpull.dxhmt.cn:9081/tv/10327-1.m3u8?wsSecret=df15530a0abec41b14bca00fc96270d1&wsTime=1654956569,,,,宜阳综合,宜阳综合,,,https://www.xn--rgv465a.top/tvlogo/宜阳综合.png,☘️河南频道,,Guovin.txt
宜阳综合,http://iptv.cdn.ha.chinamobile.com/PLTV/88888888/224/3221227059/index.m3u8,,,,宜阳综合,宜阳综合,,,https://www.xn--rgv465a.top/tvlogo/宜阳综合.png,☘️河南频道,,Guovin.txt
宜阳综合,http://tvpull.dxhmt.cn:9081/tv/10327-1.m3u8?zhend,,,,宜阳综合,宜阳综合,,,https://www.xn--rgv465a.top/tvlogo/宜阳综合.png,☘️河南频道,,Guovin.txt
周口新闻综合,https://stream1.freetv.fun/zhou-kou-xin-wen-zong-he-1.m3u8,,,,周口新闻综合,周口新闻综合,,,https://www.xn--rgv465a.top/tvlogo/周口新闻综合.png,☘️河南频道,,Guovin.txt
周口新闻综合,https://stream1.freetv.fun/zhou-kou-xin-wen-zong-he-2.m3u8,,,,周口新闻综合,周口新闻综合,,,https://www.xn--rgv465a.top/tvlogo/周口新闻综合.png,☘️河南频道,,Guovin.txt
内黄综合,http://tvpull.dxhmt.cn:9081/tv/10527-1.m3u8?wsSecret=df15530a0abec41b14bca00fc96270d1&wsTime=1654956569,,,,内黄综合,内黄综合,,,https://www.xn--rgv465a.top/tvlogo/内黄综合.png,☘️河南频道,,Guovin.txt
内黄综合,http://tvpull.dxhmt.cn:9081/tv/10527-1.m3u8?zhend,,,,内黄综合,内黄综合,,,https://www.xn--rgv465a.top/tvlogo/内黄综合.png,☘️河南频道,,Guovin.txt
内乡综合,http://tvpull.dxhmt.cn:9081/tv/11325-1.m3u8?%E5%85%B3%E6%B3%A8%E5%BE%AE%E4%BF%A1%E5%85%AC%E4%BC%97%E5%8F%B7[%E6%99%B4%E5%9B%AD],,,,内乡综合,内乡综合,,,https://www.xn--rgv465a.top/tvlogo/内乡综合.png,☘️河南频道,,Guovin.txt
偃师新闻,http://tvpull.dxhmt.cn:9081/tv/10381-1.m3u8?wsSecret=df15530a0abec41b14bca00fc96270d1&wsTime=1654956569,,,,偃师新闻,偃师新闻,,,https://www.xn--rgv465a.top/tvlogo/偃师新闻.png,☘️河南频道,,Guovin.txt
邢台综合,https://jwplay.hebyun.com.cn/live/xttv/1500k/tzwj_video.m3u8,,,,邢台新闻综合,邢台综合,,,https://www.xn--rgv465a.top/tvlogo/邢台综合.png,☘️河北频道,,Guovin.txt
邢台综合,https://jwplay.hebyun.com.cn/live/xttv/1500k/tzwj_video.m3u8?zhebd,,,,邢台新闻综合,邢台综合,,,https://www.xn--rgv465a.top/tvlogo/邢台综合.png,☘️河北频道,,Guovin.txt
邢台综合,https://stream1.freetv.fun/xing-tai-zong-he-2.m3u8,,,,邢台新闻综合,邢台综合,,,https://www.xn--rgv465a.top/tvlogo/邢台综合.png,☘️河北频道,,Guovin.txt
石家庄都市,https://stream1.freetv.fun/shi-jia-zhuang-du-shi-5.ctv,,,,石家庄都市,石家庄都市,,,https://www.xn--rgv465a.top/tvlogo/石家庄都市.png,☘️河北频道,,Guovin.txt
石家庄都市,https://stream1.freetv.fun/shi-jia-zhuang-du-shi-4.ctv,,,,石家庄都市,石家庄都市,,,https://www.xn--rgv465a.top/tvlogo/石家庄都市.png,☘️河北频道,,Guovin.txt
石家庄都市,https://stream1.freetv.fun/shi-jia-zhuang-du-shi-6.ctv,,,,石家庄都市,石家庄都市,,,https://www.xn--rgv465a.top/tvlogo/石家庄都市.png,☘️河北频道,,Guovin.txt
石家庄都市,https://stream1.freetv.fun/shi-jia-zhuang-du-shi-1.ctv,,,,石家庄都市,石家庄都市,,,https://www.xn--rgv465a.top/tvlogo/石家庄都市.png,☘️河北频道,,Guovin.txt
石家庄生活,https://stream1.freetv.fun/shi-jia-zhuang-sheng-huo-2.ctv,,,,石家庄生活,石家庄生活,,,https://www.xn--rgv465a.top/tvlogo/石家庄生活.png,☘️河北频道,,Guovin.txt
石家庄生活,https://stream1.freetv.fun/shi-jia-zhuang-sheng-huo-5.ctv,,,,石家庄生活,石家庄生活,,,https://www.xn--rgv465a.top/tvlogo/石家庄生活.png,☘️河北频道,,Guovin.txt
石家庄生活,https://stream1.freetv.fun/shi-jia-zhuang-sheng-huo-7.ctv,,,,石家庄生活,石家庄生活,,,https://www.xn--rgv465a.top/tvlogo/石家庄生活.png,☘️河北频道,,Guovin.txt
石家庄生活,https://stream1.freetv.fun/shi-jia-zhuang-sheng-huo-1.ctv,,,,石家庄生活,石家庄生活,,,https://www.xn--rgv465a.top/tvlogo/石家庄生活.png,☘️河北频道,,Guovin.txt
石家庄新闻综合,https://stream1.freetv.fun/shi-jia-zhuang-xin-wen-zong-he-5.ctv,,,,石家庄新闻综合,石家庄新闻综合,,,https://www.xn--rgv465a.top/tvlogo/石家庄新闻综合.png,☘️河北频道,,Guovin.txt
石家庄新闻综合,https://stream1.freetv.fun/shi-jia-zhuang-xin-wen-zong-he-6.ctv,,,,石家庄新闻综合,石家庄新闻综合,,,https://www.xn--rgv465a.top/tvlogo/石家庄新闻综合.png,☘️河北频道,,Guovin.txt
石家庄新闻综合,https://stream1.freetv.fun/shi-jia-zhuang-xin-wen-zong-he-7.ctv,,,,石家庄新闻综合,石家庄新闻综合,,,https://www.xn--rgv465a.top/tvlogo/石家庄新闻综合.png,☘️河北频道,,Guovin.txt
石家庄新闻综合,https://stream1.freetv.fun/shi-jia-zhuang-xin-wen-zong-he-8.ctv,,,,石家庄新闻综合,石家庄新闻综合,,,https://www.xn--rgv465a.top/tvlogo/石家庄新闻综合.png,☘️河北频道,,Guovin.txt
石家庄新闻综合,https://stream1.freetv.fun/shi-jia-zhuang-xin-wen-zong-he-2.ctv,,,,石家庄新闻综合,石家庄新闻综合,,,https://www.xn--rgv465a.top/tvlogo/石家庄新闻综合.png,☘️河北频道,,Guovin.txt
石家庄娱乐,https://stream1.freetv.fun/shi-jia-zhuang-yu-le-7.ctv,,,,石家庄娱乐,石家庄娱乐,,,https://www.xn--rgv465a.top/tvlogo/石家庄娱乐.png,☘️河北频道,,Guovin.txt
石家庄娱乐,https://stream1.freetv.fun/shi-jia-zhuang-yu-le-9.ctv,,,,石家庄娱乐,石家庄娱乐,,,https://www.xn--rgv465a.top/tvlogo/石家庄娱乐.png,☘️河北频道,,Guovin.txt
石家庄娱乐,https://stream1.freetv.fun/shi-jia-zhuang-yu-le-6.ctv,,,,石家庄娱乐,石家庄娱乐,,,https://www.xn--rgv465a.top/tvlogo/石家庄娱乐.png,☘️河北频道,,Guovin.txt
石家庄娱乐,https://stream1.freetv.fun/shi-jia-zhuang-yu-le-4.ctv,,,,石家庄娱乐,石家庄娱乐,,,https://www.xn--rgv465a.top/tvlogo/石家庄娱乐.png,☘️河北频道,,Guovin.txt
石家庄娱乐,https://stream1.freetv.fun/shi-jia-zhuang-yu-le-1.ctv,,,,石家庄娱乐,石家庄娱乐,,,https://www.xn--rgv465a.top/tvlogo/石家庄娱乐.png,☘️河北频道,,Guovin.txt
河北都市,https://stream1.freetv.fun/he-bei-du-shi-13.ctv,,,,河北都市,河北都市,,,https://www.xn--rgv465a.top/tvlogo/河北都市.png,☘️河北频道,,Guovin.txt
河北农民,https://t.freetv.fun/live/he-bei-nong-min-1.m3u8,,,,河北农民,河北农民,,,https://www.xn--rgv465a.top/tvlogo/河北农民.png,☘️河北频道,,Guovin.txt
河北农民,https://t.freetv.fun/live/he-bei-nong-min.m3u8,,,,河北农民,河北农民,,,https://www.xn--rgv465a.top/tvlogo/河北农民.png,☘️河北频道,,Guovin.txt
昌黎综合,https://jwcdnqx.hebyun.com.cn/zb/clzhpd/1500k/tzwj_video.m3u8,,,,昌黎综合,昌黎综合,,,https://www.xn--rgv465a.top/tvlogo/昌黎综合.png,☘️河北频道,,Guovin.txt
任丘文娱,https://jwcdnqx.hebyun.com.cn/zb/rqtv2/1500k/tzwj_video.m3u8,,,,任丘文娱,任丘文娱,,,https://www.xn--rgv465a.top/tvlogo/任丘文娱.png,☘️河北频道,,Guovin.txt
任丘综合,https://jwcdnqx.hebyun.com.cn/zb/rqtv1/1500k/tzwj_video.m3u8,,,,任丘综合,任丘综合,,,https://www.xn--rgv465a.top/tvlogo/任丘综合.png,☘️河北频道,,Guovin.txt
兴隆综合,https://jwcdnqx.hebyun.com.cn/zb/xlzh/1500k/tzwj_video.m3u8,,,,兴隆综合,兴隆综合,,,https://www.xn--rgv465a.top/tvlogo/兴隆综合.png,☘️河北频道,,Guovin.txt
平泉影视,https://jwcdnqx.hebyun.com.cn/zb/pqys/1500k/tzwj_video.m3u8,,,,平泉影视,平泉影视,,,https://www.xn--rgv465a.top/tvlogo/平泉影视.png,☘️河北频道,,Guovin.txt
清河新闻综合,https://jwcdnqx.hebyun.com.cn/zb/qinghe/1500k/tzwj_video.m3u8,,,,清河新闻综合,清河新闻综合,,,https://www.xn--rgv465a.top/tvlogo/清河新闻综合.png,☘️河北频道,,Guovin.txt
清河经济综艺,https://jwcdnqx.hebyun.com.cn/zb/qinghe1/1500k/tzwj_video.m3u8,,,,清河经济综艺,清河经济综艺,,,https://www.xn--rgv465a.top/tvlogo/清河经济综艺.png,☘️河北频道,,Guovin.txt
甘肃公共,https://hls.gstv.com.cn/49048r/3t5xyc.m3u8,,,,甘肃公共,甘肃公共,,,https://www.xn--rgv465a.top/tvlogo/甘肃公共.png,☘️甘肃频道,,Guovin.txt
甘肃都市,https://hls.gstv.com.cn/49048r/l54391.m3u8,,,,甘肃都市,甘肃都市,,,https://gitee.com/suxuang/epglogo/raw/master/gansu/Gansu1.png,☘️甘肃频道,,Guovin.txt
甘肃少儿,https://hls.gstv.com.cn/49048r/922k96.m3u8,,,,甘肃少儿,甘肃少儿,,,https://www.xn--rgv465a.top/tvlogo/甘肃少儿.png,☘️甘肃频道,,Guovin.txt
秦安综合,https://play.kankanlive.com/live/1659926941626981.m3u8,,,,秦安综合,秦安综合,,,https://www.xn--rgv465a.top/tvlogo/秦安综合.png,☘️甘肃频道,,Guovin.txt
酒泉综合,https://3ee63cd9178a070a2db29f77915c49d4.livehwc3.cn/play.kankanlive.com/live/1702033926169975.m3u8,,,,酒泉综合,酒泉综合,,,https://www.xn--rgv465a.top/tvlogo/酒泉综合.png,☘️甘肃频道,,Guovin.txt
哈密二套,https://tvpull.hmgbtv.com/hmtv/channel108259412c6a6711/playlist.m3u8,,,,哈密二套,哈密二套,,,https://www.xn--rgv465a.top/tvlogo/哈密二套.png,☘️新疆频道,,Guovin.txt
哈密三套,https://tvpull.hmgbtv.com/hmtv/channelfb0e5c505477aa44/playlist.m3u8,,,,哈密三套,哈密三套,,,https://www.xn--rgv465a.top/tvlogo/哈密三套.png,☘️新疆频道,,Guovin.txt
新疆卫视,http://goo.bkpcp.top/mg/xjws,,,,新疆卫视,新疆卫视,,,https://www.xn--rgv465a.top/tvlogo/新疆卫视.png,☘️新疆频道,,Guovin.txt
新疆卫视,http://[2409:8087:1a0a:df::404b]/ottrrs.hl.chinamobile.com/TVOD/88888888/224/3221225635/index.m3u8,,,,新疆卫视,新疆卫视,,,https://www.xn--rgv465a.top/tvlogo/新疆卫视.png,☘️新疆频道,,Guovin.txt
新疆卫视,http://[2409:8087:2001:20:2800:0:df6e:eb0b]/wh7f454c46tw993550557_162751766/ott.mobaibox.com/PLTV/3/224/3221228290/index.m3u8?icpid=3&RTS=1668604377&from=40&popid=40&hms_devid=2038&prioritypopid=40&vqe=3,,,,新疆卫视,新疆卫视,,,https://www.xn--rgv465a.top/tvlogo/新疆卫视.png,☘️新疆频道,,Guovin.txt
新疆卫视,http://[2409:8087:1a01:df::4077]/ottrrs.hl.chinamobile.com/PLTV/88888888/8/3221226460/index.m3u8,,,,新疆卫视,新疆卫视,,,https://www.xn--rgv465a.top/tvlogo/新疆卫视.png,☘️新疆频道,,Guovin.txt
新疆卫视,http://[2409:8087:8:21::18]:6610/otttv.bj.chinamobile.com/PLTV/88888888/224/3221226546/1.m3u8,,,,新疆卫视,新疆卫视,,,https://www.xn--rgv465a.top/tvlogo/新疆卫视.png,☘️新疆频道,,Guovin.txt
山东新闻,http://livealone302.iqilu.com/iqilu/ggpd.m3u8,,,,山东新闻,山东新闻,,,https://www.xn--rgv465a.top/tvlogo/山东新闻.png,☘️山东频道,,Guovin.txt
山东教育,http://iptv.huuc.edu.cn/hls/sdetv.m3u8,,,,山东教育,山东教育,,,https://gitee.com/suxuang/logo/raw/master/mylogo/山东教育.png,☘️山东频道,,Guovin.txt
山东体育,https://stream1.freetv.fun/shan-dong-ti-yu-8.m3u8,,,,山东体育,山东体育,,,https://www.xn--rgv465a.top/tvlogo/山东体育.png,☘️山东频道,,Guovin.txt
山东体育,https://stream1.freetv.fun/shan-dong-ti-yu-19.m3u8,,,,山东体育,山东体育,,,https://www.xn--rgv465a.top/tvlogo/山东体育.png,☘️山东频道,,Guovin.txt
山东体育,https://stream1.freetv.fun/shan-dong-ti-yu-4.m3u8,,,,山东体育,山东体育,,,https://www.xn--rgv465a.top/tvlogo/山东体育.png,☘️山东频道,,Guovin.txt
山东体育,https://stream1.freetv.fun/shan-dong-ti-yu-7.m3u8,,,,山东体育,山东体育,,,https://www.xn--rgv465a.top/tvlogo/山东体育.png,☘️山东频道,,Guovin.txt
济南综合,https://stream1.freetv.fun/ji-nan-zong-he-1.m3u8,,,,济南综合,济南综合,,,https://www.xn--rgv465a.top/tvlogo/济南综合.png,☘️山东频道,,Guovin.txt
济南综合,https://stream1.freetv.fun/ji-nan-zong-he-2.m3u8,,,,济南综合,济南综合,,,https://www.xn--rgv465a.top/tvlogo/济南综合.png,☘️山东频道,,Guovin.txt
济南新闻综合,https://stream1.freetv.fun/ji-nan-xin-wen-zong-he-7.m3u8,,,,济南新闻综合,济南新闻综合,,,https://www.xn--rgv465a.top/tvlogo/济南新闻综合.png,☘️山东频道,,Guovin.txt
济南教育,https://stream1.freetv.fun/ji-nan-jiao-yu-1.m3u8,,,,济南教育,济南教育,,,https://www.xn--rgv465a.top/tvlogo/济南教育.png,☘️山东频道,,Guovin.txt
潍坊新闻综合,https://stream1.freetv.fun/ipv6-wei-fang-xin-wen-zong-he-2.m3u8,,,,潍坊新闻综合,潍坊新闻综合,,,https://www.xn--rgv465a.top/tvlogo/潍坊新闻综合.png,☘️山东频道,,Guovin.txt
潍坊新闻综合,https://stream1.freetv.fun/ipv6-wei-fang-xin-wen-zong-he-1.m3u8,,,,潍坊新闻综合,潍坊新闻综合,,,https://www.xn--rgv465a.top/tvlogo/潍坊新闻综合.png,☘️山东频道,,Guovin.txt
武乡新闻综合,http://uzoiczhh.live.sxmty.com/live/hls/0d41f1480c4042d49927858f01fde707/53130407737b417b9a6259b57246bae3.m3u8?zshanxd,,,,武乡新闻综合,武乡新闻综合,,,https://www.xn--rgv465a.top/tvlogo/武乡新闻综合.png,☘️山西频道,,Guovin.txt
运城科技教育,https://stream1.freetv.fun/yun-cheng-ke-ji-jiao-yu-2.m3u8,,,,运城科技教育,运城科技教育,,,https://www.xn--rgv465a.top/tvlogo/运城科技教育.png,☘️山西频道,,Guovin.txt
运城科技教育,https://stream1.freetv.fun/yun-cheng-ke-ji-jiao-yu-1.m3u8,,,,运城科技教育,运城科技教育,,,https://www.xn--rgv465a.top/tvlogo/运城科技教育.png,☘️山西频道,,Guovin.txt
黎城综合,http://111.53.96.67:8081/live/1/index.m3u8?%E5%85%B3%E6%B3%A8%E5%BE%AE%E4%BF%A1%E5%85%AC%E4%BC%97%E5%8F%B7[%E6%99%B4%E5%9B%AD],,,,黎城综合,黎城综合,,,https://www.xn--rgv465a.top/tvlogo/黎城综合.png,☘️山西频道,,Guovin.txt
安徽国际,https://m.italkbbtv.com/live/6a3a3784260d0d240f66a62c,,,,安徽国际,安徽国际,,,https://www.xn--rgv465a.top/tvlogo/安徽国际.png,☘️安徽频道,,Guovin.txt
安徽影视,https://stream1.freetv.fun/an-hui-ying-shi-14.m3u8,,,,安徽影视,安徽影视,,,https://www.xn--rgv465a.top/tvlogo/安徽影视.png,☘️安徽频道,,Guovin.txt
安徽影视,https://stream1.freetv.fun/an-hui-ying-shi-15.m3u8,,,,安徽影视,安徽影视,,,https://www.xn--rgv465a.top/tvlogo/安徽影视.png,☘️安徽频道,,Guovin.txt
安徽影视,https://www.ahtv.cn/folder9000/folder20193?channelIndex=3,,,,安徽影视,安徽影视,,,https://www.xn--rgv465a.top/tvlogo/安徽影视.png,☘️安徽频道,,Guovin.txt
安徽影视,https://t.freetv.fun/live/an-hui-ying-shi.m3u8,,,,安徽影视,安徽影视,,,https://www.xn--rgv465a.top/tvlogo/安徽影视.png,☘️安徽频道,,Guovin.txt
安徽影视,https://t.freetv.fun/live/an-hui-ying-shi-2.m3u8,,,,安徽影视,安徽影视,,,https://www.xn--rgv465a.top/tvlogo/安徽影视.png,☘️安徽频道,,Guovin.txt
安徽经济生活,https://stream1.freetv.fun/an-hui-jing-ji-sheng-huo-4.ctv,,,,安徽经济生活,安徽经济生活,,,https://www.xn--rgv465a.top/tvlogo/安徽经济生活.png,☘️安徽频道,,Guovin.txt
安徽综艺体育,https://live.lalifeier.eu.org/ahtv/ahzyty.m3u8?t=1745774515&key=27009aec794adc785b22478c5aa2ae16,,,,安徽综艺体育,安徽综艺体育,,,https://www.xn--rgv465a.top/tvlogo/安徽综艺体育.png,☘️安徽频道,,Guovin.txt
安徽综艺体育,https://live.lalifeier.eu.org/ahtv/ahzyty.m3u8?t=1746292937&key=940b0f98a121c28884c74971efaac4de,,,,安徽综艺体育,安徽综艺体育,,,https://www.xn--rgv465a.top/tvlogo/安徽综艺体育.png,☘️安徽频道,,Guovin.txt
安徽综艺体育,https://live.lalifeier.eu.org/ahtv/ahzyty.m3u8?t=1746307365&key=6b104d1fc66c5b34b63d0e19c627e0f9,,,,安徽综艺体育,安徽综艺体育,,,https://www.xn--rgv465a.top/tvlogo/安徽综艺体育.png,☘️安徽频道,,Guovin.txt
安徽综艺体育,https://stream1.freetv.fun/an-hui-zong-yi-ti-yu-4.ctv,,,,安徽综艺体育,安徽综艺体育,,,https://www.xn--rgv465a.top/tvlogo/安徽综艺体育.png,☘️安徽频道,,Guovin.txt
安徽综艺体育,https://stream1.freetv.fun/an-hui-zong-yi-ti-yu-8.m3u8,,,,安徽综艺体育,安徽综艺体育,,,https://www.xn--rgv465a.top/tvlogo/安徽综艺体育.png,☘️安徽频道,,Guovin.txt
安徽导视,https://livehls1.appcoo.com/liveshopping/949E0A98C9D0C311/6D925141BC1F8C28/index.m3u8,,,,安徽导视,安徽导视,,,https://www.xn--rgv465a.top/tvlogo/安徽导视.png,☘️安徽频道,,Guovin.txt
滁州科教,http://live.cztv.cc:85/live/sjpd.m3u8?zanhd,,,,滁州科教,滁州科教,,,https://www.xn--rgv465a.top/tvlogo/滁州科教.png,☘️安徽频道,,Guovin.txt
滁州科教,http://live.cztv.cc:85/live/sjpd.m3u8?%E5%85%B3%E6%B3%A8%E5%BE%AE%E4%BF%A1%E5%85%AC%E4%BC%97%E5%8F%B7[%E6%99%B4%E5%9B%AD],,,,滁州科教,滁州科教,,,https://www.xn--rgv465a.top/tvlogo/滁州科教.png,☘️安徽频道,,Guovin.txt
滁州新闻综合,http://live.cztv.cc:85/live/xwpd.m3u8?zanhd,,,,滁州新闻综合,滁州新闻综合,,,https://www.xn--rgv465a.top/tvlogo/滁州新闻综合.png,☘️安徽频道,,Guovin.txt
滁州公共,http://live.cztv.cc:85/live/ggpd.m3u8?zanhd,,,,滁州公共,滁州公共,,,https://www.xn--rgv465a.top/tvlogo/滁州公共.png,☘️安徽频道,,Guovin.txt
宿州新闻综合,https://stream1.freetv.fun/su-zhou-xin-wen-zong-he-1.m3u8,,,,宿州新闻综合,宿州新闻综合,,,https://www.xn--rgv465a.top/tvlogo/宿州新闻综合.png,☘️安徽频道,,Guovin.txt
宿州新闻综合,https://stream1.freetv.fun/su-zhou-xin-wen-zong-he-2.m3u8,,,,宿州新闻综合,宿州新闻综合,,,https://www.xn--rgv465a.top/tvlogo/宿州新闻综合.png,☘️安徽频道,,Guovin.txt
宿州新闻综合,https://stream1.freetv.fun/su-zhou-xin-wen-zong-he-3.m3u8,,,,宿州新闻综合,宿州新闻综合,,,https://www.xn--rgv465a.top/tvlogo/宿州新闻综合.png,☘️安徽频道,,Guovin.txt
宁夏经济,https://ls.qingting.fm/live/1841/64k.m3u8,,,,宁夏经济,宁夏经济,,,https://www.xn--rgv465a.top/tvlogo/宁夏经济.png,☘️宁夏频道,,Guovin.txt
珲春新闻综合,https://stream1.freetv.fun/hun-chun-xin-wen-zong-he-3.m3u8,,,,珲春新闻综合,珲春新闻综合,,,https://www.xn--rgv465a.top/tvlogo/珲春新闻综合.png,☘️吉林频道,,Guovin.txt
内蒙经济,https://ls.qingting.fm/live/1885/64k.m3u8,,,,内蒙经济,内蒙经济,,,https://www.xn--rgv465a.top/tvlogo/内蒙经济.png,☘️内蒙古频道,,Guovin.txt
内蒙农牧,http://play1-qk.nmtv.cn:80/live/1686561299036179.m3u8,,,,内蒙农牧,内蒙农牧,,,https://www.xn--rgv465a.top/tvlogo/内蒙农牧.png,☘️内蒙古频道,,Guovin.txt
内蒙古少儿,http://play1-qk.nmtv.cn/live/1686560464515368.m3u8,,,,内蒙少儿,内蒙古少儿,,,https://www.xn--rgv465a.top/tvlogo/内蒙古少儿.png,☘️内蒙古频道,,Guovin.txt
内蒙古文体娱乐,http://play1-qk.nmtv.cn/live/1686561195713372.m3u8,,,,内蒙古文体娱乐,内蒙古文体娱乐,,,https://www.xn--rgv465a.top/tvlogo/内蒙古文体娱乐.png,☘️内蒙古频道,,Guovin.txt
内蒙古蒙语文化,http://play1-qk.nmtv.cn/live/1686561065304370.m3u8,,,,内蒙古蒙语文化,内蒙古蒙语文化,,,https://www.xn--rgv465a.top/tvlogo/内蒙古蒙语文化.png,☘️内蒙古频道,,Guovin.txt
文山州公共,http://m3u8.channel.wsrtv.com.cn/cms/videos/nmip-media/channellive/channel8/playlist.m3u8?zyund,,,,文山州公共,文山州公共,,,https://www.xn--rgv465a.top/tvlogo/文山州公共.png,☘️云南频道,,Guovin.txt
文山州新闻综合,http://m3u8.channel.wsrtv.com.cn/cms/videos/nmip-media/channellive/channel7/playlist.m3u8?zyund,,,,文山州新闻综合,文山州新闻综合,,,https://www.xn--rgv465a.top/tvlogo/文山州新闻综合.png,☘️云南频道,,Guovin.txt
陇川综合,https://zb-live.ynurl.com/longchuan/58f88df3-605e-4c57-865c-8e8f85241ca1.m3u8,,,,陇川综合,陇川综合,,,https://www.xn--rgv465a.top/tvlogo/陇川综合.png,☘️云南频道,,Guovin.txt
安多卫视,https://liveout.xntv.tv/a65jur/90p2i1.m3u8?zqing,,,,安多卫视,安多卫视,,,https://www.xn--rgv465a.top/tvlogo/安多卫视.png,☘️青海频道,,Guovin.txt
安多卫视,https://stream1.freetv.fun/52d0df257c5c3cec42f2ae19268dbbc261256ff391b27bd83553bea941d0c186.m3u8,,,,安多卫视,安多卫视,,,https://www.xn--rgv465a.top/tvlogo/安多卫视.png,☘️青海频道,,Guovin.txt
安多卫视,https://liveout.xntv.tv/a65jur/90p2i1.m3u8?zqinghd,,,,安多卫视,安多卫视,,,https://www.xn--rgv465a.top/tvlogo/安多卫视.png,☘️青海频道,,Guovin.txt
西宁生活服务,https://stream1.freetv.fun/xi-zhu-sheng-huo-fu-wu-1.m3u8,,,,西宁生活服务,西宁生活服务,,,https://www.xn--rgv465a.top/tvlogo/西宁生活服务.png,☘️青海频道,,Guovin.txt
西宁生活服务,https://stream1.freetv.fun/xi-zhu-sheng-huo-fu-wu-2.m3u8,,,,西宁生活服务,西宁生活服务,,,https://www.xn--rgv465a.top/tvlogo/西宁生活服务.png,☘️青海频道,,Guovin.txt
西宁生活服务,https://stream1.freetv.fun/xi-zhu-sheng-huo-fu-wu-3.m3u8,,,,西宁生活服务,西宁生活服务,,,https://www.xn--rgv465a.top/tvlogo/西宁生活服务.png,☘️青海频道,,Guovin.txt
西宁生活服务,https://t.freetv.fun/live/xi-zhu-sheng-huo-fu-wu-1.flv,,,,西宁生活服务,西宁生活服务,,,https://www.xn--rgv465a.top/tvlogo/西宁生活服务.png,☘️青海频道,,Guovin.txt
青海都市,http://[2409:8087:1e01:20::3]/PLTV/11/224/3221225749/index.m3u8,,,,青海都市,青海都市,,,https://www.xn--rgv465a.top/tvlogo/青海都市.png,☘️青海频道,,Guovin.txt
青海都市,http://[2409:8087:1e01:20::3]:80/PLTV/11/224/3221225749/index.m3u8,,,,青海都市,青海都市,,,https://www.xn--rgv465a.top/tvlogo/青海都市.png,☘️青海频道,,Guovin.txt
黑龙江文体,http://[2409:8087:1a01:df::7005]/ottrrs.hl.chinamobile.com/PLTV/88888888/224/3221226239/index.m3u8,,,,黑龙江文体,黑龙江文体,,,https://www.xn--rgv465a.top/tvlogo/黑龙江文体.png,☘️黑龙江频道,,Guovin.txt
黑龙江文体,http://[2409:8087:1a01:df::4025]:80/TVOD/88888888/224/3221225965/main.m3u8,,,,黑龙江文体,黑龙江文体,,,https://www.xn--rgv465a.top/tvlogo/黑龙江文体.png,☘️黑龙江频道,,Guovin.txt
黑龙江文体,https://stream1.freetv.fun/hei-long-jiang-wen-ti-7.m3u8,,,,黑龙江文体,黑龙江文体,,,https://www.xn--rgv465a.top/tvlogo/黑龙江文体.png,☘️黑龙江频道,,Guovin.txt
黑龙江文体,https://stream1.freetv.fun/hei-long-jiang-wen-ti-1.m3u8,,,,黑龙江文体,黑龙江文体,,,https://www.xn--rgv465a.top/tvlogo/黑龙江文体.png,☘️黑龙江频道,,Guovin.txt
黑龙江文体,https://stream1.freetv.fun/hei-long-jiang-wen-ti-9.m3u8,,,,黑龙江文体,黑龙江文体,,,https://www.xn--rgv465a.top/tvlogo/黑龙江文体.png,☘️黑龙江频道,,Guovin.txt
黑龙江新闻法治,http://[2409:8087:1a01:df::7005]/ottrrs.hl.chinamobile.com/PLTV/88888888/224/3221226330/index.m3u8,,,,黑龙江新闻法治,黑龙江新闻法治,,,https://www.xn--rgv465a.top/tvlogo/黑龙江新闻法治.png,☘️黑龙江频道,,Guovin.txt
黑龙江新闻法治,https://stream1.freetv.fun/hei-long-jiang-xin-wen-fa-zhi-6.m3u8,,,,黑龙江新闻法治,黑龙江新闻法治,,,https://www.xn--rgv465a.top/tvlogo/黑龙江新闻法治.png,☘️黑龙江频道,,Guovin.txt
黑龙江新闻法治,https://stream1.freetv.fun/hei-long-jiang-xin-wen-fa-zhi-4.m3u8,,,,黑龙江新闻法治,黑龙江新闻法治,,,https://www.xn--rgv465a.top/tvlogo/黑龙江新闻法治.png,☘️黑龙江频道,,Guovin.txt
黑龙江新闻法治,https://stream1.freetv.fun/hei-long-jiang-xin-wen-fa-zhi-7.m3u8,,,,黑龙江新闻法治,黑龙江新闻法治,,,https://www.xn--rgv465a.top/tvlogo/黑龙江新闻法治.png,☘️黑龙江频道,,Guovin.txt
黑龙江新闻法治,https://stream1.freetv.fun/hei-long-jiang-xin-wen-fa-zhi-5.m3u8,,,,黑龙江新闻法治,黑龙江新闻法治,,,https://www.xn--rgv465a.top/tvlogo/黑龙江新闻法治.png,☘️黑龙江频道,,Guovin.txt
黑龙江影视,http://[2409:8087:1a01:df::7005]/ottrrs.hl.chinamobile.com/PLTV/88888888/224/3221226298/index.m3u8,,,,黑龙江影视,黑龙江影视,,,https://www.xn--rgv465a.top/tvlogo/黑龙江影视.png,☘️黑龙江频道,,Guovin.txt
黑龙江影视,https://stream1.freetv.fun/hei-long-jiang-ying-shi-1.m3u8,,,,黑龙江影视,黑龙江影视,,,https://www.xn--rgv465a.top/tvlogo/黑龙江影视.png,☘️黑龙江频道,,Guovin.txt
黑龙江影视,https://stream1.freetv.fun/hei-long-jiang-ying-shi-7.m3u8,,,,黑龙江影视,黑龙江影视,,,https://www.xn--rgv465a.top/tvlogo/黑龙江影视.png,☘️黑龙江频道,,Guovin.txt
黑龙江影视,https://stream1.freetv.fun/hei-long-jiang-ying-shi-8.m3u8,,,,黑龙江影视,黑龙江影视,,,https://www.xn--rgv465a.top/tvlogo/黑龙江影视.png,☘️黑龙江频道,,Guovin.txt
黑龙江都市,http://[2409:8087:1a01:df::7005]/ottrrs.hl.chinamobile.com/PLTV/88888888/224/3221226301/index.m3u8,,,,黑龙江都市,黑龙江都市,,,https://www.xn--rgv465a.top/tvlogo/黑龙江都市.png,☘️黑龙江频道,,Guovin.txt
黑龙江都市,http://[2409:8087:1a01:df::4025]:80/ottrrs.hl.chinamobile.com/PLTV/88888888/224/3221226301/1.m3u8,,,,黑龙江都市,黑龙江都市,,,https://www.xn--rgv465a.top/tvlogo/黑龙江都市.png,☘️黑龙江频道,,Guovin.txt
黑龙江都市,http://[2409:8087:1a01:df::4055]:80/TVOD/88888888/224/3221225969/main.m3u8,,,,黑龙江都市,黑龙江都市,,,https://www.xn--rgv465a.top/tvlogo/黑龙江都市.png,☘️黑龙江频道,,Guovin.txt
黑龙江都市,http://[2409:8087:1a01:df::4077]:80/ottrrs.hl.chinamobile.com/PLTV/88888888/224/3221226301/1.m3u8,,,,黑龙江都市,黑龙江都市,,,https://www.xn--rgv465a.top/tvlogo/黑龙江都市.png,☘️黑龙江频道,,Guovin.txt
黑龙江都市,https://stream1.freetv.fun/hei-long-jiang-du-shi-7.m3u8,,,,黑龙江都市,黑龙江都市,,,https://www.xn--rgv465a.top/tvlogo/黑龙江都市.png,☘️黑龙江频道,,Guovin.txt
黑龙江少儿,http://[2409:8087:1a01:df::7005]/ottrrs.hl.chinamobile.com/PLTV/88888888/224/3221226304/index.m3u8,,,,黑龙江少儿,黑龙江少儿,,,https://www.xn--rgv465a.top/tvlogo/黑龙江少儿.png,☘️黑龙江频道,,Guovin.txt
黑龙江少儿,https://stream1.freetv.fun/hei-long-jiang-shao-er-8.m3u8,,,,黑龙江少儿,黑龙江少儿,,,https://www.xn--rgv465a.top/tvlogo/黑龙江少儿.png,☘️黑龙江频道,,Guovin.txt
黑龙江少儿,https://stream1.freetv.fun/hei-long-jiang-shao-er-2.m3u8,,,,黑龙江少儿,黑龙江少儿,,,https://www.xn--rgv465a.top/tvlogo/黑龙江少儿.png,☘️黑龙江频道,,Guovin.txt
黑龙江新闻,https://fenghuang.tv12.xyz/66.m3u8,,,,龙视新闻,黑龙江新闻,,,https://www.xn--rgv465a.top/tvlogo/黑龙江新闻.png,☘️黑龙江频道,,Guovin.txt
黑龙江新闻,https://stream1.freetv.fun/hei-long-jiang-xin-wen-9.m3u8,,,,龙视新闻,黑龙江新闻,,,https://www.xn--rgv465a.top/tvlogo/黑龙江新闻.png,☘️黑龙江频道,,Guovin.txt
哈尔滨新闻综合,https://stream1.freetv.fun/ha-er-bin-xin-wen-zong-he-4.m3u8,,,,哈尔滨新闻综合,哈尔滨新闻综合,,,https://www.xn--rgv465a.top/tvlogo/哈尔滨新闻综合.png,☘️黑龙江频道,,Guovin.txt
大庆新闻综合,https://stream1.freetv.fun/da-qing-xin-wen-zong-he-1.m3u8,,,,大庆新闻综合,大庆新闻综合,,,https://www.xn--rgv465a.top/tvlogo/大庆新闻综合.png,☘️黑龙江频道,,Guovin.txt
鹤岗新闻综合,http://[2409:8087:1a01:df::4059]:80/TVOD/88888888/224/3221226073/main.m3u8,,,,鹤岗新闻综合,鹤岗新闻综合,,,https://www.xn--rgv465a.top/tvlogo/鹤岗新闻综合.png,☘️黑龙江频道,,Guovin.txt
鹤岗新闻综合,http://[2409:8087:1a01:df::4060]:80/ottrrs.hl.chinamobile.com/PLTV/88888888/224/3221226534/index.m3u8,,,,鹤岗新闻综合,鹤岗新闻综合,,,https://www.xn--rgv465a.top/tvlogo/鹤岗新闻综合.png,☘️黑龙江频道,,Guovin.txt
鹤岗新闻综合,http://[2409:8087:1a01:df::4060]/ottrrs.hl.chinamobile.com/PLTV/88888888/224/3221226534/index.m3u8,,,,鹤岗新闻综合,鹤岗新闻综合,,,https://www.xn--rgv465a.top/tvlogo/鹤岗新闻综合.png,☘️黑龙江频道,,Guovin.txt
齐齐哈尔新闻综合,http://php.jdshipin.com/TVOD/hljyd.php?id=3221226437,,,,齐齐哈尔新闻综合,齐齐哈尔新闻综合,,,https://www.xn--rgv465a.top/tvlogo/齐齐哈尔新闻综合.png,☘️黑龙江频道,,Guovin.txt
齐齐哈尔新闻综合,http://[2409:8087:1a15:10d1::31]/ottrrs.hl.chinamobile.com/PLTV/88888888/224/3221226437/index.m3u8,,,,齐齐哈尔新闻综合,齐齐哈尔新闻综合,,,https://www.xn--rgv465a.top/tvlogo/齐齐哈尔新闻综合.png,☘️黑龙江频道,,Guovin.txt
齐齐哈尔新闻综合,https://stream1.freetv.fun/ipv6-qi-qi-ha-er-xin-wen-zong-he-3.m3u8,,,,齐齐哈尔新闻综合,齐齐哈尔新闻综合,,,https://www.xn--rgv465a.top/tvlogo/齐齐哈尔新闻综合.png,☘️黑龙江频道,,Guovin.txt
双鸭山综合,http://live.qthnews.org.cn:1935/live/live2/800k/tzwj_video.m3u8,,,,双鸭山综合,双鸭山综合,,,https://www.xn--rgv465a.top/tvlogo/双鸭山综合.png,☘️黑龙江频道,,Guovin.txt
七台河民生社教,http://yp.qqqtv.top/1/api.php?id=%E4%B8%83%E5%8F%B0%E6%B2%B3%E6%B0%91%E7%94%9F%E7%A4%BE%E6%95%99&auth=666858,,,,七台河民生社教,七台河民生社教,,,https://www.xn--rgv465a.top/tvlogo/七台河民生社教.png,☘️黑龙江频道,,Guovin.txt
翡翠台,http://r.jdshipin.com/qrfbg,,,,翡翠台,翡翠台,,,https://gitee.com/suxuang/logo/raw/master/mylogo/翡翠台.png,🌊港·澳·台,,Guovin.txt
明珠台,https://hls-gateway.vpstv.net/streams/476936.m3u8,,,,明珠台,明珠台,,,https://www.xn--rgv465a.top/tvlogo/明珠台.png,🌊港·澳·台,,Guovin.txt
凤凰资讯,https://hls-gateway.vpstv.net/streams/476958.m3u8,,,,凤凰资讯,凤凰资讯,,,https://www.xn--rgv465a.top/tvlogo/凤凰资讯.png,🌊港·澳·台,,Guovin.txt
纬来体育,https://smart.pendy.dpdns.org/Smart.php?id=videolandsport,,,,纬来体育台,纬来体育,,,https://www.xn--rgv465a.top/tvlogo/纬来体育.png,🌊港·澳·台,,Guovin.txt
纬来体育,https://hls-gateway.vpstv.net/streams/477026.m3u8,,,,纬来体育台,纬来体育,,,https://www.xn--rgv465a.top/tvlogo/纬来体育.png,🌊港·澳·台,,Guovin.txt
纬来育乐,https://hls-gateway.vpstv.net/streams/477081.m3u8,,,,纬来育乐台,纬来育乐,,,https://www.xn--rgv465a.top/tvlogo/纬来育乐.png,🌊港·澳·台,,Guovin.txt
J2,https://hls-gateway.vpstv.net/streams/476932.m3u8,,,,J2,J2,,,https://www.xn--rgv465a.top/tvlogo/J2.png,🌊港·澳·台,,Guovin.txt
Viutv,http://smt.1678520.xyz/smt3.2.3.php?id=viu1_twn,,,,ViuTV,Viutv,,,https://www.xn--rgv465a.top/tvlogo/Viutv.png,🌊港·澳·台,,Guovin.txt
三立台湾,https://hls-gateway.vpstv.net/streams/477050.m3u8,,,,三立台湾台,三立台湾,,,https://www.xn--rgv465a.top/tvlogo/三立台湾.png,🌊港·澳·台,,Guovin.txt
无线新闻,http://cdn9.163189.xyz/smt1.1.php?id=inews_twn,,,,无线新闻台,无线新闻,,,https://live.fanmingming.cn/tv/无线新闻台.png,🌊港·澳·台,,Guovin.txt
无线新闻,http://php.jdshipin.com:8880/smt.php?id=inews_twn,,,,无线新闻台,无线新闻,,,https://live.fanmingming.cn/tv/无线新闻台.png,🌊港·澳·台,,Guovin.txt
三立新闻,https://stream1.freetv.fun/san-li-xin-wen-4.m3u8,,,,三立新闻,三立新闻,,,https://www.xn--rgv465a.top/tvlogo/三立新闻.png,🌊港·澳·台,,Guovin.txt
三立新闻,https://hls-gateway.vpstv.net/streams/492922.m3u8,,,,三立新闻,三立新闻,,,https://www.xn--rgv465a.top/tvlogo/三立新闻.png,🌊港·澳·台,,Guovin.txt
三立新闻,https://stream1.freetv.fun/san-li-xin-wen-3.m3u8,,,,三立新闻,三立新闻,,,https://www.xn--rgv465a.top/tvlogo/三立新闻.png,🌊港·澳·台,,Guovin.txt
三立新闻,https://stream1.freetv.fun/san-li-xin-wen-5.ctv,,,,三立新闻,三立新闻,,,https://www.xn--rgv465a.top/tvlogo/三立新闻.png,🌊港·澳·台,,Guovin.txt
东森综合,https://hls-gateway.vpstv.net/streams/476987.m3u8,,,,东森综合,东森综合,,,https://www.xn--rgv465a.top/tvlogo/东森综合.png,🌊港·澳·台,,Guovin.txt
东森电影,https://hls-gateway.vpstv.net/streams/476995.m3u8,,,,东森电影,东森电影,,,https://www.xn--rgv465a.top/tvlogo/东森电影.png,🌊港·澳·台,,Guovin.txt
东森电影,https://stream1.freetv.fun/dong-sen-dian-ying-8.ctv,,,,东森电影,东森电影,,,https://www.xn--rgv465a.top/tvlogo/东森电影.png,🌊港·澳·台,,Guovin.txt
靖天资讯,https://litv.tzh911.qzz.io/litv.php?id=4gtv-4gtv065&token=https://t.me/GPT_858,,,,靖天资讯台,靖天资讯,,,https://www.xn--rgv465a.top/tvlogo/靖天资讯.png,🌊港·澳·台,,Guovin.txt
靖天资讯,https://hls-gateway.vpstv.net/streams/476258.m3u8,,,,靖天资讯台,靖天资讯,,,https://www.xn--rgv465a.top/tvlogo/靖天资讯.png,🌊港·澳·台,,Guovin.txt
CHC动作电影,http://z.b.bkpcp.top/m.php?id=dzdy,,,,CHC动作电影,CHC动作电影,,,https://www.xn--rgv465a.top/tvlogo/CHC动作电影.png,🎬电影频道,,Guovin.txt
淘剧场,http://[2409:8087:1:20:20::26]/otttv.bj.chinamobile.com/PLTV/88888888/224/3221226553/1.m3u8?GuardEncType=2&accountinfo=%7E%7EV2.0%7EQaJ92NID2SpQlY6_VJVogg%7E_eNUbgU9sJGUcVVduOMKhafLvQUgE_zlz_7pvDimJNOuQYJeiYEeFWTkFfE86Vq-%2CEND,,,,淘剧场,淘剧场,,,https://www.xn--rgv465a.top/tvlogo/淘剧场.png,🎬电影频道,,Guovin.txt
淘剧场,http://zjzcf.synology.me:35455/bptv/10000100000000050000000003887497.m3u8,,,,淘剧场,淘剧场,,,https://www.xn--rgv465a.top/tvlogo/淘剧场.png,🎬电影频道,,Guovin.txt
淘剧场,http://iptv.666230.xyz/iptv/bjyd.php/6553,,,,淘剧场,淘剧场,,,https://www.xn--rgv465a.top/tvlogo/淘剧场.png,🎬电影频道,,Guovin.txt
淘娱乐,http://[2409:8087:1:20:20::2c]/otttv.bj.chinamobile.com/PLTV/88888888/224/3221226551/1.m3u8?GuardEncType=2&accountinfo=%7E%7EV2.0%7Ex0efg9fpenP8E8lWJUb5Lg%7E_eNUbgU9sJGUcVVduOMKhafLvQUgE_zlz_7pvDimJNNg3bzRax0E9tLmO9xgXVx8%2CEND,,,,淘娱乐,淘娱乐,,,https://www.xn--rgv465a.top/tvlogo/淘娱乐.png,🎬电影频道,,Guovin.txt
淘娱乐,http://zjzcf.synology.me:35455/bptv/10000100000000050000000003887499.m3u8,,,,淘娱乐,淘娱乐,,,https://www.xn--rgv465a.top/tvlogo/淘娱乐.png,🎬电影频道,,Guovin.txt
淘娱乐,http://iptv.666230.xyz/iptv/bjyd.php/6551,,,,淘娱乐,淘娱乐,,,https://www.xn--rgv465a.top/tvlogo/淘娱乐.png,🎬电影频道,,Guovin.txt
淘电影,http://[2409:8087:1:20:20::26]/otttv.bj.chinamobile.com/PLTV/88888888/224/3221226552/1.m3u8?GuardEncType=2&accountinfo=%7E%7EV2.0%7EXOsrWMA-UCdUl1hQSR9EKw%7E_eNUbgU9sJGUcVVduOMKhafLvQUgE_zlz_7pvDimJNNg3bzRax0E9tLmO9xgXVx8%2CEND,,,,淘电影,淘电影,,,https://www.xn--rgv465a.top/tvlogo/淘电影.png,🎬电影频道,,Guovin.txt
淘电影,https://stream1.freetv.fun/tao-dian-ying-8.ctv,,,,淘电影,淘电影,,,https://www.xn--rgv465a.top/tvlogo/淘电影.png,🎬电影频道,,Guovin.txt
淘电影,https://stream1.freetv.fun/tao-dian-ying-7.ctv,,,,淘电影,淘电影,,,https://www.xn--rgv465a.top/tvlogo/淘电影.png,🎬电影频道,,Guovin.txt
淘电影,https://stream1.freetv.fun/tao-dian-ying-3.ctv,,,,淘电影,淘电影,,,https://www.xn--rgv465a.top/tvlogo/淘电影.png,🎬电影频道,,Guovin.txt
淘电影,https://stream1.freetv.fun/tao-dian-ying-6.ctv,,,,淘电影,淘电影,,,https://www.xn--rgv465a.top/tvlogo/淘电影.png,🎬电影频道,,Guovin.txt
NewTV惊悚悬疑,http://[2409:8087:5e00:24::2d]:6610/000000001000/1/1000000004000024282/index.m3u8?channel-id=ystenlive&Contentid=1000000004000024282&livemode=1&stbId=YanG-1989,,,,NewTV惊悚悬疑,NewTV惊悚悬疑,,,https://www.xn--rgv465a.top/tvlogo/NewTV惊悚悬疑.png,🎬电影频道,,Guovin.txt
NewTV惊悚悬疑,http://php.jdshipin.com/TVOD/hnyd.php?id=200000001898/460000089800010077,,,,NewTV惊悚悬疑,NewTV惊悚悬疑,,,https://www.xn--rgv465a.top/tvlogo/NewTV惊悚悬疑.png,🎬电影频道,,Guovin.txt
NewTV惊悚悬疑,http://[2409:8087:1a0b:df::4002]:80/ottrrs.hl.chinamobile.com/TVOD/88888888/224/3221225665/index.m3u8,,,,NewTV惊悚悬疑,NewTV惊悚悬疑,,,https://www.xn--rgv465a.top/tvlogo/NewTV惊悚悬疑.png,🎬电影频道,,Guovin.txt
NewTV惊悚悬疑,http://[2409:8087:2001:20:2800:0:df6e:eb18]/wh7f454c46tw2482771376_951312812/ott.mobaibox.com/PLTV/3/224/3221227536/index.m3u8,,,,NewTV惊悚悬疑,NewTV惊悚悬疑,,,https://www.xn--rgv465a.top/tvlogo/NewTV惊悚悬疑.png,🎬电影频道,,Guovin.txt
NewTV动作电影,http://php.jdshipin.com/TVOD/hnyd.php?id=200000001898/460000089800010003,,,,NewTV动作电影,NewTV动作电影,,,https://www.xn--rgv465a.top/tvlogo/NewTV动作电影.png,🎬电影频道,,Guovin.txt
NewTV动作电影,http://ott.mobaibox.com/PLTV/3/224/3221227606/index.m3u8,,,,NewTV动作电影,NewTV动作电影,,,https://www.xn--rgv465a.top/tvlogo/NewTV动作电影.png,🎬电影频道,,Guovin.txt
纬来电影,https://hls-gateway.vpstv.net/streams/477063.m3u8,,,,纬来电影,纬来电影,,,https://www.xn--rgv465a.top/tvlogo/纬来电影.png,🎬电影频道,,Guovin.txt
靖天映画,https://cdn12.178.indevs.in/163189/bd4752bd7828b2bf,,,,靖天映画,靖天映画,,,https://www.xn--rgv465a.top/tvlogo/靖天映画.png,🎬电影频道,,Guovin.txt
靖天映画,https://litv.tzh911.qzz.io/litv.php?id=4gtv-4gtv055&token=https://t.me/GPT_858,,,,靖天映画,靖天映画,,,https://www.xn--rgv465a.top/tvlogo/靖天映画.png,🎬电影频道,,Guovin.txt
靖天映画,https://hls-gateway.vpstv.net/streams/476302.m3u8,,,,靖天映画,靖天映画,,,https://www.xn--rgv465a.top/tvlogo/靖天映画.png,🎬电影频道,,Guovin.txt
靖天戏剧,https://cdn12.178.indevs.in/163189/177d541552f78003,,,,靖天戏剧台,靖天戏剧,,,https://www.xn--rgv465a.top/tvlogo/靖天戏剧.png,🎬电影频道,,Guovin.txt
靖天戏剧,https://litv.tzh911.qzz.io/litv.php?id=4gtv-4gtv058&token=https://t.me/GPT_858,,,,靖天戏剧台,靖天戏剧,,,https://www.xn--rgv465a.top/tvlogo/靖天戏剧.png,🎬电影频道,,Guovin.txt
经典电影,https://goodiptv.club/douyu/6091425,,,,经典电影台,经典电影,,,https://www.xn--rgv465a.top/tvlogo/经典电影.png,🎬电影频道,,Guovin.txt
IPTV经典电影,http://43.138.0.72:35455/yy/1382754187,,,,IPTV经典电影,IPTV经典电影,,,https://www.xn--rgv465a.top/tvlogo/IPTV经典电影.png,🎬电影频道,,Guovin.txt
天映经典,http://mag.trexlive.me:80/play/live.php?extension=ts&mac=00:1A:79:7E:2F:ED&stream=1919463,,,,天映经典,天映经典,,,https://www.xn--rgv465a.top/tvlogo/天映经典.png,🎬电影频道,,Guovin.txt
天映经典,http://php.jdshipin.com:8880/smt.php?id=Celestial2,,,,天映经典,天映经典,,,https://live.fanmingming.cn/tv/天映经典.png,🎬电影频道,,Guovin.txt
天映经典,http://o11.163189.xyz/stream/live/ccm/,,,,天映经典,天映经典,,,https://www.xn--rgv465a.top/tvlogo/天映经典.png,🎬电影频道,,Guovin.txt
天映经典,https://php.jdshipin.com:2096/smt.php?id=Celestial2,,,,天映经典,天映经典,,,https://www.xn--rgv465a.top/tvlogo/天映经典.png,🎬电影频道,,Guovin.txt
天映经典,http://smt.1678520.xyz/smt3.2.3.php?id=Celestial2,,,,天映经典,天映经典,,,https://www.xn--rgv465a.top/tvlogo/天映经典.png,🎬电影频道,,Guovin.txt
无线星河,http://php.jdshipin.com:8880/smt.php?id=Xinhe,,,,TVB星河,无线星河,,,https://gitee.com/suxuang/epglogo/raw/master/gangaotai/TVB6.png,🎬电影频道,,Guovin.txt
无线星河,https://iptv.707626.xyz/ch/35a8b1635c056f83fcb56fe163a0b487/master.m3u8,,,,TVB星河,无线星河,,,https://www.xn--rgv465a.top/tvlogo/无线星河.png,🎬电影频道,,Guovin.txt
星空卫视,https://stream1.freetv.fun/xing-kong-wei-shi-12.m3u8,,,,星空卫视,星空卫视,,,https://www.xn--rgv465a.top/tvlogo/星空卫视.png,🎬电影频道,,Guovin.txt
星空卫视,https://stream1.freetv.fun/xing-kong-wei-shi-4.ctv,,,,星空卫视,星空卫视,,,https://www.xn--rgv465a.top/tvlogo/星空卫视.png,🎬电影频道,,Guovin.txt
星空卫视,https://stream1.freetv.fun/xing-kong-wei-shi-10.m3u8,,,,星空卫视,星空卫视,,,https://www.xn--rgv465a.top/tvlogo/星空卫视.png,🎬电影频道,,Guovin.txt
星空卫视,https://stream1.freetv.fun/xing-kong-wei-shi-11.m3u8,,,,星空卫视,星空卫视,,,https://www.xn--rgv465a.top/tvlogo/星空卫视.png,🎬电影频道,,Guovin.txt
星空卫视,http://wouu.net:9977/rtp/239.93.1.10:2193,,,,星空卫视,星空卫视,,,https://www.xn--rgv465a.top/tvlogo/星空卫视.png,🎬电影频道,,Guovin.txt
龙祥电影,http://31.43.191.125:8080/vip6821768502490/6c17bae55394/34825,,,,龙祥电影,龙祥电影,,,https://www.xn--rgv465a.top/tvlogo/龙祥电影.png,🎬电影频道,,Guovin.txt
东森洋片,https://hls-gateway.vpstv.net/streams/476997.m3u8,,,,东森洋片台,东森洋片,,,https://www.xn--rgv465a.top/tvlogo/东森洋片.png,🎬电影频道,,Guovin.txt
东森超视,https://stream1.freetv.fun/dong-sen-chao-shi-4.m3u8,,,,东森超视,东森超视,,,https://www.xn--rgv465a.top/tvlogo/东森超视.png,🎬电影频道,,Guovin.txt
东森超视,https://smart.pendy.dpdns.org/Smart.php?id=ettvsuper,,,,东森超视,东森超视,,,https://www.xn--rgv465a.top/tvlogo/东森超视.png,🎬电影频道,,Guovin.txt
东森超视,https://stream1.freetv.fun/dong-sen-chao-shi-2.m3u8,,,,东森超视,东森超视,,,https://www.xn--rgv465a.top/tvlogo/东森超视.png,🎬电影频道,,Guovin.txt
东森超视,https://stream1.freetv.fun/dong-sen-chao-shi-7.ctv,,,,东森超视,东森超视,,,https://www.xn--rgv465a.top/tvlogo/东森超视.png,🎬电影频道,,Guovin.txt
东森超视,https://stream1.freetv.fun/dong-sen-chao-shi-8.m3u8,,,,东森超视,东森超视,,,https://www.xn--rgv465a.top/tvlogo/东森超视.png,🎬电影频道,,Guovin.txt
CCTV-5,http://iptv.huuc.edu.cn/hls/cctv5hd.m3u8,,,,CCTV-5,CCTV-5,,,https://www.xn--rgv465a.top/tvlogo/CCTV-5.png,🏀体育频道,,Guovin.txt
CCTV-5,https://zby.130519.xyz/PLTV/11/224/3221225734/index.m3u8,,,,CCTV-5,CCTV-5,,,https://www.xn--rgv465a.top/tvlogo/CCTV-5.png,🏀体育频道,,Guovin.txt
CCTV-5,https://www.freetv.top/migu/641886683.m3u8?migutoken=3e5c01f93922de8d1c940fe15bb47349b27e8f7a2e624dde1a83dff3b2a80f58b7624151a3a4d00488edee34f202818557340903382fae02bb754084eb942bd50e59061df36fab62fb5b908903,,,,CCTV-5,CCTV-5,,,https://www.xn--rgv465a.top/tvlogo/CCTV-5.png,🏀体育频道,,Guovin.txt
CCTV-5,http://[2409:8087:1a01:df::4077]/ottrrs.hl.chinamobile.com/PLTV/88888888/224/3221226019/index.m3u8,,,,CCTV-5,CCTV-5,,,https://www.xn--rgv465a.top/tvlogo/CCTV-5.png,🏀体育频道,,Guovin.txt
CCTV-5,https://migu.188766.xyz/?migutoken=3803480da7c3ee6e07115f4bb5827c0d&id=CCTV5&type=yy,,,,CCTV-5,CCTV-5,,,https://www.xn--rgv465a.top/tvlogo/CCTV-5.png,🏀体育频道,,Guovin.txt
CCTV-5+,https://www.freetv.top/migu/641886773.m3u8?migutoken=03a1b82e35e58cd89a95034ecb29e77e50493397000ec2b1e4d1ce59af01e6420d6dbc068c8230ec03be3a35a20eed8714e0959e3570a08713a7a2e8d86085eabf8f1aa85744c80c38343988b2,,,,CCTV-5+,CCTV-5+,,,https://www.xn--rgv465a.top/tvlogo/CCTV-5+.png,🏀体育频道,,Guovin.txt
CCTV-5+,http://[2409:8087:1a01:df::4077]/ottrrs.hl.chinamobile.com/PLTV/88888888/8/3221225603/index.m3u8,,,,CCTV-5+,CCTV-5+,,,https://www.xn--rgv465a.top/tvlogo/CCTV-5+.png,🏀体育频道,,Guovin.txt
CCTV-5+,https://smart.pendy.dpdns.org/Smart.php?id=cctv5plus,,,,CCTV-5+,CCTV-5+,,,https://www.xn--rgv465a.top/tvlogo/CCTV-5+.png,🏀体育频道,,Guovin.txt
CCTV-5+,http://[2409:8087:1a01:df::4077]/ottrrs.hl.chinamobile.com/PLTV/88888888/224/3221225603/index.m3u8,,,,CCTV-5+,CCTV-5+,,,https://www.xn--rgv465a.top/tvlogo/CCTV-5+.png,🏀体育频道,,Guovin.txt
CCTV-5+,http://[2409:8087:1a0a:df::404b]/ottrrs.hl.chinamobile.com/TVOD/88888888/224/3221225603/index.m3u8,,,,CCTV-5+,CCTV-5+,,,https://www.xn--rgv465a.top/tvlogo/CCTV-5+.png,🏀体育频道,,Guovin.txt
五星体育,https://zby.130519.xyz/PLTV/11/224/3221225732/index.m3u8,,,,五星体育频道,五星体育,,,https://www.xn--rgv465a.top/tvlogo/五星体育.png,🏀体育频道,,Guovin.txt
五星体育,https://migu.188766.xyz/?migutoken=ed5a02a3b87f3dcc808d4b733daf5cf9&id=%E4%BA%94%E6%98%9F%E4%BD%93%E8%82%B2&pp=1,,,,五星体育频道,五星体育,,,https://www.xn--rgv465a.top/tvlogo/五星体育.png,🏀体育频道,,Guovin.txt
五星体育,https://other.ottiptv.cc/wxty.m3u8,,,,五星体育频道,五星体育,,,https://www.xn--rgv465a.top/tvlogo/五星体育.png,🏀体育频道,,Guovin.txt
五星体育,https://hls-gateway.vpstv.net/streams/636980.m3u8,,,,五星体育频道,五星体育,,,https://www.xn--rgv465a.top/tvlogo/五星体育.png,🏀体育频道,,Guovin.txt
五星体育,https://stream1.freetv.fun/wu-xing-ti-yu-9.m3u8,,,,五星体育频道,五星体育,,,https://www.xn--rgv465a.top/tvlogo/五星体育.png,🏀体育频道,,Guovin.txt
劲爆体育,http://t.061899.xyz/tl/tl.php?id=jbty,,,,劲爆体育,劲爆体育,,,https://gitee.com/suxuang/logo/raw/master/mylogo/劲爆体育.png,🏀体育频道,,Guovin.txt
爱体育,http://php.jdshipin.com:8880/itv6s.php?cid=wasusyt&id=6000000006000290630,,,,IHOT爱体育,爱体育,,,https://www.xn--rgv465a.top/tvlogo/爱体育.png,🏀体育频道,,Guovin.txt
爱体育,http://[2409:8087:5e08:24::11]:6610/000000001000/2000000004000000060/index.m3u8,,,,IHOT爱体育,爱体育,,,https://www.xn--rgv465a.top/tvlogo/爱体育.png,🏀体育频道,,Guovin.txt
爱体育,http://[2409:8087:5e08:24::17]:6610/000000001000/2000000004000000060/index.m3u8,,,,IHOT爱体育,爱体育,,,https://www.xn--rgv465a.top/tvlogo/爱体育.png,🏀体育频道,,Guovin.txt
爱体育,http://[2409:8087:5e08:24::12]:6610/000000001000/2000000004000000000/index.m3u8,,,,IHOT爱体育,爱体育,,,https://www.xn--rgv465a.top/tvlogo/爱体育.png,🏀体育频道,,Guovin.txt
爱体育,http://hwltc.tv.cdn.zj.chinamobile.com/PLTV/88888888/224/3221230103/index.m3u8,,,,IHOT爱体育,爱体育,,,https://www.xn--rgv465a.top/tvlogo/爱体育.png,🏀体育频道,,Guovin.txt
超级体育,http://[2409:8087:1a01:df::7005]:80/ottrrs.hl.chinamobile.com/TVOD/88888888/224/3221225715/index.m3u8,,,,NewTV超级体育,超级体育,,,https://www.xn--rgv465a.top/tvlogo/超级体育.png,🏀体育频道,,Guovin.txt
天津体育,http://63.141.230.178:82/gslb/zbdq5.m3u8?id=tjtv5,,,,天津体育,天津体育,,,https://www.xn--rgv465a.top/tvlogo/天津体育.png,🏀体育频道,,Guovin.txt
天津体育,http://38.75.136.137:98/gslb/dsdqpub/tjtv5.m3u8?auth=testpub,,,,天津体育,天津体育,,,https://www.xn--rgv465a.top/tvlogo/天津体育.png,🏀体育频道,,Guovin.txt
睛彩篮球,https://zby.130519.xyz/PLTV/11/224/3221226118/index.m3u8,,,,睛彩篮球,睛彩篮球,,,https://www.xn--rgv465a.top/tvlogo/睛彩篮球.png,🏀体育频道,,Guovin.txt
睛彩篮球,http://[2409:8087:1a01:df::4055]:80/TVOD/88888888/224/3221225901/main.m3u8,,,,睛彩篮球,睛彩篮球,,,https://www.xn--rgv465a.top/tvlogo/睛彩篮球.png,🏀体育频道,,Guovin.txt
睛彩广场舞,http://13937899.xyz:35455/itv/3000000020000011523.m3u8?cdn=FifastbLive,,,,睛彩广场舞,睛彩广场舞,,,https://www.xn--rgv465a.top/tvlogo/睛彩广场舞.png,🏀体育频道,,Guovin.txt
睛彩广场舞,http://zjzcf.synology.me:35455/itv/3000000020000011523.m3u8?cdn=FifastbLive,,,,睛彩广场舞,睛彩广场舞,,,https://www.xn--rgv465a.top/tvlogo/睛彩广场舞.png,🏀体育频道,,Guovin.txt
睛彩广场舞,http://[2409:8087:1a01:df::7005]:80/ottrrs.hl.chinamobile.com/TVOD/88888888/224/3221226472/index.m3u8,,,,睛彩广场舞,睛彩广场舞,,,https://www.xn--rgv465a.top/tvlogo/睛彩广场舞.png,🏀体育频道,,Guovin.txt
睛彩广场舞,http://[2409:8087:1a15:10d1::37]/ottrrs.hl.chinamobile.com/PLTV/88888888/224/3221226472/index.m3u8,,,,睛彩广场舞,睛彩广场舞,,,https://www.xn--rgv465a.top/tvlogo/睛彩广场舞.png,🏀体育频道,,Guovin.txt
睛彩广场舞,http://[2409:8087:1e01:20::3]/PLTV/11/224/3221226139/index.m3u8,,,,睛彩广场舞,睛彩广场舞,,,https://www.xn--rgv465a.top/tvlogo/睛彩广场舞.png,🏀体育频道,,Guovin.txt
风云足球,https://hls-gateway.vpstv.net/streams/708859.m3u8,,,,风云足球,风云足球,,,https://www.xn--rgv465a.top/tvlogo/风云足球.png,🏀体育频道,,Guovin.txt
足球频道,http://live-cmvideo.cmread.com:80/migu/lunbo/eufootball/57/20230310/01.m3u8?msisdn=&mtv_session=&HlsSubType=1&HlsProfileId=1&nphaid=0&encrypt=da834f97e3c8832f6fd8f2be9ba16464,,,,足球,足球频道,,,https://www.xn--rgv465a.top/tvlogo/足球频道.png,🏀体育频道,,Guovin.txt
魅力足球,https://hls-gateway.vpstv.net/streams/708839.m3u8,,,,魅力足球,魅力足球,,,https://www.xn--rgv465a.top/tvlogo/魅力足球.png,🏀体育频道,,Guovin.txt
魅力足球,https://stream1.freetv.fun/mei-li-zu-qiu-1.m3u8,,,,魅力足球,魅力足球,,,https://www.xn--rgv465a.top/tvlogo/魅力足球.png,🏀体育频道,,Guovin.txt
天元围棋,http://204.12.221.218:8181/3m1080p/gztywq.m3u8,,,,天元围棋,天元围棋,,,https://www.xn--rgv465a.top/tvlogo/天元围棋.png,🏀体育频道,,Guovin.txt
快乐垂钓,https://migu.188766.xyz/?migutoken=103d22404add9b90cd72174eb1a0108b&id=%E5%BF%AB%E4%B9%90%E5%9E%82%E9%92%93&type=yy,,,,湖南快乐垂钓,快乐垂钓,,,https://www.xn--rgv465a.top/tvlogo/快乐垂钓.png,🏀体育频道,,Guovin.txt
快乐垂钓,https://hls-gateway.vpstv.net/streams/708835.m3u8,,,,湖南快乐垂钓,快乐垂钓,,,https://www.xn--rgv465a.top/tvlogo/快乐垂钓.png,🏀体育频道,,Guovin.txt
快乐垂钓,https://migu.188766.xyz/?migutoken=c6b17aba558cf29b13242b5ae063e5ed&id=%E5%BF%AB%E4%B9%90%E5%9E%82%E9%92%93&type=yy,,,,湖南快乐垂钓,快乐垂钓,,,https://www.xn--rgv465a.top/tvlogo/快乐垂钓.png,🏀体育频道,,Guovin.txt
快乐垂钓,https://migu.188766.xyz/?migutoken=f4d62cd1f8775b1b837f4232f1051f36&id=%E5%BF%AB%E4%B9%90%E5%9E%82%E9%92%93&type=yy,,,,湖南快乐垂钓,快乐垂钓,,,https://www.xn--rgv465a.top/tvlogo/快乐垂钓.png,🏀体育频道,,Guovin.txt
快乐垂钓,https://migu.188766.xyz/?migutoken=396182b2a9b61dca2daded3fc6f62311&id=%E5%BF%AB%E4%B9%90%E5%9E%82%E9%92%93&type=yy,,,,湖南快乐垂钓,快乐垂钓,,,https://www.xn--rgv465a.top/tvlogo/快乐垂钓.png,🏀体育频道,,Guovin.txt
JJ斗地主,https://live.iill.top/douyin/685317364746,,,,JJ斗地主,JJ斗地主,,,https://www.xn--rgv465a.top/tvlogo/JJ斗地主.png,🏀体育频道,,Guovin.txt
新动漫,https://migu.188766.xyz/?migutoken=953cca31b8499ca7dd1dd66c04b00377&id=%E6%96%B0%E5%8A%A8%E6%BC%AB&type=yy,,,,新动漫,新动漫,,,https://www.xn--rgv465a.top/tvlogo/新动漫.png,🪁动画频道,,Guovin.txt
新动漫,https://migu.188766.xyz/?migutoken=fa7fab5af3b2b0fca5c12c94accfd524&id=%E6%96%B0%E5%8A%A8%E6%BC%AB&type=yy,,,,新动漫,新动漫,,,https://www.xn--rgv465a.top/tvlogo/新动漫.png,🪁动画频道,,Guovin.txt
新动漫,https://migu.188766.xyz/?migutoken=b6723923245d1a7b8f0a16fa0e1850e7&id=%E6%96%B0%E5%8A%A8%E6%BC%AB&type=yy,,,,新动漫,新动漫,,,https://www.xn--rgv465a.top/tvlogo/新动漫.png,🪁动画频道,,Guovin.txt
爱动漫,http://php.jdshipin.com:8880/itv6s.php?cid=wasusyt&id=6000000006000280630,,,,爱动漫,爱动漫,,,https://www.xn--rgv465a.top/tvlogo/爱动漫.png,🪁动画频道,,Guovin.txt
爱动漫,http://[2409:8087:5e08:24::17]:6610/000000001000/2000000004000000059/index.m3u8,,,,爱动漫,爱动漫,,,https://www.xn--rgv465a.top/tvlogo/爱动漫.png,🪁动画频道,,Guovin.txt
爱动漫,http://[2409:8087:5e08:24::11]:6610/000000001000/2000000004000000059/index.m3u8,,,,爱动漫,爱动漫,,,https://www.xn--rgv465a.top/tvlogo/爱动漫.png,🪁动画频道,,Guovin.txt
爱动漫,http://hwltc.tv.cdn.zj.chinamobile.com/PLTV/88888888/224/3221235628/1/index.m3u8?fmt=ts2hls,,,,爱动漫,爱动漫,,,https://www.xn--rgv465a.top/tvlogo/爱动漫.png,🪁动画频道,,Guovin.txt
CN卡通,https://hls-gateway.vpstv.net/streams/476247.m3u8,,,,CN卡通,CN卡通,,,https://www.xn--rgv465a.top/tvlogo/CN卡通.png,🪁动画频道,,Guovin.txt
CN卡通,https://stream1.freetv.fun/cnqia-tong-3.ctv,,,,CN卡通,CN卡通,,,https://www.xn--rgv465a.top/tvlogo/CN卡通.png,🪁动画频道,,Guovin.txt
优漫卡通,https://stream1.freetv.fun/you-man-qia-tong-11.m3u8,,,,优漫卡通,优漫卡通,,,https://www.xn--rgv465a.top/tvlogo/优漫卡通.png,🪁动画频道,,Guovin.txt
优漫卡通,https://www.freetv.top/migu/626064703.m3u8?migutoken=7f7c4b909389a0cd5172701768041a0f3887534c4534a68bf1dc85550389e9ab156655484be16e89604513fde9da2f036ebae28d31515b0be32eb12462f5de9d9cab8f00c44671241d5c6e1356,,,,优漫卡通,优漫卡通,,,https://www.xn--rgv465a.top/tvlogo/优漫卡通.png,🪁动画频道,,Guovin.txt
优漫卡通,https://www.freetv.top/migu/626064703.m3u8?migutoken=deac6c5275081b54ad412a195e499b7c0cb8f04446b6c80aaa9d3eb1063d620261c68202d59aea05060007b58a62d5d208f16379d861d6f1627c10c9dd894f0bf7e3ca97b04696255e193e871c,,,,优漫卡通,优漫卡通,,,https://www.xn--rgv465a.top/tvlogo/优漫卡通.png,🪁动画频道,,Guovin.txt
金鹰卡通,https://zby.130519.xyz/PLTV/11/224/3221226094/index.m3u8,,,,金鹰卡通,金鹰卡通,,,https://www.xn--rgv465a.top/tvlogo/金鹰卡通.png,🪁动画频道,,Guovin.txt
金鹰卡通,https://stream1.freetv.fun/jin-ying-qia-tong-22.m3u8,,,,金鹰卡通,金鹰卡通,,,https://www.xn--rgv465a.top/tvlogo/金鹰卡通.png,🪁动画频道,,Guovin.txt
金鹰卡通,https://stream1.freetv.fun/jin-ying-qia-tong-34.m3u8,,,,金鹰卡通,金鹰卡通,,,https://www.xn--rgv465a.top/tvlogo/金鹰卡通.png,🪁动画频道,,Guovin.txt
金鹰卡通,https://stream1.freetv.fun/jin-ying-qia-tong-13.m3u8,,,,金鹰卡通,金鹰卡通,,,https://www.xn--rgv465a.top/tvlogo/金鹰卡通.png,🪁动画频道,,Guovin.txt
金鹰卡通,https://stream1.freetv.fun/jin-ying-qia-tong-19.m3u8,,,,金鹰卡通,金鹰卡通,,,https://www.xn--rgv465a.top/tvlogo/金鹰卡通.png,🪁动画频道,,Guovin.txt
浙江少儿,https://stream1.freetv.fun/zhe-jiang-shao-er-4.m3u8,,,,浙江少儿,浙江少儿,,,https://www.xn--rgv465a.top/tvlogo/浙江少儿.png,🪁动画频道,,Guovin.txt
浙江少儿,https://stream1.freetv.fun/zhe-jiang-shao-er-4.ctv,,,,浙江少儿,浙江少儿,,,https://www.xn--rgv465a.top/tvlogo/浙江少儿.png,🪁动画频道,,Guovin.txt
浙江少儿,https://stream1.freetv.fun/zhe-jiang-shao-er-6.ctv,,,,浙江少儿,浙江少儿,,,https://www.xn--rgv465a.top/tvlogo/浙江少儿.png,🪁动画频道,,Guovin.txt
浙江少儿,https://stream1.freetv.fun/zhe-jiang-shao-er-9.ctv,,,,浙江少儿,浙江少儿,,,https://www.xn--rgv465a.top/tvlogo/浙江少儿.png,🪁动画频道,,Guovin.txt
河北少儿科教,http://tv.pull.hebtv.com/jishi/shaoerkejiao.m3u8?t=2510710360&k=4ff4446adf3cce3de40dd013255b38b2,,,,河北少儿,河北少儿科教,,,https://gitee.com/suxuang/TVlogo/raw/main/img/Hebei4.png,🪁动画频道,,Guovin.txt
七龙珠,https://live.ottiptv.cc/huya/11601966,,,,七龙珠,七龙珠,,,https://www.xn--rgv465a.top/tvlogo/七龙珠.png,🪁动画频道,,Guovin.txt
七龙珠,http://cdn.jdshipin.com:8880/huya.php?id=11601966,,,,七龙珠,七龙珠,,,https://www.xn--rgv465a.top/tvlogo/七龙珠.png,🪁动画频道,,Guovin.txt
火影忍者,http://cdn.jdshipin.com:8880/huya.php?id=29465866,,,,火影忍者,火影忍者,,,https://www.xn--rgv465a.top/tvlogo/火影忍者.png,🪁动画频道,,Guovin.txt
中华小当家,http://cdn.jdshipin.com:8880/huya.php?id=11342413,,,,中华小当家,中华小当家,,,https://www.xn--rgv465a.top/tvlogo/中华小当家.png,🪁动画频道,,Guovin.txt
中华小当家,https://live.ottiptv.cc/huya/11342413,,,,中华小当家,中华小当家,,,https://www.xn--rgv465a.top/tvlogo/中华小当家.png,🪁动画频道,,Guovin.txt
猫和老鼠,http://cdn.jdshipin.com:8880/huya.php?id=11352879,,,,猫和老鼠,猫和老鼠,,,https://www.xn--rgv465a.top/tvlogo/猫和老鼠.png,🪁动画频道,,Guovin.txt
猫和老鼠,https://live.ottiptv.cc/huya/11352879,,,,猫和老鼠,猫和老鼠,,,https://www.xn--rgv465a.top/tvlogo/猫和老鼠.png,🪁动画频道,,Guovin.txt
蜡笔小新,https://live.ottiptv.cc/bilibili/30837590,,,,蜡笔小新,蜡笔小新,,,https://www.xn--rgv465a.top/tvlogo/蜡笔小新.png,🪁动画频道,,Guovin.txt
漫画解说,https://www.goodiptv.club/douyu/5907076,,,,漫画解说,漫画解说,,,https://www.xn--rgv465a.top/tvlogo/漫画解说.png,🪁动画频道,,Guovin.txt
漫画解说,https://yylunbo.ottiptv.cc/yy/1382735568,,,,漫画解说,漫画解说,,,https://www.xn--rgv465a.top/tvlogo/漫画解说.png,🪁动画频道,,Guovin.txt
游戏风云,https://zby.130519.xyz/PLTV/11/224/3221226117/index.m3u8,,,,游戏风云,游戏风云,,,https://gitee.com/suxuang/logo/raw/master/mylogo/游戏风云.png,🎮游戏频道,,Guovin.txt
游戏风云,https://zby.130519.xyz/PLTV/11/224/3221226140/index.m3u8,,,,游戏风云,游戏风云,,,https://gitee.com/suxuang/logo/raw/master/mylogo/游戏风云.png,🎮游戏频道,,Guovin.txt
爱电竞,http://php.jdshipin.com:8880/itv6s.php?cid=wasusyt&id=6000000006000230630,,,,爱电竞,爱电竞,,,https://www.xn--rgv465a.top/tvlogo/爱电竞.png,🎮游戏频道,,Guovin.txt
CCTV-15,https://zby.130519.xyz/PLTV/11/224/3221226147/index.m3u8,,,,CCTV-15,CCTV-15,,,https://www.xn--rgv465a.top/tvlogo/CCTV-15.png,🎵音乐频道,,Guovin.txt
CCTV-15,https://www.freetv.top/migu/673168223.m3u8?migutoken=4e8d5766579c6bef231494cabd07e5b49d965804790214280c9791e4c331fd90311cb62ea43d3a1899229bfa57be4afe5a567b32a6b78153fc9a9801e28a39435e078b48c211e71d6083519be4,,,,CCTV-15,CCTV-15,,,https://www.xn--rgv465a.top/tvlogo/CCTV-15.png,🎵音乐频道,,Guovin.txt
CCTV-15,https://smart.pendy.dpdns.org/Smart.php?id=cctv15,,,,CCTV-15,CCTV-15,,,https://www.xn--rgv465a.top/tvlogo/CCTV-15.png,🎵音乐频道,,Guovin.txt
CCTV-15,http://[2409:8087:1a01:df::4033]:80/TVOD/88888888/224/3221226127/main.m3u8,,,,CCTV-15,CCTV-15,,,https://www.xn--rgv465a.top/tvlogo/CCTV-15.png,🎵音乐频道,,Guovin.txt
CCTV-15,http://[2409:8087:1a0a:df::404b]/ottrrs.hl.chinamobile.com/TVOD/88888888/224/3221225601/index.m3u8,,,,CCTV-15,CCTV-15,,,https://www.xn--rgv465a.top/tvlogo/CCTV-15.png,🎵音乐频道,,Guovin.txt
风云音乐,https://hls-gateway.vpstv.net/streams/708858.m3u8,,,,风云音乐,风云音乐,,,https://www.xn--rgv465a.top/tvlogo/风云音乐.png,🎵音乐频道,,Guovin.txt
风云音乐,http://iptv.666230.xyz/iptv/jsyd.php/G_FENGYUNYY-CQ,,,,风云音乐,风云音乐,,,https://www.xn--rgv465a.top/tvlogo/风云音乐.png,🎵音乐频道,,Guovin.txt
风云音乐,http://www.qfly9236.cn:8888/rtp/239.253.92.111:8060,,,,风云音乐,风云音乐,,,https://www.xn--rgv465a.top/tvlogo/风云音乐.png,🎵音乐频道,,Guovin.txt
音乐广播,https://tv.iill.top/fm/552&token=7c908a370d95d78e90a9d2ba4007e5185038b0ceac7435ba90e72c77cc035ff6,,,,音乐广播,音乐广播,,,https://www.xn--rgv465a.top/tvlogo/音乐广播.png,🎵音乐频道,,Guovin.txt
音乐广播,https://tv.iill.top/fm/552&token=074c3dfc2f95090e006ab15f0d86b1aaef70b389a934b096ad5e6674b5724d0d,,,,音乐广播,音乐广播,,,https://www.xn--rgv465a.top/tvlogo/音乐广播.png,🎵音乐频道,,Guovin.txt
音乐广播,https://tv.iill.top/fm/552&token=9214268143febfaf9cbc3e9b7f092a03c3274273c99133a780217564b2ab7896,,,,音乐广播,音乐广播,,,https://www.xn--rgv465a.top/tvlogo/音乐广播.png,🎵音乐频道,,Guovin.txt
音乐广播,https://tv.iill.top/fm/552&token=0ba82b0a75c65ff5f1a8198b9de48d0532f0cf804be54dac2eacd7d0dbd56b0a,,,,音乐广播,音乐广播,,,https://www.xn--rgv465a.top/tvlogo/音乐广播.png,🎵音乐频道,,Guovin.txt
音乐广播,https://tv.iill.top/fm/552&token=bde1753ec6759720c20ecedff6ec428eed4e2dd71d1433181fa7f50b8724a5bf,,,,音乐广播,音乐广播,,,https://www.xn--rgv465a.top/tvlogo/音乐广播.png,🎵音乐频道,,Guovin.txt
笑傲江湖,https://live.iill.top/huya/23865142,,,,笑傲江湖,笑傲江湖,,,https://www.xn--rgv465a.top/tvlogo/笑傲江湖.png,🏛经典剧场,,Guovin.txt
笑傲江湖,https://live.metshop.top/huya/26355790,,,,笑傲江湖,笑傲江湖,,,https://www.xn--rgv465a.top/tvlogo/笑傲江湖.png,🏛经典剧场,,Guovin.txt
笑傲江湖,http://cdn.jdshipin.com:8880/huya.php?id=26355790,,,,笑傲江湖,笑傲江湖,,,https://www.xn--rgv465a.top/tvlogo/笑傲江湖.png,🏛经典剧场,,Guovin.txt
笑傲江湖,http://cdn.jdshipin.com:8880/huya.php?id=23865142,,,,笑傲江湖,笑傲江湖,,,https://www.xn--rgv465a.top/tvlogo/笑傲江湖.png,🏛经典剧场,,Guovin.txt
天龙八部,http://jiaojirentv.top/2020/yy.php?id=1382881708,,,,天龙八部,天龙八部,,,https://www.xn--rgv465a.top/tvlogo/天龙八部.png,🏛经典剧场,,Guovin.txt
天龙八部,https://live.metshop.top/huya/20985816,,,,天龙八部,天龙八部,,,https://www.xn--rgv465a.top/tvlogo/天龙八部.png,🏛经典剧场,,Guovin.txt
天龙八部,http://cdn.jdshipin.com:8880/huya.php?id=20985816,,,,天龙八部,天龙八部,,,https://www.xn--rgv465a.top/tvlogo/天龙八部.png,🏛经典剧场,,Guovin.txt
天龙八部,https://live.ottiptv.cc/huya/20985816,,,,天龙八部,天龙八部,,,https://www.xn--rgv465a.top/tvlogo/天龙八部.png,🏛经典剧场,,Guovin.txt
天龙八部,https://live.ottiptv.cc/yy/1351814644,,,,天龙八部,天龙八部,,,https://www.xn--rgv465a.top/tvlogo/天龙八部.png,🏛经典剧场,,Guovin.txt
鹿鼎记,https://live.ottiptv.cc/yy/28265277,,,,鹿鼎记,鹿鼎记,,,https://www.xn--rgv465a.top/tvlogo/鹿鼎记.png,🏛经典剧场,,Guovin.txt
仙剑奇侠传,https://live.ottiptv.cc/yy/1382749903,,,,仙剑奇侠传,仙剑奇侠传,,,https://www.xn--rgv465a.top/tvlogo/仙剑奇侠传.png,🏛经典剧场,,Guovin.txt
西游记,http://173.208.234.146/live/vlxyj.m3u8,,,,西游记,西游记,,,https://www.xn--rgv465a.top/tvlogo/西游记.png,🏛经典剧场,,Guovin.txt
西游记,https://live.ottiptv.cc/huya/26355861,,,,西游记,西游记,,,https://ghproxy.net/raw.githubusercontent.com/suxuang/myIPTV/main/img/电视剧.png,🏛经典剧场,,Guovin.txt
西游记,http://live.ottiptv.cc/huya/20985836,,,,西游记,西游记,,,https://www.xn--rgv465a.top/tvlogo/西游记.png,🏛经典剧场,,Guovin.txt
三国演义,https://live.metshop.top/huya/11602081,,,,三国演义,三国演义,,,https://www.xn--rgv465a.top/tvlogo/三国演义.png,🏛经典剧场,,Guovin.txt
三国演义,http://cdn.jdshipin.com:8880/huya.php?id=11602081,,,,三国演义,三国演义,,,https://www.xn--rgv465a.top/tvlogo/三国演义.png,🏛经典剧场,,Guovin.txt
三国演义,https://live.ottiptv.cc/huya/11602081,,,,三国演义,三国演义,,,https://www.xn--rgv465a.top/tvlogo/三国演义.png,🏛经典剧场,,Guovin.txt
水浒传,http://173.208.234.146/live/vlshz.m3u8,,,,水浒传,水浒传,,,https://www.xn--rgv465a.top/tvlogo/水浒传.png,🏛经典剧场,,Guovin.txt
水浒传,http://live.ottiptv.cc/huya/26355860,,,,水浒传,水浒传,,,https://www.xn--rgv465a.top/tvlogo/水浒传.png,🏛经典剧场,,Guovin.txt
水浒传,https://live.ottiptv.cc/yy/1353873252,,,,水浒传,水浒传,,,https://www.xn--rgv465a.top/tvlogo/水浒传.png,🏛经典剧场,,Guovin.txt
新白娘子传奇,https://live.ottiptv.cc/yy/1354490667,,,,新白娘子传奇,新白娘子传奇,,,https://www.xn--rgv465a.top/tvlogo/新白娘子传奇.png,🏛经典剧场,,Guovin.txt
封神榜,http://cdn.jdshipin.com:8880/huya.php?id=29465849,,,,封神榜,封神榜,,,https://www.xn--rgv465a.top/tvlogo/封神榜.png,🏛经典剧场,,Guovin.txt
封神榜,https://live.ottiptv.cc/huya/29465849,,,,封神榜,封神榜,,,https://www.xn--rgv465a.top/tvlogo/封神榜.png,🏛经典剧场,,Guovin.txt
闯关东,http://173.208.234.146/live/lbchuangguandong.m3u8,,,,闯关东,闯关东,,,https://www.xn--rgv465a.top/tvlogo/闯关东.png,🏛经典剧场,,Guovin.txt
射雕英雄传,http://cdn.jdshipin.com:8880/huya.php?id=23824164,,,,射雕英雄传,射雕英雄传,,,https://www.xn--rgv465a.top/tvlogo/射雕英雄传.png,🏛经典剧场,,Guovin.txt
射雕英雄传,https://live.ottiptv.cc/huya/23824164,,,,射雕英雄传,射雕英雄传,,,https://www.xn--rgv465a.top/tvlogo/射雕英雄传.png,🏛经典剧场,,Guovin.txt
