频道名,地址,回播地址,回播类型,回播天数,tvg-id,tvg-name,国家分组,语言分组,图标,原分组,分辨率,来源文件
HCH (720p),https://live.streamhch.com/live/streams/hch1.m3u8,,,,HCH.hn@SD,,,,https://i.imgur.com/2CB5ezq.png,News,,iptv-org-all.txt
HCTV Educational Access Channel,https://reflect-hudsonctv.cablecast.tv/live-26/live/stream-1/live.m3u8,,,,HCTVEducationalAccessChannel.us@SD,,,,https://i.imgur.com/bVbpgiD.png,Education,,iptv-org-all.txt
HCTV Government Channel,https://reflect-hudsonctv.cablecast.tv/live-26/live/stream-2/live.m3u8,,,,HCTVGovernmentChannel.us@SD,,,,https://i.imgur.com/bVbpgiD.png,Legislative,,iptv-org-all.txt
HCTV Public Access Channel,https://reflect-hudsonctv.cablecast.tv/live-26/live/stream-5/live.m3u8,,,,HCTVPublicAccessChannel.us@SD,,,,https://i.imgur.com/bVbpgiD.png,General,,iptv-org-all.txt
HD365 TV,https://s2.netstreaming.eu/hd365.m3u8,,,,HD365TV.ro@SD,,,,https://i.imgur.com/2cLx4ja.png,General,,iptv-org-all.txt
Heart Radio Aruba,https://live2.tensila.com/heart-v-1.heartar/hls/live/mystream.m3u8,,,,HeartRadioAruba.aw@SD,,,,https://i.imgur.com/MKZCskA.png,Music,,iptv-org-all.txt
HeartFelt TV (1080p),https://streams2.sofast.tv/v1/master/611d79b11b77e2f571934fd80ca1413453772ac7/74c455d4-625a-448a-8ba7-d086e6462245/manifest.m3u8,,,,,,,,,Undefined,,iptv-org-all.txt
Heartland (1080p) [Geo-blocked],https://pb-a0c87g3b3mtrw.akamaized.net/Heartland.m3u8,,,,,,,,,Undefined,,iptv-org-all.txt
Heartland (720p),https://2-fss-2.streamhoster.com/pl_120/201950-2724904-1/playlist.m3u8,,,,Heartland.us@Eastern,,,,https://i.imgur.com/djCq2Z5.png,Entertainment,,iptv-org-all.txt
Heartland,https://jmp2.uk/plu-61f07513227feb00073ee6bc.m3u8,,,,Heartland.us@Web,,,,https://i.imgur.com/djCq2Z5.png,Entertainment,,iptv-org-all.txt
Heaven Bound TV (480p) [Not 24/7],https://goliveafrica.media:9998/live/62580b337c021/index.m3u8,,,,HeavenBoundTV.ke@SD,,,,https://i.imgur.com/pwnesmW.jpg,Religious,,iptv-org-all.txt
Hebron TV (1080p),https://account20.livebox.co.in/charleshls/live.m3u8,,,,HebronTV.in@SD,,,,https://i0.wp.com/hebrontv.in/wp-content/uploads/2023/11/hebron-.png?w=512,Religious,,iptv-org-all.txt
Hechiceras,https://jmp2.uk/plu-67f95fa76b11614ab0caaef3.m3u8,,,,,,,,,Undefined,,iptv-org-all.txt
Hechizada,https://jmp2.uk/plu-631fb6be21b7440007b9f606.m3u8,,,,,,,,,Undefined,,iptv-org-all.txt
Hechos Ecuador (1080p) [Not 24/7],https://online.hechosecuador.com:5443/WebRTCApp/streams/hechosecuador.m3u8,,,,HechosEcuador.ec@SD,,,,https://i.imgur.com/koMQZNX.png,General,,iptv-org-all.txt
Hegyvidek Tv Budapest (576p) [Not 24/7],https://tv.hegyvidek.hu/stream_mpeg.flv,,,,HegyvidekTV.hu@SD,,,,https://i.imgur.com/t5bw1J1.png,General,,iptv-org-all.txt
Heidi,https://jmp2.uk/plu-68779a09c691b3f0964127c6.m3u8,,,,,,,,,Undefined,,iptv-org-all.txt
Hélène et les garçons,https://jmp2.uk/plu-604f8de01b479400078fb1e7.m3u8,,,,Heleneetlesgarcons.us@France,,,,https://i.imgur.com/EjjzjF9.png,Series,,iptv-org-all.txt
Heliconia Radio TV (720p),https://eu1.servers10.com:8081/8178/index.m3u8,,,,HeliconiaRadioTV.co@SD,,,,https://i.imgur.com/AJ182BG.png,General,,iptv-org-all.txt
Hell's Kitchen (1080p),https://amg00654-itv-amg00654c1-samsung-au-1072.playouts.now.amagi.tv/itv-hellskitchen-samsung/playlist.m3u8,,,,HellsKitchen.us@UK,,,,https://i.imgur.com/P9eT0O9.png,Series,,iptv-org-all.txt
Hell's Kitchen Germany (1080p),https://hellskitchengermany-rakuten.amagi.tv/playlist.m3u8,,,,,,,,,Undefined,,iptv-org-all.txt
Hell's Kitchen Italy (1080p),https://amg00654-itv-amg00654c20-rakuten-it-3615.playouts.now.amagi.tv/playlist.m3u8,,,,,,,,,Undefined,,iptv-org-all.txt
Hellenic Parliament TV (1080p),https://ert-ucdn.broadpeak-aas.com/bpk-tv/VOULITV/default/index.m3u8,,,,HellenicParliamentTV.gr@SD,,,,https://i.imgur.com/o2cvqv3.png,Legislative,,iptv-org-all.txt
Hellenic TV (720p) [Not 24/7],https://l5.cloudskep.com/hellenictv/htv/playlist.m3u8,,,,HellenicTV.uk@SD,,,,https://i.imgur.com/NE7ddhC.png,Undefined,,iptv-org-all.txt
Hello Taste,https://dai.google.com/linear/hls/pa/event/YeG0_KbLRjGeYKU2qVhl_Q/stream/30ddffe9-87f0-4dc7-b0fe-8f0e12044f3e:GRQ/variant/c209b0d3694ace6f439e2179fdad8e66/bandwidth/2628000.m3u8,,,,HelloTaste.ro@SD,,,,https://i.imgur.com/TdKO0er.png,Cooking,,iptv-org-all.txt
Hells Kitchen,https://jmp2.uk/plu-6095ad97351eb0000754c1e6.m3u8,,,,,,,,,Undefined,,iptv-org-all.txt
Her Sphere (720p) [Geo-blocked],https://aegis-cloudfront-1.tubi.video/804f9e76-e98c-41fa-8d75-5986879e2168/playlist.m3u8,,,,,,,,,Undefined,,iptv-org-all.txt
Hercules: The Legendary Journeys (720p),https://jmp2.uk/plu-68e38aaf8082ad3760def7bc.m3u8,,,,,,,,,Undefined,,iptv-org-all.txt
Heritage Tourism (1080p),https://streams2.sofast.tv/v1/master/611d79b11b77e2f571934fd80ca1413453772ac7/cff3309e-ded1-40dd-a6dc-e3a6d0a92d72/manifest.m3u8,,,,,,,,,Undefined,,iptv-org-all.txt
Heritage+ (1080p),https://streams2.sofast.tv/v1/master/611d79b11b77e2f571934fd80ca1413453772ac7/e4523706-f2a8-4b0f-b081-40fe59a46f81/manifest.m3u8,,,,,,,,,Undefined,,iptv-org-all.txt
Hermanas Mirabal TV (720p) [Not 24/7],https://fox.hostlagarto.com:8081/hmtv/index.m3u8,,,,HermanasMirabalTV.do@SD,,,,https://i.imgur.com/cbKgcGh.png,News,,iptv-org-all.txt
Hero (720p) [Not 24/7],https://live-fi.tvkaista.net/hero/live.m3u8?hd=true,,,,Hero.fi@SD,,,,https://i.imgur.com/4t5JQLY.png,Movies,,iptv-org-all.txt
Hévízi TV (1080p),https://cloudfront44.lexanetwork.com:1344/relay03/livestream003.sdp/playlist.m3u8,,,,HeviziTV.hu@SD,,,,https://i.imgur.com/zuWQKDm.png,General,,iptv-org-all.txt
Hewad TV (720p) [Not 24/7],http://51.210.199.58/hls/stream.m3u8,,,,HewadTV.af@SD,,,,https://i.imgur.com/cK2eWUZ.png,Undefined,,iptv-org-all.txt
Hey Arnold!,https://jmp2.uk/plu-66c79221b1a34600087e264d.m3u8,,,,HeyArnold.us@LatAm,,,,https://images.pluto.tv/channels/66c79221b1a34600087e264d/colorLogoPNG.png,Kids,,iptv-org-all.txt
HGPTV (720p) [Not 24/7],https://cdn-us-east-prod-ingest-infra-dacast-com.akamaized.net/8424fb7f-99a9-87ae-3861-f0620849d11c/source/index.m3u8,,,,HGPTV.gy@SD,,,,https://i.imgur.com/0aIH6V5.png,General,,iptv-org-all.txt
HGTV (1080p),https://i.mjh.nz/.r/sky-hgtv.m3u8,,,,HGTV.nz@SD,,,,https://upload.wikimedia.org/wikipedia/commons/thumb/c/c5/HGTV_US_Logo_2015.svg/960px-HGTV_US_Logo_2015.svg.png,Lifestyle,,iptv-org-all.txt
Hi Dost! (720p),https://cdn-1.pishow.tv/live/224/master.m3u8,,,,HiDost.in@SD,,,,https://jiotvimages.cdn.jio.com/dare_images/images/Hi_Dost.png,Entertainment,,iptv-org-all.txt
Hi-YAH! (1080p),https://linear-59.frequency.stream/dist/plex/59/hls/master/playlist.m3u8,,,,HiYAH.us@SD,,,,https://i.imgur.com/sOYAnTB.png,Entertainment,,iptv-org-all.txt
Hidabroot (1080p),https://cdn.cybercdn.live/HidabrootIL/Live97/playlist.m3u8,,,,Hidabroot.il@SD,,,,https://i.imgur.com/CTH4Hu2.png,Religious,,iptv-org-all.txt
High News (480p),https://highmedia.livebox.co.in/HIGHNEWShls/LIVE.m3u8,,,,HighNews.in@SD,,,,https://pbs.twimg.com/profile_images/1104268476858937351/USUT4ykS_400x400.png,News,,iptv-org-all.txt
High TV (720p) [Not 24/7],http://live.streams.ovh:1935/hightv/hightv/playlist.m3u8,,,,HighTV.gr@SD,,,,https://i.imgur.com/8gHuwt7.png,Shop,,iptv-org-all.txt
High Vision (1080p) [Not 24/7],https://streamer1.connectto.com/HIGHVISION_WEB_1205/index.m3u8,,,,HighVisionTV.us@SD,,,,https://i.imgur.com/zhCgoru.png,Music,,iptv-org-all.txt
Highway Thru Hell (1080p),https://amg00627-amg00627c15-samsung-au-2899.playouts.now.amagi.tv/playlist/amg00627-banijayfast-highwaythruhell-samsungau/playlist.m3u8,,,,,,,,,Undefined,,iptv-org-all.txt
Highway Thru Hell (1080p),https://amg00627-amg00627c15-samsung-nz-2900.playouts.now.amagi.tv/playlist/amg00627-banijayfast-highwaythruhell-samsungnz/playlist.m3u8,,,,,,,,,Undefined,,iptv-org-all.txt
Highway Thru Hell (1080p),https://amg00627-amg00627c15-rakuten-uk-4803.playouts.now.amagi.tv/playlist.m3u8,,,,,,,,,Undefined,,iptv-org-all.txt
Highway Thru Hell (1080p),https://duplpbng64yvf.cloudfront.net/HighwayThruHell.m3u8,,,,,,,,,Undefined,,iptv-org-all.txt
Highway to Heaven,https://jmp2.uk/plu-68bff9a63efb41cd97562e46.m3u8,,,,HighwaytoHeaven.us@UK,,,,https://i.imgur.com/e6pvibn.png,Series,,iptv-org-all.txt
Hilando Fino TV (1080p),https://hilandofinotv.essastream.com:3606/live/canalhilandofinotvlive.m3u8,,,,HilandoFinoTV.do@SD,,,,https://i.imgur.com/E7ta6g8.png,General,,iptv-org-all.txt
Hillsborough County TV HTV (Hillsborough County FL) (360p),https://cdn3.wowza.com/5/M0lyamVmM2JWcjhQ/hillsboroughcounty/G2155_002/playlist.m3u8,,,,HillsboroughTV.us@SD,,,,https://i.imgur.com/fUne7FX.png,Legislative,,iptv-org-all.txt
Himlen TV7 (720p),https://vod.tv7.fi/tv7-se/smil:tv7-se.smil/playlist.m3u8,,,,HimlenTV7.fi@SD,,,,https://i.imgur.com/k8a7KNn.png,Religious,,iptv-org-all.txt
Hindi Khabar (576p),https://mumt04.tangotv.in/m18aqlK4HINDIKHABAR/index.m3u8,,,,HindiKhabar.in@SD,,,,https://xstreamcp-assets-msp.streamready.in/assets/LIVETV/LIVECHANNEL/LIVETV_LIVETVCHANNEL_HINDI_KHABAR/images/LOGO_HD/image.png,News,,iptv-org-all.txt
Hindu Dharmam (576p),https://mumt01.tangotv.in/O5aw8Zn3HINDUDHARMAM/index.m3u8,,,,HinduDharmam.in@SD,,,,https://dtil.tmsimg.com/assets/s143131_ld_h15_aa.png?lock=720x540,Religious,,iptv-org-all.txt
HIPTV (1080p),https://stream.ads.ottera.tv/playlist.m3u8?content_livestream=1&network_id=16993,,,,,,,,,Undefined,,iptv-org-all.txt
Hirshabelle TV (576p),http://ap02.iqplay.tv:8081/iqb8002/h1rshbe1iptv/playlist.m3u8,,,,HirshabelleTV.so@SD,,,,https://i.imgur.com/Kk0A2o7.png,General,,iptv-org-all.txt
Hiru TV (360p) [Not 24/7],https://tv.hiruhost.com:1936/8012/8012/playlist.m3u8,,,,HiruTV.lk@SD,,,,https://i.imgur.com/M66UqPB.png,Entertainment,,iptv-org-all.txt
His Glory TV (1080p),https://customer-6itfaqopbksp5p0q.cloudflarestream.com/3972e89fb79bf6d6dd2a16c75455087a/manifest/video.m3u8,,,,HisGloryTV.us@SD,,,,https://i.imgur.com/VTcdAJj.jpeg,General,,iptv-org-all.txt
His Grace TV (480p) [Not 24/7],https://goliveafrica.media:9998/live/6593c35f9c090/index.m3u8,,,,HisGraceTV.ke@SD,,,,https://i.imgur.com/uIlU5im.jpg,Religious,,iptv-org-all.txt
Hispan TV,https://cdnlive.presstv.ir/live/smil:live.smil/playlist.m3u8,,,,HispanTV.ir@SD,,,,https://upload.wikimedia.org/wikipedia/commons/9/9f/Hispantv_logo.jpg,News,,iptv-org-all.txt
Historia (1080p),https://d1k3vzh2ivy22k.cloudfront.net/Historia.m3u8,,,,Historia.es@SD,,,,https://i.imgur.com/VUy8xIG.png,Entertainment,,iptv-org-all.txt
Historia HD (1080p),https://d1k3vzh2ivy22k.cloudfront.net/Historia1080.m3u8,,,,Historia.es@HD,,,,https://i.imgur.com/VUy8xIG.png,Entertainment,,iptv-org-all.txt
Historia y Vida (720p),https://jmp2.uk/plu-67517f923a61d40008c451f0.m3u8,,,,HistoriaYVida.es@SD,,,,https://i.imgur.com/56ZtCA1.png,Documentary,,iptv-org-all.txt
Historias de Ultratumba,https://jmp2.uk/plu-5f4d3696d938c900072679fd.m3u8,,,,PlutoTVHistoriasdeUltratumba.us@LatAm,,,,https://images.pluto.tv/channels/5f4d3696d938c900072679fd/colorLogoPNG.png,Undefined,,iptv-org-all.txt
History (720p),http://45.177.114.114/HISTORY/index.m3u8,,,,History.br@SD,,,,https://upload.wikimedia.org/wikipedia/commons/thumb/0/01/History_%282021%29.svg/500px-History_%282021%29.svg.png,Documentary,,iptv-org-all.txt
History (720p),http://212.5.144.156:8080/history/index.m3u8,,,,History.us@East,,,,https://upload.wikimedia.org/wikipedia/commons/thumb/0/01/History_%282021%29.svg/500px-History_%282021%29.svg.png,Documentary,,iptv-org-all.txt
History 2 Latin America (1080p),http://138.121.15.230:9002/HISTORY-2/index.m3u8,,,,History2LatinAmerica.us@Panregional,,,,https://upload.wikimedia.org/wikipedia/commons/thumb/c/c9/History2_logo_%282022%29.svg/500px-History2_logo_%282022%29.svg.png,Documentary,,iptv-org-all.txt
History 2 Latin America Brazil (720p),http://45.177.114.114/HISTORY_2/index.m3u8,,,,History2LatinAmerica.us@Brazil,,,,https://upload.wikimedia.org/wikipedia/commons/thumb/c/c9/History2_logo_%282022%29.svg/500px-History2_logo_%282022%29.svg.png,Documentary,,iptv-org-all.txt
History 365 (1080p) [Geo-blocked],https://pb-162j8hrspp1iq.akamaized.net/History_365.m3u8,,,,,,,,,Undefined,,iptv-org-all.txt
History & Warfare,https://jmp2.uk/plu-69dd5d7bfcb9bf5e3063cb16.m3u8,,,,,,,,,Undefined,,iptv-org-all.txt
History & Warfare Now (1080p),https://d1nzda2a2b3swt.cloudfront.net/History_Warfare_Now.m3u8,,,,,,,,,Undefined,,iptv-org-all.txt
History and Warfare Now (1080p),https://d28gzbv9fhdm3h.cloudfront.net/playlist/amg00376-magellantv-historyandwarfarenowaunzin-samsungau/playlist.m3u8,,,,,,,,,Undefined,,iptv-org-all.txt
History and Warfare Now (1080p),https://amg00376-magellan-amg00376c19-samsung-nz-1735.playouts.now.amagi.tv/playlist/amg00376-magellantv-historyandwarfarenowaunzin-samsungnz/playlist.m3u8,,,,,,,,,Undefined,,iptv-org-all.txt
History Asia (720p),https://freem3u.xyz/api/live/play.m3u8?vid=9856,,,,HistoryAsia.us@SD,,,,https://upload.wikimedia.org/wikipedia/commons/thumb/0/01/History_%282021%29.svg/500px-History_%282021%29.svg.png,Documentary,,iptv-org-all.txt
History Channel (1080p),https://streamer12.xploretv.si/__cl/cg:prod/__c/A1_SI_HISTORYHD_ott/__op/dash-default/__dci/__f/index.m3u8?admin=xploreTv_test_user&redirect=true,,,,History.si@HD,,,,https://upload.wikimedia.org/wikipedia/commons/thumb/0/01/History_%282021%29.svg/500px-History_%282021%29.svg.png,Documentary,,iptv-org-all.txt
History Hit (1080p),https://lds-timeline-rakuten.amagi.tv/playlist.m3u8,,,,HistoryHit.uk@SD,,,,https://i.imgur.com/ulHoqlP.png,Documentary,,iptv-org-all.txt
History Hunters (1080p),https://amg00841-amg00841c7-rakuten-uk-2820.playouts.now.amagi.tv/playlist/amg00841-aeemeafast-historyhuntersrakuten-rakutenuk/playlist.m3u8,,,,,,,,,Undefined,,iptv-org-all.txt
History Hunters (1080p),https://amg00841-amg00841c9-samsung-gb-3032.playouts.now.amagi.tv/playlist/amg00841-aeemeafast-historyhunterssamsung-samsunggb/playlist.m3u8,,,,,,,,,Undefined,,iptv-org-all.txt
History Hunters,https://jmp2.uk/plu-65819fc1b9adc4000813f37d.m3u8,,,,,,,,,Undefined,,iptv-org-all.txt
History Latin America (1080p),http://15.204.246.24:8080/HistoryHD/index.m3u8,,,,HistoryLatinAmerica.us@Panregional,,,,https://upload.wikimedia.org/wikipedia/commons/thumb/0/01/History_%282021%29.svg/500px-History_%282021%29.svg.png,Documentary,,iptv-org-all.txt
History TV18 (576p),http://103.72.101.252:8080/live/1471.m3u8,,,,HistoryTV18.in@SD,,,,https://dtil.tmsimg.com/assets/s143132_ld_h15_aa.png?lock=720x540,Documentary,,iptv-org-all.txt
History TV18 HD (1080p),http://103.154.3.101:5001/live/577.m3u8,,,,HistoryTV18.in@HD,,,,https://dtil.tmsimg.com/assets/s143133_ld_h15_aa.png?lock=720x540,Documentary,,iptv-org-all.txt
Hit FM,https://hitfm.nfthost.net/hls/hitfm/live_all/playlist.m3u8,,,,HitFM.md@SD,,,,https://i.imgur.com/QwqM5j6.png,Music,,iptv-org-all.txt
Hit HD (1080p),http://hls127.freeott.top:8080/XitHD/video.m3u8,,,,Hit.ru@HD,,,,https://i.imgur.com/jl3MNPe.png,Movies,,iptv-org-all.txt
Hit Sitcoms (720p),https://jmp2.uk/plu-69b83e4169056557a9252f61.m3u8,,,,,,,,,Undefined,,iptv-org-all.txt
Hit Sitcoms (720p),https://jmp2.uk/plu-66e0b4a3f0f17500085cc268.m3u8,,,,,,,,,Undefined,,iptv-org-all.txt
Hitradio O3 (720p),https://studiocam-oe3.mdn.ors.at/orf/studiocam_oe3/q6a/manifest.mpd,,,,HitradioO3.at@SD,,,,https://upload.wikimedia.org/wikipedia/commons/thumb/7/7a/Hitradio_%C3%963.svg/960px-Hitradio_%C3%963.svg.png,Music,,iptv-org-all.txt
Hits 360 TV (720p) [Not 24/7],http://cm.hostlagarto.com:8081/hits360tv/hits360HD.myStream/playlist.m3u8,,,,Hits360TV.do@SD,,,,https://i.imgur.com/Cx5V233.jpg,Music,,iptv-org-all.txt
Hitz TV (1080p),https://streamer2.nexgen.bz/13-HITZ/index.m3u8,,,,HitzTV.bz@SD,,,,https://i.imgur.com/SbZgsDh.png,Music,,iptv-org-all.txt
HLC TV (480p) [Not 24/7],https://goliveafrica.media:9998/live/627d06e001aaf/index.m3u8,,,,HLCTV.ke@SD,,,,https://i.imgur.com/TPZoSXM.jpg,General,,iptv-org-all.txt
HLN Live (720p),https://dpg-eventstreams.akamaized.net/hlnlivesrt-xmr/streamx/hlnlivesrt_720p.m3u8,,,,HLNLive.be@SD,,,,https://i.ibb.co/zbCrZG9/hq-hln.png,News,,iptv-org-all.txt
Hluttaw S & D,https://mrtvott.com/cache/MRTV-HLUTTAW/master.m3u8,,,,HluttawSD.mm@SD,,,,https://i.imgur.com/Gffq8ks.png,Legislative,,iptv-org-all.txt
HMI PROMZ NEWS (720p),https://video1.getstreamhosting.com:1936/8326/8326/playlist.m3u8,,,,HMIPROMZNEWS.us@SD,,,,https://i.imgur.com/gwPaw3v.png,Music,,iptv-org-all.txt
Hmong Star TV (720p) [Not 24/7],https://livefta.malimarcdn.com/ftaedge00/hmongstartv.sdp/playlist.m3u8,,,,HmongStarTV.us@SD,,,,https://i.imgur.com/dRsacao.png,Culture,,iptv-org-all.txt
Hmong TV Network (720p),https://livefta.malimarcdn.com/ftaedge00/cvabroadcasting.stream/playlist.m3u8,,,,HmongTVNetwork.us@SD,,,,https://yt3.googleusercontent.com/aj3kdBQTgfxP-bDnleou4m1ykjPRFexvfTZZuvWlNc75Hn9-NTqXYEdEJ_KOcTSsbKj24K1B9BM=s512-c-k-c0x00ffffff-no-rj,Culture,,iptv-org-all.txt
HMTV (720p),https://cdn-1.pishow.tv/live/280/master.m3u8,,,,HMTV.in@SD,,,,https://dtil.tmsimg.com/assets/s143136_ld_h15_aa.png?lock=720x540,News,,iptv-org-all.txt
HNN 24x7 (576p),https://ott.livelegitpro.in:9899/hnnnews/hnnnews/tracks-v1/index.fmp4.m3u8,,,,HNN24x7.in@SD,,,,https://jiotvimages.cdn.jio.com/dare_images/images/HNN24x7.png,News,,iptv-org-all.txt
Hoarders (720p),https://8f2546fe.wurl.com/master/f36d25e7e52f1ba8d7e56eb859c636563214f541/UmFrdXRlblRWLWV1X0hvYXJkZXJzX0hMUw/playlist.m3u8,,,,,,,,,Undefined,,iptv-org-all.txt
Hoarders (720p),https://eada4a55.wurl.com/master/f36d25e7e52f1ba8d7e56eb859c636563214f541/U2Ftc3VuZy1nYl9Ib2FyZGVyc19ITFM/playlist.m3u8,,,,,,,,,Undefined,,iptv-org-all.txt
Hoarders,https://jmp2.uk/plu-698a040b48d98175cb870fc5.m3u8,,,,,,,,,Undefined,,iptv-org-all.txt
Hoarders by A&E (720p),https://d1klo92zvoj2of.cloudfront.net/v1/aenetworks_hoarders_1/samsungheadend_us/latest/main/hls/playlist.m3u8,,,,,,,,,Undefined,,iptv-org-all.txt
Hobby Maker (720p),https://lo3.gemporia.com/abrhobbymakerukgfx/smil:livestreamFullHD.smil/playlist.m3u8,,,,HobbyMaker.uk@SD,,,,https://i.imgur.com/VWHp5Tl.png,Lifestyle,,iptv-org-all.txt
HodHod Farsi TV (1080p),https://northtelecom.b-cdn.net/hodhodtv.m3u8,,,,HodHodFarsiTV.ir@SD,,,,https://i.imgur.com/l8XMKTT.png,Kids,,iptv-org-all.txt
Hogan's Heroes,https://jmp2.uk/plu-68939e206727ec919bb39061.m3u8,,,,HogansHeroes.us@SD,,,,https://images.pluto.tv/channels/68939e206727ec919bb39061/colorLogoPNG_1757523507747.png,Classic,,iptv-org-all.txt
Högspänning,https://jmp2.uk/plu-6537abf42cf1310008441686.m3u8,,,,Hogspanning.se@SE,,,,https://images.pluto.tv/channels/6537abf42cf1310008441686/colorLogoPNG.png,Entertainment,,iptv-org-all.txt
HOLA! Play (1080p),https://hola-play-2108fd06-86d4-44e8-9867-c35b4895a1c1-es.fast.rakuten.tv/v1/master/0547f18649bd788bec7b67b746e47670f558b6b2/production-LiveChannel-6433/master.m3u8,,,,HOLAPlay.es@SD,,,,https://m.media-amazon.com/images/I/5194tl8duqL.png,Entertainment,,iptv-org-all.txt
Hola! TV Latin America (1080p),http://15.204.246.24:8080/HOLATVHD/index.m3u8,,,,HolaTVLatinAmerica.us@SD,,,,https://i.imgur.com/i0Qexxd.png,Entertainment,,iptv-org-all.txt
HollyWire (720p),https://bozztv.com/hwotta/playlist/playlist.m3u8,,,,HollyWire.us@SD,,,,https://i.imgur.com/oVNjFoj.png,Entertainment;News,,iptv-org-all.txt
Hollywood HD (1080p),http://31.148.48.15/MGM_HD/index.m3u8,,,,Hollywood.ru@SD,,,,https://i.imgur.com/1j7cT2I.png,Movies,,iptv-org-all.txt
Holvoet TV (Copiapó) (720p) [Not 24/7],https://unlimited1-us.dps.live/holvoettv/holvoettv.smil/playlist.m3u8,,,,HolvoetTV.cl@SD,,,,https://i.imgur.com/9JKRO3R.png,Culture,,iptv-org-all.txt
Holy Quran Radio Nablus (720p),http://streaming.zaytonatube.com:8080/holyquran/holyquran/video.m3u8,,,,HolyQuranRadioNablus.ps@SD,,,,https://quran-radio.com/assets/images/site/quran-radio-logo-h-rtl.png,Religious,,iptv-org-all.txt
Home & Shopping (720p),https://s28.qtcdn.co.kr/media/liveM3U8/idx/518045142/enc/1860408350/playlist.m3u8,,,,HomeShopping.kr@SD,,,,https://i.imgur.com/IcexRXG.png,Shop,,iptv-org-all.txt
Home Cooking by Food Network,https://jmp2.uk/plu-68bb16916523408b14bac7f8.m3u8,,,,,,,,,Undefined,,iptv-org-all.txt
Home Plus,https://homeplushls.wns.live/hls/stream.m3u8,,,,HomePlus.ir@SD,,,,,Movies,,iptv-org-all.txt
Home Refresh (720p) [Geo-blocked],https://pb-wedgbca8p66er.akamaized.net/playlist.m3u8,,,,,,,,,Undefined,,iptv-org-all.txt
Home.Made.Nation (720p),https://jmp2.uk/plu-5dc1cb279c91420009db261d.m3u8,,,,HomeMadeNation.us@SD,,,,https://i.imgur.com/IdGNIoB.png,Series,,iptv-org-all.txt
Homebase TV (576p) [Not 24/7],https://webstreaming-2.viewmedia.tv/web_022/Stream/playlist.m3u8,,,,HomebaseTV.za@SD,,,,https://i.imgur.com/MaLNfJG.png,Religious,,iptv-org-all.txt
Homeful (1080p),https://amg00090-blueantcanada-amg00090c4-samsung-au-819.playouts.now.amagi.tv/playlist/amg00090-blueantfast-homefulworldwide-samsungau/playlist.m3u8,,,,Homeful.ca@US,,,,https://www.homefultv.com/wp-content/uploads/2023/03/Homeful_Logo_MintWhite.png,Undefined,,iptv-org-all.txt
Homerun TV,https://streams2.sofast.tv/WiseM3U8_29/sofast/cleanhls/master.m3u8,,,,,,,,,Undefined,,iptv-org-all.txt
Homes Under The Hammer (720p),https://all3media-homes-under-the-hammer-1-au.samsung.wurl.tv/playlist.m3u8,,,,HomesUnderHammer.us@UK,,,,https://i.imgur.com/P5Haaln.png,Series,,iptv-org-all.txt
Homicide (720p),https://jmp2.uk/plu-63921a3d00c96100082a3cb4.m3u8,,,,,,,,,Undefined,,iptv-org-all.txt
Homicide Hunter,https://jmp2.uk/plu-619e21b213ef6b0007d8c17a.m3u8,,,,HomicideHunter.us@UK,,,,https://i.imgur.com/ZSnATs0.png,Series,,iptv-org-all.txt
Homicide la chaîne du fait divers (1080p),https://rakutenaa-fastmedia-homicide-rakuten-pw6g3.amagi.tv/playlist/rakutenAA-fastmedia-homicide-rakuten/playlist.m3u8,,,,,,,,,Undefined,,iptv-org-all.txt
Hoop TV (1080p),https://streams2.sofast.tv/WiseM3U8_28/sofast/cleanhls/master.m3u8,,,,,,,,,Undefined,,iptv-org-all.txt
Hop! (1080p),http://stream.mcquack.net/44/index.m3u8,,,,Hop.il@SD,,,,https://i.imgur.com/bScuilD.png,Kids,,iptv-org-all.txt
Hope4Life TV (720p),http://144.217.14.88/hls/hope4life.m3u8,,,,Hope4LifeTV.us@SD,,,,https://i.imgur.com/p24tAjs.jpg,Religious,,iptv-org-all.txt
Hope Channel Africa (1080p),https://jstre.am/live/jsl:i1onRBELcGV.m3u8,,,,HopeChannelAfrica.za@SD,,,,https://i.imgur.com/SFacyYO.png,Religious,,iptv-org-all.txt
Hope Channel Australia (1080p),https://videodelivery.net/9fb3596948ddf463fde0ec4b85625b24/manifest/video.m3u8,,,,HopeChannelAustralia.au@SD,,,,https://i.imgur.com/8Zs7rDm.png,Religious,,iptv-org-all.txt
Hope Channel Bulgaria,https://hc1.hopetv.bg/live/hopetv_all.smil/playlist.m3u8,,,,HopeChannelBulgaria.bg@SD,,,,https://i.imgur.com/bxzeEML.png,Religious,,iptv-org-all.txt
Hope Channel German (1080p),https://customer-x8zydurm357k8j9p.cloudflarestream.com/5b46490d20cdd87fcac238b0027813e0/manifest/video.m3u8,,,,HopeChannelGerman.de@SD,,,,https://i.imgur.com/I9BbJR0.png,Religious,,iptv-org-all.txt
Hope Channel Ghana (480p),https://videodelivery.net/dfbdca87f2a6291aa4fdc8fe3290769b/manifest/video.m3u8,,,,HopeChannelGhana.gh@SD,,,,https://i.imgur.com/d1P9ekm.png,Religious,,iptv-org-all.txt
Hope Channel India (576p),https://mumt01.tangotv.in/O5aw8Zn3HOPECHANNELINDIA/index.m3u8,,,,HopeChannelIndia.in@SD,,,,https://i.imgur.com/wPzPUrK.png,Religious,,iptv-org-all.txt
Hope Channel Inter-America,https://jstre.am/live/jsl:EC0Mq0i6HJU.m3u8,,,,HopeChannelInterAmerica.us@SD,,,,https://i.imgur.com/wzvgAch.png,Religious,,iptv-org-all.txt
Hope Channel Inter-America English (1080p),https://jstre.am/live/jsl:UP9KAdlVrm8.m3u8,,,,HopeChannelInterAmericaEnglish.us@SD,,,,https://i.imgur.com/wzvgAch.png,Religious,,iptv-org-all.txt
Hope Channel International (1080p),https://jstre.am/live/jsl:cZXINbwrFj6.m3u8,,,,HopeChannelInternational.us@SD,,,,https://i.imgur.com/PNihgl2.png,Religious,,iptv-org-all.txt
Hope Channel North America (1080p),https://jstre.am/live/jsl:0sUSK6VA7GT.m3u8,,,,HopeChannelNorthAmerica.us@SD,,,,https://i.imgur.com/2qXqajS.png,Religious,,iptv-org-all.txt
Hope Channel Philippines (1080p),https://jstre.am/live/jsl:nX5eC7gQvZb.m3u8,,,,HopeChannelPhilippines.ph@SD,,,,https://i.imgur.com/LB2vmMt.png,Religious,,iptv-org-all.txt
Hornbill TV (576p),https://mumt01.tangotv.in/O5aw8Zn3HORNBILLTV/index.m3u8,,,,HornbillTV.in@SD,,,,https://xstreamcp-assets-msp.streamready.in/assets/LIVETV/LIVECHANNEL/LIVETV_LIVETVCHANNEL_HORNBILL/images/LOGO_HD/image.png,News,,iptv-org-all.txt
Horoshee Kino (720p),https://live-rian.cdnvideo.ru/rian/rus-radio/playlist.m3u8,,,,HorosheeKino.ru@SD,,,,https://i.imgur.com/ZbOqfy4.png,Movies,,iptv-org-all.txt
Horror by ALTER (1080p),https://d3opw4b2eztyyq.cloudfront.net/playlist.m3u8,,,,,,,,,Undefined,,iptv-org-all.txt
Horror by ALTER (1080p),https://aegis-cloudfront-1.tubi.video/acac036c-181a-413a-a102-cd294c83320d/playlist.m3u8,,,,,,,,,Undefined,,iptv-org-all.txt
Horror Club,https://jmp2.uk/plu-66c35c0c92b1af0008c8e83a.m3u8,,,,,,,,,Undefined,,iptv-org-all.txt
Horror Machine (720p) [Geo-blocked],https://naviofrequency-horrormachine-klowdtv.amagi.tv/playlist.m3u8,,,,,,,,,Undefined,,iptv-org-all.txt
Horror TV (1080p),https://streams2.sofast.tv/v1/master/611d79b11b77e2f571934fd80ca1413453772ac7/93dc292b-cbcf-4988-ab97-94feced4c14b/manifest.m3u8,,,,,,,,,Undefined,,iptv-org-all.txt
Horse & Country (720p),https://jmp2.uk/plu-671b4dc049c4060008f91d3a.m3u8,,,,,,,,,Undefined,,iptv-org-all.txt
Horse & Country (720p),https://jmp2.uk/plu-671b4e47daad7f000868b840.m3u8,,,,,,,,,Undefined,,iptv-org-all.txt
Horse & Country (720p),https://jmp2.uk/plu-671b4e8bc7626f00089b7194.m3u8,,,,,,,,,Undefined,,iptv-org-all.txt
Horse & Country TV (1080p),https://hnc-free-viewlift.amagi.tv/HNC_AUSTRALIA.m3u8,,,,HorseCountryTV.uk@SD,,,,https://i.imgur.com/1x6zYZr.png,Outdoor,,iptv-org-all.txt
Horse TV (720p),https://a-cdn.klowdtv.com/live2/horsetv_720p/playlist.m3u8,,,,HorseTV.it@SD,,,,https://i.imgur.com/nK4UUX4.png,Sports,,iptv-org-all.txt
Hosanna TV,https://asia.mslivestream.net/mslive/bfba54c5c96a6359e2da0ca35f4998af.sdp/playlist.m3u8,,,,HosannaTV.in@Tamil,,,,https://i.imgur.com/VYorU1L.png,Religious,,iptv-org-all.txt
Hosanna TV Global,https://ktismaservers.in:3349/live/hosannatvlive.m3u8,,,,HosannaTV.in@Global,,,,https://i.imgur.com/VYorU1L.png,Religious,,iptv-org-all.txt
Hosanna TV Hindi,https://ktismaservers.in:3466/live/hosannattvhindhilive.m3u8,,,,HosannaTV.in@Hindi,,,,https://i.imgur.com/VYorU1L.png,Religious,,iptv-org-all.txt
Hosanna Vision (720p) [Not 24/7],https://1206618505.rsc.cdn77.org/LS-ATL-59020-1/playlist.m3u8,,,,HosannaVision.pa@SD,,,,https://i.imgur.com/v0tc51l.png,Religious,,iptv-org-all.txt
Hot Bench (720p),https://jmp2.uk/plu-6036e6e7ac69c400072afca2.m3u8,,,,HotBench.us@SD,,,,https://images.pluto.tv/channels/6036e6e7ac69c400072afca2/colorLogoPNG_1731835667408.png,Entertainment,,iptv-org-all.txt
Hot Ones (1080p),https://d532j1ra4v4q9.cloudfront.net/SONO65.m3u8,,,,,,,,,Undefined,,iptv-org-all.txt
Hot Ones (720p),https://d1si3n1st4nkgb.cloudfront.net/10502/88896039/hls/master.m3u8?ads.xumo_channelId=88896039,,,,,,,,,Undefined,,iptv-org-all.txt
Hot Ones,https://jmp2.uk/plu-65a803b607e03a0008925118.m3u8,,,,,,,,,Undefined,,iptv-org-all.txt
Hot Ones,https://jmp2.uk/plu-655ca7405812e80008883d4e.m3u8,,,,,,,,,Undefined,,iptv-org-all.txt
Hot Ones,https://jmp2.uk/plu-655ca968c917a5000830f8f5.m3u8,,,,,,,,,Undefined,,iptv-org-all.txt
Hot Ones,https://jmp2.uk/plu-655caa815812e80008884322.m3u8,,,,,,,,,Undefined,,iptv-org-all.txt
Hot Wheels Action (1080p),https://dtz4aepbew7ez.cloudfront.net/hotwh.m3u8,,,,,,,,,Undefined,,iptv-org-all.txt
Hotel Inspector (1080p),https://amg00654-itv-amg00654c4-rakuten-uk-5263.playouts.now.amagi.tv/playlist.m3u8,,,,,,,,,Undefined,,iptv-org-all.txt
House of Lies,https://jmp2.uk/plu-693ae62a43fe00a023e76e0d.m3u8,,,,HouseofLies.se@DK,,,,https://images.pluto.tv/channels/693ae62a43fe00a023e76e0d/colorLogoPNG_1769415649672.png,Series,,iptv-org-all.txt
House of Lies,https://jmp2.uk/plu-693ae65fab5959c036fa6c1e.m3u8,,,,HouseofLies.se@NO,,,,https://images.pluto.tv/channels/693ae62a43fe00a023e76e0d/colorLogoPNG_1769415649672.png,Series,,iptv-org-all.txt
House of Lies,https://jmp2.uk/plu-693ae6bf0ddf7d2a40b7fd35.m3u8,,,,HouseofLies.se@SE,,,,https://images.pluto.tv/channels/693ae62a43fe00a023e76e0d/colorLogoPNG_1769415649672.png,Series,,iptv-org-all.txt
HOY Infotainment (1080p) [Geo-blocked],https://hoytv-live-stream.hoy.tv/ch78/index.m3u8,,,,HOYInfotainment.hk@HD,,,,https://i.imgur.com/LNokYLQ.png,Undefined,,iptv-org-all.txt
HOY International Business Channel (1080p) [Geo-blocked],https://hoytv-live-stream.hoy.tv/ch76/index-fhd.m3u8,,,,HongKongInternationalBusinessChannel.hk@SD,,,,https://i.imgur.com/jaIdkbz.png,Business,,iptv-org-all.txt
HOY TV (1080p) [Geo-blocked],https://hoytv-live-stream.hoy.tv/ch77/index.m3u8,,,,HOYTV.hk@SD,,,,https://i.imgur.com/NfVZPTT.png,General,,iptv-org-all.txt
hr-fernsehen (1080p),https://hrhls.akamaized.net/hls/live/2024525/hrhls/index.m3u8,,,,hrfernsehen.de@SD,,,,https://upload.wikimedia.org/wikipedia/commons/thumb/e/ea/HR-Fernsehen_Logo_2023.svg/960px-HR-Fernsehen_Logo_2023.svg.png,General,,iptv-org-all.txt
hr-fernsehen HD,https://dash4.antik.sk/live/test_hr_tizen/playlist.m3u8,,,,hrfernsehen.de@HD,,,,https://upload.wikimedia.org/wikipedia/commons/thumb/e/ea/HR-Fernsehen_Logo_2023.svg/960px-HR-Fernsehen_Logo_2023.svg.png,General,,iptv-org-all.txt
HRT 1 HD (1080p) [Geo-blocked],https://bpcdnmanprod.nexttv.ht.hr/bpk-tv/HRT1/default/index.mpd,,,,HRT1.hr@HD,,,,https://i.imgur.com/lDSctzX.png,General,,iptv-org-all.txt
HRT 2 HD (1080p) [Geo-blocked],https://bpcdnmanprod.nexttv.ht.hr/bpk-tv/HRT2/default/index.mpd,,,,HRT2.hr@HD,,,,https://i.imgur.com/yyePcl1.png,General,,iptv-org-all.txt
HRT 3 HD (720p) [Geo-blocked],https://bpcdnmanprod.nexttv.ht.hr/bpk-tv/HRT3/default/index.mpd,,,,HRT3.hr@HD,,,,https://i.imgur.com/4OrOJRx.png,Culture;Documentary,,iptv-org-all.txt
HRT 4 HD (720p) [Geo-blocked],https://bpcdnmanprod.nexttv.ht.hr/bpk-tv/HRT4/default/index.mpd,,,,HRT4.hr@HD,,,,https://i.imgur.com/VcNrY0m.png,News,,iptv-org-all.txt
HSE (1080p),https://hse24.akamaized.net/hls/live/2006663/hse24/playlist.m3u8,,,,HSE.de@SD,,,,https://i.imgur.com/IecRNCk.png,Shop,,iptv-org-all.txt
HSE24 Extra (1080p),https://hse24extra.akamaized.net/hls/live/2006596/hse24extra/playlist.m3u8,,,,HSEExtra.de@SD,,,,https://i.imgur.com/nvMpbip.png,Shop,,iptv-org-all.txt
HSE24 Trend (576p),https://hse24trend.akamaized.net/hls/live/2006597/hse24trend/playlist.m3u8,,,,HSETrend.de@SD,,,,https://i.imgur.com/qwh2urX.png,Shop,,iptv-org-all.txt
HSN (720p),https://qvc-amd-live.akamaized.net/hls/live/2034113/lshsn1us/master.m3u8,,,,HSN.us@East,,,,https://i.imgur.com/rnZN7rD.png,Shop,,iptv-org-all.txt
HSN2 (720p),https://qvc-amd-live.akamaized.net/hls/live/2034113/lshsn2us/master.m3u8,,,,HSN2.us@SD,,,,https://i.imgur.com/R6oC2A3.png,Shop,,iptv-org-all.txt
HSN West (720p),https://qvc-amd-live.akamaized.net/hls/live/2034113/lshsn1uswest/master.m3u8,,,,HSN.us@West,,,,https://i.imgur.com/rnZN7rD.png,Shop,,iptv-org-all.txt
HTR TV (720p),https://ms7.mx-cd.net/tv/286-3043214/HTR_Media_TV.smil/playlist.m3u8,,,,HTRTV.nl@SD,,,,https://i.imgur.com/IlwVHX0.png,General,,iptv-org-all.txt
HTSpor TV (1080p),https://ciner.daioncdn.net/ht-spor/ht-spor.m3u8?app=web,,,,HTSporTV.tr@SD,,,,https://www.htspor.com/images/manifest/social-share-logo.png,Sports,,iptv-org-all.txt
HTV1 (720p),https://dethich.pw/htv1/index.m3u8,,,,HTV1.vn@SD,,,,https://upload.wikimedia.org/wikipedia/commons/thumb/0/04/HTV1.png/960px-HTV1.png,General,,iptv-org-all.txt
HTV 1 Houston Television (720p),https://stream.swagit.com/live-edge/houstontx/smil:hd-16x9-2-a/playlist.m3u8,,,,HTV1HoustonTelevision.us@SD,,,,https://i.imgur.com/zvj1boM.jpg,Legislative,,iptv-org-all.txt
HTV2 (720p),https://dethich.pw/htv2/index.m3u8,,,,HTV2.vn@SD,,,,https://upload.wikimedia.org/wikipedia/commons/d/d2/HTV2_-_Vie_Channel.png,Entertainment;General,,iptv-org-all.txt
HTV 2 Houston Television (720p),https://stream.swagit.com/live-edge/houstontx/smil:hd-16x9-2-b/playlist.m3u8,,,,HTV2HoustonTelevision.us@SD,,,,https://i.imgur.com/zvj1boM.jpg,Legislative,,iptv-org-all.txt
HTV3 (720p),https://dethich.pw/htv3/index.m3u8,,,,HTV3.vn@SD,,,,https://upload.wikimedia.org/wikipedia/commons/6/65/HTV3-2018.png,Entertainment;General;Series,,iptv-org-all.txt
HTV4 (1080p),https://freem3u.xyz/api/live/play.m3u8?vid=9,,,,HTV4.vn@SD,,,,https://upload.wikimedia.org/wikipedia/commons/thumb/1/1f/HTV4_logo.webp/960px-HTV4_logo.webp.png,Education,,iptv-org-all.txt
HTV7 (720p),https://dethich.pw/htv7/index.m3u8,,,,HTV7.vn@SD,,,,https://upload.wikimedia.org/wikipedia/commons/c/c0/HTV7_logo.webp,General,,iptv-org-all.txt
HTV9 (720p),https://dethich.pw/htv9/index.m3u8,,,,HTV9.vn@SD,,,,https://upload.wikimedia.org/wikipedia/commons/b/bf/HTV9_logo.webp,General;News,,iptv-org-all.txt
HTV9 HD (1080p) [Geo-blocked],https://live.fptplay53.net/epzhd1/htv9hd_vhls.smil/chunklist.m3u8,,,,HTV9.vn@HD,,,,https://upload.wikimedia.org/wikipedia/commons/b/bf/HTV9_logo.webp,General;News,,iptv-org-all.txt
HTV Live (1080p) [Not 24/7],https://fox.hostlagarto.com:8081/canalhtv/tracks-v1a1/mono.m3u8,,,,HTVLive.do@SD,,,,https://i.imgur.com/0WBsAin.png,Entertainment,,iptv-org-all.txt
HTV Thể thao (1080p) [Geo-blocked],https://live.fptplay53.net/epzhd1/htvcthethao_vhls.smil/chunklist.m3u8,,,,HTVSports.vn@SD,,,,https://upload.wikimedia.org/wikipedia/vi/3/3f/HTV_THETHAO_2014.png,Sports,,iptv-org-all.txt
Huacho Peru TV,https://tv.huachotv.com/stream.m3u8,,,,HuachoPeruTV.pe@SD,,,,https://i.imgur.com/PevmfqK.png,General,,iptv-org-all.txt
Huasco Televisión (360p),https://paneltv.online:1936/8024/8024/playlist.m3u8,,,,HuascoTelevision.cl@SD,,,,https://i.imgur.com/Fo2DV70.png,General,,iptv-org-all.txt
Huda TV (720p) [Not 24/7],https://cdn.bestream.io:19360/elfaro1/elfaro1.m3u8,,,,HudaTV.eg@SD,,,,https://i.imgur.com/1UUjU26.png,Religious,,iptv-org-all.txt
Huế TV (720p) [Geo-blocked],https://live.fptplay53.net/epzsd1/hue_hls.smil/chunklist.m3u8,,,,ThuaThienHueTV.vn@SD,,,,https://upload.wikimedia.org/wikipedia/commons/e/e9/LogoHueTV_2025.png,Undefined,,iptv-org-all.txt
Huelva TV (720p),https://5d8d85cf2c308.streamlock.net:1936/huelvatv/htvdirecto/playlist.m3u8,,,,HuelvaTV.es@SD,,,,https://i.imgur.com/hEnpvKj.png,General,,iptv-org-all.txt
Hum News,http://103.86.135.164:9981/stream/channelid/2024790699?profile=pass&ticket=CAC87CD3CF8747A13FB03B91C9BE860F93CD615C,,,,HumNews.pk@SD,,,,https://i.imgur.com/9OroocT.png,News,,iptv-org-all.txt
Huma Betang TV (720p) [Not 24/7],https://v3.siar.us/humabetangtv/live/playlist.m3u8,,,,HumaBetangTV.id@SD,,,,https://i.imgur.com/xBTqOEu.png,News,,iptv-org-all.txt
Hunat TV (720p) [Geo-blocked],https://live.artidijitalmedya.com/artidijital_hunattv/hunattv/playlist.m3u8,,,,HunatTV.tr@SD,,,,https://i.imgur.com/NrxHGnb.png,General,,iptv-org-all.txt
Hundehviskeren,https://jmp2.uk/plu-6501af923a0d700008b71b53.m3u8,,,,,,,,,Undefined,,iptv-org-all.txt
Hundehviskeren,https://jmp2.uk/plu-6501ad3a98020f0008503dba.m3u8,,,,,,,,,Undefined,,iptv-org-all.txt
Hunedoara 1 (480p) [Not 24/7],https://netstreaming.eu/hd1.m3u8,,,,Hunedoara1.ro@SD,,,,https://i.imgur.com/9bz15ad.png,General,,iptv-org-all.txt
Hungry (720p),https://dos35knl8v49a.cloudfront.net/v1/food/samsungheadend_us/latest/main/hls/playlist.m3u8,,,,Hungry.us@SD,,,,https://i.imgur.com/MIUDYh0.png,Cooking,,iptv-org-all.txt
Hunt Fish TV (1080p),https://streams2.sofast.tv/sofastplayout/WiseM3U8_2/master.m3u8,,,,,,,,,Undefined,,iptv-org-all.txt
Hunter x Hunter (1080p),https://d190au8yjmla79.cloudfront.net/playlist.m3u8,,,,,,,,,Undefined,,iptv-org-all.txt
Hunter x Hunter,https://jmp2.uk/plu-65d9167818036500080e8780.m3u8,,,,,,,,,Undefined,,iptv-org-all.txt
Hunter x Hunter,https://jmp2.uk/plu-65d916a2f7f0af0008b6540d.m3u8,,,,,,,,,Undefined,,iptv-org-all.txt
Huntington Beach TV Channel 3 (720p),https://reflect-huntingtonbeach.cablecast.tv/live-4/live/stream-1/live.m3u8,,,,HBTV.us@SD,,,,https://i.imgur.com/xADoSqE.png,General,,iptv-org-all.txt
Hyder TV (720p),https://cdn.live247stream.com/hyder/tv/playlist.m3u8,,,,HyderTV.ca@SD,,,,https://i.imgur.com/reHjjRZ.png,Culture,,iptv-org-all.txt
Hype Visual Radio (1080p),https://streammix.alsolnet.com/hyperadio/live/playlist.m3u8,,,,HypeVisualRadio.nl@SD,,,,https://cdn.onlineradiobox.com/img/fblogo/1/97371.v21.png,Music,,iptv-org-all.txt
Hyundai Home Shopping (720p),https://livejj.hyundaihmall.com:8443/live/ngrp:hmall.stream_pc/playlist.m3u8,,,,HyundaiHomeShopping.kr@SD,,,,https://i.imgur.com/NJpECmq.png,Shop,,iptv-org-all.txt
Hyundai Home Shopping Plus (720p),https://dtvstreaming.hyundaihmall.com/newcjp3/_definst_/newcjpstream.smil/playlist.m3u8,,,,HyundaiHomeShoppingPlusShop.kr@SD,,,,https://i.imgur.com/DoNOuZE.png,Shop,,iptv-org-all.txt
i24NEWS Arabic (1080p),https://i24newsarabic-cdn.encoders.immergo.tv/master.m3u8,,,,i24NEWSArabic.il@SD,,,,https://upload.wikimedia.org/wikipedia/commons/thumb/7/79/LOGO_i24NEWS.png/960px-LOGO_i24NEWS.png,News,,iptv-org-all.txt
i24NEWS English World (1080p),https://i24newsenglish-cdn.encoders.immergo.tv/master.m3u8,,,,i24NEWSEnglishWorld.il@SD,,,,https://upload.wikimedia.org/wikipedia/commons/thumb/7/79/LOGO_i24NEWS.png/960px-LOGO_i24NEWS.png,News,,iptv-org-all.txt
i24NEWS French (1080p),https://i24newsfrench-cdn.encoders.immergo.tv/master.m3u8,,,,i24NEWSFrench.il@SD,,,,https://upload.wikimedia.org/wikipedia/commons/thumb/7/79/LOGO_i24NEWS.png/960px-LOGO_i24NEWS.png,News,,iptv-org-all.txt
I24 News Hebrew (1080p),https://i24newshebrew-cdn.encoders.immergo.tv/master.m3u8,,,,i24NEWSHebrew.il@SD,,,,https://www.i24news.tv/images/favicon.png,News,,iptv-org-all.txt
I Jefferson,https://jmp2.uk/plu-62442f28afe626000747f195.m3u8,,,,,,,,,Undefined,,iptv-org-all.txt
I Love Lucy,https://jmp2.uk/plu-63a2f1dda0d69700078b7cba.m3u8,,,,ILoveLucy.us@CA,,,,https://images.pluto.tv/channels/63a2f1dda0d69700078b7cba/colorLogoPNG.png,Classic;Comedy,,iptv-org-all.txt
I Love Lucy,https://jmp2.uk/plu-634f3011f4fff20007431641.m3u8,,,,ILoveLucy.us@SD,,,,https://images.pluto.tv/channels/63a2f1dda0d69700078b7cba/colorLogoPNG.png,Classic;Comedy,,iptv-org-all.txt
I Puffi,https://jmp2.uk/plu-68adb5853efb41cd97ce413d.m3u8,,,,,,,,,Undefined,,iptv-org-all.txt
I Shouldn't Be Alive,https://jmp2.uk/plu-69fcaaa1853a01a827bcd056.m3u8,,,,,,,,,Undefined,,iptv-org-all.txt
I soliti idioti,https://jmp2.uk/plu-6602acadb2abe500081cf28a.m3u8,,,,,,,,,Undefined,,iptv-org-all.txt
I Survived (720p),https://jmp2.uk/plu-6578852bcbd0d60008f876d7.m3u8,,,,,,,,,Undefined,,iptv-org-all.txt
I Survived (720p),https://jmp2.uk/plu-657887d9dfed030008ce8aa8.m3u8,,,,,,,,,Undefined,,iptv-org-all.txt
I Survived (720p),https://8e979536.wurl.com/master/f36d25e7e52f1ba8d7e56eb859c636563214f541/UmFrdXRlblRWLWdiX0lTdXJ2aXZlZF9ITFM/playlist.m3u8,,,,,,,,,Undefined,,iptv-org-all.txt
I Survived (720p),https://a86a4e47.wurl.com/master/f36d25e7e52f1ba8d7e56eb859c636563214f541/U2Ftc3VuZy1nYl9JU3Vydml2ZWRfSExT/playlist.m3u8,,,,,,,,,Undefined,,iptv-org-all.txt
I Survived,https://jmp2.uk/plu-657881c46e4f6a00087414c2.m3u8,,,,,,,,,Undefined,,iptv-org-all.txt
I Survived...,https://jmp2.uk/plu-68c82005be767928b4a8ef0c.m3u8,,,,,,,,,Undefined,,iptv-org-all.txt
I Survived… (720p),https://d1ewp56x5c748d.cloudfront.net/v1/aenetworks_i_survived_1/samsungheadend_us/latest/main/hls/playlist.m3u8,,,,,,,,,Undefined,,iptv-org-all.txt
I-UA.tv (1080p),https://kie2.cdn.i-ua.tv/hlsme/iuatv.m3u8,,,,IUAtv.ua@SD,,,,https://i.imgur.com/t1OABVZ.png,News,,iptv-org-all.txt
IasiTV Life (1080p) [Not 24/7],https://tv.streambox.ro/hls/itv/index.m3u8,,,,IasiTVLife.ro@SD,,,,https://i.imgur.com/HY7EL5e.png,General,,iptv-org-all.txt
IBC 24 (576p),https://mumt05.tangotv.in/87NeALx2IBC24/index.m3u8,,,,IBC24.in@SD,,,,https://xstreamcp-assets-msp.streamready.in/assets/LIVETV/LIVECHANNEL/LIVETV_LIVETVCHANNEL_IBC24/images/LOGO_HD/image.png,News,,iptv-org-all.txt
IBC Bakthi (1080p),https://ibc.massstream.net/IBC2/index.m3u8,,,,IBCBakthi.uk@SD,,,,https://i.imgur.com/ZNEz5Wx.png,Religious,,iptv-org-all.txt
IBC Tamil (1080p),https://ibc.massstream.net/IBC/index.m3u8,,,,IBCTamil.uk@SD,,,,https://i.imgur.com/uVt9vBa.png,General,,iptv-org-all.txt
IBN TV (480p),http://138.68.138.119:8080/live/5a8993709ea19/index.m3u8,,,,IBNTV.tz@SD,,,,https://i.imgur.com/hkV51ij.png,Religious,,iptv-org-all.txt
IBN TV Africa (720p),http://68.183.41.209:8080/live/5d9a537c64b9c/index.m3u8,,,,IBNTVAfrica.tz@SD,,,,https://i.imgur.com/eKy2ocd.png,Religious,,iptv-org-all.txt
iCarly,https://jmp2.uk/plu-5e8b580a233dc90007f0cb9d.m3u8,,,,iCarly.de@DACH,,,,https://images.pluto.tv/channels/5e8b580a233dc90007f0cb9d/colorLogoPNG.png,Kids,,iptv-org-all.txt
iCarly,https://jmp2.uk/plu-6181404ef48321000797bc41.m3u8,,,,iCarly.de@ES,,,,https://images.pluto.tv/channels/5e8b580a233dc90007f0cb9d/colorLogoPNG.png,Kids,,iptv-org-all.txt
iCarly,https://jmp2.uk/plu-61c0b9aab7facb0007913908.m3u8,,,,iCarly.se@DK,,,,https://images.pluto.tv/channels/61c0b9aab7facb0007913908/colorLogoPNG.png,Kids,,iptv-org-all.txt
iCarly,https://jmp2.uk/plu-61c1d9b31a9c310008f8ee57.m3u8,,,,iCarly.se@NO,,,,https://images.pluto.tv/channels/61c0b9aab7facb0007913908/colorLogoPNG.png,Kids,,iptv-org-all.txt
iCarly,https://jmp2.uk/plu-61c185049e0bde0007820039.m3u8,,,,iCarly.se@SE,,,,https://images.pluto.tv/channels/61c0b9aab7facb0007913908/colorLogoPNG.png,Kids,,iptv-org-all.txt
iCarly TV,https://jmp2.uk/plu-5f8ecc7aa44d9c00081fca29.m3u8,,,,iCarly.de@FR,,,,https://images.pluto.tv/channels/5e8b580a233dc90007f0cb9d/colorLogoPNG.png,Kids,,iptv-org-all.txt
iCarly TV,https://jmp2.uk/plu-6450209d939a5900084dba1d.m3u8,,,,iCarly.us@SD,,,,https://images.pluto.tv/channels/620ff46e0a576e0007dc2f89/colorLogoPNG.png,Series,,iptv-org-all.txt
Icaro TV (720p) [Not 24/7],https://59d7d6f47d7fc.streamlock.net/icarotv/icarotv/playlist.m3u8,,,,IcaroTV.it@SD,,,,https://i.imgur.com/nWBWzNy.png,General,,iptv-org-all.txt
ICC Plus (1080p),https://icchls.wns.live/hls/stream.m3u8,,,,ICCplus.us@SD,,,,,Movies,,iptv-org-all.txt
Ice Pilots,https://jmp2.uk/plu-5ce40f42ba7f7f5ea9518fe1.m3u8,,,,IcePilots.us@Germany,,,,https://i.imgur.com/F8GBYq3.png,Series,,iptv-org-all.txt
Ice Road Truckers (720p),https://jmp2.uk/plu-657884cba620e30008fe33e1.m3u8,,,,,,,,,Undefined,,iptv-org-all.txt
Ice Road Truckers (720p),https://jmp2.uk/plu-62beb6c0371e6c000775930f.m3u8,,,,,,,,,Undefined,,iptv-org-all.txt
Ice Road Truckers (720p),https://6ffa57ba.wurl.com/master/f36d25e7e52f1ba8d7e56eb859c636563214f541/UmFrdXRlblRWLWdiX0ljZVJvYWRUcnVja2Vyc19ITFM/playlist.m3u8,,,,,,,,,Undefined,,iptv-org-all.txt
Ice Road Truckers (720p),https://7aac8d7e.wurl.com/master/f36d25e7e52f1ba8d7e56eb859c636563214f541/U2Ftc3VuZy1nYl9JY2VSb2FkVHJ1Y2tlcnNfSExT/playlist.m3u8,,,,,,,,,Undefined,,iptv-org-all.txt
Ice Road Truckers (720p),https://d27c7ivrw07fxl.cloudfront.net/v1/aenetworks_iceroadtruckers_1/samsungheadend_us/latest/main/hls/playlist.m3u8,,,,,,,,,Undefined,,iptv-org-all.txt
Ice Road Truckers,https://jmp2.uk/plu-633560bfa693390008b99cf0.m3u8,,,,,,,,,Undefined,,iptv-org-all.txt
Ice Road Truckers,https://jmp2.uk/plu-68c8201b1e5aaf77c47d9605.m3u8,,,,,,,,,Undefined,,iptv-org-all.txt
Icel TV (720p) [Not 24/7],https://edge1.socialsmart.tv/iceltv/bant1/playlist.m3u8,,,,IcelTV.tr@SD,,,,https://i.imgur.com/CGwImKv.png,Undefined,,iptv-org-all.txt
ICI Montreal (720p),https://amdici.akamaized.net/hls/live/873426/ICI-Live-Stream/master.m3u8,,,,CFHDDT.ca@SD,,,,https://i.imgur.com/x0vLIWr.png,General,,iptv-org-all.txt
Ici Radio-Canada Télé (1080p) [Geo-blocked],https://rcavlive-dai.akamaized.net/hls/live/696614/cancbftprem/master.m3u8,,,,CBFTDT.ca@SD,,,,https://i.imgur.com/pFCJGj4.png,General,,iptv-org-all.txt
Ici Radio-Canada Télé Alberta (CBXFT-DT) [Geo-blocked],https://rcavlive.akamaized.net/hls/live/704020/cancbxft/master.m3u8,,,,CBXFTDT.ca@SD,,,,https://i.imgur.com/xN4Valg.png,General,,iptv-org-all.txt
Ici Radio-Canada Télé Colombie-Britannique/Yukon (CBUFT-DT) [Geo-blocked],https://rcavlive.akamaized.net/hls/live/704017/cancbuft/master.m3u8,,,,CBUFTDT.ca@SD,,,,https://upload.wikimedia.org/wikipedia/en/thumb/c/cf/Current_Logo_of_Ici_Radio-Canada_T%C3%A9l%C3%A9_%282016-present%29.svg/960px-Current_Logo_of_Ici_Radio-Canada_T%C3%A9l%C3%A9_%282016-present%29.svg.png,General,,iptv-org-all.txt
Ici Radio-Canada Télé Est du Québec (CJBR-DT) [Geo-blocked],https://rcavlive.akamaized.net/hls/live/704024/cancjbr/master.m3u8,,,,CJBRDT.ca@SD,,,,https://i.imgur.com/1B3d8Jc.png,General,,iptv-org-all.txt
Ici Radio-Canada Télé Estrie (CKSH-DT) [Geo-blocked],https://rcavlive.akamaized.net/hls/live/704016/cancksh/master.m3u8,,,,CKSHDT.ca@SD,,,,https://upload.wikimedia.org/wikipedia/commons/thumb/9/92/SRC-TV.svg/960px-SRC-TV.svg.png,General,,iptv-org-all.txt
Ici Radio-Canada Télé Manitoba (CBWFT-DT) [Geo-blocked],https://rcavlive.akamaized.net/hls/live/704018/cancbwft/master.m3u8,,,,CBWFTDT.ca@SD,,,,https://upload.wikimedia.org/wikipedia/commons/thumb/c/c8/ICI_Manitoba_logo_2018.svg/960px-ICI_Manitoba_logo_2018.svg.png,General,,iptv-org-all.txt
Ici Radio-Canada Télé Mauricie/Centre-du-Québec (CKTM-DT) [Geo-blocked],https://rcavlive.akamaized.net/hls/live/704021/cancktm/master.m3u8,,,,CKTMDT.ca@SD,,,,https://upload.wikimedia.org/wikipedia/commons/thumb/9/92/SRC-TV.svg/960px-SRC-TV.svg.png,General,,iptv-org-all.txt
Ici Radio-Canada Télé Ontario (CBLFT-DT) [Geo-blocked],https://rcavlive.akamaized.net/hls/live/704022/cancblft/master.m3u8,,,,CBLFTDT.ca@SD,,,,https://i.imgur.com/1f798e8.png,General,,iptv-org-all.txt
Ici Radio-Canada Télé Ottawa/Gatineau (CBOFT-DT) [Geo-blocked],https://rcavlive.akamaized.net/hls/live/664046/cancboft/master.m3u8,,,,CBOFTDT.ca@SD,,,,https://i.imgur.com/373Y8Py.png,General,,iptv-org-all.txt
Ici Radio-Canada Télé Québec (CBVT-DT) [Geo-blocked],https://rcavlive.akamaized.net/hls/live/664045/cancbvt/master.m3u8,,,,CBVTDT.ca@SD,,,,https://upload.wikimedia.org/wikipedia/en/thumb/c/cf/Current_Logo_of_Ici_Radio-Canada_T%C3%A9l%C3%A9_%282016-present%29.svg/960px-Current_Logo_of_Ici_Radio-Canada_T%C3%A9l%C3%A9_%282016-present%29.svg.png,General,,iptv-org-all.txt
Ici Radio-Canada Télé Saguenay/Lac-St-Jean (CKTV-DT) [Geo-blocked],https://rcavlive.akamaized.net/hls/live/704023/cancktv/master.m3u8,,,,CKTVDT.ca@SD,,,,https://upload.wikimedia.org/wikipedia/commons/thumb/9/92/SRC-TV.svg/960px-SRC-TV.svg.png,General,,iptv-org-all.txt
Ici Radio-Canada Télé Saskatchewan (CBKFT-DT) [Geo-blocked],https://rcavlive.akamaized.net/hls/live/704019/cancbkft/master.m3u8,,,,CBKFTDT.ca@SD,,,,https://upload.wikimedia.org/wikipedia/commons/thumb/b/b7/ICI_Saskatchewan_logo_2018.svg/960px-ICI_Saskatchewan_logo_2018.svg.png,General,,iptv-org-all.txt
Ici Radio-Canada Télé Terre-Neuve-et-Labrador (CBAFT-DT) [Geo-blocked],https://rcavlive.akamaized.net/hls/live/704014/cancbaft/master.m3u8,,,,CBAFTDT.ca@SD,,,,https://upload.wikimedia.org/wikipedia/commons/thumb/2/25/ICI_Acadie_logo_2018.svg/960px-ICI_Acadie_logo_2018.svg.png,General,,iptv-org-all.txt
ICI RDI (720p),https://rcavlive.akamaized.net/hls/live/704025/xcanrdi/master.m3u8,,,,IciRDI.ca@SD,,,,https://upload.wikimedia.org/wikipedia/commons/thumb/0/0a/ICI_RDI_logo.svg/960px-ICI_RDI_logo.svg.png,News,,iptv-org-all.txt
ICN Digital,https://streaming.icndigital.com/live_output/icn_live_stream_1.m3u8,,,,ICNDigital.hn@SD,,,,https://i.imgur.com/UCZVQgj.png,News,,iptv-org-all.txt
icnet 1,https://icnet1hls.wns.live/hls/stream.m3u8,,,,ICnet1.ca@SD,,,,https://i.imgur.com/aeS4Sjv.png,Religious,,iptv-org-all.txt
icnet 2,https://icnet2hls.wns.live/hls/stream.m3u8,,,,ICnet2.ca@SD,,,,https://i.imgur.com/Ke5xn4E.png,Religious,,iptv-org-all.txt
icnet 3,https://ic3hls.wns.live/hls/stream.m3u8,,,,icnet3.ca@SD,,,,,Religious,,iptv-org-all.txt
Icon Film Channel (720p),https://iconfilmsdistribution-iconfilmchannelclassics-1-gb.samsung.wurl.tv/playlist.m3u8,,,,,,,,,Undefined,,iptv-org-all.txt
ICONE TV,https://lecteur.iconetv.bj/hls/stream.m3u8,,,,ICONETV.bj@SD,,,,https://i.imgur.com/Aws11wj.jpeg,News,,iptv-org-all.txt
Icons Unearthed+,https://jmp2.uk/plu-686fc8fe1889b4ad04604704.m3u8,,,,,,,,,Undefined,,iptv-org-all.txt
ICRTV Colima (1080p),https://5fc584f3f19c9.streamlock.net/icrtvcolima/smil:icrtvcolima.smil/playlist.m3u8,,,,IcrtvColima.mx@SD,,,,https://i.imgur.com/iUks0ot.png,Legislative,,iptv-org-all.txt
Ictimai TV,https://live.itv.az/itv.m3u8,,,,IctimaiTV.az@SD,,,,https://i.imgur.com/HzY4VMo.png,General,,iptv-org-all.txt
ICTV (480p) [Not 24/7],https://goliveafrica.media:9998/live/659a7f33bed3f/index.m3u8,,,,ICTV.ke@SD,,,,https://i.imgur.com/0kMhqK3.png,Religious,,iptv-org-all.txt
ID,http://213.91.179.28:8000/play/a0cf,,,,ID.bg@SD,,,,,Documentary,,iptv-org-all.txt
Ideaal TV (480p) [Not 24/7],https://ms2.mx-cd.net/dtv-09/236-2051366/Ideaal_TV.smil/playlist.m3u8,,,,IdeaalTV.nl@SD,,,,https://i.imgur.com/JLYQFoX.png,General,,iptv-org-all.txt
Ideas en 5 minutos (1080p),https://soul-5mincraftspa-rakuten.amagi.tv/playlist.m3u8,,,,,,,,,Undefined,,iptv-org-all.txt
Identité Télé Caraïbes (548p),https://vdo2.pro-fhi.net:3769/stream/play.m3u8,,,,IdentiteTeleCaraibes.mq@SD,,,,https://i.imgur.com/Atsf6Cd.png,Music,,iptv-org-all.txt
IDJTV,https://best-str.umn.cdn.united.cloud/stream?channel=idjhd&p=In$trum300na765ta&player=m3u8&sp=idjtv&stream=hp1400&u=idjtv,,,,IDJTV.rs@SD,,,,https://i.imgur.com/btvyrzr.png,Undefined,,iptv-org-all.txt
IDTV (720p) [Not 24/7],https://b1world.beritasatumedia.com/Beritasatu/B1World_manifest.m3u8,,,,,,,,,Undefined,,iptv-org-all.txt
IeanJesus Ecuador (720p),https://cloud37.ecuatel.com/iglesia2020/Stream1/playlist.m3u8,,,,IeanJesusEcuador.ec@SD,,,,https://i.imgur.com/TyckDSV.png,Religious,,iptv-org-all.txt
IERTBCS Canal 8.2 La Paz (1080p) [Not 24/7],https://s5.mexside.net:1936/xhbzc82/xhbzc82/playlist.m3u8,,,,IERTBCSCanal82.mx@SD,,,,https://i.imgur.com/R3icGuG.png,Entertainment,,iptv-org-all.txt
IERTBCS Canal 8 La Paz (1080p) [Not 24/7],https://s5.mexside.net:1936/xhbzc81/xhbzc81/playlist.m3u8,,,,XHBZCTDT.mx@SD,,,,https://i.imgur.com/R3icGuG.png,General,,iptv-org-all.txt
IFC (1080p),http://23.237.104.106:8080/USA_IFC/index.m3u8,,,,IFC.us@East,,,,https://i.imgur.com/bQdkyF9.png,Movies,,iptv-org-all.txt
iFilm 2,https://live.presstv.ir/hls/ifilm2.m3u8,,,,iFilm2.ir@SD,,,,https://upload.wikimedia.org/wikipedia/fa/c/ce/Ifilm2logo.png,Movies,,iptv-org-all.txt
iFilm Arabic,https://live.presstv.ir/hls/ifilmar.m3u8,,,,iFilmArabic.ir@SD,,,,https://upload.wikimedia.org/wikipedia/commons/b/b9/IFILM.png,Movies,,iptv-org-all.txt
iFilm English,https://live.presstv.ir/hls/ifilmen.m3u8,,,,iFilmEnglish.ir@SD,,,,https://upload.wikimedia.org/wikipedia/commons/b/b9/IFILM.png,Movies,,iptv-org-all.txt
iFilm Persian,https://live.presstv.ir/hls/ifilmfa.m3u8,,,,iFilmPersian.ir@SD,,,,https://upload.wikimedia.org/wikipedia/commons/b/b9/IFILM.png,Movies,,iptv-org-all.txt
Iglesia Del Camino (480p) [Not 24/7],http://streamingcontrol.com:1935/ectv/ectv/playlist.m3u8,,,,IglesiaDelCamino.gt@SD,,,,https://i.imgur.com/vHfb3Z4.png,Religious,,iptv-org-all.txt
Ignite Television (1080p) [Not 24/7],https://rpn.bozztv.com/ignitelive/ignitetv/ignitetv/tracks-v1a1/mono.m3u8,,,,IgniteTelevision.gy@SD,,,,https://i.imgur.com/aQI9tsg.jpeg,General,,iptv-org-all.txt
IIPC TV (720p),https://rpn.bozztv.com/dvrfl03/iipctv/index.m3u8,,,,IIPCTV.ca@SD,,,,https://i.imgur.com/mIih39Y.png,Religious,,iptv-org-all.txt
Il Banco dei Pugni,https://jmp2.uk/plu-60e4507a06171800072339a3.m3u8,,,,IlBancodeiPugni.us@Italy,,,,https://i.imgur.com/NZDUlME.png,Entertainment,,iptv-org-all.txt
Il Sole24Ore TV (720p),https://jmp2.uk/plu-6971fc932c004063166ac8fd.m3u8,,,,,,,,,Undefined,,iptv-org-all.txt
Il Testimone,https://jmp2.uk/plu-61fbd3f0733df400076c9a2d.m3u8,,,,IlTestimone.de@IT,,,,https://images.pluto.tv/channels/61fbd3f0733df400076c9a2d/colorLogoPNG.png,Entertainment,,iptv-org-all.txt
Ilam,https://ncdn.telewebion.ir/ilam/live/playlist.m3u8,,,,IlamTV.ir@SD,,,,https://upload.wikimedia.org/wikipedia/commons/thumb/5/50/Ilam_TV.png/960px-Ilam_TV.png,General,,iptv-org-all.txt
Ilke TV (1080p),https://stream.ilketv.com.tr/hls/ilkecanli.m3u8,,,,IlkeTV.tr@HD,,,,https://ilketv.com.tr/wp-content/uploads/2024/06/logo.png,Undefined,,iptv-org-all.txt
Ilm va Tabiat (1080p),https://live.teleradiocom.tj/15/3m.m3u8,,,,IlmvaTabiat.tj@SD,,,,https://i.imgur.com/MDULX7X.png,Science,,iptv-org-all.txt
ILTV (720p),https://live.creacast.com/iltv/smil:iltv.smil/playlist.m3u8,,,,ILTV.fr@SD,,,,https://i.imgur.com/fVhrJHK.png,Undefined,,iptv-org-all.txt
Imagen TV (1080p),https://igd-it-runtime.otteravision.com/igd/it/it.m3u8,,,,ImagenTV.mx@SD,,,,https://i.imgur.com/lKrRvtS.png,General,,iptv-org-all.txt
Imagen Universal TV,https://imagenuniversaltv.net:3771/live/iutvlive.m3u8,,,,ImagenUniversalTV.do@SD,,,,https://i.imgur.com/DP6HmDV.png,General,,iptv-org-all.txt
Imai TV (1080p),https://live20.bozztv.com/akamaissh101/ssh101/imaitv/playlist.m3u8,,,,ImaiTV.lk@SD,,,,https://i.imgur.com/9tODclu.png,Culture,,iptv-org-all.txt
Imam Hussein TV 1 (1080p),http://fa.imamhossaintv.com/live/ih1.m3u8,,,,ImamHusseinTV1.iq@SD,,,,https://i.imgur.com/pDdUvz7.png,Religious,,iptv-org-all.txt
Imam Hussein TV 2 (1080p),http://ar.imamhossaintv.com/live/ih2.m3u8,,,,ImamHusseinTV2.iq@SD,,,,https://i.imgur.com/IXVSPdJ.png,Religious,,iptv-org-all.txt
Imam Hussein TV 3 (1080p),http://en.imamhossaintv.com/live/ih3.m3u8,,,,ImamHusseinTV3.iq@SD,,,,https://i.imgur.com/emQRHQZ.png,Religious,,iptv-org-all.txt
Imam Hussein TV 4 (1080p),http://ur.imamhossaintv.com/live/ih4.m3u8,,,,ImamHusseinTV4.iq@SD,,,,https://i.imgur.com/0UYcylY.png,Religious,,iptv-org-all.txt
Imam Hussein TV 5 (720p),http://live.al-zahratv.com/live/playlist.m3u8,,,,ImamHusseinTV5.iq@SD,,,,https://i.imgur.com/Oq2Ve7C.png,Religious,,iptv-org-all.txt
Imam Hussein TV 6 (1080p),http://live.imamhossaintv.com/live/ih6.m3u8,,,,ImamHusseinTV6.iq@SD,,,,https://i.imgur.com/lqhU0PY.png,Religious,,iptv-org-all.txt
Iman TV (480p),https://live.relentlessinnovations.net:1936/imantv/imantv/playlist.m3u8,,,,ImanTV.us@SD,,,,https://i.imgur.com/Vo6cEYi.png,Religious,,iptv-org-all.txt
Imás TV (1080p) [Not 24/7],https://secure3.todostreaming.es/live/imastv-livestream.m3u8,,,,ImasTV.es@SD,,,,https://i.imgur.com/a9hgTmM.png,General,,iptv-org-all.txt
Imedi TV (1080p),https://tv.cdn.xsg.ge/imedihd/index.m3u8,,,,ImediTV.ge@SD,,,,https://i.imgur.com/94hNyxZ.png,General,,iptv-org-all.txt
Immaculata TV (720p),https://g5nl63z8lpq6-hls-live.5centscdn.com/tvistream/a5586d8ea3b7b021120a05c60dc59876.sdp/playlist.m3u8,,,,ImmaculataTV.ch@SD,,,,https://i.imgur.com/8WsYVpt.png,Religious,,iptv-org-all.txt
Impact Channel,https://5fe2654d6127d.streamlock.net/impactchannel/videoimpactchannel/playlist.m3u8,,,,ImpactChannel.cr@SD,,,,https://i.imgur.com/YRRID7W.png,Religious,,iptv-org-all.txt
Impact Network (720p),https://edge1.lifestreamcdn.com/live/impactroku1/index.m3u8,,,,ImpactNetwork.us@SD,,,,https://i.imgur.com/57NH9sS.png,Entertainment,,iptv-org-all.txt
Impact TV,https://edge11.vedge.infomaniak.com/livecast/ik:impacttv-2/manifest.m3u8,,,,ImpactTV.bf@SD,,,,https://i.imgur.com/nynh5LY.png,Religious,,iptv-org-all.txt
Impact TV Dance (1080p),https://online.tvimpact.live/hls/dancetv.m3u8,,,,ImpactTVDance.ro@SD,,,,https://i.imgur.com/G5mNdpE.png,Music,,iptv-org-all.txt
Impact TV Manele (1080p),https://online.tvimpact.live/hls/impact_tv.m3u8,,,,ImpactTVManele.ro@SD,,,,https://i.imgur.com/G5mNdpE.png,Music,,iptv-org-all.txt
Impacto Televisión (360p) [Not 24/7],https://cloudvideo.servers10.com:8081/impactotv/index.m3u8,,,,ImpactoTelevision.pe@SD,,,,https://i.imgur.com/bkpCGP6.png,Entertainment,,iptv-org-all.txt
Imperial Television (720p),https://live-evg5.tv360.bitel.com.pe/bitel/imperialSRT/playlist.m3u8,,,,ImperialTelevision.pe@SD,,,,https://i.imgur.com/eYXqkyN.png,Undefined,,iptv-org-all.txt
Imperial TV (720p),https://tv.centaurychile.com/imperial/streams/EnCyCiwNLsqEQ2kv2852222720686498.m3u8,,,,ImperialTV.bo@SD,,,,https://i.ibb.co/8XHSVWY/IMG-20210613-153444.png,General,,iptv-org-all.txt
Imperio TV Canal 6 (720p),https://live21.bozztv.com/akamaissh101/ssh101/imperiotvcanal6/playlist.m3u8,,,,ImperioTVCanal6.ec@SD,,,,https://i.imgur.com/NrsNljx.png,General,,iptv-org-all.txt
Impossible Quiz Show (1080p),https://bbc-impossible-1-us.roku.wurl.tv/playlist.m3u8,,,,ImpossibleQuizShow.us@SD,,,,https://i.imgur.com/9EWffqx.png,Series,,iptv-org-all.txt
In Depth with Graham Bensinger (1080p),https://d3l6x4fdwxv0np.cloudfront.net/In_Depth_With_Graham_Bensinger.m3u8,,,,,,,,,Undefined,,iptv-org-all.txt
In The Black Network (720p),https://stream.ads.ottera.tv/playlist.m3u8?content_livestream=1&network_id=16206,,,,,,,,,Undefined,,iptv-org-all.txt
In the kitchen (720p),https://qvc-amd-live.akamaized.net/hls/live/2034113/lsqvc4us/master.m3u8,,,,IntheKitchen.us@SD,,,,https://i.imgur.com/HrRUd6r.png,Cooking;Shop,,iptv-org-all.txt
In Touch+ (1080p) [Geo-blocked],https://amg01540-amg01540c1-amgplt0095.playout.now3.amagi.tv/playlist.m3u8,,,,InTouchPlus.us,,,,https://d2cc5gnf1jy2pj.cloudfront.net/custom_landing_pages/intouchplus/intouchplus_logo.svg,Religious,,iptv-org-all.txt
INA 70 (720p),https://jmp2.uk/plu-639b54404cfdf7000729b3c1.m3u8,,,,,,,,,Undefined,,iptv-org-all.txt
INA 70s (1080p),https://fast-rakuten.okast.tv/fa2e8c4385712f9af3e719ec904b3543/channels/34d82f76-b51f-4bf5-9b35-769fb5904e79/96f96405-90e7-489a-a1e6-8ede5d2b4933/media_.m3u8,,,,,,,,,Undefined,,iptv-org-all.txt
INA Ardivision (1080p),https://fast-rakuten.okast.tv/fa2e8c4385712f9a3b579747e448699c/channels/34d82f76-b51f-4bf5-9b35-769fb5904e79/a4226699-b685-4f5d-9cb6-2a6cac14c377/media_.m3u8,,,,,,,,,Undefined,,iptv-org-all.txt
Inazuma Eleven,https://jmp2.uk/plu-632c6df43d2bc5000751f621.m3u8,,,,InazumaEleven.us@France,,,,https://i.imgur.com/pLv0T3D.png,Kids;Series,,iptv-org-all.txt
Inazuma Eleven Go Italy (720p),https://minerva-pictures-inazumaelevengo-1-it.rakuten.wurl.tv/playlist.m3u8,,,,,,,,,Undefined,,iptv-org-all.txt
INC Radio (1080p),https://stream-243529.castr.net/6842a712b68c56f675d988f1/live_b60a96e056fc11f084c05f5d0649296b/rewind-1800.m3u8,,,,INCRadio.ph@SD,,,,https://i.imgur.com/y2Nrr68.png,Religious,,iptv-org-all.txt
INC TV (1080p),https://stream-243529.castr.net/6842a712b68c56f675d988f1/live_f5ac22b0566511f0805217b960326aaa/rewind-1800.m3u8,,,,INCTV.ph@SD,,,,https://i.imgur.com/JGSLqA6.png,Religious,,iptv-org-all.txt
Income Property,https://jmp2.uk/plu-62e926429cb58900088f951f.m3u8,,,,,,,,,Undefined,,iptv-org-all.txt
Incroyables Transformations (720p),https://jmp2.uk/plu-66f55d205e4a6e0008c2b92b.m3u8,,,,,,,,,Undefined,,iptv-org-all.txt
Ind 24 (576p),https://mumt06.tangotv.in/qYyB8fXVIND24/index.m3u8,,,,Ind24.in@SD,,,,https://i.imgur.com/exRpVmL.png,News,,iptv-org-all.txt
India Ahead (576p),https://mumt05.tangotv.in/87NeALx2INDIAAHEAD/index.m3u8,,,,IndiaAhead.in@SD,,,,https://i.imgur.com/hBkTmf9.png,News,,iptv-org-all.txt
India Daily Live (1080p),https://indiadaily.ottlive.co.in/indiadailylive/index.m3u8,,,,IndiaDailyLive.in@SD,,,,https://jiotvimages.cdn.jio.com/dare_images/images/India_Daily_24x7.png,News,,iptv-org-all.txt
India News Madhya Pradesh/Chhattisgarh (576p),https://livetv.newsx.com/itv/itvnetwork7/playlist.m3u8,,,,IndiaNewsMadhyaPradeshChhattisgarh.in@SD,,,,https://jiotvimages.cdn.jio.com/dare_images/images/India_News_MP.png,News,,iptv-org-all.txt
India Today (720p),https://d1rc86nwwc9fag.cloudfront.net/vglive-sk-293160/master.m3u8,,,,IndiaToday.in@SD,,,,https://xstreamcp-assets-msp.streamready.in/assets/LIVETV/LIVECHANNEL/LIVETV_LIVETVCHANNEL_INDIA_TODAY/images/LOGO_HD/image.png,News,,iptv-org-all.txt
India TV (720p),https://pl-indiatvnews.akamaized.net/out/v1/db79179b608641ceaa5a4d0dd0dca8da/index.m3u8,,,,IndiaTV.in@SD,,,,https://xstreamcp-assets-msp.streamready.in/assets/LIVETV/LIVECHANNEL/LIVETV_LIVETVCHANNEL_INDIA_TV/images/LOGO_HD/image.png,News,,iptv-org-all.txt
India TV Aap Ki Adalat (1080p) [Geo-blocked],https://amg01550-amg01550c6-samsung-in-4679.playouts.now.amagi.tv/playlist/amg01550-indiatvfast-indiatvakasamsung-samsungin/playlist.m3u8,,,,IndiaTVAapKiAdalat.in@SD,,,,https://play-lh.googleusercontent.com/2IlBX3IQHna8g4g-56vwGWb14K38spcviIh3i7uJCJ32ydfhcKZdOsacgijPkPeerEA,Documentary;News,,iptv-org-all.txt
India TV Speed News (1080p),https://cc-lyf4c0hwzg5dd.akamaized.net/v1/master/3722c60a815c199d9c0ef36c5b73da68a62b09d1/cc-lyf4c0hwzg5dd/v1/vglive-sk-479089/main.m3u8,,,,IndiaTVSpeedNews.in@HD,,,,https://xstreamcp-assets-msp.streamready.in/assets/LIVETV/LIVECHANNEL/LIVETV_LIVETVCHANNEL_INDIA_TV_SPEED_NEWS/images/LOGO_HD/image.png,News,,iptv-org-all.txt
India Voice (576p),https://d1msejlow1t3l4.cloudfront.net/fta/indiavoice/playlist.m3u8,,,,IndiaVoice.in@SD,,,,https://jiotvimages.cdn.jio.com/dare_images/images/India_Voice.png,News,,iptv-org-all.txt
Indigenous Television (720p),https://np.truestreamz.com/broadcaster/INDIGENOUSmob.stream/playlist.m3u8,,,,IndigenousTelevision.np@SD,,,,https://i.ibb.co/2MByL1X/indigenous-television.png,General,,iptv-org-all.txt
Indiyskoye Kino (576p),http://188.113.190.12/329/index.m3u8,,,,IndiyskoyeKino.ru@SD,,,,https://i.imgur.com/LL8GyCh.png,Movies,,iptv-org-all.txt
Indywood TV (720p),https://43wrzjnpqoxe-hls-live.wmncdn.net/indywood/indywoodtv/index.m3u8,,,,IndywoodTV.in@SD,,,,https://i.ibb.co/jT3NCPp/logo-tv.png,Movies;News,,iptv-org-all.txt
INews (720p),https://cdn-1.pishow.tv/live/411/master.m3u8,,,,INews.in@SD,,,,https://jiotvimages.cdn.jio.com/dare_images/images/I_News.png,News,,iptv-org-all.txt
iNews HD (720p),https://mncmedia.malingtv.workers.dev/inews.m3u8,,,,iNews.id@HD,,,,https://i.imgur.com/M2R3lfg.png,News,,iptv-org-all.txt
iNEWS TV (1080p),https://live.i-news.tv/hls/stream.m3u8,,,,INews.iq@SD,,,,https://i.imgur.com/9lOuzHQ.png,News,,iptv-org-all.txt
INFAST (1080p),https://amg00861-terninternation-lifestyle-samsungau-kdlyy.amagi.tv/playlist/amg00861-terninternation-lifestyle-samsungau/playlist.m3u8,,,,INFAST.nl@SD,,,,https://i.imgur.com/VwAMqA7.png,Lifestyle,,iptv-org-all.txt
Infinita TV (1080p),https://s2.tvdatta.com:3753/hybrid/play.m3u8,,,,InfinitaTV.ec@SD,,,,https://i.imgur.com/1nHxdkR.png,Music,,iptv-org-all.txt
Informatia TV,https://informatia.streamnet.ro/mobile_tv/informatiatv.m3u8,,,,InformatiaTV.ro@SD,,,,https://i.imgur.com/P1ZbVRg.png,News,,iptv-org-all.txt
Informe TV (1080p) [Not 24/7],https://edge.essastream.com/informetv/tracks-v1a1/mono.m3u8,,,,InformeTV.do@HD,,,,https://imgur.com/TmJaXrO.jpg,General,,iptv-org-all.txt
InfoWars Network (1080p),https://freespeech.akamaized.net/hls/live/2016712/live1/playlist.m3u8,,,,InfoWars.us@SD,,,,https://i.imgur.com/a7h9epj.png,News,,iptv-org-all.txt
InfoWars The Alex Jones Show (1080p),https://freespeech.akamaized.net/hls/live/2024573/live2/playlist.m3u8,,,,,,,,,Undefined,,iptv-org-all.txt
InfoWars The American Journal (1080p),https://freespeech.akamaized.net/hls/live/2016873/live3/playlist.m3u8,,,,,,,,,Undefined,,iptv-org-all.txt
InfoWars War Room With Owen Shroyer (1080p),https://freespeech.akamaized.net/hls/live/2024574/live4/playlist.m3u8,,,,,,,,,Undefined,,iptv-org-all.txt
Ingenio TV (720p) [Geo-blocked],https://aprende-usea.streaming.media.azure.net/9317ea3f-03a0-4266-9292-ac97a0e41c4d/output-20230609-123537-manifest.ism/manifest(format=m3u8-cmaf).m3u8,,,,IngenioTV.mx@SD,,,,https://i.imgur.com/pAppH1M.png,Undefined,,iptv-org-all.txt
INH 24x7 (396p),https://d1msejlow1t3l4.cloudfront.net/fta/inh24x7/playlist.m3u8,,,,INH24x7.in@SD,,,,https://xstreamcp-assets-msp.streamready.in/assets/LIVETV/LIVECHANNEL/LIVETV_LIVETVCHANNEL_INH_24X7/images/LOGO_HD/image.png,News,,iptv-org-all.txt
Ink Master,https://jmp2.uk/plu-655f2d713944b60008bc7e90.m3u8,,,,InkMaster.us@CA,,,,https://images.pluto.tv/channels/655f2d713944b60008bc7e90/colorLogoPNG.png,Documentary,,iptv-org-all.txt
Ink Master,https://jmp2.uk/plu-60807fd5db701400078219c2.m3u8,,,,InkMaster.us@SD,,,,https://images.pluto.tv/channels/655f2d713944b60008bc7e90/colorLogoPNG.png,Documentary,,iptv-org-all.txt
Inmaculada TV (720p) [Not 24/7],https://live20.bozztv.com/akamaissh101/ssh101/radiotvcholy/playlist.m3u8,,,,InmaculadaTV.hn@SD,,,,https://i.imgur.com/2lisFJV.png,Religious,,iptv-org-all.txt
Inooro TV,https://live-onesignal.royalmedia.co.ke/live/T-MxRsFebq6zx7k2QFMbLw.m3u8,,,,InooroTV.ke@SD,,,,https://i.imgur.com/5qFJtmo.png,General,,iptv-org-all.txt
Insayt TV (2160p),https://stream8.cinerama.uz/1416/tracks-v1a1/mono.m3u8,,,,InsaytTV.ru@4K,,,,https://i.imgur.com/slLuRel.png,Undefined,,iptv-org-all.txt
Inside Crime (1080p),https://aenetworks-insidecrime-rakuten.amagi.tv/playlist.m3u8,,,,InsideCrime.us@UK,,,,https://i.imgur.com/wvQYWsj.png,Series,,iptv-org-all.txt
Inside Outside (720p),https://all3media-international-insideoutside-1-au.samsung.wurl.tv/playlist.m3u8,,,,,,,,,Undefined,,iptv-org-all.txt
Inside Outside (720p),https://all3media-international-insideoutside-1-nz.samsung.wurl.tv/playlist.m3u8,,,,,,,,,Undefined,,iptv-org-all.txt
Inside Outside (720p),https://all3media-international-insideoutside-2-gb.samsung.wurl.tv/playlist.m3u8,,,,,,,,,Undefined,,iptv-org-all.txt
Inspetor Bugiganga,https://jmp2.uk/plu-69162648d03565d6c8c8df97.m3u8,,,,,,,,,Undefined,,iptv-org-all.txt
Instant Saga,https://jmp2.uk/plu-60549e98061b5f000776866a.m3u8,,,,InstantSaga.us@US,,,,https://i.imgur.com/PMpwaQN.png,Series,,iptv-org-all.txt
INTER 24/7 (1080p),https://amg27604-amg27604c1-amgplt0002.playout.now3.amagi.tv/playlist/amg27604-amg27604c1-amgplt0002/playlist.m3u8,,,,,,,,,Undefined,,iptv-org-all.txt
Inter 24/7 (720p),https://jmp2.uk/plu-691ed76a9c828fb484f7c2e5.m3u8,,,,,,,,,Undefined,,iptv-org-all.txt
Inter 24/7 (720p),https://jmp2.uk/plu-691ed77b1308fa77bb2d5562.m3u8,,,,,,,,,Undefined,,iptv-org-all.txt
Inter 24/7,https://jmp2.uk/plu-691ed751bef819002f2c7296.m3u8,,,,,,,,,Undefined,,iptv-org-all.txt
Inter 24/7,https://jmp2.uk/plu-691c5bef3a369d8f40192e71.m3u8,,,,,,,,,Undefined,,iptv-org-all.txt
Inter TV (1080p),https://d3k8wzt41aflvx.cloudfront.net/INTERTV/Live.m3u8,,,,InterTV.it@SD,,,,https://i.imgur.com/FUTqh2L.png,Sports,,iptv-org-all.txt
Inter+ (720p),https://cdn15.live-tv.cloud/ua_infinitas_tv/inter-abr/playlist.m3u8,,,,InterPlus.ua@SD,,,,https://i.imgur.com/Y392Hh4.png,General,,iptv-org-all.txt
Interactiva TV (720p),https://unlimited2-cl-isp.dps.live/radiointeractiva/radiointeractiva.smil/playlist.m3u8,,,,InteractivaTV.cl@SD,,,,https://i.imgur.com/RcjwlX4.png,General,,iptv-org-all.txt
Interactivo Television (720p),https://mist01.homestream.fun/hls/interactivotv2/index.m3u8,,,,InteractivoTelevision.bo@SD,,,,https://i.imgur.com/sGOSDo2.jpeg,General,,iptv-org-all.txt
Interalmeria TV (1080p),https://interalmeria.tv/directo/live.m3u8,,,,InteralmeriaTV.es@SD,,,,https://i.imgur.com/ulSkAjZ.png,General,,iptv-org-all.txt
Intercomarcal TV (576p) [Not 24/7],https://streamingtvi.gestec-video.com/hls/tvixa.m3u8,,,,IntercomarcalTV.es@SD,,,,https://i.imgur.com/KLPSnAT.png,General,,iptv-org-all.txt
Intermediate League Curaçao [Geo-blocked],https://streannlivecariflix.cachefly.net/cariflix12/cariflix12/playlist.m3u8,,,,,,,,,Undefined,,iptv-org-all.txt
Interradio TV,https://tv.arkeo.cl:1936/8002/8002/playlist.m3u8,,,,InterradioTV.cl@SD,,,,https://i.imgur.com/3875n4G.png,Music,,iptv-org-all.txt
interTV (1080p),https://streamtv.intervenhosting.net:3439/hybrid/play.m3u8,,,,InterTV.ve@SD,,,,https://i.ibb.co/HG2DM8G/IMG-20230705-153952.jpg,Entertainment,,iptv-org-all.txt
Intervention (1080p),https://amg00276-amg00276c17-samsung-gb-3791.playouts.now.amagi.tv/playlist.m3u8,,,,,,,,,Undefined,,iptv-org-all.txt
Intervention by A&E (1080p) [Geo-blocked],https://pb-5kduxc2en4kdz.akamaized.net/Intervention_by_AE.m3u8,,,,,,,,,Undefined,,iptv-org-all.txt
Inti TV (1080p) [Not 24/7],https://5e2f36bc1c433.streamlock.net/inti/inti-network.stream/.m3u8,,,,IntiTV.ec@SD,,,,https://i.imgur.com/2WirGqb.png,Education,,iptv-org-all.txt
InTravel (1080p),https://amg00861-amg00861c10-rakuten-uk-3152.playouts.now.amagi.tv/playlist.m3u8,,,,INTRAVEL.nl@Philippines,,,,https://jiotvimages.cdn.jio.com/dare_images/images/Intravel.png,Travel,,iptv-org-all.txt
INTROUBLE (1080p),https://amg00861-amg00861c6-stirr-us-8229.playouts.now.amagi.tv/playlist.m3u8,,,,InTrouble.nl@SD,,,,https://i.imgur.com/a40chFI.png,Auto;Outdoor;Sports,,iptv-org-all.txt
Intuitiva TV (720p),https://video2.lhdserver.es/cableperu/live.m3u8,,,,IntuitivaTV.pe@SD,,,,https://i.imgur.com/zcehR4M.png,General,,iptv-org-all.txt
INTV Australia (720p),http://tv1.intv.mk:1935/live/intv/index.m3u8,,,,INTVAustralia.au@SD,,,,https://i.imgur.com/1nJl0Pv.png,Music,,iptv-org-all.txt
Inuyasha,https://jmp2.uk/plu-66b26681d2d50d00083abe8b.m3u8,,,,,,,,,Undefined,,iptv-org-all.txt
Inuyasha,https://jmp2.uk/plu-66b26665d512590008c507b7.m3u8,,,,,,,,,Undefined,,iptv-org-all.txt
Inuyasha,https://jmp2.uk/plu-67c63b90a20c0399a381b816.m3u8,,,,,,,,,Undefined,,iptv-org-all.txt
Invasiva TV (720p),https://tv-omega-nine.vercel.app/hls/live.m3u8,,,,InvasivaTV.py@SD,,,,https://i.imgur.com/R9E6jEC.png,Undefined,,iptv-org-all.txt
Investiga,https://jmp2.uk/plu-5cf96b8f4f1ca3f0629f4bf1.m3u8,,,,Investiga.us@US,,,,https://images.pluto.tv/channels/5cf96b8f4f1ca3f0629f4bf1/colorLogoPNG.png,Series,,iptv-org-all.txt
Investigation by Pluto TV,https://jmp2.uk/plu-6683cd2fca74680008772545.m3u8,,,,InvestigationbyPlutoTV.de@FR,,,,https://images.pluto.tv/channels/6683cd2fca74680008772545/colorLogoPNG_1747399523793.png,Series,,iptv-org-all.txt
INWILD (1080p),https://amg00861-terninternation-inwild-samsunguk-w5wic.amagi.tv/playlist/amg00861-terninternation-inwild-samsunguk/playlist.m3u8,,,,INWILD.nl@SD,,,,https://cdn.uc.assets.prezly.com/92770c71-9d6f-400f-8311-38e9cfec52c2/InWild_landscape-green.png,Documentary,,iptv-org-all.txt
InWonder (1080p),https://amg00861-terninternation-inwonder-samsungau-1k63k.amagi.tv/playlist/amg00861-terninternation-inwonder-samsungau/playlist.m3u8,,,,InWonder.nl@SD,,,,https://cdn.uc.assets.prezly.com/f12e798d-6da4-46e1-8ec5-e391d6762659/InWonder_portrait-purple.png,Science,,iptv-org-all.txt
ION (720p),https://jmp2.uk/plu-65453f30085df200085883d8.m3u8,,,,,,,,,Undefined,,iptv-org-all.txt
ION (1080p) [Geo-blocked],https://pb-xhb3ic8b61whm.akamaized.net/Ion_US.m3u8,,,,IONTV.us@East,,,,https://upload.wikimedia.org/wikipedia/commons/thumb/2/28/Ion_logo.svg/960px-Ion_logo.svg.png,Entertainment,,iptv-org-all.txt
ION Mystery (1080p),https://aegis-cloudfront-1.tubi.video/3b6afc3b-97f7-4f22-99f4-7bcff60fc39d/playlist.m3u8,,,,,,,,,Undefined,,iptv-org-all.txt
ION Mystery (1080p) [Geo-blocked],https://pb-usmbvsgwcg8pc.akamaized.net/Ion_Mystery_US.m3u8,,,,,,,,,Undefined,,iptv-org-all.txt
ION Plus (1080p),https://cdn-uw2-prod.tsv2.amagi.tv/linear/amg01438-ewscrippscompan-ionplus-tablo/playlist.m3u8,,,,IONPlus.us@East,,,,https://i.imgur.com/1dgCvNE.png,Entertainment,,iptv-org-all.txt
iON TV (576p),https://ap02.iqplay.tv:8082/iqb8002/i09/playlist.m3u8,,,,IonTV.uk@SD,,,,https://i.imgur.com/E8VwnK7.png,General,,iptv-org-all.txt
Ionian Channel (1080p) [Not 24/7],http://stream.ioniantv.gr:8081/ionian/live/playlist.m3u8,,,,IonianTV.gr@SD,,,,https://i.imgur.com/JILN3kS.png,General,,iptv-org-all.txt
IP Noticias (720p),https://twitch-m3u8.bastypro112.workers.dev/argentina_12tw/index.m3u8,,,,IPNoticias.ar@SD,,,,https://i.imgur.com/dbu9nx4.png,News,,iptv-org-all.txt
IQ Channel (720p),https://rtmp.info/iqtv/envivo/playlist.m3u8,,,,IQChannel.cr@SD,,,,https://i.imgur.com/hwuaomt.png,Music,,iptv-org-all.txt
Iqra Bangla (576p),https://tvsen3.aynaott.com/EuEy5mBW/index.m3u8,,,,IqraBangla.uk@SD,,,,https://i.imgur.com/BZBZAeC.png,Religious,,iptv-org-all.txt
Iqra TV,https://cdn149.anystream.uk:8082/app/iq53la/playlist.m3u8,,,,IqraTV.uk@SD,,,,https://iqra.tv/wp-content/uploads/2019/12/IQ-logo-light-120px.png,Religious,,iptv-org-all.txt
Iqraa Africa & Europe (1080p),https://playlist.fasttvcdn.com/pl/dlkqw1ftuvuuzkcb4pxdcg/Iqraafasttv1/playlist.m3u8,,,,IqraaAfricaEurope.sa@SD,,,,https://i.imgur.com/nUlZvSe.png,Religious,,iptv-org-all.txt
Iqraa Arabic (1080p) [Not 24/7],https://playlist.fasttvcdn.com/pl/dlkqw1ftuvuuzkcb4pxdcg/Iqraafasttv3/playlist.m3u8,,,,IqraaArabic.sa@SD,,,,https://i.imgur.com/HPVsIa4.png,Religious,,iptv-org-all.txt
Iqraa Quran (1080p),https://playlist.fasttvcdn.com/pl/dlkqw1ftuvuuzkcb4pxdcg/Iqraafasttv2/playlist.m3u8,,,,IqraaQuran.sa@SD,,,,https://i.imgur.com/HPVsIa4.png,Religious,,iptv-org-all.txt
Iquique TV (1080p),https://origin.skarnetchile.com:8081/iquiquetv-hd/index.m3u8,,,,IquiqueTV.cl@SD,,,,https://i.imgur.com/ZpXXLox.png,General,,iptv-org-all.txt
Iran International (1080p),https://hlspackager.akamaized.net/live/DB/IRAN_INTERNATIONAL/HLS/IRAN_INTERNATIONAL.m3u8,,,,IranInternational.uk@SD,,,,https://i.imgur.com/55RpaF3.png,News,,iptv-org-all.txt
Iran Jewish TV,http://iran620.com:1935/live/IranJewishTv/playlist.m3u8,,,,IranJewishTV.ir@SD,,,,https://i.ibb.co/JWXs7csN/en.png,Religious,,iptv-org-all.txt
Iran Nama,https://iran613hls.wns.live/hls/stream.m3u8,,,,IranNama.fr@SD,,,,,Undefined,,iptv-org-all.txt
Iran National Revolution TV,https://hls.irannrtv.live/hls/stream.m3u8,,,,IranNationalRevolutionTV.us@HD,,,,,Undefined,,iptv-org-all.txt
Iran Press,https://live.presstv.ir/hls/presstv_5_482/index.m3u8,,,,IranPress.ir@SD,,,,https://upload.wikimedia.org/wikipedia/commons/thumb/d/d7/%D9%84%D9%88%DA%AF%D9%88_%D8%A7%DB%8C%D8%B1%D8%A7%D9%86_%D9%BE%D8%B1%D8%B3.jpg/960px-%D9%84%D9%88%DA%AF%D9%88_%D8%A7%DB%8C%D8%B1%D8%A7%D9%86_%D9%BE%D8%B1%D8%B3.jpg,News,,iptv-org-all.txt
Iraq Future (480p),https://viewmedia7219.bozztv.com/wmedia/viewmedia100/web_040/Stream/playlist.m3u8,,,,IraqFuture.iq@SD,,,,https://i.imgur.com/Z7woTe5.png,General,,iptv-org-all.txt
IRIB1,https://ncdn.telewebion.ir/tv1/live/playlist.m3u8,,,,IRIB1.ir@SD,,,,https://upload.wikimedia.org/wikipedia/commons/thumb/d/d7/IRIBTV1.svg/960px-IRIBTV1.svg.png,General,,iptv-org-all.txt
IRIB2,https://ncdn.telewebion.ir/tv2/live/playlist.m3u8,,,,IRIB2.ir@SD,,,,https://upload.wikimedia.org/wikipedia/commons/thumb/1/16/IRIB_TV2_logo.svg/960px-IRIB_TV2_logo.svg.png,General,,iptv-org-all.txt
IRIB3,https://ncdn.telewebion.ir/tv3/live/playlist.m3u8,,,,IRIB3.ir@SD,,,,https://upload.wikimedia.org/wikipedia/commons/thumb/6/6d/IRIB_TV3_LOGO.svg/960px-IRIB_TV3_LOGO.svg.png,Sports,,iptv-org-all.txt
IRIB4,https://ncdn.telewebion.ir/tv4/live/playlist.m3u8,,,,IRIB4.ir@SD,,,,https://upload.wikimedia.org/wikipedia/commons/thumb/f/fd/IRIB_TV4_logo.svg/960px-IRIB_TV4_logo.svg.png,Culture,,iptv-org-all.txt
IRIB UHD (2160p),https://ncdn.telewebion.ir/faratar/live/playlist.m3u8,,,,IRIBUHD.ir@4K,,,,https://upload.wikimedia.org/wikipedia/commons/thumb/f/fd/IRIB_FARATAR_UHD.png/960px-IRIB_FARATAR_UHD.png,General,,iptv-org-all.txt
IRINN (576p),http://185.9.2.18/chid_926/index.m3u8,,,,IRINN.ir@SD,,,,https://i.imgur.com/8tzsC9h.png,News,,iptv-org-all.txt
IRINN2 Live Farsi News,https://ncdn.telewebion.ir/irinn2/live/playlist.m3u8,,,,IRINN2.ir@SD,,,,https://i.imgur.com/8tzsC9h.png,News,,iptv-org-all.txt
Iris [Geo-blocked],https://live3-mediaset-it.akamaized.net/Content/hls_h0_clr_vos/live/channel(ki)/index.m3u8,,,,Iris.it@SD,,,,https://i.imgur.com/ZLnSLh4.png,Entertainment,,iptv-org-all.txt
Iris HD (1080p),https://live02-seg.msf.cdn.mediaset.net/live/ch-ki/ki-clr.isml/index.m3u8,,,,Iris.it@HD,,,,https://i.imgur.com/ZLnSLh4.png,Entertainment,,iptv-org-all.txt
Iron Chef,https://jmp2.uk/plu-6582f8dadfed030008e5a93d.m3u8,,,,IronChef.us@US,,,,https://i.imgur.com/rk7fMNe.png,Series,,iptv-org-all.txt
Ironside (720p),https://jmp2.uk/plu-6900997e043e3df1897d017f.m3u8,,,,,,,,,Undefined,,iptv-org-all.txt
IRT (720p),https://stream.irt.ua/memfs/8fac7cbb-3356-4a03-bb77-4439b727ebd2.m3u8,,,,IRT.ua@SD,,,,https://i.imgur.com/tDTUIRm.png,General,,iptv-org-all.txt
ISA TV,https://scl.edge.grupoz.cl/isatv/live/playlist.m3u8,,,,ISATV.cl@SD,,,,https://i.imgur.com/24qGdyn.jpeg,Religious,,iptv-org-all.txt
Isaac TV (720p),https://livecdn.live247stream.com/isaac/tv/playlist.m3u8,,,,IsaacTV.pk@SD,,,,https://i.imgur.com/RHDbsiO.png,Religious,,iptv-org-all.txt
Isai Aruvi (576p),http://ptuf.ridsys.in/riptv/live/KALAIGNAR_ISAI_ARUVI/index.m3u8,,,,IsaiAruvi.in@SD,,,,https://xstreamcp-assets-msp.streamready.in/assets/LIVETV/LIVECHANNEL/LIVETV_LIVETVCHANNEL_ISAI_ARUVI/images/LOGO_HD/image.png,Music,,iptv-org-all.txt
Isango TV (480p) [Not 24/7],http://80.241.215.175:1935/isangostar/isangostar/playlist.m3u8,,,,IsangoTV.rw@SD,,,,https://i.imgur.com/EfsHaMQ.png,Music,,iptv-org-all.txt
Isfahan,https://ncdn.telewebion.ir/esfahan/live/playlist.m3u8,,,,IsfahanTV.ir@SD,,,,https://upload.wikimedia.org/wikipedia/commons/thumb/e/e9/IsfahanTV.svg/960px-IsfahanTV.svg.png,General,,iptv-org-all.txt
Ishtar TV (1080p),https://stream.ishtartv.com/live/iShtarHD/playlist.m3u8,,,,IshtarTV.iq@SD,,,,https://i.imgur.com/qzApokm.png,Culture;Music;Religious,,iptv-org-all.txt
Ishwar Bhakti TV (720p),https://6n3yow8pl9ok-hls-live.5centscdn.com/ishwartvlive/tv.stream/playlist.m3u8,,,,IshwarBhaktiTV.in@SD,,,,https://xstreamcp-assets-msp.streamready.in/assets/LIVETV/LIVECHANNEL/LIVETV_LIVETVCHANNEL_ISHWAR_TV/images/LOGO_HD/image.png,Religious,,iptv-org-all.txt
Isibo TV,https://5c46fa289c89f.streamlock.net/pub2live/myStream/playlist.m3u8,,,,IsiboTV.rw@SD,,,,https://i.imgur.com/bXhEeTC.png,General,,iptv-org-all.txt
Isla TV (480p),https://59d39900ebfb8.streamlock.net/islatv/islatv/playlist.m3u8,,,,IslaTV.ve@SD,,,,https://i.imgur.com/l11Ixhi.jpeg,General,,iptv-org-all.txt
Islam Channel (576p) [Not 24/7],https://live.islamchannel.tv/live11/islamtv_english/bitrate1.isml/live.m3u8,,,,IslamChannel.uk@SD,,,,https://i.imgur.com/bJdFH7x.png,Religious,,iptv-org-all.txt
Island Luck TV,https://cdn3.wowza.com/5/dFA0TmRpeFdNVXhT/NetUp/ILTV.stream/playlist.m3u8,,,,IslandLuckTV.bs@SD,,,,https://i.imgur.com/P0gDN5n.png,Entertainment,,iptv-org-all.txt
Island Vibes (1080p),https://d3fe47ml3w3qj1.cloudfront.net/playlist.m3u8,,,,,,,,,Undefined,,iptv-org-all.txt
Islandia (720p),https://cdn15.live-tv.cloud/ua_infinitas_tv/islandiya-abr/playlist.m3u8,,,,Islandia.ua@SD,,,,https://i.imgur.com/9ql4jXv.png,Undefined,,iptv-org-all.txt
Islita TV (1080p),https://tv.arkeo.cl:1936/unetev/unetev/playlist.m3u8,,,,IslitaTV.cl@SD,,,,https://i.imgur.com/YGLbCeC.png,General,,iptv-org-all.txt
Istoki (1080p),https://istoki.tv/live/stream1/playlist.m3u8,,,,Istoki.ru@SD,,,,https://istoki.tv/local/templates/istoki_new/img/logo.png,General,,iptv-org-all.txt
Istoriya (576p),http://hls127.freeott.top:8080/Istoriya/video.m3u8,,,,Istoriya.ru@SD,,,,https://i.imgur.com/eEjPail.png,Documentary,,iptv-org-all.txt
iSTUFF (720p) [Not 24/7],https://relay2.cdn.fem-net.de/hls/loop/istuff_live/istuff_live-720p.m3u8,,,,iSTUFF.de@SD,,,,https://i.imgur.com/1V3UXVb.jpg,Education,,iptv-org-all.txt
ISTV (720p) [Not 24/7],https://stmv1.srvstm.com/sistema7933/sistema7933/playlist.m3u8,,,,ISTV.br@SD,,,,https://i.imgur.com/RUKVrOH.png,Education,,iptv-org-all.txt
ISTV (480p),https://livefta.malimarcdn.com/ftaedge00/ichannel.sdp/playlist.m3u8,,,,ISTV.la@SD,,,,https://i.imgur.com/TGAKFcV.jpg,General,,iptv-org-all.txt
It Is Written TV (1080p),https://itiswrittentv.akamaized.net/xR8gyATuHMVx69u9G79DXnpNRL/playlist.m3u8,,,,ItIsWrittenTV.us@SD,,,,https://i.imgur.com/0jgzoSF.png,Religious,,iptv-org-all.txt
It’s Anime (1080p),https://d1isoijd9dbbf7.cloudfront.net/playlist.m3u8,,,,,,,,,Undefined,,iptv-org-all.txt
It's Supernatural! Network (1080p),https://content.uplynk.com/channel/b880a791bf95426d917a509e0c44796a.m3u8,,,,ItsSupernaturalNetwork.us@SD,,,,https://i.imgur.com/JWrdL9a.png,Religious,,iptv-org-all.txt
Itage TV (480p),https://viewmedia7219.bozztv.com/wmedia/viewmedia100/web_011/Stream/playlist.m3u8,,,,ItageTV.ng@SD,,,,https://i.imgur.com/FP1aUPw.jpg,Movies,,iptv-org-all.txt
Italia 1 [Geo-blocked],https://live3-mediaset-it.akamaized.net/Content/hls_h0_clr_vos/live/channel(i1)/index.m3u8,,,,Italia1.it@SD,,,,https://upload.wikimedia.org/wikipedia/commons/thumb/c/cc/Italia_1_logo.svg/500px-Italia_1_logo.svg.png,General,,iptv-org-all.txt
Italia 2 (480p) [Geo-blocked],https://59d7d6f47d7fc.streamlock.net/italia2/italia2/playlist.m3u8,,,,Italia2.it@SD,,,,https://upload.wikimedia.org/wikipedia/commons/thumb/c/c5/Logo_Italia2.svg/960px-Logo_Italia2.svg.png,Entertainment,,iptv-org-all.txt
Italia 2 TV (480p) [Geo-blocked],http://wms.shared.streamshow.it/italia2/mp4:italia2/playlist.m3u8,,,,Italia2TV.it@SD,,,,https://i.imgur.com/TDSgG28.png,Undefined,,iptv-org-all.txt
Italia 7 (576p),http://151.0.207.99:1935/italia7/italia7/playlist.m3u8,,,,Italia7.it@SD,,,,https://i.imgur.com/xc0kUHk.png,Undefined,,iptv-org-all.txt
Italian Fishing TV (1080p),https://fms.premio.link/fishingtv/playlist.m3u8,,,,ItalianFishingTV.it@SD,,,,https://i.imgur.com/qrn6tUO.png,Outdoor,,iptv-org-all.txt
Italianissimo (360p) [Not 24/7],https://vcp.myplaytv.com/italianissimo/italianissimo/playlist.m3u8,,,,Italianissimo.ve@SD,,,,https://i.imgur.com/JCpbUZB.png,Music,,iptv-org-all.txt
Itel TV Canal 2,https://proxystream.iteltv.com.ar/output/iteltv/playlist.m3u8,,,,ItelTVCanal2.ar@SD,,,,https://i.imgur.com/OxmpRDx.png,General,,iptv-org-all.txt
ITSF (1080p),https://streams2.sofast.tv/v1/master/611d79b11b77e2f571934fd80ca1413453772ac7/20a0ac30-d157-4400-8f64-3c52b37c645c/manifest.m3u8,,,,,,,,,Undefined,,iptv-org-all.txt
ITV (480p),https://cdn10.live-tv.cloud/itvrv/abr-lq/playlist.m3u8,,,,ITV.ua@SD,,,,https://i.imgur.com/NZdT9yJ.png,General,,iptv-org-all.txt
ITV2 HD (1080p),https://xemzi.short.gy/1000012,,,,ITV2.uk@HD,,,,https://i.imgur.com/2BpUK0W.png,General,,iptv-org-all.txt
ITV Choice (1080p) [Geo-blocked],https://amg00654-itvstudios-itvchoice-samsungau-2bacj.amagi.tv/playlist/amg00654-itvstudios-itvchoice-samsungau/playlist.m3u8,,,,,,,,,Undefined,,iptv-org-all.txt
ITV Deportes (720p),https://thm-it-roku.otteravision.com/thm/it/it.m3u8,,,,ITVDeportes.mx@SD,,,,https://iili.io/J1kV1Bn.png,Entertainment;Sports,,iptv-org-all.txt
iTV HD,https://ip.pdtvhd.com/Khmer/streams/ITVHD.m3u8,,,,iTVHD.kh@SD,,,,https://i.imgur.com/qIPvw8N.jpg,Entertainment,,iptv-org-all.txt
ITV Patagonia (720p),https://redirector.dps.live/hls/itv/playlist.m3u8,,,,ITVPatagonia.cl@SD,,,,https://rhk91h.infiniteuploads.cloud/2025/08/Logo-ITV-Patagonia.jpg,General,,iptv-org-all.txt
ITV Un Village Français (1080p),https://amg00654-itv-amg00654c32-rakuten-fr-6134.playouts.now.amagi.tv/playlist/amg00654-itvstudiosfast-unvillagesfrancais-rakutenfr/playlist.m3u8,,,,,,,,,Undefined,,iptv-org-all.txt
Iunior TV (1080p),https://5f22d76e220e1.streamlock.net/iuniortv/iuniortv/chunklist_w774879328.m3u8,,,,IuniorTV.it@SD,,,,https://i.imgur.com/FBOJnfT.png,Kids,,iptv-org-all.txt
Ivoire Channel (720p),https://video1.getstreamhosting.com:1936/8244/8244/playlist.m3u8,,,,IvoireChannel.ci@SD,,,,https://i.imgur.com/gKbNqQv.png,Music,,iptv-org-all.txt
Izmail TV (384p),https://cdn10.live-tv.cloud/izod/izod-abr-lq/playlist.m3u8,,,,IzmailTV.ua@SD,,,,https://i.imgur.com/CxsUpGz.png,General,,iptv-org-all.txt
J3NEWS TV,https://video01.brascast.com/d92ebb4f/d92ebb4f/playlist.m3u8,,,,J3NEWSTV.br@SD,,,,https://i.imgur.com/lezIQyL.png,News,,iptv-org-all.txt
J Movie (576p),http://103.72.101.252:8080/live/417.m3u8,,,,JMovie.in@SD,,,,https://xstreamcp-assets-msp.streamready.in/assets/LIVETV/LIVECHANNEL/LIVETV_LIVETVCHANNEL_J_MOVIES/images/LOGO_HD/image.png,Movies,,iptv-org-all.txt
Jacal Canal 5 (720p) [Not 24/7],https://stream.oursnetworktv.com/latin/jacaltv/playlist.m3u8,,,,JacalCanal5.gt@SD,,,,https://i.imgur.com/k1oW0C6.png,General,,iptv-org-all.txt
Jack Hanna (1080p),https://amg00111-hearstmediafast-amg00111c1-samsung-gb-2186.playouts.now.amagi.tv/playlist/amg00111-hearstmediafast-jackhanna-samsunggb/playlist.m3u8,,,,,,,,,Undefined,,iptv-org-all.txt
Jacksonville Freedom Fountain Camera Live,https://reflect-jacksonville.cablecast.tv/live-7/live/live.m3u8,,,,,,,,,Undefined,,iptv-org-all.txt
Jacksonville Onslow Government Television (G10TV) (Jacksonville NC) (1080p),https://reflect-jacksonville.cablecast.tv/live-8/live/live.m3u8,,,,G10TV.us@SD,,,,https://i.imgur.com/5VPgAxB.jpg,Legislative,,iptv-org-all.txt
Jade Fever,https://jmp2.uk/plu-660d6ade0cd4630008f4a127.m3u8,,,,,,,,,Undefined,,iptv-org-all.txt
Jade Fever,https://jmp2.uk/plu-660d6b00635c75000828aa27.m3u8,,,,,,,,,Undefined,,iptv-org-all.txt
Jade Fever,https://jmp2.uk/plu-660d6b3caec9680008f8debe.m3u8,,,,,,,,,Undefined,,iptv-org-all.txt
JAG,https://jmp2.uk/plu-65ccd26060eb870008db95fc.m3u8,,,,JAG.de@FR,,,,https://images.pluto.tv/channels/65ccd26060eb870008db95fc/colorLogoPNG.png,Series,,iptv-org-all.txt
JAG,https://jmp2.uk/plu-660e5dc60cd4630008f6198a.m3u8,,,,JAG.de@GB,,,,https://images.pluto.tv/channels/65ccd26060eb870008db95fc/colorLogoPNG.png,Series,,iptv-org-all.txt
JAG,https://jmp2.uk/plu-654a4ab92c1d330008657ae5.m3u8,,,,JAG.se@DK,,,,https://images.pluto.tv/channels/654a4ab92c1d330008657ae5/colorLogoPNG.png,Classic;Series,,iptv-org-all.txt
JAG,https://jmp2.uk/plu-654a4fc753fc9700083ae79f.m3u8,,,,JAG.se@NO,,,,https://images.pluto.tv/channels/654a4ab92c1d330008657ae5/colorLogoPNG.png,Classic;Series,,iptv-org-all.txt
JAG,https://jmp2.uk/plu-654a515f986ad20008a4593b.m3u8,,,,JAG.se@SE,,,,https://images.pluto.tv/channels/654a4ab92c1d330008657ae5/colorLogoPNG.png,Classic;Series,,iptv-org-all.txt
JAG,https://jmp2.uk/plu-66a105f4a79dea0008aa5e0f.m3u8,,,,JAG.us@CA,,,,https://images.pluto.tv/channels/66a105f4a79dea0008aa5e0f/colorLogoPNG.png,Series,,iptv-org-all.txt
Jahanbin,https://ncdn.telewebion.ir/jahanbin/live/playlist.m3u8,,,,JahanbinTV.ir@SD,,,,https://upload.wikimedia.org/wikipedia/fa/thumb/4/4a/Shahrekord_Jahanbin.svg/960px-Shahrekord_Jahanbin.svg.png,General,,iptv-org-all.txt
Jahonnamo (1080p),https://live.teleradiocom.tj/4/3m.m3u8,,,,Jahonnamo.tj@SD,,,,https://i.imgur.com/ffqdD8W.png,General,,iptv-org-all.txt
Jai Maharashtra (576p),https://d1msejlow1t3l4.cloudfront.net/fta/jaimaharashtra/playlist.m3u8,,,,JaiMaharashtra.in@SD,,,,https://jiotvimages.cdn.jio.com/dare_images/images/Jai_Maharashtra.png,News,,iptv-org-all.txt
Jaihind TV (576p),https://mumt03.tangotv.in/Dsly5z3HJAIHIND/index.m3u8,,,,JaihindTV.in@SD,,,,https://i.imgur.com/NaiA73p.png,Entertainment,,iptv-org-all.txt
Jail (720p),https://langleyproductions-jail-1-eu.rakuten.wurl.tv/playlist.m3u8,,,,,,,,,Undefined,,iptv-org-all.txt
Jail,https://e85541db4ae943d9b5a09477d6b1d8ab.mediatailor.us-east-1.amazonaws.com/v1/master/44f73ba4d03e9607dcd9bebdcb8494d86964f1d8/RakutenTV-eu_Jail/playlist.m3u8,,,,Jail.uk@SD,,,,https://provider-static.plex.tv/epg/cms/production/08872b9b-a4a7-4533-a19b-d2c24a7bf2f1/JAIL_-_channel_logo_-_light_-_dark_-_1500x1000.png_James_Roebuck.png,Documentary;Entertainment,,iptv-org-all.txt
Jakt är Jakt,https://jmp2.uk/plu-62e7ba25be69bc0007b77fdc.m3u8,,,,,,,,,Undefined,,iptv-org-all.txt
Jakt är Jakt,https://jmp2.uk/plu-62e7babea3e6270007f5564a.m3u8,,,,,,,,,Undefined,,iptv-org-all.txt
Jalisco TV (720p),https://video0.rogohosting.com:19360/sisjalisciense/sisjalisciense.m3u8,,,,JaliscoTV.mx@SD,,,,https://i.imgur.com/N4meE8I.png,Culture;Education,,iptv-org-all.txt
Jalwa TV,http://119.156.228.231:9983/stream/channelid/1893273325?profile=pass&ticket=B3DB50D5930411D593B973B8404789C46D3559B8,,,,JalwaTV.pk@SD,,,,https://i.imgur.com/HWb5Iat.png,Music,,iptv-org-all.txt
Jamaica Online TV (1080p) [Not 24/7],https://tvsw7-hls.secdn.net/tvsw7-chorigin/play/prod-bb11dd0e11ca45229a3f58aeff5213d8/playlist.m3u8,,,,JamaicaOnlineTV.jm@SD,,,,https://i.imgur.com/Aw9u4Ax.png,General,,iptv-org-all.txt
Jamaica Travel Channel (720p),https://stream-207076.castr.net/651b2d8bde8119abf5dabf19/live_2e935360c78c11eea7a2615e1a7388f3/index.m3u8,,,,JamaicaTravelChannel.jm@SD,,,,https://i.imgur.com/ewdPTh8.png,Travel,,iptv-org-all.txt
Jambi TV,https://jambitv.globaldigitalcore.com/hls/sah5tu7Eiveepohyieyie3OoteL2anga.m3u8,,,,JambiTV.id@SD,,,,https://static.wikia.nocookie.net/logopedia/images/1/15/Jambi_TV.png,General,,iptv-org-all.txt
Jambyl (360p) [Not 24/7],https://stream.kaztrk.kz/regional/taraztv/index.m3u8,,,,Jambyl.kz@SD,,,,https://i.imgur.com/X7N3JK4.png,General,,iptv-org-all.txt
Jan TV (576p),https://d1msejlow1t3l4.cloudfront.net/fta/jantv/playlist.m3u8,,,,JanTV.in@SD,,,,https://xstreamcp-assets-msp.streamready.in/assets/LIVETV/LIVECHANNEL/LIVETV_LIVETVCHANNEL_JAN_TV/images/LOGO_HD/image.png,General,,iptv-org-all.txt
Janam TV (576p),https://mumt03.tangotv.in/Dsly5z3HJANAMTV/index.m3u8,,,,JanamTV.in@SD,,,,https://dtil.tmsimg.com/assets/s143221_ld_h15_aa.png?lock=720x540,News,,iptv-org-all.txt
Janapriyam TV (480p),http://103.72.101.252:8080/live/1455.m3u8,,,,JanapriyamTV.in@SD,,,,https://jiotvimages.cdn.jio.com/dare_images/images/Janapriyam_News.png,Entertainment,,iptv-org-all.txt
Janta TV (1080p),https://live.jswk.online/IK_RTPM/live/index.m3u8,,,,JantaTV.in@SD,,,,https://xstreamcp-assets-msp.streamready.in/assets/LIVETV/LIVECHANNEL/LIVETV_LIVETVCHANNEL_JANTA_TV/images/LOGO_HD/image.png,News,,iptv-org-all.txt
Jantantra TV (576p),https://mumt05.tangotv.in/87NeALx2JANTANTRA/index.m3u8,,,,JantantraTV.in@SD,,,,https://jiotvimages.cdn.jio.com/dare_images/images/Jantantra.png,News,,iptv-org-all.txt
Japanim TV (1080p),https://foxkidstv.be:3369/stream/play.m3u8,,,,JapanimTV.be@SD,,,,https://static-cdn.jtvnw.net/jtv_user_pictures/6b97e19f-4243-4d48-b794-ff8cf54d795f-profile_image-300x300.png,Animation;Kids,,iptv-org-all.txt
JARABACOA TV (1080p) [Not 24/7],https://streaming.jarabacoatv.com/Jarabacoa_tv/playlist.m3u8,,,,JARABACOATV.do@HD,,,,https://imgur.com/m9WCrlw.jpg,Entertainment,,iptv-org-all.txt
Jászsági Térségi TV (440p),https://cloudfront44.lexanetwork.com:1344/relay01/broadcast007.sdp/playlist.m3u8,,,,JaszsagiTersegiTV.hu@SD,,,,https://i.imgur.com/bsDN0lH.png,General,,iptv-org-all.txt
Jawa Pos TV Jakarta (720p),http://122.248.43.242:1935/JAWAPOSTVJKT/_definst_/myStream/playlist.m3u8,,,,JawaPosTV.id@Jakarta,,,,https://upload.wikimedia.org/wikipedia/commons/thumb/7/77/Jawa_Pos_TV_2024.svg/960px-Jawa_Pos_TV_2024.svg.png,General,,iptv-org-all.txt
Jawhara TV (720p) [Not 24/7],http://streaming.toutech.net:1935/live/mp4:jawharafm.sdp/playlist.m3u8,,,,JawharaTV.tn@SD,,,,https://i.imgur.com/mRSQ5bP.png,Music,,iptv-org-all.txt
Jaya Max (576p),http://103.72.101.252:8080/live/420.m3u8,,,,JayaMax.in@SD,,,,https://xstreamcp-assets-msp.streamready.in/assets/LIVETV/LIVECHANNEL/LIVETV_LIVETVCHANNEL_JAYA_MAX/images/LOGO_HD/image.png,Culture;Entertainment,,iptv-org-all.txt
Jaya TV (1080p),http://103.72.101.252:8080/live/419.m3u8,,,,JayaTV.in@HD,,,,https://xstreamcp-assets-msp.streamready.in/assets/LIVETV/LIVECHANNEL/LIVETV_LIVETVCHANNEL_JAYA_TV/images/LOGO_HD/image.png,Culture;Entertainment,,iptv-org-all.txt
Jaya TV (480p),https://edge3-moblive.yuppcdn.net/drm/smil:jayamagatvdrm.smil/index.m3u8,,,,JayaTV.lk@SD,,,,https://i.imgur.com/J8NA1i9.jpeg,Religious,,iptv-org-all.txt
Jazz Club (Radio) [Geo-blocked],http://80.79.6.221:25461/smash/public/25,,,,,,,,,Undefined,,iptv-org-all.txt
Jazz TV (1080p) [Not 24/7],https://stream.nasatv.com.mk/jazztv/hls/jazztv_live.m3u8,,,,JazzTV.mk@SD,,,,https://i.imgur.com/CbQlSFX.png,Music,,iptv-org-all.txt
JBN Canal 39 (720p) [Not 24/7],https://hdbox.chunklistv.com/live?stream=jbn39,,,,JBN.ni@SD,,,,https://i.imgur.com/vFi0FMZ.png,Religious,,iptv-org-all.txt
JBN TV (1080p),https://tv.webmedialive.com/jbn_live/enlace/playlist.m3u8,,,,JBNTV.hn@SD,,,,https://i.imgur.com/4EbHIvf.png,Religious,,iptv-org-all.txt
JBS (720p),https://rpn3.bozztv.com/jbstv-srt/srt-push/jbstv/playlist.m3u8,,,,JBS.us@SD,,,,https://yt3.googleusercontent.com/ytc/AIdro_lDWY-W9dD7UvLlp1NuWLJs1wV6t_KjeOT-1iVVIGuLZ8U=s512-c-k-c0x00ffffff-no-rj,Religious,,iptv-org-all.txt
JČ1 (1080p),https://stream.jc1.cz/hls/jc1.m3u8,,,,JC1.cz@SD,,,,https://i.imgur.com/AM8YtcV.png,General,,iptv-org-all.txt
JCM TV (720p) [Not 24/7],https://goliveafrica.media:9998/live/646c92d07b16c/index.m3u8,,,,JCMTV.ke@SD,,,,https://i.imgur.com/28YB7dD.jpg,Religious,,iptv-org-all.txt
Jeddah Radio (1080p),https://live.kwikmotion.com/sbrksajeddahradiolive/srpksajeddahradio/chunks.m3u8,,,,JeddahRadio.sa@SD,,,,https://aloula.faulio.com/storage/mediagallery/bd/f5/fullhd_527bf54a5adb56ac17f572ac2cd0801304db3baf.png,Music,,iptv-org-all.txt
Jednotka,http://88.212.15.19/live/test_jednotka_25p/playlist.m3u8,,,,Jednotka.sk@SD,,,,https://i.imgur.com/aqVki9i.png,General,,iptv-org-all.txt
Jeevan TV (576p),https://cdn-3.pishow.tv/live/1467/master.m3u8,,,,JeevanTV.in@SD,,,,https://jiotvimages.cdn.jio.com/dare_images/images/Jeevan_TV.png,General,,iptv-org-all.txt
Jehová Nissi (720p),https://stream.oursnetworktv.com/latin/nissiGtmH/playlist.m3u8,,,,JehovaNissi.gt@SD,,,,https://i.imgur.com/2BkL4wq.png,Religious,,iptv-org-all.txt
Jehova TV,https://mp.panelchs.com:1936/8038/8038/playlist.m3u8,,,,JehovaTV.hn@SD,,,,https://i.imgur.com/ylZKG57.png,Religious,,iptv-org-all.txt
Jeremiah TV,https://x.streamablecloud.com/stream/hls/jeremiahtv/index.m3u8,,,,JeremiahTV.pk@SD,,,,https://raw.githubusercontent.com/songwenhui239/Songwenhui239/refs/heads/main/Jeremiah%20TV.jpeg,General,,iptv-org-all.txt
Jersey Shore,https://jmp2.uk/plu-6442508e5a0cd500083edd3c.m3u8,,,,JerseyShore.se@DK,,,,https://images.pluto.tv/channels/6442508e5a0cd500083edd3c/colorLogoPNG.png,Entertainment,,iptv-org-all.txt
Jersey Shore,https://jmp2.uk/plu-64424b21e1979c0008379681.m3u8,,,,JerseyShore.se@NO,,,,https://images.pluto.tv/channels/6442508e5a0cd500083edd3c/colorLogoPNG.png,Entertainment,,iptv-org-all.txt
Jersey Shore,https://jmp2.uk/plu-64424c1be94c380008d0a98c.m3u8,,,,JerseyShore.se@SE,,,,https://images.pluto.tv/channels/6442508e5a0cd500083edd3c/colorLogoPNG.png,Entertainment,,iptv-org-all.txt
Jersey Shore,https://jmp2.uk/plu-609bfa51fbecc1000733152e.m3u8,,,,JerseyShore.us@SD,,,,https://i.imgur.com/SssCaj1.png,Series,,iptv-org-all.txt
Jersey Shore Family Vacation,https://jmp2.uk/plu-6728c831c7626f0008b28127.m3u8,,,,JerseyShoreFamilyVacation.se@DK,,,,https://images.pluto.tv/channels/6728c831c7626f0008b28127/colorLogoPNG.png,Entertainment,,iptv-org-all.txt
Jersey Shore Family Vacation,https://jmp2.uk/plu-6728c87cc7626f0008b28149.m3u8,,,,JerseyShoreFamilyVacation.se@NO,,,,https://images.pluto.tv/channels/6728c831c7626f0008b28127/colorLogoPNG.png,Entertainment,,iptv-org-all.txt
Jersey Shore Family Vacation,https://jmp2.uk/plu-6728c8b45534bb0008b31f35.m3u8,,,,JerseyShoreFamilyVacation.se@SE,,,,https://images.pluto.tv/channels/6728c831c7626f0008b28127/colorLogoPNG.png,Entertainment,,iptv-org-all.txt
Jewelry Television (720p),https://content.jwplatform.com/live/broadcast/oe7UD7Ag.m3u8,,,,JewelryTV.us@SD,,,,https://i.imgur.com/mBcwks7.png,Shop,,iptv-org-all.txt
Jewelry Television Espanol (720p),https://82934cf9c8696bd2.mediapackage.us-east-1.amazonaws.com/out/v1/72b5a55e4c35445f9e742871aa0aefa2/index.m3u8,,,,,,,,,Undefined,,iptv-org-all.txt
Jewelry TV 2 (720p),https://cdn.jwplayer.com/live/broadcast/0rrJ3kkM.m3u8,,,,JewelryTV2.us@SD,,,,,Shop,,iptv-org-all.txt
Jewish Life Television (1080p),https://jlt-jltv-strimm.otteravision.com/jlt/jltv/jltv.m3u8,,,,JewishLifeTelevision.us@SD,,,,https://yt3.googleusercontent.com/i6ETvgNzA8vvGCo-Ih6eo2XZUwz2VVMnstLyNZVXBlwa4uOeUIEl-3tzphB8phJaibe-FPQ5Fw=s512-c-k-c0x00ffffff-no-rj,Culture;Religious,,iptv-org-all.txt
JFV TV (720p),https://2nbyj587d53k-hls-live.5centscdn.com/09/25b94ec89b2aa708c3c4ad0014b09845.sdp/playlist.m3u8,,,,JFVTV.sv@SD,,,,https://i.imgur.com/SrmI6nU.jpeg,Religious,,iptv-org-all.txt
Jiangxi Children's Channel,https://play-live-hls.jxtvcn.com.cn/live-city/tv_jxtv6.m3u8,,,,JiangxiChildrensChannel.cn@SD,,,,https://www.tvchinese.net/uploads/tv/jxtv6.jpg,Animation;Kids,,iptv-org-all.txt
Jiangxi City Channel,https://play-live-hls.jxtvcn.com.cn/live-city/tv_jxtv2.m3u8,,,,JiangxiCityChannel.cn@SD,,,,https://www.tvchinese.net/uploads/tv/jxds.jpg,General,,iptv-org-all.txt
Jiangxi Economy & Life Channel,https://play-live-hls.jxtvcn.com.cn/live-city/tv_jxtv3.m3u8,,,,JiangxiEconomyLifeChannel.cn@SD,,,,https://www.tvchinese.net/uploads/tv/jxtv3.jpg,Business,,iptv-org-all.txt
Jiangxi Movie Channel,https://play-live-hls.jxtvcn.com.cn/live-city/tv_jxtv4.m3u8,,,,JiangxiMovieChannel.cn@SD,,,,https://www.tvchinese.net/uploads/tv/jiangxi.jpg,Movies,,iptv-org-all.txt
Jiangxi Public & Agriculture Channel,https://play-live-hls.jxtvcn.com.cn/live-city/tv_jxtv5.m3u8,,,,JiangxiPublicAgricultureChannel.cn@SD,,,,https://www.tvchinese.net/uploads/tv/jxgg.jpg,General,,iptv-org-all.txt
Jibek Joly HD (1080p),https://stream.qazcdn.net/ex6r514/jjtv/playlist.m3u8,,,,JibekJoly.kz@HD,,,,https://i.imgur.com/SqyXtgK.png,General,,iptv-org-all.txt
Jihočeská televize (1080p),https://vysilani.zaktv.cz/broadcast/hls/jtv/index.m3u8,,,,Jihoceskatelevize.cz@SD,,,,https://i.imgur.com/Hi8hZzl.png,General,,iptv-org-all.txt
Jilin City Channel,https://lsfb.avap.jilintv.cn/zqvk7vpj/channel/7e8474e6daea44ccaa5aa2300191439e/index.m3u8,,,,JilinCityChannel.cn@SD,,,,https://www.tvchinese.net/uploads/tv/jldspd.jpg,Lifestyle,,iptv-org-all.txt
Jilin Lifestyle Channel,https://lsfb.avap.jilintv.cn/zqvk7vpj/channel/0a76740c72b74fabae611845aa21e06a/index.m3u8,,,,JilinLifestyleChannel.cn@SD,,,,https://www.tvchinese.net/uploads/tv/jlshpd.jpg,Lifestyle,,iptv-org-all.txt
Jilin Movie Channel,https://lsfb.avap.jilintv.cn/zqvk7vpj/channel/906341e6f19b4c4bacdc89941eb85d12/index.m3u8,,,,JilinMovieChannel.cn@SD,,,,https://www.tvchinese.net/uploads/tv/jlyspd.jpg,Movies,,iptv-org-all.txt
Jilin Rural Channel,https://lsfb.avap.jilintv.cn/zqvk7vpj/channel/3ffc4824dce54b92be185555923ce382/index.m3u8,,,,JilinRuralChannel.cn@SD,,,,https://www.tvchinese.net/uploads/tv/jlxcpd.jpg,Education;Lifestyle;Science,,iptv-org-all.txt
Jim (720p),https://live-fi.tvkaista.net/jim/live.m3u8?hd=true,,,,Jim.fi@SD,,,,https://i.imgur.com/PkMgY0K.png,Entertainment,,iptv-org-all.txt
Jimani TV (360p) [Geo-blocked],https://cloud2.streaminglivehd.com:1936/8246/8246/playlist.m3u8,,,,JimaniTV.do@SD,,,,https://imgur.com/EPYHUSc.jpeg,General,,iptv-org-all.txt
JimJam Europe (720p),http://212.5.144.156:8080/jimjam/index.m3u8,,,,JimJamEurope.uk@SD,,,,https://i.imgur.com/ODhkYyx.png,Kids,,iptv-org-all.txt
Jin TV,https://live.jintv.org/medialive/jintv.m3u8,,,,JinTV.nl@SD,,,,https://i.imgur.com/37ajg2j.png,Culture,,iptv-org-all.txt
Jinvani Channel (720p),https://cdn-2.pishow.tv/live/989/master.m3u8,,,,JinvaniChannel.in@SD,,,,https://dtil.tmsimg.com/assets/s143230_ld_h15_aa.png?lock=720x540,Religious,,iptv-org-all.txt
JK 24x7 News (720p) [Not 24/7],https://live.gulistannews.in/hls/jk.m3u8,,,,JK24x7News.in@SD,,,,https://dtil.tmsimg.com/assets/s143237_ld_h9_aa.png?lock=720x540,News,,iptv-org-all.txt
JKN 18 (1080p),https://lb1-live-mv.v2h-cdn.com/hls/ffda/jkn18/jkn18.m3u8,,,,JKN18.th@SD,,,,https://i.imgur.com/m4nPR2L.png,News,,iptv-org-all.txt
JN19 (1080p) [Not 24/7],https://servilive.com:3028/live/jntv19live.m3u8,,,,JN19.pe@SD,,,,https://i.imgur.com/dudxyqk.png,Religious,,iptv-org-all.txt
JNE TV (720p),https://lbgo.bozztv.com/ssh101/ssh101/jnetv/playlist.m3u8,,,,JNETV.pe@SD,,,,https://i.imgur.com/b25XfCj.png,Legislative,,iptv-org-all.txt
JOAX-DTV,https://ntv5.mov3.co/hls/ntv.m3u8,,,,JOAXDTV.jp@SD,,,,https://i.imgur.com/IxD8V5X.png,General,,iptv-org-all.txt
JOB TV (1080p),https://jobtvserver.eu/hls/stream.m3u8,,,,JOBTV.ro@SD,,,,https://i.imgur.com/UzcZNe3.png,Business,,iptv-org-all.txt
JOCX-DTV,https://fujitv4.mov3.co/hls/fujitv.m3u8,,,,JOCXDTV.jp@SD,,,,https://i.imgur.com/sEWDmMD.png,General,,iptv-org-all.txt
Joe FM (720p) [Not 24/7],https://dpp-streamlive-plain.medialaancdn.be/joe_kijklive/plain/hls_hd.m3u8,,,,JoeFM.be@SD,,,,https://i.ibb.co/k9KJWzN/320px-Joe-radio-logo-2016-svg.png,Music,,iptv-org-all.txt
Joel Osteen Network (1080p),https://linear-860.frequency.stream/dist/xumo/860/hls/master/playlist.m3u8,,,,JoelOsteenNetwork.us@HD,,,,https://www.tablotv.com/wp-content/uploads/2025/05/Osteen_black.png,Religious,,iptv-org-all.txt
JOEX-DTV (540p),https://tvasahi.mov3.co/hls/tvasahi.m3u8,,,,JOEXDTV.jp@SD,,,,https://i.imgur.com/YCqB5Kj.png,General,,iptv-org-all.txt
Jogja Istimewa TV (720p),http://103.255.15.222:1935/tv/jitv_720p/playlist.m3u8,,,,JogjaIstimewaTV.id@SD,,,,https://i.imgur.com/VEqQfTu.png,General,,iptv-org-all.txt
Jogja TV (720p) [Not 24/7],https://stream.jogjatv.co.id/jtvlive/stream/index.m3u8,,,,JogjaTV.id@SD,,,,https://static.wikia.nocookie.net/logopedia/images/4/40/Jogjatvnew.png,General,,iptv-org-all.txt
JOJG-DTV (1080i),https://tv-stream-test.daydreamer-json.cc/fe8bf835820fb530467f75a9cb761504/master.m3u8,,,,JOJGDTV.jp@SD,,,,https://i.imgur.com/fAZ2BEZ.png,General,,iptv-org-all.txt
JoJo's Bizarre Adventure (1080p),https://d2kqaqstkr42e1.cloudfront.net/playlist.m3u8,,,,,,,,,Undefined,,iptv-org-all.txt
JoJo’s Bizarre Adventure,https://jmp2.uk/plu-66c7982f6838ee00085f0d24.m3u8,,,,,,,,,Undefined,,iptv-org-all.txt
JoJo’s Bizarre Adventure,https://jmp2.uk/plu-66c790f780a0af0008583aa4.m3u8,,,,,,,,,Undefined,,iptv-org-all.txt
JonmoBhumi TV (720p),https://jtvs.ncare.live/Gznr84Woj7UEye3OPVeWq2ForboWAgdV/jonmobhumitv.stream/playlist.m3u8,,,,JonmoBhumiTV.au@SD,,,,https://i.imgur.com/2snahLk.png,General,,iptv-org-all.txt
JooMusic (720p),https://livecdn.live247stream.com/joomusic/tv/playlist.m3u8,,,,JooMusic.pk@SD,,,,https://i.imgur.com/KHuKQQL.png,Music,,iptv-org-all.txt
Jordan Archive (1080p),https://playlist.fasttvcdn.com/pl/cc0blorawy1ibohhrupraa/Archive/playlist.m3u8,,,,JordanArchive.jo@SD,,,,https://i.imgur.com/8UrCl4k.png,Undefined,,iptv-org-all.txt
Jordan Comedy (1080p),https://playlist.fasttvcdn.com/pl/cc0blorawy1ibohhrupraa/Comedy/playlist.m3u8,,,,JordanComedy.jo@SD,,,,https://i.imgur.com/DuwwoO2.png,Comedy,,iptv-org-all.txt
Jordan Drama (1080p),https://playlist.fasttvcdn.com/pl/cc0blorawy1ibohhrupraa/Drama/playlist.m3u8,,,,JordanDrama.jo@SD,,,,https://i.imgur.com/gvIAEsJ.png,Undefined,,iptv-org-all.txt
Jordan Kitchen (1080p),https://playlist.fasttvcdn.com/pl/cc0blorawy1ibohhrupraa/cooking/playlist.m3u8,,,,JordanKitchen.jo@SD,,,,https://i.imgur.com/B45qcQX.png,Cooking,,iptv-org-all.txt
Jordan Satellite Channel (1080p),https://jrtv-live.ercdn.net/jordanhd/jordanhd.m3u8,,,,JordanTV.jo@SD,,,,https://i.imgur.com/0XozB5N.png,General,,iptv-org-all.txt
Jordan Songs (1080p),https://playlist.fasttvcdn.com/pl/cc0blorawy1ibohhrupraa/Song/playlist.m3u8,,,,JordanSongs.jo@SD,,,,https://i.imgur.com/1DE7Gmw.png,Music,,iptv-org-all.txt
Jordan Sport (1080p),http://93.184.10.248/JordanSport/index.m3u8,,,,JordanSport.jo@SD,,,,https://i.imgur.com/2EmrZPQ.png,Sports,,iptv-org-all.txt
Jordan Tourism (1080p),https://playlist.fasttvcdn.com/pl/cc0blorawy1ibohhrupraa/Tourism/playlist.m3u8,,,,JordanTourism.jo@SD,,,,https://i.imgur.com/gpeIoU9.png,Undefined,,iptv-org-all.txt
Jornada nas Estrelas A Nova Geração,https://jmp2.uk/plu-69162ad79505d0f3b1ebf07d.m3u8,,,,JornadanasEstrelasANovaGeracao.us@BR,,,,https://images.pluto.tv/channels/69162ad79505d0f3b1ebf07d/colorLogoPNG_1766066212478.png,Series,,iptv-org-all.txt
Jornada nas Estrelas Deep Space Nine,https://jmp2.uk/plu-69162af591700f4c4c135c95.m3u8,,,,JornadanasEstrelasDeepSpaceNine.us@BR,,,,https://images.pluto.tv/channels/69162af591700f4c4c135c95/colorLogoPNG_1766066526851.png,Series,,iptv-org-all.txt
Jornada nas Estrelas Voyager,https://jmp2.uk/plu-69162b1ef189e235142b17ab.m3u8,,,,JornadanasEstrelasVoyager.us@BR,,,,https://images.pluto.tv/channels/69162b1ef189e235142b17ab/colorLogoPNG_1766150123044.png,Series,,iptv-org-all.txt
JORX-DTV,https://tbs5.mov3.co/hls/tbs.m3u8,,,,JORXDTV.jp@SD,,,,https://i.imgur.com/dUn2GRn.png,General,,iptv-org-all.txt
Joshua TV (720p),https://livecdn.live247stream.com/joshua/tv/playlist.m3u8,,,,JoshuaTV.pk@SD,,,,https://i.imgur.com/x9xPR2h.png,Religious,,iptv-org-all.txt
Josué TV (1080p),https://videoserver.tmcreativos.com:19360/abbftuhxxs/abbftuhxxs.m3u8,,,,JosueTV.sv@SD,,,,https://i.imgur.com/LNWGe1D.jpg,Religious,,iptv-org-all.txt
Jothi TV (1080p),http://103.154.3.101:5001/live/2768.m3u8,,,,JothiTV.in@SD,,,,https://xstreamcp-assets-msp.streamready.in/assets/LIVETV/LIVECHANNEL/LIVETV_LIVETVCHANNEL_JOTHI_TV/images/LOGO_HD/image.png,Religious,,iptv-org-all.txt
JOTX-DTV,https://tvtokyo.mov3.co/hls/tvtokyo.m3u8,,,,JOTXDTV.jp@SD,,,,https://upload.wikimedia.org/wikipedia/commons/thumb/c/c1/TV_Tokyo_%28Japanese%29_2023.svg/960px-TV_Tokyo_%28Japanese%29_2023.svg.png,General,,iptv-org-all.txt
JOURNY TV (720p),https://d3s3a5c7f101eb.cloudfront.net/playlist.m3u8,,,,Journy.us@SD,,,,https://i.imgur.com/1JNrLxq.png,Travel,,iptv-org-all.txt
Jovem Pan News (JP News) (1080p) [Not 24/7],https://d6yfbj4xxtrod.cloudfront.net/out/v1/7836eb391ec24452b149f3dc6df15bbd/index.m3u8,,,,JovemPanNews.br@SD,,,,https://upload.wikimedia.org/wikipedia/commons/thumb/2/26/Jovem_Pan_logo_2018.svg/960px-Jovem_Pan_logo_2018.svg.png,News,,iptv-org-all.txt
Joy TV (1080p),https://ktismaservers.in:3412/live/joytvlive.m3u8,,,,JoyTV.in@SD,,,,https://joytvchennai.org/wp-content/uploads/2026/04/cropped-512.png,Religious,,iptv-org-all.txt
JPD TV [Not 24/7],https://imagenuniversaltv.net:3026/live/juanpabloduartetvlive.m3u8,,,,JPDTV.do@HD,,,,https://i0.wp.com/juanpabloduartetv.com/wp-content/uploads/2024/08/logo-JPDTV-100-x-100.png,General,,iptv-org-all.txt
JRTV Järviradio (720p),https://streamer.radiotaajuus.fi/memfs/47f113bf-04ea-493b-a9d4-52945fd9db31.m3u8,,,,JRTVJarviradio.fi@SD,,,,https://jarviradio.fi/jrtv2/wp-content/uploads/2022/01/jrtv1.jpg,Music,,iptv-org-all.txt
JTBS Classic,https://jtbsclassic.dpdns.org/live.m3u8,,,,JTBSClassic.in@Main,,,,https://jtbsclassic.dpdns.org/logo.png,Culture;Religious,,iptv-org-all.txt
JTV (720p),http://122.248.43.242:1935/JTVSURABAYA/_definst_/myStream/playlist.m3u8,,,,JTV.id@SD,,,,https://i.imgur.com/mIDWIQk.png,General,,iptv-org-all.txt
JTV Jewelry Love (1080p) [Geo-blocked],https://jewelrytv-xumo.amagi.tv/playlist.m3u8,,,,,,,,,Undefined,,iptv-org-all.txt
JTV Kediri (1080p) [Not 24/7],http://122.248.43.242:1935/JTVKEDIRI/_definst_/myStream/playlist.m3u8,,,,JTV.id@Kediri,,,,https://i.imgur.com/mIDWIQk.png,General,,iptv-org-all.txt
JTV Madiun,http://122.248.43.242:1935/JTVMADIUN/_definst_/myStream/playlist.m3u8,,,,JTV.id@Madiun,,,,https://i.imgur.com/mIDWIQk.png,General,,iptv-org-all.txt
JTV Madura (480p) [Not 24/7],http://122.248.43.242:1935/JTVMADURA/_definst_/myStream/playlist.m3u8,,,,JTV.id@Madura,,,,https://i.imgur.com/mIDWIQk.png,General,,iptv-org-all.txt
JTV Malang,http://122.248.43.242:1935/JTVMALANG/_definst_/myStream/playlist.m3u8,,,,JTV.id@Malang,,,,https://i.imgur.com/mIDWIQk.png,General,,iptv-org-all.txt
Júbilo TV (720p),http://173.249.60.54/hls/jubilotv.m3u8,,,,JubiloTV.gt@SD,,,,https://i.ibb.co/R4QSfYd/Ba073d3280959c5ba7d25d40052a7349.png,Religious,,iptv-org-all.txt
Judge Judy,https://jmp2.uk/plu-622f498d119b4c000719c0b7.m3u8,,,,JudgeJudy.de@GB,,,,https://images.pluto.tv/channels/622f498d119b4c000719c0b7/colorLogoPNG.png,Entertainment,,iptv-org-all.txt
Judge Judy,https://jmp2.uk/plu-6380c36389eccc000858c50f.m3u8,,,,JudgeJudy.se@DK,,,,https://images.pluto.tv/channels/6380c36389eccc000858c50f/colorLogoPNG.png,Series,,iptv-org-all.txt
Judge Judy,https://jmp2.uk/plu-6380c428dd0f47000799907c.m3u8,,,,JudgeJudy.se@NO,,,,https://images.pluto.tv/channels/6380c36389eccc000858c50f/colorLogoPNG.png,Series,,iptv-org-all.txt
Judge Judy,https://jmp2.uk/plu-6380c4ab81c8d2000790fbf3.m3u8,,,,JudgeJudy.se@SE,,,,https://images.pluto.tv/channels/6380c36389eccc000858c50f/colorLogoPNG.png,Series,,iptv-org-all.txt
Judge Nosey (1080p),https://amg00514-noseybaxterllc-realnosey-cineverse-tqbpv.amagi.tv/playlist/amg00514-noseybaxterllc-realnosey-cineverse/playlist.m3u8,,,,JudgeNosey.us@US,,,,https://i.imgur.com/S4r98AB.png,Series,,iptv-org-all.txt
Juice TV (1080p) [Not 24/7],https://juicex.nz/hls/mystream.m3u8,,,,JuiceTV.nz@SD,,,,https://i.imgur.com/WaaaW0w.png,Music,,iptv-org-all.txt
Junior Technologia TV (1080p) [Not 24/7],https://streamunoapp.com:3616/live/juniorrodrigueztvlive.m3u8,,,,JuniorTechnologiaTV.do@HD,,,,https://www.vivalivetv.com/public/files/shows/0/1/3812-294x165-FFFFFF.jpg,General,,iptv-org-all.txt
Juntos TV (720p),https://video.juntostvchile.cl:8879/hls/web-jntv.m3u8,,,,JuntosTV.cl@SD,,,,https://i.imgur.com/U62q2eM.png,General,,iptv-org-all.txt
Jupiter TV (1080p),https://streams2.sofast.tv/v1/master/611d79b11b77e2f571934fd80ca1413453772ac7/c7e85b21-ea01-42b4-85db-15dcfec98942/manifest.m3u8,,,,,,,,,Undefined,,iptv-org-all.txt
Jus Hindi (1080p),http://103.154.3.101:5001/live/960.m3u8,,,,JusHindi.us@SD,,,,https://i.imgur.com/5GI7Nh7.png,Culture,,iptv-org-all.txt
Jus One (1080p),http://103.154.3.101:5001/live/961.m3u8,,,,JusOne.us@SD,,,,https://i.imgur.com/8NutGr2.png,Culture,,iptv-org-all.txt
Jus Punjabi (1080p),http://103.154.3.101:5001/live/959.m3u8,,,,JusPunjabi.us@SD,,,,https://jiotvimages.cdn.jio.com/dare_images/images/JUSPunjabi.png,Culture,,iptv-org-all.txt
Just for Laughs Gags (1080p),https://streams2.sofast.tv/ptnr-yupptv/title-JUST_FOR_LAUGHS_GAGS_YUPPTV/v1/master/611d79b11b77e2f571934fd80ca1413453772ac7/2790d143-5874-4146-bf91-9063c52b2f15/manifest.m3u8,,,,JustforLaughsGags.us@SD,,,,https://i.imgur.com/HjVEVMJ.png,Comedy,,iptv-org-all.txt
Just.fishing,https://jmp2.uk/plu-61b33085897b9d000702b72e.m3u8,,,,,,,,,Undefined,,iptv-org-all.txt
Juste pour Rire GAGS (720p),https://jmp2.uk/plu-60afa1508284e60007163c08.m3u8,,,,,,,,,Undefined,,iptv-org-all.txt
Justicia TV (720p),https://live-scjn.ovp-vivaro.digital/ovp-origin/638a22b47746d/playlist.m3u8,,,,JusticiaTV.mx@SD,,,,https://i.imgur.com/zyAS1hk.png,Legislative,,iptv-org-all.txt
Justicia TV (1080p),http://190.93.224.42/JUSTICIA-TV/index.m3u8,,,,JusticiaTV.pe@SD,,,,https://i.imgur.com/VOjLXJd.png,Legislative,,iptv-org-all.txt
Juwelo (720p),https://sdn-global-live-streaming-packager-cache.3qsdn.com/7441/7441_264_live.m3u8,,,,Juwelo.de@SD,,,,https://i.imgur.com/vmX8Qin.png,Shop,,iptv-org-all.txt
Juwelo Italia (480p),https://sdn-global-live-streaming-packager-cache.3qsdn.com/7841/7841_264_live.m3u8,,,,Juwelo.it@SD,,,,https://i.imgur.com/T3r1khc.png,Shop,,iptv-org-all.txt
K2 (720p),https://cdn15.live-tv.cloud/ua_infinitas_tv/k2-abr/playlist.m3u8,,,,K2.ua@SD,,,,https://i.imgur.com/NMhydr5.png,Entertainment,,iptv-org-all.txt
K19,https://1853185335.rsc.cdn77.org/K192/tv/playlist.m3u8,,,,K19.at@SD,,,,https://i.imgur.com/l4atkvs.png,Sports,,iptv-org-all.txt
K24 (1080p),https://livecdn.premiumfree.tv/afxpstr/K24Backup/index.m3u8,,,,K24.ke@SD,,,,https://i.imgur.com/SUjo6Bm.png,General,,iptv-org-all.txt
K100 (1080p),https://k100streymi.mbl.is/beint/k100/index.m3u8,,,,K100.is@SD,,,,https://i.imgur.com/tv60ogG.png,Music,,iptv-org-all.txt
K Content by CJ ENM (1080p),https://d2q0mzb9bm4w5z.cloudfront.net/68fee8e1_605a_437b_b968_244c3c0d5f24/hls/playlist.m3u8,,,,KContentbyCJENM.us@SD,,,,https://i.imgur.com/lRy231d.png,Entertainment,,iptv-org-all.txt
K Drama by CJ ENM (1080p),https://d2fdocl6hmu0hh.cloudfront.net/dfa54c7d_1154_425d_a2b8_6ea994157976/hls/playlist.m3u8,,,,,,,,,Undefined,,iptv-org-all.txt
K Drama+ (1080p),https://ads.its-newid.net/api/manifest.m3u8?ads.service_id=US1700017NM&channel_id=newid_271&tp=samsung_tvplus,,,,,,,,,Undefined,,iptv-org-all.txt
K Food by CJ ENM (1080p),https://dmxcualdgbo80.cloudfront.net/b2c874a8_68b3_49cb_9435_0264a4d32e4a/hls/playlist.m3u8,,,,,,,,,Undefined,,iptv-org-all.txt
K POP by CJ ENM (1080p),https://d3kmrn2mstrnk5.cloudfront.net/f4acc9ba_daae_4ed0_b836_32126cead919/hls/playlist.m3u8,,,,,,,,,Undefined,,iptv-org-all.txt
K Stories by CJ ENM (1080p),https://d50a1g0nh14ou.cloudfront.net/e91c6419_2e45_4f6c_a646_b912658d73b8/hls/playlist.m3u8,,,,,,,,,Undefined,,iptv-org-all.txt
K-TV (720p),https://d1pz8zear993v8.cloudfront.net/hlsme/kathtv.m3u8,,,,KTV.at@SD,,,,https://i.imgur.com/RYbR4Sf.png,Religious,,iptv-org-all.txt
Kabbalah for the People (Israel) (504p) [Not 24/7],https://edge3.uk.kab.tv/live/tv66-heb-high/playlist.m3u8,,,,KabbalahforthePeopleIsrael.il@SD,,,,https://i.imgur.com/VxAHOgr.png,Religious,,iptv-org-all.txt
kabel eins,https://dash4.antik.sk/live/test_kabel_eins_tizen/playlist.m3u8,,,,kabeleins.de@SD,,,,https://i.imgur.com/6pulSHZ.png,Entertainment,,iptv-org-all.txt
Kaifa TV (576p),http://82.212.74.2:8000/live/7311.m3u8,,,,KaifaTV.jo@SD,,,,https://i.imgur.com/zGGeSQg.png,General,,iptv-org-all.txt
Kairali Arabia (576p),https://mumt03.tangotv.in/Dsly5z3HKAIRALIARABIA/index.m3u8,,,,KairaliArabia.in@SD,,,,https://i.imgur.com/BBEfplL.png,General,,iptv-org-all.txt
Kairali News (720p),https://cdn-3.pishow.tv/live/1469/master.m3u8,,,,KairaliNews.in@SD,,,,https://dtil.tmsimg.com/assets/s143246_ld_h15_aa.png?lock=720x540,News,,iptv-org-all.txt
Kairali TV (576p),https://mumt01.tangotv.in/O5aw8Zn3KAIRALI/index.m3u8,,,,KairaliTV.in@SD,,,,https://upload.wikimedia.org/wikipedia/en/thumb/6/6e/Kairali_TV.svg/500px-Kairali_TV.svg.png,General,,iptv-org-all.txt
Kairali We (576p),https://streams.tangotv.in/WETV/ORIGIN/index.m3u8,,,,KairaliWe.in@SD,,,,https://xstreamcp-assets-msp.streamready.in/assets/LIVETV/LIVECHANNEL/LIVETV_LIVETVCHANNEL_KAIRALI_WE/images/LOGO_HD/image.png,Movies,,iptv-org-all.txt
Kajou TV (720p) [Not 24/7],https://video1.getstreamhosting.com:1936/8055/8055/playlist.m3u8,,,,KajouTV.us@SD,,,,https://i.imgur.com/2XzghdT.png,Culture,,iptv-org-all.txt
Kalac TV (1080p),https://edge13.vedge.infomaniak.com/livecast/ik:kalactv/chunklist_w280736538.m3u8,,,,KalacTV.gn@SD,,,,https://i.imgur.com/FgKJiHZ.png,General,,iptv-org-all.txt
Kalaignar Murasu (396p),https://yuppmedtaorire.akamaized.net/v1/master/a0d007312bfd99c47f76b77ae26b1ccdaae76cb1/murasu_nim_https/050522/murasu/playlist.m3u8,,,,KalaignarMurasu.in@SD,,,,https://dtil.tmsimg.com/assets/s143561_ld_h15_aa.png?lock=720x540,Entertainment,,iptv-org-all.txt
Kalaignar TV (576p),http://103.72.101.252:8080/live/1209.m3u8,,,,KalaignarTV.in@SD,,,,https://ltsk-cdn.s3.eu-west-1.amazonaws.com/jumpstart/Temp_Live/cdn/HLS/Channel/transparentImages/Kalaignar%20TV.png,General,,iptv-org-all.txt
Kalemeh TV,https://klmhls.wns.live/hls/stream.m3u8,,,,KalemehTV.uk@HD,,,,https://i.imgur.com/RsKKULI.png,Religious,,iptv-org-all.txt
Kalemeh TV,https://kalemeh.tv/live/hls/gate.php?p=/live/ngrp:kalemeh_all/playlist.m3u8,,,,KalemehTV.uk@SD,,,,https://i.imgur.com/RsKKULI.png,Religious,,iptv-org-all.txt
Kalika TV (576p),http://server.applelive.in/kalikatv/kalikatv.m3u8,,,,KalikaTV.in@SD,,,,https://i.imgur.com/XWXFoJA.png,Music,,iptv-org-all.txt
Kalinga TV (576p),https://mumt01.tangotv.in/O5aw8Zn3KALINGATV/index.m3u8,,,,KalingaTV.in@SD,,,,https://xstreamcp-assets-msp.streamready.in/assets/LIVETV/LIVECHANNEL/LIVETV_LIVETVCHANNEL_KALINGA_TV/images/LOGO_HD/image.png,News,,iptv-org-all.txt
Kaloopy TV (1080p),https://streamingserver000.viewtv.cloud/VIEWTVNETWORK-KALOOPY/index.m3u8,,,,KaloopyTV.us@SD,,,,https://vcz-kapang-tv.b-cdn.net/files/thumbs/2026/05/06/1778037346ayAfpsWIMj-300x300-square.png,Lifestyle,,iptv-org-all.txt
Kalsan TV (576p),https://ap02.iqplay.tv:8082/iqb8002/ka1s0n/playlist.m3u8,,,,KalsanTV.uk@SD,,,,https://i.imgur.com/AqyY1bR.png,Culture,,iptv-org-all.txt
Kalu TV (1080p),https://tv.kaludecolombia.com/memfs/d71c0104-4752-4690-bdbf-19aa849da6c4.m3u8,,,,KaluTV.co@SD,,,,https://i.imgur.com/MO4w3OT.jpeg,General,,iptv-org-all.txt
Kan 11 (1080p),https://kancdn.medonecdn.net/livehls/oil/kancdn-live/live/kan11/live.livx/playlist.m3u8,,,,Kan11.il@SD,,,,https://upload.wikimedia.org/wikipedia/commons/thumb/c/c8/Kan11Logo.svg/960px-Kan11Logo.svg.png,General,,iptv-org-all.txt
Kan Educational (720p),http://stream.mcquack.net/378/index.m3u8,,,,KanEducational.il@SD,,,,https://upload.wikimedia.org/wikipedia/commons/thumb/6/6b/KanHinuchit.svg/960px-KanHinuchit.svg.png,Education,,iptv-org-all.txt
Kanal 3 (1080p) [Not 24/7],https://live.artidijitalmedya.com/artidijital_kanal3/kanal3/playlist.m3u8,,,,Kanal3.tr@SD,,,,https://i.imgur.com/eXErSv0.png,General,,iptv-org-all.txt
Kanal 5 (360p),https://s2.teve.mk/tvstanici/2/playlist.m3u8,,,,Kanal5.mk@SD,,,,https://i.imgur.com/Qw7N3S2.png,General,,iptv-org-all.txt
Kanal 6 (288p),https://restreamer1.tnt.ba/hls/kanal6.m3u8,,,,Kanal6.ba@SD,,,,https://i.imgur.com/GGhvR0l.png,General,,iptv-org-all.txt
Kanal 7 (1080p) [Not 24/7],https://kanal7-live.daioncdn.net/kanal7/kanal7.m3u8,,,,Kanal7.tr@SD,,,,https://i.imgur.com/0gq9xOm.png,Entertainment,,iptv-org-all.txt
Kanal 7 Avrupa (720p) [Not 24/7],https://livetv.radyotvonline.net/kanal7live/kanal7avr/playlist.m3u8,,,,Kanal7Avrupa.tr@SD,,,,https://i.imgur.com/wlfyj5l.png,Entertainment,,iptv-org-all.txt
Kanal 10 Asia (540p),http://cdn-kanal10.crossnet.net:1935/kanal10/kanal10asia/playlist.m3u8,,,,Kanal10Asia.se@SD,,,,https://i.imgur.com/tY7IJva.png,Religious,,iptv-org-all.txt
Kanal 12 (720p),https://live.artidijitalmedya.com/artidijital_kanal12/kanal12/playlist.m3u8,,,,Kanal12.tr@SD,,,,https://i.imgur.com/51xCkXG.png,General,,iptv-org-all.txt
Kanal12 Spremberg TV (404p) [Not 24/7],https://58de7a369a9c4.streamlock.net/sprembergtv/live/playlist.m3u8,,,,Kanal12SprembergTV.de@SD,,,,https://i.ibb.co/1LzJz7Y/Channels4-profile-7.jpg,General,,iptv-org-all.txt
Kanal 15 (720p) [Not 24/7],https://live.artidijitalmedya.com/artidijital_kanal15/kanal15/playlist.m3u8,,,,Kanal15.tr@SD,,,,https://i.imgur.com/wb1Cdc9.png,General,,iptv-org-all.txt
Kanal 23 (1080p),https://cdn-kanal23.yayin.com.tr/kanal23/index.m3u8,,,,Kanal23.tr@SD,,,,https://i.imgur.com/3br8RCq.png,General,,iptv-org-all.txt
Kanal 26 (720p) [Not 24/7],https://live.artidijitalmedya.com/artidijital_kanal26/kanal26/playlist.m3u8,,,,Kanal26.tr@SD,,,,https://i.imgur.com/Mr7XPii.png,General,,iptv-org-all.txt
Kanal 32 (720p) [Not 24/7],https://edge1.socialsmart.tv/kanal32/bant1/playlist.m3u8,,,,Kanal32.tr@SD,,,,,General,,iptv-org-all.txt
Kanal 33 (720p) [Not 24/7],https://edge1.socialsmart.tv/kanal33/bant1/playlist.m3u8,,,,Kanal33.tr@SD,,,,https://i.imgur.com/5WYaoFZ.png,General,,iptv-org-all.txt
Kanal 34 (720p) [Not 24/7],https://vdo.digitalbox.xyz:3266/live/kanal34tvlive.m3u8,,,,Kanal34.tr@SD,,,,https://i.imgur.com/SIaI6Sj.png,General,,iptv-org-all.txt
Kanal 35 (720p),https://str2.yodacdn.net/kanal35/index.m3u8,,,,Kanal35.az@SD,,,,https://live.ntv.az/kanal35.png,General,,iptv-org-all.txt
KANAL 58 (720p) [Not 24/7],https://live.artidijitalmedya.com/artidijital_kanal58/kanal58/playlist.m3u8,,,,Kanal58.tr@SD,,,,https://i.imgur.com/Rgc66sv.png,General,,iptv-org-all.txt
Kanal A,https://streamer01.xploretv.si/__cl/cg:prod/__c/A1_SI_AKANALHD_ott/__op/dash-default/__dci/__f/index.m3u8?admin=xploreTv_test_user&redirect=true,,,,KanalA.si@SD,,,,https://i.imgur.com/JHNpcqF.png,General,,iptv-org-all.txt
Kanal D (480p),https://stream1.kanald.ro/iphone/knd-live.m3u8,,,,KanalD.ro@SD,,,,https://i.imgur.com/15ILp0P.png,General,,iptv-org-all.txt
Kanal D (1080p),https://demiroren.daioncdn.net/kanald/kanald.m3u8?app=kanald_web&ce=3,,,,KanalD.tr@SD,,,,https://i.imgur.com/9o1atM6.png,General,,iptv-org-all.txt
Kanal D2 (1080i),https://stream2.kanald.ro/iphone/knd2-live.m3u8,,,,KanalD2.ro@SD,,,,https://i.imgur.com/0SMSIm9.png,Undefined,,iptv-org-all.txt
Kanal D Drama (1080p),http://190.93.224.42/KANAL-D-DRAMA/index.m3u8,,,,KanalDDrama.tr@SD,,,,https://i.imgur.com/WIeZMKT.png,Entertainment,,iptv-org-all.txt
Kanal Firat (720p) [Not 24/7],https://live.artidijitalmedya.com/artidijital_kanalfirat/kanalfirat/playlist.m3u8,,,,KanalFirat.tr@SD,,,,https://i.imgur.com/3o8Rokp.png,General,,iptv-org-all.txt
Kanal Hayat (1080p),https://tbn02a.ltnschedule.com/hls/nx21i.m3u8,,,,KanalHayat.tr@SD,,,,https://i.imgur.com/eikZj19.png,General,,iptv-org-all.txt
Kanal Hovedstaden (720p) [Not 24/7],http://khkbh.dk:8080/hls/livestream/index.m3u8,,,,KanalHovedstaden.dk@SD,,,,https://i.imgur.com/afujBQs.jpeg,General,,iptv-org-all.txt
Kanal Jadid,https://kjhls.wns.live/hls/stream.m3u8,,,,KanalJadid.uk@SD,,,,https://i.imgur.com/7oGGgfD.png,General,,iptv-org-all.txt
Kanal S,https://lives.atv.az:5443/KANAL-S/streams/kanals.m3u8,,,,KanalS.az@SD,,,,https://raw.githubusercontent.com/songwenhui239/Songwenhui239/refs/heads/main/Kanal%20S.png,General,,iptv-org-all.txt
Kanal V (720p) [Not 24/7],https://live.artidijitalmedya.com/artidijital_kanalv/kanalv/playlist.m3u8,,,,KanalV.tr@SD,,,,https://i.imgur.com/7RNjTno.png,General,,iptv-org-all.txt
KandelaTV (480p),https://streamtv.intervenhosting.net:3718/live/kandelamedioslive.m3u8,,,,KandelaTV.ve@SD,,,,https://i.imgur.com/cCFxyIp.jpg,Music,,iptv-org-all.txt
Kangba TV,http://110.185.237.164:8888/hls/30/index.m3u8,,,,KangbaTV.cn@SD,,,,https://www.tvchinese.net/uploads/tv/kangbatv.jpg,General,,iptv-org-all.txt
Kanizsa TV (400p),https://cloudfront44.lexanetwork.com:1344/freerelay/kanizsavtv.sdp/playlist.m3u8,,,,KanizsaTV.hu@SD,,,,https://i.imgur.com/l02znlE.png,General,,iptv-org-all.txt
Kanshi TV (720p) [Not 24/7],https://live.kanshitv.co.uk/mobile/kanshitvkey.m3u8,,,,KanshiTV.uk@SD,,,,https://i.imgur.com/w6uXMrK.png,Religious,,iptv-org-all.txt
Kantipur Max [Geo-blocked],https://ktvhdsg.ekantipur.com:8443/ktvmax2025/match2/playlist.m3u8,,,,KantipurMax.np@SD,,,,https://i.imgur.com/EZUyzhG.jpg,Movies,,iptv-org-all.txt
Kantipur TV,https://ktvhdsg.ekantipur.com:8443/high_quality_85840165/hd/kantipurtv/hd_1080/chunks.m3u8,,,,KantipurTV.np@HD,,,,https://i.imgur.com/HEVo2Gc.png,General,,iptv-org-all.txt
Kantipur TV (1080p),https://ktvhdsg.ekantipur.com:8443/high_quality_85840165/hd/playlist.m3u8,,,,KantipurTV.np@SD,,,,https://i.imgur.com/HEVo2Gc.png,General,,iptv-org-all.txt
Kapatid TV 5 (480p) [Geo-blocked],https://thinkkast.dpdns.org/tkk-ph/i7/kapatid_hd/kapatid.m3u8,,,,KapatidTV5.ph@SD,,,,https://i.imgur.com/xb5lkwG.png,General,,iptv-org-all.txt
Kapaz TV,http://85.132.78.122:8050/hls/stream/index.m3u8,,,,KapazTV.az@SD,,,,https://upload.wikimedia.org/wikipedia/az/thumb/3/3e/K%C9%99p%C9%99z_TV_%282019-h.h.%29.png/500px-K%C9%99p%C9%99z_TV_%282019-h.h.%29.png,News,,iptv-org-all.txt
Kapitan Fantastika (1080p),http://stream.mcquack.net/144/index.m3u8,,,,KapitanFantastika.ru@SD,,,,https://i.imgur.com/K3PSHiT.png,Kids,,iptv-org-all.txt
Kapos TV (1080p),https://cloudfront63.lexanetwork.com:1344/relay01/livestream004.sdp/playlist.m3u8,,,,KaposTV.hu@SD,,,,https://i.imgur.com/ZMrj2C5.png,General,,iptv-org-all.txt
Kappa TV (576p),https://mumt03.tangotv.in/Dsly5z3HKAPPATV/index.m3u8,,,,KappaTV.in@SD,,,,https://jiotvimages.cdn.jio.com/dare_images/images/Kappa_TV.png,Lifestyle,,iptv-org-all.txt
Karaoke por Stingray (720p),https://jmp2.uk/plu-5f85cf621d6d2200079f1de0.m3u8,,,,PlutoTVKaraokeporStingray.us@LatAm,,,,https://images.pluto.tv/channels/5f85cf621d6d2200079f1de0/colorLogoPNG.png,Music,,iptv-org-all.txt
Karbala Documentary,https://ktvlive.online/stream/hls/ch3.m3u8,,,,KarbalaDocumentary.iq@HD,,,,https://www.karbala-tv.iq/documentary/static/img/logo.png,Documentary;Religious,,iptv-org-all.txt
Karcag TV (720p),https://cloudfront41.lexanetwork.com:1344/relay03/livestream003.sdp/playlist.m3u8,,,,KarcagTV.hu@SD,,,,https://i.imgur.com/QcrVj3Q.png,General,,iptv-org-all.txt
Karibena (720p),http://187.102.210.46/KARIBENA/index.m3u8,,,,Karibena.pe@SD,,,,https://i.imgur.com/cgHjg1e.png,Music,,iptv-org-all.txt
Kartoon Channel (1080p),https://lightning-fnf-samsungaus.amagi.tv/playlist.m3u8,,,,KartoonChannel.us@SD,,,,https://i.imgur.com/1luzP3T.png,Kids,,iptv-org-all.txt
Kashish News (720p),https://server.thelegitpro.in/kashishnews/kashishnews/index.m3u8,,,,KashishNews.in@SD,,,,https://i.imgur.com/qfINs2r.png,News,,iptv-org-all.txt
Kass TV (720p) [Not 24/7],https://goliveafrica.media:9998/live/62f643cdca8cf/index.m3u8,,,,KassTV.ke@SD,,,,https://i.imgur.com/MW8wZ5v.png,General,,iptv-org-all.txt
KassouaTV (720p),https://playtv4k.live/live/kassouatv/index.m3u8,,,,KassouaTV.bj@SD,,,,https://i.imgur.com/EfX3HNG.png,General,,iptv-org-all.txt
KATC 3.1 (1080p),http://stream.cammonitorplus.net/1753/index.m3u8,,,,KATC31.us@HD,,,,https://upload.wikimedia.org/wikipedia/commons/2/27/WWAY_logo.png,General,,iptv-org-all.txt
KaufBei TV (576p),https://api.alpaca.t62a.com/hls/9103/index.m3u8,,,,KaufBeiTV.de@SD,,,,https://i.imgur.com/CVJWiM0.png,Shop,,iptv-org-all.txt
Kaumudy TV (720p),https://oqgdrkxby4rm-hls-live.5centscdn.com/kaumudytv/live.stream/playlist.m3u8,,,,KaumudyTV.in@SD,,,,https://dtil.tmsimg.com/assets/s143259_ld_h15_aa.png?lock=720x540,General,,iptv-org-all.txt
Kawanua TV (720p),http://122.248.43.242:1935/KAWANUATV/_definst_/myStream/playlist.m3u8,,,,KawanuaTV.id@SD,,,,https://upload.wikimedia.org/wikipedia/commons/5/5f/Logo_kawanua_tv.png,General,,iptv-org-all.txt
Kay2 HD (1080p),http://103.250.28.74:8000/play/a027/index.m3u8,,,,Kay2HD.pk@SD,,,,https://i.imgur.com/CRKk0iP.png,General,,iptv-org-all.txt
Kay TV (576p) [Geo-blocked],https://live.artidijitalmedya.com/artidijital_kaytv/kaytv/playlist.m3u8,,,,KayTV.tr@SD,,,,https://i.imgur.com/MymuDJ1.png,General,,iptv-org-all.txt
Kayhan TV (720p),https://playout395.livestreamingcdn.com/live/Stream1/playlist.m3u8,,,,KayhanTV.af@SD,,,,https://i.imgur.com/2MDjU7x.png,Music,,iptv-org-all.txt
KBEV Spectrum Channel 6 [Beverly Hills] (1080p),https://s3-us-west-2.amazonaws.com/beverly-hills-high-school.castus-vod/live/ch1/video.m3u8,,,,KBEV.us@SD,,,,https://i.imgur.com/YFVrphZ.png,Education,,iptv-org-all.txt
KBRI Brighton Channel 8 (Brighton CO) (720p),https://brightonco.cablecast.tv/live-4/live/live.m3u8,,,,KBRI8.us@SD,,,,https://i.imgur.com/r8lLsyh.png,Legislative,,iptv-org-all.txt
KBS Joy [Not 24/7],https://xykt-fix.github.io/flv/KJ_W.m3u8,,,,KBSJoy.kr@SD,,,,https://upload.wikimedia.org/wikipedia/commons/thumb/6/6b/KBS_JOY.svg/960px-KBS_JOY.svg.png,Entertainment,,iptv-org-all.txt
KC2 (720p) [Not 24/7],http://197.243.19.131:1935/kc2/kc2/chunklist.m3u8,,,,KC2.rw@SD,,,,https://i.imgur.com/PsYPzNc.png,Entertainment,,iptv-org-all.txt
KCAT Public Media TV (1080p),https://reflect-kcat-live.cablecast.tv/live-2/live/live.m3u8,,,,KCAT.us@SD,,,,https://i.imgur.com/ZAypRkk.png,Education,,iptv-org-all.txt
KCHTV (1080p),http://iptv.kchtv.video.makrodigital.com:8081/kchtv/iptv/playlist.m3u8,,,,KCHTV.ec@SD,,,,https://i.imgur.com/CwQmZm7.jpeg,General,,iptv-org-all.txt
KCKS-LD 25.3 (720p),https://2-fss-1.streamhoster.com/pl_154/amlst:205432-2055980/playlist.m3u8,,,,KCKSLD253.us@HD,,,,https://i.imgur.com/KtXQeeZ.png,Entertainment,,iptv-org-all.txt
KCL TV (720p),https://kcltv.livebox.co.in/kclhls/live.m3u8,,,,KCLTV.in@SD,,,,https://i.imgur.com/bkp9dIm.png,Entertainment,,iptv-org-all.txt
KCM (1080p) [Geo-blocked],https://amg02159-amg02159c7-samsung-in-4001.playouts.now.amagi.tv/playlist/amg02159-kcglobal-kcm-samsungin/playlist.m3u8,,,,KCM.sg@India,,,,https://jiotvimages.cdn.jio.com/dare_images/images/KCM.png,Entertainment;Movies,,iptv-org-all.txt
KCTV 광주 CH05 (720p) [Not 24/7],http://119.77.96.184:1935/chn05/chn05/playlist.m3u8,,,,KCTV.kr@SD,,,,https://i.imgur.com/IHkZpaI.png,General,,iptv-org-all.txt
KDFW-DT1 (1080p),https://cdn-uw2-prod.tsv2.amagi.tv/linear/amg00488-foxdigital-fox4dallaskdfw-vizious/playlist.m3u8,,,,KDFW41.us@HD,,,,https://upload.wikimedia.org/wikipedia/commons/thumb/f/f0/Fox_Networks_Group_US_logo.svg/960px-Fox_Networks_Group_US_logo.svg.png,General,,iptv-org-all.txt
Kecskemeti TV (416p) [Not 24/7],http://rtmp1.40e.hu:8000/live/ktv.m3u8,,,,KecskemetiTV.hu@SD,,,,https://i.imgur.com/yxwrX2N.png,General,,iptv-org-all.txt
Kemet TV,https://kemettv.cm/memfs/4e7fb105-9f92-4e8d-a7cd-09923f17a577.m3u8,,,,KemetTV.cm@SD,,,,https://i.imgur.com/NZ0YqOb.jpeg,Culture,,iptv-org-all.txt
KempenTV (480p),http://ms7.mx-cd.net/tv/Omroep_de_Kempen.smil/playlist.m3u8,,,,KempenTV.nl@SD,,,,https://i.imgur.com/ZiPL9ar.png,General,,iptv-org-all.txt
Kenan & Kel,https://jmp2.uk/plu-5ffcc5130fd98c0007f2e216.m3u8,,,,KenanKel.us@BR,,,,https://images.pluto.tv/channels/5ffcc5130fd98c0007f2e216/colorLogoPNG.png,Series,,iptv-org-all.txt
Kenan y Kel,https://jmp2.uk/plu-5fcea93ffcf94500071c4b2f.m3u8,,,,KenanKel.us@LatAm,,,,https://images.pluto.tv/channels/5ffcc5130fd98c0007f2e216/colorLogoPNG.png,Series,,iptv-org-all.txt
Kent Türk TV (1080p) [Not 24/7],https://live.artidijitalmedya.com/artidijital_kentturktv/kentturktv/playlist.m3u8,,,,KentTurk.tr@SD,,,,https://i.imgur.com/FQKPjsm.png,General,,iptv-org-all.txt
Kerman,https://ncdn.telewebion.ir/kerman/live/playlist.m3u8,,,,KermanTV.ir@SD,,,,https://upload.wikimedia.org/wikipedia/commons/thumb/9/9b/Kerman_irib_logo_%28blue_version%29.png/960px-Kerman_irib_logo_%28blue_version%29.png,General,,iptv-org-all.txt
Kern County Television,https://cdn3.wowza.com/5/dk84U1p2UUdoMGxT/kern/G0169_003/playlist.m3u8,,,,KernCountyTV.us@SD,,,,https://i.imgur.com/AJcuBCF.png,Legislative,,iptv-org-all.txt
Kerusso TV (720p),https://s.emisoras.tv:8081/kerussotv/index.m3u8,,,,KerussoTV.hn@SD,,,,https://i.imgur.com/S79uof0.png,Religious,,iptv-org-all.txt
Ketchup TV (720p),https://d24p9tv2w5yorn.cloudfront.net/vod.m3u8,,,,KetchupTV.us@SD,,,,https://i.imgur.com/XRGioQX.png,Kids,,iptv-org-all.txt
Key & Peele,https://jmp2.uk/plu-65cba715dc10a40008034917.m3u8,,,,KeyPeele.se@DK,,,,https://images.pluto.tv/channels/65cba715dc10a40008034917/colorLogoPNG.png,Comedy,,iptv-org-all.txt
Key & Peele,https://jmp2.uk/plu-65cba7573ba51e00084d76e1.m3u8,,,,KeyPeele.se@NO,,,,https://images.pluto.tv/channels/65cba715dc10a40008034917/colorLogoPNG.png,Comedy,,iptv-org-all.txt
Key & Peele,https://jmp2.uk/plu-65cba798d77d450008d056e5.m3u8,,,,KeyPeele.se@SE,,,,https://images.pluto.tv/channels/65cba715dc10a40008034917/colorLogoPNG.png,Comedy,,iptv-org-all.txt
KFTR-DT1 [Geo-blocked],https://streaming-live-fcdn.api.prd.univisionnow.com/kftr/kftr.isml/hls/kftr.m3u8,,,,KFTRDT461.us@HD,,,,https://i.imgur.com/e3Z2wzG.png,Entertainment,,iptv-org-all.txt
Khabar Fast (576p),https://mumt04.tangotv.in/m18aqlK4KHABARFAST/index.m3u8,,,,KhabarFast.in@SD,,,,https://jiotvimages.cdn.jio.com/dare_images/images/Khabar_Fast.png,News,,iptv-org-all.txt
Khabrain Abhi Tak (576p),https://mumt05.tangotv.in/87NeALx2KHABRAINABHITAK/index.m3u8,,,,KhabrainAbhiTak.in@SD,,,,https://dtil.tmsimg.com/assets/s143262_ld_h15_aa.png?lock=720x540,News,,iptv-org-all.txt
Khalij TV,https://khalijhls.wns.live/hls/stream.m3u8,,,,KhalijTV.ir@HD,,,,,Undefined,,iptv-org-all.txt
Khalij-e Fars,https://ncdn.telewebion.ir/khalijefars/live/playlist.m3u8,,,,KhalijeFarsTV.ir@SD,,,,https://upload.wikimedia.org/wikipedia/fa/thumb/7/7c/Bandar_KHALI_J_e_FARS_TV.svg/960px-Bandar_KHALI_J_e_FARS_TV.svg.png,General,,iptv-org-all.txt
Khanh Hoa TV (1080p),https://cdnbaokhanhhoa.com/live/1332e3a79e27.m3u8?vhost=video,,,,KhanhHoaTV.vn@SD,,,,https://i.imgur.com/qLMcGPT.png,General,,iptv-org-all.txt
Khatlon (576p),https://live.teleradiocom.tj/10/3m.m3u8,,,,Khatlon.tj@SD,,,,https://i.imgur.com/X4xVpBj.png,General,,iptv-org-all.txt
Khavaran,https://ncdn.telewebion.ir/khavaran/live/playlist.m3u8,,,,KhavaranTV.ir@SD,,,,https://upload.wikimedia.org/wikipedia/fa/8/86/KHAVARAN_tv.png,General,,iptv-org-all.txt
KHL (720p),http://31.148.48.15/KHL_TV/index.m3u8,,,,KHL.ru@SD,,,,https://i.imgur.com/RgdHdOV.png,Sports,,iptv-org-all.txt
KHL Prime (1080p),http://stream.mcquack.net/178/index.m3u8,,,,KHLPrime.ru@SD,,,,https://i.imgur.com/pwxT0ON.png,Sports,,iptv-org-all.txt
Khorasan Razavi,https://ncdn.telewebion.ir/khorasanrazavi/live/playlist.m3u8,,,,KhorasanRazaviTV.ir@SD,,,,https://upload.wikimedia.org/wikipedia/fa/b/bd/%D9%84%D9%88%DA%AF%D9%88_%D8%B4%D8%A8%DA%A9%D9%87_%D8%AE%D8%B1%D8%A7%D8%B3%D8%A7%D9%86_%D8%B1%D8%B6%D9%88%DB%8C.png,General,,iptv-org-all.txt
Khozestan,https://ncdn.telewebion.ir/khoozestan/live/playlist.m3u8,,,,KhozestanTV.ir@SD,,,,https://upload.wikimedia.org/wikipedia/fa/thumb/9/9a/Ahwaz_TV.svg/960px-Ahwaz_TV.svg.png,General,,iptv-org-all.txt
Khushboo Bangla (720p),https://cdn-4.pishow.tv/live/1473/master.m3u8,,,,KhushbooBangla.in@SD,,,,https://xstreamcp-assets-msp.streamready.in/assets/LIVETV/LIVECHANNEL/LIVETV_LIVETVCHANNEL_KHUSHBOO_BANGLA/images/LOGO_HD/image.png,Entertainment,,iptv-org-all.txt
Kiddo+ (1080p),https://streams2.sofast.tv/sofastplayout/8258122f-b4c0-416b-a2db-8407847f0c3c_1000015692_HLS/master.m3u8,,,,,,,,,Undefined,,iptv-org-all.txt
Kidoodle.TV (1080p),https://amg07653-apmc-amg07653c9-samsung-us-8740.playouts.now.amagi.tv/playlist.m3u8,,,,KidoodleTV.ca@SD,,,,https://i.imgur.com/MaFtbM5.png,Kids,,iptv-org-all.txt
Kids Movie Club,https://jmp2.uk/plu-5db0ad56edc89300090d2ebb.m3u8,,,,KidsMovieClub.us@SD,,,,https://i.imgur.com/avFk0Tt.png,Kids;Movies,,iptv-org-all.txt
Kids Street (1080p),http://181.78.121.15:8000/play/a00a/index.m3u8,,,,,,,,,Undefined,,iptv-org-all.txt
Kids TV,http://origin5.mediacdn.ru/live/kidstv/index.m3u8,,,,KidsTV.id@SD,,,,https://i.imgur.com/B5YiUIP.png,Kids,,iptv-org-all.txt
Kids Zone (720p),http://103.250.28.74:8000/play/a04m/index.m3u8,,,,KidsZone.pk@SD,,,,https://i.imgur.com/mJWBVH1.png,Kids,,iptv-org-all.txt
KidsFlix (1080p) [Not 24/7],https://stream-us-east-1.getpublica.com/playlist.m3u8?network_id=50,,,,KidsFlix.us@SD,,,,https://i.imgur.com/4Pn0ADQ.png,Kids;Movies,,iptv-org-all.txt
KiKA (1080p) [Not 24/7],https://kikahls.akamaized.net/hls/live/2022690/livetvkika_ww/master.m3u8,,,,KiKA.de@SD,,,,https://i.imgur.com/vZdNp5S.png,Kids,,iptv-org-all.txt
KiKA HD,https://dash4.antik.sk/live/test_kika_tizen/playlist.m3u8,,,,KiKA.de@HD,,,,https://i.imgur.com/vZdNp5S.png,Kids,,iptv-org-all.txt
Kilisuci TV,https://5bf7b725107e5.streamlock.net/kstv/kstv/playlist.m3u8,,,,KilisuciTV.id@SD,,,,https://upload.wikimedia.org/wikipedia/id/e/e4/Kilisuci_TV_NEW_LOGO_2016.png,General,,iptv-org-all.txt
Kin24,http://51.254.199.122:8080/kin24/index.m3u8,,,,Kin24.cd@SD,,,,https://i.imgur.com/Lak10Wo.png,News,,iptv-org-all.txt
King of Queens,https://jmp2.uk/plu-62f4f414c2ba130007f8b24e.m3u8,,,,,,,,,Undefined,,iptv-org-all.txt
King TV (720p) [Not 24/7],https://streamer12.vdn.dstreamone.net/kingtv/kingtv/playlist.m3u8,,,,KingTV.pk@SD,,,,https://i.imgur.com/dujrwRE.png,Religious,,iptv-org-all.txt
Kingsview TV (1080p),https://j78dp6reyq5r-hls-live.5centscdn.com/4896_push_1963_001/00cb1f2e4ff89048f2e77e26940c00e6.sdp/playlist.m3u8,,,,KingsviewTV.ng@SD,,,,https://i.imgur.com/py1XOXX.png,Entertainment,,iptv-org-all.txt
Kino 24 (720p),http://sirius.greenhosting.ru/Kino24Ru/video.m3u8,,,,Kino24.ru@SD,,,,https://i.imgur.com/QAdDARF.png,Movies,,iptv-org-all.txt
Kino TV HD (1080p),http://176.118.197.101/KinoTvHD/playlist.m3u8,,,,KinoTV.ru@HD,,,,https://i.imgur.com/sMpamNO.png,Movies,,iptv-org-all.txt
KinoHit (576p),http://stream.mcquack.net/126/index.m3u8,,,,KinoHit.ru@SD,,,,https://i.imgur.com/Ge8vkQM.png,Movies,,iptv-org-all.txt
Kinokomedija (576p),http://stream.mcquack.net/265/index.m3u8,,,,Kinokomedija.ru@SD,,,,https://i.imgur.com/dVjtth0.png,Comedy,,iptv-org-all.txt
Kinomix (576p),http://93.170.254.17/Kinomiks/index.m3u8,,,,Kinomix.ru@SD,,,,https://i.imgur.com/D4q2XUT.png,Movies,,iptv-org-all.txt
Kinopokaz (576p),http://stream.mcquack.net/64/index.m3u8,,,,Kinopokaz.ru@SD,,,,https://i.imgur.com/nNjMyAq.png,Movies,,iptv-org-all.txt
Kinopokaz HD (1080p),http://hls127.freeott.top:8080/Kinopokaz_HD/video.m3u8,,,,Kinopokaz.ru@HD,,,,https://i.imgur.com/nNjMyAq.png,Movies,,iptv-org-all.txt
Kinopremyera (1080p),http://5.188.159.128:8070/KINOPREMIERA/index.m3u8,,,,Kinopremyera.ru@SD,,,,https://i.imgur.com/s0UYT8T.png,Movies,,iptv-org-all.txt
Kinosemja (576p),http://stream.mcquack.net/170/index.m3u8,,,,Kinosemja.ru@SD,,,,https://i.imgur.com/4BF5VeK.png,Movies,,iptv-org-all.txt
Kinoseriya (1080p),http://hls127.freeott.top:8080/Kinoseriya_HD/video.m3u8,,,,Kinoseriya.ru@SD,,,,https://i.imgur.com/iao7zLZ.png,Movies,,iptv-org-all.txt
Kinosvidanie (576p),http://5.188.159.128:8070/kinosvidanie/index.m3u8,,,,Kinosvidanie.ru@SD,,,,https://i.imgur.com/ZRaWqxj.png,Movies,,iptv-org-all.txt
Kinoteatr (1080p),https://stream8.cinerama.uz/1009/tracks-v1a1/playlist.m3u8,,,,Kinoteatr.uz@SD,,,,https://i.imgur.com/emH1BgC.png,Movies,,iptv-org-all.txt
Kinouzhas (576p),http://stream.mcquack.net/278/index.m3u8,,,,Kinouzhas.ru@SD,,,,https://i.imgur.com/mAcAAQF.png,Movies,,iptv-org-all.txt
KIRO Seattle (720p),https://jmp2.uk/plu-632b619c8d2a6c0007ff534e.m3u8,,,,,,,,,Undefined,,iptv-org-all.txt
KIRO-DT1 (1080p),https://cdn-ue1-prod.tsv2.amagi.tv/linear/amg00327-coxmediagroup-kirobreaking-ono/playlist.m3u8,,,,KIROTV71.us@HD,,,,https://i.imgur.com/suvT0TN.png,General,,iptv-org-all.txt
Kish,https://ncdn.telewebion.ir/kish/live/playlist.m3u8,,,,KishTV.ir@SD,,,,https://upload.wikimedia.org/wikipedia/fa/thumb/1/14/Kish_tv.svg/960px-Kish_tv.svg.png,General,,iptv-org-all.txt
Kiskőrös TV (720p),https://5cd03f21c7193.streamlock.net/kiskorostv/korostvlive/playlist.m3u8,,,,KiskorosTV.hu@SD,,,,https://i.imgur.com/Y74Mve1.png,General,,iptv-org-all.txt
Kiss Kiss Napoli TV (720p),https://58f12ffd2447a.streamlock.net/KKTVNapoli/livestream/playlist.m3u8,,,,KissKissNapoliTV.it@SD,,,,https://i.imgur.com/RsGiBwE.png,Music,,iptv-org-all.txt
Kiss Kiss TV (1080p),https://58f12ffd2447a.streamlock.net/KKMulti/livestream/playlist.m3u8,,,,KissKissTV.it@SD,,,,https://i.imgur.com/ja6c2YZ.png,Music,,iptv-org-all.txt
Kiss TV (1080p),https://tv.broadcasting.ro/kisstv/a629c031-2170-4ee9-a36d-87a891aa3131.m3u8,,,,KissTV.ro@SD,,,,https://i.imgur.com/NKfVymH.png,Music,,iptv-org-all.txt
KIT-TV (720p),https://everest.pa-hosting.de:3591/live/joseflive.m3u8,,,,KITTV.at@SD,,,,https://i.imgur.com/5rDo1Za.png,Religious,,iptv-org-all.txt
Kitchen Battles,https://jmp2.uk/plu-62fb66c867976d0007647e54.m3u8,,,,,,,,,Undefined,,iptv-org-all.txt
Kitchen Nightmares (720p) [Geo-blocked],https://pb-6nrjkl2kyw4ki.akamaized.net/Kitchen_Nightmares.m3u8,,,,,,,,,Undefined,,iptv-org-all.txt
KITE Victers (Kerala) (720p) [Not 24/7],https://932y4x26ljv8-hls-live.5centscdn.com/victers/tv.stream/playlist.m3u8,,,,KiteVicters.in@SD,,,,https://i.imgur.com/kj4OEsb.png,Education,,iptv-org-all.txt
KITV 4 Island News (720p),https://fuel-streaming-prod01.fuelmedia.io/v1/sem/c4067ddc-0e67-4928-b7ec-624481f721a6.m3u8,,,,KITV41.us@HD,,,,https://i.imgur.com/pj0O5nu.png,General,,iptv-org-all.txt
KIX,https://liveh34.vtvprime.vn/hls/KIX/04.m3u8,,,,KIX.hk@SD,,,,https://i.imgur.com/zWcUAdb.png,Entertainment,,iptv-org-all.txt
KK TV Angola (1080p),https://w1.manasat.com/ktv-angola/smil:ktv-angola.smil/playlist.m3u8,,,,KKTV.ao@SD,,,,https://i.imgur.com/jWOB0oU.png,Religious,,iptv-org-all.txt
KKRtv (720p) [Not 24/7],http://stream.kkr.dk/live/kkr/playlist.m3u8,,,,KKRtv.dk@SD,,,,https://i.imgur.com/TbtjWHI.png,Religious,,iptv-org-all.txt
Klan Kosova (720p),http://5.254.89.106/8706/index.m3u8,,,,KlanKosova.xk@SD,,,,https://i.imgur.com/pQjSsNQ.png,General,,iptv-org-all.txt
Klape i Tambure TV (1080p),https://stream.cmctv.hr:49998/kit/live.m3u8,,,,KlapeiTambureTV.hr@SD,,,,https://i.imgur.com/sKj3dgc.png,Music,,iptv-org-all.txt
Klara (720p),https://live.vrtcdn.be/groupb/live/9c429b62-e160-417a-b438-cdf985bcd352/live.isml/.m3u8,,,,Klara.be@SD,,,,https://i.ibb.co/YdDkSJW/VRT-Klara-2020-svg.png,Music,,iptv-org-all.txt
Klasik TV (576p) [Not 24/7],https://178.253.194.105/klasiktv/playlist.m3u8,,,,Klasik.hr@SD,,,,https://i.imgur.com/C90BYlb.png,Movies,,iptv-org-all.txt
Klovn,https://jmp2.uk/plu-65a63ff00d9ab400080b101c.m3u8,,,,Klovn.se@SE,,,,https://images.pluto.tv/channels/65a63ff00d9ab400080b101c/colorLogoPNG.png,Comedy,,iptv-org-all.txt
Kluch (576p),http://hls127.freeott.top:8080/Kluch/video.m3u8,,,,Kluch.ru@SD,,,,https://i.imgur.com/WA9TOPi.png,Entertainment,,iptv-org-all.txt
KMCT-TV 39.1,https://wggstv16.ddns.net:9953/hls/KMCT1.m3u8,,,,KMCTTV391.us@HD,,,,https://upload.wikimedia.org/wikipedia/en/d/d9/KMCT_Monroe%27s_Christian_Television_logo.png,Entertainment,,iptv-org-all.txt
KMEX-DT1 [Geo-blocked],https://streaming-live-fcdn.api.prd.univisionnow.com/kmex/kmex.isml/hls/kmex.m3u8,,,,KMEXDT341.us@HD,,,,https://i.imgur.com/D65iNay.png,General,,iptv-org-all.txt
KMSP-DT1 (1080p),https://cdn-uw2-prod.tsv2.amagi.tv/linear/amg00488-foxdigital-kmsp-lgus/playlist.m3u8,,,,KMSPDT1.us@SD,,,,,Undefined,,iptv-org-all.txt
KN Music TV,https://cdn4.yayin.com.tr/kntv/tracks-v1a1/mono.m3u8,,,,KNMusicTV.az@SD,,,,https://www.knmusictv.com/wp-content/uploads/2026/01/LOGO2112.png,Music,,iptv-org-all.txt
Knal 4 Quiché (720p) [Not 24/7],https://cdn.streamhispanatv.net:3482/live/knal4gtlive.m3u8,,,,Knal4Quiche.gt@SD,,,,https://i.imgur.com/YRSv2Tf.png,General,,iptv-org-all.txt
Knowledge Network (720p) [Geo-blocked],https://d1wal6k3d7ssin.cloudfront.net/out/v1/ea91db0906c847a4931b46a9ec36e77b/index.m3u8,,,,KnowledgeNetwork.ca@SD,,,,https://i.imgur.com/VfofmZZ.png,Education;Kids,,iptv-org-all.txt
KNTV-DT1 (1080p),https://d368vp0qqzvkid.cloudfront.net/11603/88889711/hls/master.m3u8?ads.xumo_channelId=88889711a&ads.xumo_ifaType=&ads.xumo_providerId=3822&ads.xumo_providerName=NBCNBA,,,,KNTV111.us@HD,,,,https://upload.wikimedia.org/wikipedia/commons/thumb/7/7a/NBC_logo_2022_%28vertical%29.svg/960px-NBC_logo_2022_%28vertical%29.svg.png,General,,iptv-org-all.txt
Kocaeli TV (1080p),https://edge.taksimbilisim.com/kocaelitv/bant1/playlist.m3u8,,,,KocaeliTV.tr@SD,,,,https://i.imgur.com/LeTP4zq.png,General,,iptv-org-all.txt
Koch'en på toppen,https://jmp2.uk/plu-660d667519ca71000849a1e1.m3u8,,,,Kochenpatoppen.se@DK,,,,https://images.pluto.tv/channels/660d667519ca71000849a1e1/colorLogoPNG.png,Cooking;Lifestyle,,iptv-org-all.txt
Kohavision (720p),http://5.254.89.106/8705/index.m3u8,,,,Kohavision.xk@SD,,,,https://i.imgur.com/LOi9yma.png,News,,iptv-org-all.txt
Kohenoor News (576p),http://103.250.28.74:8000/play/a00r/index.m3u8,,,,KohenoorNews.pk@SD,,,,https://i.imgur.com/cD3Ogdh.png,News,,iptv-org-all.txt
KOKI-DT1 (1080p),https://cdn-uw2-prod.tsv2.amagi.tv/linear/amg02104-imagicommcommun-kokibreaking-ono/playlist.m3u8,,,,KOKITV231.us@HD,,,,https://i.imgur.com/pRKEMb1.jpg,General,,iptv-org-all.txt
Kókshe (720p) [Not 24/7],https://stream.kaztrk.kz/regional/kokshetautv/index.m3u8,,,,Kokshe.kz@SD,,,,https://i.imgur.com/pOR3FSR.png,General,,iptv-org-all.txt
Kolalnas TV,https://htvint.mada.ps/kolalnas/index.m3u8,,,,KolalnasTV.ps@SD,,,,https://i.imgur.com/OyMxcRG.png,News,,iptv-org-all.txt
Kolkata TV (1080p),https://cdn.ottlive.co.in/kolkatatv/index.m3u8,,,,KolkataTV.in@SD,,,,https://dtil.tmsimg.com/assets/s143271_ld_h15_aa.png?lock=720x540,News,,iptv-org-all.txt
Komala TV,https://komhls.wns.live/hls/stream.m3u8,,,,KomalaTV.se@SD,,,,https://i.imgur.com/D6KBLB8.png,Culture,,iptv-org-all.txt
Komáromi Televízió (400p),https://cloudfront44.lexanetwork.com:1344/relay01/HDE017.sdp/playlist.m3u8,,,,KomaromiTelevizio.hu@SD,,,,https://i.imgur.com/DifVZkz.png,General,,iptv-org-all.txt
Komedia (576p),http://stream.mcquack.net/68/index.m3u8,,,,Komedia.ru@SD,,,,https://i.imgur.com/VRC5juh.png,Comedy,,iptv-org-all.txt
Komediynoe HD (1080p),http://stream.mcquack.net/74/index.m3u8,,,,Komediynoe.ru@HD,,,,https://i.imgur.com/cEKe8XC.png,Comedy,,iptv-org-all.txt
Komlós TV (1080p) [Not 24/7],https://stream.streaming4u.hu/KomlosTV/tracks-v1a1/mono.m3u8,,,,KomlosTV.hu@SD,,,,https://i.imgur.com/dnITSUz.png,General,,iptv-org-all.txt
Komsan TV [Not 24/7],http://tv.cootel.com.kh:8077/streams/d/Komsan/playlist.m3u8,,,,KomsanTV.kh@SD,,,,https://i.imgur.com/SNTf2r3.png,Movies,,iptv-org-all.txt
Kongress TV (1080p),https://live-3.otcnet.ru/congresstv/index.m3u8,,,,KongressTV.ru@SD,,,,https://tvcongress.ru/bitrix/templates/mbntheme/img/logo_tvc.svg,General,,iptv-org-all.txt
Kontra Channel (1080p),https://kontralive.siliconweb.com/live/kontratv/playlist.m3u8,,,,KontraChannel.gr@SD,,,,https://kontrachannel.gr/images/kontrachannel24.png,General,,iptv-org-all.txt
Konya Olay TV (720p),https://live.artidijitalmedya.com/artidijital_konyaolaytv/konyaolaytv/playlist.m3u8,,,,KonyaOlayTV.tr@SD,,,,https://www.konyaolaytv.com/upload/tema/20230307__5154687762.jpg,General,,iptv-org-all.txt
Koogi TV (1080p),https://5d658d7e9f562.streamlock.net/koogi.tv/koogi.smil/playlist.m3u8,,,,KoogiTV.eg@SD,,,,https://i.imgur.com/zojMTP9.png,Kids;Religious,,iptv-org-all.txt
Kool TV (720p),https://twitch-m3u8.bastypro112.workers.dev/kooltvlive/index.m3u8,,,,KoolTV.ph@SD,,,,https://yt3.googleusercontent.com/opqPJfc0Ptd9ohl4R-2hPjaquIAdWuqvRb0T_LBCmfyGznIvfGN0HOlcWZk6Lj2jk11s2Zlk=s1200-c-k-c0x00ffffff-no-rj,Music,,iptv-org-all.txt
Kora TV,https://s3.tvdatta.com:3700/live/jjrtvlive.m3u8,,,,KoraTV.pe@SD,,,,https://i.imgur.com/ahBYv4x.png,Entertainment,,iptv-org-all.txt
Kordestan,https://ncdn.telewebion.ir/kordestan/live/playlist.m3u8,,,,KordestanTV.ir@SD,,,,https://upload.wikimedia.org/wikipedia/fa/thumb/2/2c/Sanandaj_KORDESTAN.svg/960px-Sanandaj_KORDESTAN.svg.png,General,,iptv-org-all.txt
Kordia TV (1080p),https://ptvlive.kordia.net.nz/out/v1/3fc2254c865a457c8d7fbbce227a2aae/index.m3u8,,,,KordiaTV.nz@SD,,,,https://i.imgur.com/BQ0qWzX.png,Undefined,,iptv-org-all.txt
Korea TV (1080p),https://hlive.ktv.go.kr/live/klive_h.stream/playlist.m3u8,,,,KTV.kr@SD,,,,https://i.ibb.co/WkrLDJW/Screenshot-20230714-135036-removebg-preview.png,Legislative;News,,iptv-org-all.txt
Korean Central Television (1080p),https://kctv.koryofront.org/stream/index.m3u8,,,,KoreanCentralTelevision.kp@HD,,,,https://i.imgur.com/p02AEOF.png,General,,iptv-org-all.txt
Kos TV (720p),https://eu1.streams.gr:8081/kostv/index.m3u8,,,,KosTV.gr@SD,,,,https://i.imgur.com/bdJnQ1W.png,General,,iptv-org-all.txt
Kozoom TV (1080p),https://streams2.sofast.tv/v1/master/611d79b11b77e2f571934fd80ca1413453772ac7/fdd6f243-f971-4a1a-9510-97ac01d6b37f/manifest.m3u8,,,,KozoomTV.fr@SD,,,,https://i.imgur.com/M1Ee79b.png,Sports,,iptv-org-all.txt
Kpop Mix (720p),https://cloud.tvomix.com/KPOPMIX/index.m3u8,,,,KpopMix.ar@SD,,,,https://tvomix.com/Logos/Kpopmix.png,Undefined,,iptv-org-all.txt
KpopTV Play (576p),https://giatv.bozztv.com/giatv/giatv-kpoptvplay/kpoptvplay/playlist.m3u8,,,,KpopTVPlay.br@SD,,,,https://i.imgur.com/Tf0vweF.png,Music,,iptv-org-all.txt
KPVM Ace Country Radio,https://2-fss-1.streamhoster.com/pl_122/206858-4412960-1/playlist.m3u8,,,,KPVMLD258.us@SD,,,,https://i.imgur.com/iPtuku6.png,Music,,iptv-org-all.txt
KPVM AWE Plus,https://2-fss-2.streamhoster.com/pl_120/206858-4404552-1/playlist.m3u8,,,,KPVMLD257.us@SD,,,,https://i.imgur.com/hL8i7Ar.png,Lifestyle;Travel,,iptv-org-all.txt
KPVM Movies!,https://2-fss-2.streamhoster.com/pl_120/206858-4412962-1/playlist.m3u8,,,,KPVMLD252.us@SD,,,,https://upload.wikimedia.org/wikipedia/commons/2/20/Movies_logo.png,Movies,,iptv-org-all.txt
KPVM Newsmax 2,https://2-fss-2.streamhoster.com/pl_120/206858-4404556-1/playlist.m3u8,,,,KPVMLD255.us@SD,,,,https://i.imgur.com/iE1izWq.png,News,,iptv-org-all.txt
KPVM OAN Plus,https://2-fss-2.streamhoster.com/pl_118/206858-4404458-1/playlist.m3u8,,,,KPVMLD254.us@SD,,,,https://i.imgur.com/T9VhMAD.png,News,,iptv-org-all.txt
KPVM Prime TV25,https://2-fss-1.streamhoster.com/pl_122/206858-4405346-1/playlist.m3u8,,,,KPVMLD251.us@HD,,,,https://i.imgur.com/dGoQ88j.png,General,,iptv-org-all.txt
KPVM Real America's Voice,https://2-fss-2.streamhoster.com/pl_118/206858-4404454-1/playlist.m3u8,,,,KPVMLD253.us@HD,,,,https://upload.wikimedia.org/wikipedia/commons/thumb/5/5c/Logo_Real_America%27s_Voice.svg/960px-Logo_Real_America%27s_Voice.svg.png,News,,iptv-org-all.txt
KPVM Story Television,https://2-fss-1.streamhoster.com/pl_122/206858-4412976-1/playlist.m3u8,,,,KPVMLD256.us@SD,,,,https://upload.wikimedia.org/wikipedia/en/e/e1/Story_television_logo.png,Documentary,,iptv-org-all.txt
KQED-DT2 (1080p),https://kqeddt2.lls.pbs.org/kqeddt2-hls.m3u8,,,,KQED92.us@HD,,,,https://upload.wikimedia.org/wikipedia/commons/8/89/PBS_logo_2019.svg,Entertainment,,iptv-org-all.txt
KQSL Channel 8 (720p),https://uni01rtmp.tulix.tv/kqsltv/kqsltv/playlist.m3u8,,,,KQSL81.us@HD,,,,https://upload.wikimedia.org/wikipedia/commons/thumb/7/7e/TLN_2015.png/500px-TLN_2015.png,Religious,,iptv-org-all.txt
KRAL Pop TV (720p),https://dogus-live.daioncdn.net/kralpoptv/playlist.m3u8,,,,KralPopTV.tr@SD,,,,https://i.imgur.com/ch365lh.png,Music,,iptv-org-all.txt
KRC TV,https://channels.ad-ug.com/live/ch03/index.m3u8,,,,KRCTV.ug@SD,,,,https://i.imgur.com/8c9Uqks.jpeg,General,,iptv-org-all.txt
KRCA-TV Estrella Los Angeles (720p),https://content.uplynk.com/channel/829a8c85f9e840c6bed963856c231428.m3u8,,,,KRCA71.us@HD,,,,https://upload.wikimedia.org/wikipedia/commons/thumb/2/22/Estrella_TV_Logo_2020.png/500px-Estrella_TV_Logo_2020.png,General,,iptv-org-all.txt
KRGV-DT2 [Geo-blocked],https://d3svnrf3rmq619.cloudfront.net/krgv-live/smil:krgv-somos.smil/playlist.m3u8,,,,KRGVTV52.us@HD,,,,https://i.imgur.com/kTh2jgF.png,Entertainment,,iptv-org-all.txt
Krimi (720p),https://4dad3dcf.wurl.com/master/f36d25e7e52f1ba8d7e56eb859c636563214f541/UmFrdXRlblRWLWV1X0FSRFBsdXNLcmltaV9ITFM/playlist.m3u8,,,,,,,,,Undefined,,iptv-org-all.txt
KRIS-DT1 (1080p),https://content.uplynk.com/channel/e72660594b7a4182982af1690609683d.m3u8,,,,KRISTV61.us@HD,,,,https://upload.wikimedia.org/wikipedia/commons/thumb/7/7a/NBC_logo_2022_%28vertical%29.svg/960px-NBC_logo_2022_%28vertical%29.svg.png,General,,iptv-org-all.txt
Kriti TV (1080p),https://cretetvlive.siliconweb.com/cretetv/liveabr/playlist.m3u8,,,,KritiTV.gr@SD,,,,https://i.imgur.com/X7jKwYl.png,General,,iptv-org-all.txt
KRIV-DT1 (1080p),https://cdn-uw2-prod.tsv2.amagi.tv/linear/amg00488-foxdigital-kriv-lgus/playlist.m3u8,,,,KRIV261.us@HD,,,,https://i.imgur.com/AZ8MWRp.jpg,General,,iptv-org-all.txt
Kronehit (1080p),https://bitcdn-kronehit.bitmovin.com/v2/hls/playlist.m3u8,,,,Kronehit.at@SD,,,,https://i.imgur.com/dQJQv1X.png,Music,,iptv-org-all.txt
KSAZ-DT1 (1080p),https://cdn-uw2-prod.tsv2.amagi.tv/linear/amg00488-foxdigital-ksaz-lgus/playlist.m3u8,,,,KSAZTV101.us@HD,,,,https://upload.wikimedia.org/wikipedia/commons/thumb/1/18/Fts-phoenix-a.svg/960px-Fts-phoenix-a.svg.png,General,,iptv-org-all.txt
KSCE Vida Cristiana (360p),https://2-fss-2.streamhoster.com/pl_120/200226-1449024-1/playlist.m3u8,,,,KSCE382.us@HD,,,,https://i.imgur.com/970zAEn.png,Religious,,iptv-org-all.txt
KSHB 41 (Kansas City MO) (720p),https://content.uplynk.com/channel/50d0fa1b042945a3a4f550f9b8412c83.m3u8,,,,KSHBTV411.us@HD,,,,https://upload.wikimedia.org/wikipedia/commons/thumb/7/7a/NBC_logo_2022_%28vertical%29.svg/960px-NBC_logo_2022_%28vertical%29.svg.png,General,,iptv-org-all.txt
KShopping (1080p),https://fhs8036.bd-61.ktcdn.co.kr/klive/smil:klive.smil/playlist.m3u8,,,,KShopping.kr@SD,,,,https://i.imgur.com/Tmb3xK8.png,Shop,,iptv-org-all.txt
KSTV Uganda,https://live.esteem.africa/kstv/hls/0/stream.m3u8,,,,KSTVUganda.ug@SD,,,,https://i.imgur.com/MMPzPSl.png,Religious,,iptv-org-all.txt
KTBC-DT1 (1080p),https://cdn-uw2-prod.tsv2.amagi.tv/linear/amg00488-foxdigital-ktbc-lgus/playlist.m3u8,,,,KTBC71.us@HD,,,,https://upload.wikimedia.org/wikipedia/commons/thumb/b/bf/Fts-austin-a.svg/960px-Fts-austin-a.svg.png,General,,iptv-org-all.txt
KTK (576p),http://stream.mcquack.net/26/index.m3u8,,,,KTK.kz@SD,,,,https://i.imgur.com/BurrNTo.png,General,,iptv-org-all.txt
KTK HD (720p) [Not 24/7],http://89.218.30.37/ktklive/live.hq/playlist.m3u8,,,,KTK.kz@HD,,,,https://i.imgur.com/BurrNTo.png,General,,iptv-org-all.txt
KTN News (360p),https://vodzong.mjunoon.tv:8087/streamtest/KTNNews-151/playlist.m3u8,,,,KTNNews.pk@SD,,,,https://i.imgur.com/RtEzpPQ.png,News,,iptv-org-all.txt
KTO (504p),http://145.239.5.177/354/index.m3u8,,,,KTO.fr@SD,,,,https://i.imgur.com/EY6TsdV.png,Religious,,iptv-org-all.txt
KTOO 360TV 3 (FNX),https://api.v3.invintus.com/StreamURI/persis/2147483647/KTOO360TV.stream/media.m3u8,,,,KTOOTV33.us@HD,,,,https://i.imgur.com/ppn5oJy.png,Documentary,,iptv-org-all.txt
KTTV-DT1 (1080p),https://cdn-uw2-prod.tsv2.amagi.tv/linear/amg00488-foxdigital-fox11losangeleskttv-vizious/playlist.m3u8,,,,KTTV111.us@HD,,,,https://upload.wikimedia.org/wikipedia/commons/thumb/f/f0/Fox_Networks_Group_US_logo.svg/960px-Fox_Networks_Group_US_logo.svg.png,General,,iptv-org-all.txt
KTV 1 (1080p),https://kwtktv1ta.cdn.mangomolo.com/ktv1/smil:ktv1.stream.smil/chunklist.m3u8,,,,KTV1.kw@SD,,,,https://i.imgur.com/kG0d8Ay.png,General,,iptv-org-all.txt
KTV 2 (1080p),https://kwtktv2ta.cdn.mangomolo.com/ktv2/smil:ktv2.stream.smil/chunklist.m3u8,,,,KTV2.kw@SD,,,,https://i.imgur.com/hB57mNh.png,Culture;News,,iptv-org-all.txt
KTV Al Qurain (1080p),https://kwtktvaqta.cdn.mangomolo.com/ktvaq/smil:tktvaq.stream.smil/chunklist.m3u8,,,,KTVAlQurain.kw@SD,,,,https://i.imgur.com/naVEZtj.png,Religious,,iptv-org-all.txt
KTV Arabe (1080p),https://kwtktvata.cdn.mangomolo.com/ktva/smil:tktva.stream.smil/chunklist.m3u8,,,,KTVArabe.kw@SD,,,,https://i.imgur.com/jg3VAxO.png,Culture,,iptv-org-all.txt
KTV Bangla (720p),https://server.livelegitpro.in:9899/tribetv/tribetv/index.m3u8,,,,KTVBangla.in@SD,,,,https://jiotvimages.cdn.jio.com/dare_images/images/channel/2f8e3b371c660faa2f43a7f0942948a4.png,General,,iptv-org-all.txt
KTV Ethraa (1080p),https://kwtethta.cdn.mangomolo.com/eth/smil:eth.stream.smil/chunklist.m3u8,,,,KTVEthraa.kw@SD,,,,https://i.imgur.com/hqEbc49.png,Religious,,iptv-org-all.txt
KTV News (1080p),https://kwtkbta.cdn.mangomolo.com/kb/smil:kb.stream.smil/chunklist.m3u8,,,,KTVNews.kw@SD,,,,https://i.imgur.com/erZ0Ol1.png,News,,iptv-org-all.txt
KTV Sport (1080p),https://kwtspta.cdn.mangomolo.com/sp/smil:sp.stream.smil/chunklist.m3u8,,,,KTVSport.kw@SD,,,,https://i.imgur.com/R1hGX1d.png,Sports,,iptv-org-all.txt
KTV Sport Plus (1080p),https://kwtsplta.cdn.mangomolo.com/spl/smil:spl.stream.smil/chunklist.m3u8,,,,KTVSportPlus.kw@SD,,,,https://i.imgur.com/l4oX0gf.png,Sports,,iptv-org-all.txt
Kuhnya (576p),http://stream.mcquack.net/179/index.m3u8,,,,Kuhnya.ru@SD,,,,https://i.imgur.com/7jxZnuS.png,Cooking,,iptv-org-all.txt
Kukhnya TV (576p),http://hls127.freeott.top:8080/Kuhnya_TV/video.m3u8,,,,,,,,,Undefined,,iptv-org-all.txt
Kulinar TV (576p),https://api.alpaca.t62a.com/hls/9110/stream0.m3u8,,,,KulinarTV.ru@SD,,,,https://smotret.tv/images/kulinar-tv.webp,Cooking,,iptv-org-all.txt
KultKrimi,https://jmp2.uk/plu-5cb5cfe5caf83414128f209e.m3u8,,,,,,,,,Undefined,,iptv-org-all.txt
KultKrimi: Der Alte,https://jmp2.uk/plu-65dde5ef28730900089af7cf.m3u8,,,,,,,,,Undefined,,iptv-org-all.txt
KultKrimi: Der Kommissar,https://jmp2.uk/plu-65dde626ec9fda0008b3dc89.m3u8,,,,,,,,,Undefined,,iptv-org-all.txt
KultKrimi: Derrick,https://jmp2.uk/plu-65dde5848145cb00083277f6.m3u8,,,,,,,,,Undefined,,iptv-org-all.txt
KultKrimi: Die Rettungsflieger,https://jmp2.uk/plu-67ed0c86f7c5d70b90889a51.m3u8,,,,,,,,,Undefined,,iptv-org-all.txt
KultKrimi: Ein Fall für zwei,https://jmp2.uk/plu-68590366010ddd78ef837d29.m3u8,,,,,,,,,Undefined,,iptv-org-all.txt
KultKrimi: Küstenwache,https://jmp2.uk/plu-67ebbdced2832b463faa1e79.m3u8,,,,,,,,,Undefined,,iptv-org-all.txt
KulturMD (1080p),http://58bd5b7a98e04.streamlock.net/medienasa-live/kulturmd_high/playlist.m3u8,,,,KulturMD.de@SD,,,,https://i.imgur.com/io7cJ1Z.png,Culture,,iptv-org-all.txt
Kung Fu+ (1080p),https://streams2.sofast.tv/v1/master/611d79b11b77e2f571934fd80ca1413453772ac7/06862a07-6a92-4b4d-abc3-5fea131713b5/manifest.m3u8,,,,,,,,,Undefined,,iptv-org-all.txt
Kunskapskanalen (1080p) [Geo-blocked],https://svt-live-channel.akamaized.net/l6/se/svtk/master-fmp4.m3u8?defaultSubLang=1&format=hls,,,,Kunskapskanalen.se@HD,,,,https://upload.wikimedia.org/wikipedia/commons/thumb/3/37/Kunskapskanalen_2017.svg/960px-Kunskapskanalen_2017.svg.png,Education,,iptv-org-all.txt
Kurd Channel,https://kurdchhls.wns.live/hls/stream.m3u8,,,,KurdChannel.iq@SD,,,,https://i.imgur.com/xPwzad9.png,Undefined,,iptv-org-all.txt
Kurdistan 24 (1080p),https://hlspackager.akamaized.net/live/DB/K24/HLS/K24.m3u8,,,,Kurdistan24.iq@SD,,,,https://i.imgur.com/9QWs2ms.png,News,,iptv-org-all.txt
Kurdistan TV (720p) [Not 24/7],https://5a3ed7a72ed4b.streamlock.net/live/SMIL:myStream.smil/playlist.m3u8,,,,KurdistanTV.iq@SD,,,,https://i.imgur.com/mjQptpc.png,General,,iptv-org-all.txt
Kurdsat (1080p),https://hlspackager.akamaized.net/live/DB/KURDSAT_HD/HLS/KURDSAT_HD.m3u8,,,,Kurdsat.iq@SD,,,,https://i.imgur.com/UAbSwYA.png,Entertainment,,iptv-org-all.txt
Kurdsat News (1080p),https://hlspackager.akamaized.net/live/DB/KURDSAT_NEWS/HLS/KURDSAT_NEWS.m3u8,,,,KurdsatNews.iq@SD,,,,https://i.imgur.com/F3XRwkt.png,News,,iptv-org-all.txt
Kuriakos Cine (1080p),https://w2.manasat.com/kcine/smil:kcine.smil/playlist.m3u8,,,,KuriakosCine.pt@SD,,,,https://i.imgur.com/CZViCwB.jpg,Movies,,iptv-org-all.txt
Kuriakos Kids (1080p),https://w2.manasat.com/kkids/smil:kkids.smil/playlist.m3u8,,,,KuriakosKids.pt@SD,,,,https://i.imgur.com/SRX6EPY.png,Animation;Kids;Religious,,iptv-org-all.txt
Kuriakos Music (1080p),http://195.23.211.179:1935/kmusic/smil:kmusic.smil/playlist.m3u8,,,,KuriakosMusic.pt@SD,,,,https://i.imgur.com/Zl40NYi.jpg,Music,,iptv-org-all.txt
Kuriakos TV (1080p),https://w1.manasat.com/ktv/smil:ktv.smil/playlist.m3u8,,,,KuriakosTV.pt@SD,,,,https://i.imgur.com/xdAW0D5.png,Religious,,iptv-org-all.txt
Kus-Kus,https://dash2.antik.sk/live/test_kuskus_tv_atktv/playlist.m3u8,,,,KusKus.ua@SD,,,,https://i.imgur.com/4a4qX0P.png,Undefined,,iptv-org-all.txt
KUVN-DT1,https://streaming-live-fcdn.api.prd.univisionnow.com/kuvn/kuvn.isml/hls/kuvn.m3u8,,,,KUVNDT491.us@HD,,,,https://i.imgur.com/PGJOFD4.png,General,,iptv-org-all.txt
Kvart i Bold,https://jmp2.uk/plu-657c0954dfed030008d82ea1.m3u8,,,,,,,,,Undefined,,iptv-org-all.txt
Kvartal TV International,https://dash2.antik.sk/live/kvartal_tv/playlist.m3u8,,,,KvartalTVInternational.ua@SD,,,,https://upload.wikimedia.org/wikipedia/commons/d/d5/Kvartal_TV_International_%28HD_Logo%29.png,Entertainment,,iptv-org-all.txt
KVF (720p) [Not 24/7],https://w-live-edge1.kringvarp.fo/uttanlands/_definst_/smil:uttanlands.smil/playlist.m3u8,,,,KringvarpForoya.fo@SD,,,,,Undefined,,iptv-org-all.txt
KVIE-DT2 (1080p),https://kviedt2.lls.pbs.org/kviedt2-hls.m3u8,,,,KVIE62.us@HD,,,,https://upload.wikimedia.org/wikipedia/commons/3/36/World_Channel_2023.svg,Entertainment,,iptv-org-all.txt
KVN TV (576p),http://178.124.179.122:8080/KVN-TV/index.m3u8,,,,KVNTV.ru@SD,,,,https://i.imgur.com/Vw3LFLX.png,Comedy,,iptv-org-all.txt
KVVB-TV 33 Victor Valley (1080p) [Not 24/7],https://2-fss-2.streamhoster.com/pl_138/amlst:201950-1309230/playlist.m3u8,,,,KVVBLD331.us@SD,,,,https://i.imgur.com/IXC8PXf.png,Entertainment,,iptv-org-all.txt
KXAS-DT1 (1080p),https://d368vp0qqzvkid.cloudfront.net/11603/88889706/hls/master.m3u8?ads.xumo_channelId=88889706a&ads.xumo_ifaType=&ads.xumo_providerId=3831&ads.xumo_providerName=NBCNDAL,,,,KXASTV51.us@HD,,,,https://upload.wikimedia.org/wikipedia/commons/thumb/e/e0/KXAS_2023.svg/960px-KXAS_2023.svg.png,General,,iptv-org-all.txt
Kyiv (1080p),https://api-tv.ipnet.ua/api/v1/manifest/1293296300.m3u8,,,,Kyiv.ua@SD,,,,https://i.imgur.com/TVuCY4N.png,News,,iptv-org-all.txt
KZTV-DT1 (720p),https://content.uplynk.com/channel/d1f868588ae5476dadaeff450170a183.m3u8,,,,KZTV101.us@HD,,,,https://upload.wikimedia.org/wikipedia/commons/thumb/e/ee/CBS_logo_%282020%29.svg/960px-CBS_logo_%282020%29.svg.png,General,,iptv-org-all.txt
L1 (1080p),http://45.4.1.201:8000/play/a1ai/index.m3u8,,,,L1.pe@SD,,,,https://i.imgur.com/eRmXneK.png,Sports,,iptv-org-all.txt
L1 Max (1080p),http://190.93.224.42/LIGA-1-MAX/index.m3u8,,,,L1Max.pe@SD,,,,https://i.imgur.com/2fziU2B.png,Sports,,iptv-org-all.txt
L1mburg TV (720p) [Not 24/7],https://d34pj260kw1xmk.cloudfront.net/live/l1/tv/index.m3u8,,,,L1TV.nl@SD,,,,https://i.imgur.com/SDD5KS5.png,General,,iptv-org-all.txt
L!ke (1080p),https://cnl-cl.otteravision.com/cnl/cl_h265/cl_h265.m3u8,,,,Lke.br@SD,,,,https://i.imgur.com/chHsCzB.png,Undefined,,iptv-org-all.txt
L'altro Corriere TV,https://52ee6512fee4427889eba89957975fa0.msvdn.net/live/S24350460/BEj8ZmQiQ9UG/playlist.m3u8,,,,LaltroCorriereTV.it@SD,,,,https://i.imgur.com/05YWVCq.png,News,,iptv-org-all.txt
La 1 Canarias (720p),https://ztnr.rtve.es/ztnr/5190066.m3u8,,,,La1Canarias.es@SD,,,,https://i.ibb.co/MxJNPHsn/La-1.png,General;Public,,iptv-org-all.txt
La 1 Catalunya (720p),https://ztnr.rtve.es/ztnr/3293681.m3u8,,,,La1Catalunya.es@SD,,,,https://i.ibb.co/MxJNPHsn/La-1.png,General;Public,,iptv-org-all.txt
La 1 UHD (2160p),http://185.47.212.25:8080/tdp_HD/index.m3u8,,,,La1.es@UHD,,,,https://i.ibb.co/MxJNPHsn/La-1.png,General;Public,,iptv-org-all.txt
La 2,https://rtvelivestream.rtve.es/rtvesec/la2/la2_main.m3u8,,,,La2.es@SD,,,,https://i.ibb.co/rfsr9PSh/La-2.png,General;Public,,iptv-org-all.txt
La 2 Canarias (720p),https://ztnr.rtve.es/ztnr/5468585.m3u8,,,,La2Canarias.es@SD,,,,https://upload.wikimedia.org/wikipedia/commons/thumb/4/43/Logo_La_2_Canarias.png/960px-Logo_La_2_Canarias.png,General;Public,,iptv-org-all.txt
La 2 Catalunya (720p),https://ztnr.rtve.es/ztnr/3987218.m3u8,,,,La2Catalunya.es@SD,,,,https://i.ibb.co/Lztt9rgr/La-2-Catalunya.png,General;Public,,iptv-org-all.txt
La5 [Geo-blocked],https://live3-mediaset-it.akamaized.net/Content/hls_h0_clr_vos/live/channel(ka)/index.m3u8,,,,La5.it@SD,,,,https://upload.wikimedia.org/wikipedia/commons/thumb/d/da/La5_Mediaset.svg/960px-La5_Mediaset.svg.png,Entertainment,,iptv-org-all.txt
LA7d (720p),https://d15umi5iaezxgx.cloudfront.net/LA7D/CLN/HLS-B/Live.m3u8,,,,LA7d.it@SD,,,,https://i.imgur.com/sM0A3GD.png,General,,iptv-org-all.txt
La 8 Mediterraneo (1080p),https://newscript.gestec-video.com/hls/8TVEVENTOS.m3u8,,,,La8Mediterraneo.es@SD,,,,https://tbsfibra.es/wp-content/uploads/2022/07/17-8-MEDITERRANEO.png,General,,iptv-org-all.txt
La 98.1 TV (720p) [Not 24/7],https://6019dcac4147f.streamlock.net:9443/la98/Invosa/playlist.m3u8,,,,La981TV.hn@SD,,,,https://i.imgur.com/7380kTN.png,Music,,iptv-org-all.txt
La 100 (1080p),https://mdstrm.com/live-stream-playlist/68b74fd1d6512526f1f7c75a.m3u8,,,,La100.ar@SD,,,,https://cloudfront-us-east-1.images.arcpublishing.com/radiomitre/CZJMM4BJVRFANO4VGMMYWSTEVE.png,Music,,iptv-org-all.txt
La C TV (720p),https://f5842579ff984c1c98d63b8d789673eb.msvdn.net/live/S47282891/JWjL3xqPf4bX/playlist.m3u8,,,,LaCTV.it@SD,,,,https://i.imgur.com/TF4LKp0.png,General,,iptv-org-all.txt
La Caleta TV (720p) [Not 24/7],https://edge.essastream.com/lacaletatv/playlist.m3u8,,,,LaCaletaTV.do@SD,,,,https://i.imgur.com/EfMtOja.png,General,,iptv-org-all.txt
La Chilena TV,https://vdochile.com:3134/stream/play.m3u8,,,,LaChilenaTV.cl@SD,,,,https://i.imgur.com/GHJkxaB.png,General,,iptv-org-all.txt
LA CityView 35 (1080p),https://reflect-losangeles.cablecast.tv/live-3/live/live.m3u8,,,,LACityView35.us@SD,,,,https://i.imgur.com/3PnD83G.png,Legislative,,iptv-org-all.txt
La Clave (720p),https://unlimited1-cl-isp.dps.live/laclavetv/laclavetv.smil/playlist.m3u8,,,,LaClave.cl@SD,,,,https://cdn.m3u.cl/logo/1270_La_Clave.png,Music,,iptv-org-all.txt
La Comarca TV (720p),https://v2.tustreaming.cl/lcomarcatv/index.m3u8,,,,LaComarcaTV.cl@SD,,,,https://cdn.m3u.cl/logo/1698_La_Comarca_TV.png,General,,iptv-org-all.txt
La Descarga TV [Geo-blocked],https://video.udwn.net:19360/ladescargatv/ladescargatv.m3u8,,,,LaDescargaTV.do@HD,,,,https://imgur.com/kq1CrDE.png,General,,iptv-org-all.txt
La Fabulosa Radio y TV (720p),https://eu1.servers10.com:8081/8004/index.m3u8,,,,LaFabulosaTV.pe@SD,,,,https://i.imgur.com/GjME5H0.png,Music,,iptv-org-all.txt
La Familia del Barrio,https://jmp2.uk/plu-62d08af527ce19000731eaa0.m3u8,,,,,,,,,Undefined,,iptv-org-all.txt
La Familia del Barrio,https://jmp2.uk/plu-668c566d08d5490008075948.m3u8,,,,,,,,,Undefined,,iptv-org-all.txt
La fiebre del Jade,https://jmp2.uk/plu-65254e8d81f9420008342cee.m3u8,,,,,,,,,Undefined,,iptv-org-all.txt
La Granja TV,https://oracle.streaminghd.cl/8126/8126/playlist.m3u8,,,,LaGranjaTV.cl@SD,,,,https://i.imgur.com/90luGab.png,Music,,iptv-org-all.txt
La Hermandad Salsera (1080p) [Not 24/7],https://streamlov.alsolnet.com/hermandadsalsera/live/playlist.m3u8,,,,LaHermandadSalsera.co@SD,,,,https://i.imgur.com/7Wlt6bc.png,Music,,iptv-org-all.txt
La Hora TV (720p) [Not 24/7],https://edge.enhdtv.com/8206/index.m3u8,,,,LaHoraTV.do@HD,,,,https://lahoratv.org/imagen/lahora.jpeg,General,,iptv-org-all.txt
La Kalle (720p),https://mdstrm.com/live-stream-playlist/58d191f07290fbb058025843.m3u8,,,,LaKalle.co@SD,,,,https://www.tdtparatodos.tv/sites/default/files/la_kalle.png,Music,,iptv-org-all.txt
La maison France 5,https://jmp2.uk/plu-685a999bd33909bdd7d2fb1e.m3u8,,,,,,,,,Undefined,,iptv-org-all.txt
La Melinkana TV (720p),https://v1.tustreaming.cl/melinkana/index.m3u8,,,,LaMelinkanaTV.cl@SD,,,,https://i.imgur.com/I0nzI1y.png,Entertainment,,iptv-org-all.txt
La Metro TV (1080p),https://jireh-8-hls-video-us-isp.dps.live/hls-video/931b584451fa6dd1313ee66efbfd5802e3f3bcea/metropolitanatv/metropolitanatv.smil/playlist.m3u8,,,,LaMetroTV.cl@SD,,,,https://i.imgur.com/0aoI5Zd.jpeg,General,,iptv-org-all.txt
La Morada Radio TV (720p),https://movil.ejeserver.com/live/lamoradatv.m3u8,,,,LaMoradaRadioTV.co@SD,,,,https://i.imgur.com/E3wDEX5.png,Music,,iptv-org-all.txt
La Nacion + (576p),http://playcom.trapemn.tv:1935/transcoderip/lanacionplus.stream/playlist.m3u8,,,,LaNacionPlus.ar@SD,,,,https://i.imgur.com/Gj1kqH5.png,General,,iptv-org-all.txt
La Nuestra (1080p),https://redirector.rudo.video/hls-video/339f69c6122f6d8f4574732c235f09b7683e31a5/ln/ln.smil/playlist.m3u8,,,,LaNuestra.cl@SD,,,,https://i.imgur.com/WExojSG.png,Entertainment,,iptv-org-all.txt
La Nueva Radio TV 97.7 (1080p),https://sv72.ecuaradiotv.net/lanuevatv/live/playlist.m3u8,,,,LaNuevaRadioTV977.ec@SD,,,,https://i.imgur.com/19FN4Lp.png,Entertainment,,iptv-org-all.txt
La Nuova TV,https://5dcabf026b188.streamlock.net/lanuovatvbas/livestream/playlist.m3u8,,,,LaNuovaTV.it@SD,,,,https://i.imgur.com/OHMv86A.png,General,,iptv-org-all.txt
La Perla Radio TV (720p) [Not 24/7],https://eu1.servers10.com:8081/8068/index.m3u8,,,,LaPerlaRadioTV.ec@SD,,,,https://i.imgur.com/8wDMgmB.jpg,Music,,iptv-org-all.txt
La Popular TV,https://tv.arkeo.cl:1936/enlacetv1/enlacetv1/playlist.m3u8,,,,LaPopularTV.cl@SD,,,,https://i.imgur.com/AWdgMCC.png,General,,iptv-org-all.txt
La Potente Radio TV,https://latamvdo.com:3626/hybrid/play.m3u8,,,,LaPotenteRadioTV.cr@SD,,,,https://i.imgur.com/ti5Fg5D.png,Entertainment,,iptv-org-all.txt
La Que Buena Atlanta,https://streamyes.alsolnet.com/quebuenaatlanta/live/index.m3u8,,,,LaQueBuenaAtlanta.us@SD,,,,https://iili.io/JysD2a4.png,Music,,iptv-org-all.txt
La Red (1080p),http://cdn1tlinkgo.tlink.cl/laredhd/mono.m3u8,,,,LaRed.cl@SD,,,,https://i.imgur.com/nJOVM6e.png,General,,iptv-org-all.txt
La Reina TV [Geo-blocked],https://cloud2.streaminglivehd.com:1936/lareinatv/lareinatv/playlist.m3u8,,,,LaReinaTV.do@HD,,,,https://www.vivalivetv.com/public/files/shows/0/1/3386-294x165-FFFFFF.jpg,General,,iptv-org-all.txt
La Rosa de Guadalupe (360p),https://app.viloud.tv/hls/channel/9c88161fe675b59d4b008c776f033960.m3u8,,,,LaRosadeGuadalupe.us@SD,,,,https://i.imgur.com/tK9zOgo.png,Series,,iptv-org-all.txt
La Ruta TV,https://streamunoapp.com:3983/live/larutatvlive.m3u8,,,,LaRutaTV.do@HD,,,,https://www.vivalivetv.com/public/files/shows/0/1/2896-294x165-FFFFFF.jpg,General,,iptv-org-all.txt
La Selección,https://jmp2.uk/plu-63211ba9cad976000794f988.m3u8,,,,,,,,,Undefined,,iptv-org-all.txt
La Sultana del Este TV (720p) [Not 24/7],https://micanal.ovh/livestreams/544.EP3QGO4KPL66.m3u8,,,,LaSultanadelEsteTV.do@SD,,,,https://i.imgur.com/UNiyOvd.png,General,,iptv-org-all.txt
La Tele (1080p),http://190.93.224.42/LA-TELE/index.m3u8,,,,LaTele.pe@SD,,,,https://upload.wikimedia.org/wikipedia/commons/thumb/8/80/LaTele_Per%C3%BA_2018_Logo.png/960px-LaTele_Per%C3%BA_2018_Logo.png,Entertainment,,iptv-org-all.txt
La Tele Tuya (576p),http://181.78.8.199:8000/play/a0fs/index.m3u8,,,,LaTeleTuya.ve@SD,,,,https://i.ibb.co/vvqk2hw/LOGO-HORIZONTAL-text.png,Entertainment,,iptv-org-all.txt
La Top 102.9 (720p),https://59d39900ebfb8.streamlock.net/top102/top102/playlist.m3u8,,,,LaTop1029.hn@SD,,,,https://i.imgur.com/ZqwLPag.jpg,Music,,iptv-org-all.txt
La Top 107.7 (720p),https://59d39900ebfb8.streamlock.net/top107/top107/playlist.m3u8,,,,LaTop1077.hn@SD,,,,https://i.imgur.com/vgHhh1W.jpg,Music,,iptv-org-all.txt
La TR3 Marsala (720p),https://tsw.streamingwebtv24.it:1936/eslife1/eslife1/playlist.m3u8,,,,LaTR3Marsala.it@SD,,,,https://i.imgur.com/R4sqZQu.png,General,,iptv-org-all.txt
La Trois (1080p),http://145.239.5.177/330/index.m3u8,,,,LaTrois.be@SD,,,,https://i.imgur.com/jMs4h9F.png,General,,iptv-org-all.txt
La Une (720p),http://145.239.5.177/329/index.m3u8,,,,LaUne.be@SD,,,,https://i.imgur.com/jMwZp7z.png,Entertainment,,iptv-org-all.txt
La Urban TV (1080p) [Not 24/7],https://urbanrevolution.es:8443/live/TV/playlist.m3u8,,,,LaUrbanTV.es@SD,,,,https://i.imgur.com/hythjEn.png,Music,,iptv-org-all.txt
La Voz de Jesus HD (720p),https://live20.bozztv.com/giatvplayout7/giatv-208429/playlist.m3u8,,,,LaVozdeJesusHD.do@HD,,,,https://gia.tv/streams/pstream/208429.png,Religious,,iptv-org-all.txt
La Voz de Maria (720p),https://live.lavozdemaria.com:3436/live/lavozdemarialive.m3u8,,,,LaVozdeMaria.do@SD,,,,https://i.imgur.com/Zv8CxZX.png,Religious,,iptv-org-all.txt
La Voz del Tropico (480p) [Geo-blocked],https://ss2.tvrdomi.com:1936/lavozdeltropico/lavozdeltropico/playlist.m3u8,,,,LaVozdelTropico.do@SD,,,,https://i.imgur.com/DKDFpHt.png,Music,,iptv-org-all.txt
La-X (720p),https://stream.eleden.com/livelax/ngrp:livelax_all/playlist.m3u8,,,,LaX.pr@SD,,,,https://i.imgur.com/i2GnQTq.png,Music,,iptv-org-all.txt
Labbayk TV,https://ncdn.telewebion.ir/labbayk/live/playlist.m3u8,,,,LabbaykTV.ir@SD,,,,https://static.telewebion.com/channelsLogo/ZDVlODRiYjI3NWUyOTFmOGJmYjIwOTQyMDAyMzRkMmUzYjVmOGUyMTBhNTE0MGI5ZDAyOTMzZDdmZDQyNDM5OA/default,Undefined,,iptv-org-all.txt
labor14 (720p),https://5acade5fc0c29.streamlock.net/OKGera/tmbz_live_high.stream/playlist.m3u8,,,,labor14.de@HD,,,,https://www.tlm.de/assets/uploads/general/Sonstiges/LogoExt/_500xAUTO_crop_center-center_none/21labor14.jpg,Undefined,,iptv-org-all.txt
Laboral TV (360p),https://tv.laboralsst.com.br/hls/stream.m3u8,,,,LaboralTV.br@SD,,,,https://tv.laboralsst.com.br/logo.png,Business,,iptv-org-all.txt
LaC News 24 (720p),https://f5842579ff984c1c98d63b8d789673eb.msvdn.net/live/S27391994/HVvPMzy/playlist.m3u8,,,,LaCNews24.it@SD,,,,https://www.omnys.com/media/news/lac-news24-icona.png,News,,iptv-org-all.txt
Lacrosse TV (720p),https://a-cdn.klowdtv.com/live2/lsn_720p/playlist.m3u8,,,,LacrosseTV.us@SD,,,,https://yt3.googleusercontent.com/ytc/AIdro_m_xSJFydxZ9QBU-85OuchjmzS0Bo0_Tukmk7to8hBfyl8=s512-c-k-c0x00ffffff-no-rj,Sports,,iptv-org-all.txt
LADbible (720p),https://5d436b93.wurl.com/master/f36d25e7e52f1ba8d7e56eb859c636563214f541/U2Ftc3VuZy1nYl9MQURiaWJsZVRWX0hMUw/playlist.m3u8,,,,,,,,,Undefined,,iptv-org-all.txt
Ladykracher,https://jmp2.uk/plu-667d3534ca74680008696051.m3u8,,,,,,,,,Undefined,,iptv-org-all.txt
Laff (576p),http://tvsen7.aynascope.net/laff/index.m3u8,,,,Laff.us@SD,,,,https://upload.wikimedia.org/wikipedia/commons/1/1e/LAFF_logo.png,Comedy,,iptv-org-all.txt
Laff More (1080p),https://d3tf2qfyke992n.cloudfront.net/v1/scripps_laffmore_1/samsungheadend_us/latest/main/hls/playlist.m3u8,,,,,,,,,Undefined,,iptv-org-all.txt
Laguna TV (1080p) [Not 24/7],https://cnn.hostlagarto.com/lagutv/playlist.m3u8,,,,LagunaTV.do@HD,,,,https://dominicanchannels.com/wp-content/uploads/lagunatv.jpg,General,,iptv-org-all.txt
Lahore News (720p) [Not 24/7],https://vcdn.dunyanews.tv/lahorelive/ngrp:lnews_1_all/playlist.m3u8,,,,LahoreNews.pk@SD,,,,https://i.imgur.com/bQfQeEA.jpeg,News,,iptv-org-all.txt
Lahore Rang (1080p),http://103.250.28.74:8000/play/a01q/index.m3u8,,,,LahoreRang.pk@SD,,,,https://i.imgur.com/hglxHTa.png,News,,iptv-org-all.txt
Lakewood Channel 8 (Lakewood CO) (720p),https://live8fd.lakewood.org/live-2/live/live.m3u8,,,,LakewoodChannel8.us@SD,,,,https://i.imgur.com/5ibsRhM.png,Undefined,,iptv-org-all.txt
Lakewood CityTV (720p),https://dlttx48mxf9m3.cloudfront.net/vod_clients/lakewood/live/ch1/video.m3u8,,,,CityTVLakewood.us@SD,,,,https://i.imgur.com/e1shzv9.png,General,,iptv-org-all.txt
Lalegul TV (1080p),https://lbl.netmedya.net/hls/lalegultv.m3u8,,,,LalegulTV.tr@SD,,,,https://i.imgur.com/wwCysFs.png,Religious,,iptv-org-all.txt
Lâm Đồng TV (480p),http://118.107.85.5:1935/live/smil:LTV.smil/chunklist.m3u8,,,,LamDongTV.vn@SD,,,,https://i.imgur.com/lSMoGlv.png,General,,iptv-org-all.txt
LAMIL35 TV,https://vd01.streaminghd.net.ar:3349/live/bzuctkgnlive.m3u8,,,,LAMIL35TV.ar@SD,,,,https://www.appcreator24.com/srv/imgs/gen/3544498_ico.png,Animation;Classic;Entertainment,,iptv-org-all.txt
Lamore Rock Show WebTV (720p),https://a.cdni.live/rodrigo2364/rodrigo2364/playlist.m3u8,,,,LamoreRockShowWebTV.br@SD,,,,https://www.lamorerockshowwebtv.com.br/wp-content/uploads/2024/11/logo_rockshow.avif,Music,,iptv-org-all.txt
Lana TV (576p),https://cdn.streamlane.tv/hls/ltv/master.m3u8,,,,LanaTV.lb@SD,,,,https://i.imgur.com/xPoycVY.png,General,,iptv-org-all.txt
Lancelot TV (404p),https://5c0956165db0b.streamlock.net:8090/directo/_definst_/lancelot.television/master.m3u8,,,,LancelotTV.es@SD,,,,https://i.imgur.com/RlzVIJP.png,General,,iptv-org-all.txt
Ländle TV (1080p) [Not 24/7],https://streaming13.huberwebmedia.at/LiveApp/streams/985585225397790082777809.m3u8,,,,LandleTV.at@SD,,,,https://i.imgur.com/omLVQ4r.png,General,,iptv-org-all.txt
Langstraat TV (720p),https://d1qpgfi3ivud4k.cloudfront.net/nlpo/clr-nlpo/langstraat/index.m3u8,,,,LangstraatTV.nl@SD,,,,https://i.imgur.com/xchUfks.png,General,,iptv-org-all.txt
Langt fra Bryggen,https://jmp2.uk/plu-654a3fe6986ad20008a42add.m3u8,,,,LangtfraBryggen.se@DK,,,,https://images.pluto.tv/channels/654a3fe6986ad20008a42add/colorLogoPNG.png,Entertainment,,iptv-org-all.txt
Lansingerland TV (720p),https://ms7.mx-cd.net/tv/278-3414514/RTV_Lansingerland.smil/playlist.m3u8,,,,LansingerlandTV.nl@SD,,,,https://i.imgur.com/1r7IZ7Q.png,General,,iptv-org-all.txt
Lanthung TV,https://live-us1.thaimomo.com/live-as/chlantung-2/playlist.m3u8,,,,LanthungTV.th@SD,,,,,Undefined,,iptv-org-all.txt
Lanzhou Comprehensive News Channel,https://liveplus.lzr.com.cn/xwzh/HD/live.m3u8,,,,LanzhouComprehensiveNewsChannel.cn@SD,,,,https://p3-pc.douyinpic.com/img/aweme-avatar/tos-cn-avt-0015_c2a13a952c0111b21f081d672798c8ed~c5_300x300.jpeg?from=2956013662,News,,iptv-org-all.txt
Lanzhou Culture & Tourism Channel,https://liveplus.lzr.com.cn/wlpd/HD/live.m3u8,,,,LanzhouCultureTourismChannel.cn@SD,,,,https://www.tvchinese.net/uploads/tv/lanzhou.jpg,Culture,,iptv-org-all.txt
Lào Cai TV (1080p),https://live.baolaocai.vn/channel2/stream.m3u8,,,,LaoCaiTV.vn@HD,,,,https://i.imgur.com/TLvrDHa.png,General,,iptv-org-all.txt
Lao Net TV (720p),https://livefta.malimarcdn.com/ftaedge00/laonet.sdp/playlist.m3u8,,,,LaoNetTV.la@SD,,,,https://i.imgur.com/ohbRT05.png,Undefined,,iptv-org-all.txt
Lao SV TV (480p),https://livefta.malimarcdn.com/ftaedge00/laosvtv.stream/playlist.m3u8,,,,LaoSVTV.vn@SD,,,,https://i.imgur.com/ZIXtazI.png,Shop,,iptv-org-all.txt
Lao-Thai TV (720p),https://livefta.malimarcdn.com/ftaedge00/laothaius.sdp/playlist.m3u8,,,,LaoThaiTV.us@SD,,,,https://i.imgur.com/q6cQzbv.png,Shop,,iptv-org-all.txt
LaPuraCrema Television,https://streamlov.alsolnet.com/lapuracrema/live/playlist.m3u8,,,,LaPuraCremaTelevision.ve@SD,,,,https://i.imgur.com/EJf1eRt.png,Music,,iptv-org-all.txt
Lara en Redes,https://streamtv.laraenredes.com:3020/hybrid/play.m3u8,,,,LaraenRedes.ve@SD,,,,https://laraenredes.com/wp-content/uploads/elementor/thumbs/LOGO-LARA-EN-REDES-2025-r768xu4o4gvkigl9v1lorc3aq3n35710u0g7cah8e0.jpg,Entertainment,,iptv-org-all.txt
