频道名,地址,回播地址,回播类型,回播天数,tvg-id,tvg-name,国家分组,语言分组,图标,原分组,分辨率,来源文件
嘉峪关综合,http://play.kankanlive.com/live/1720583434627241.m3u8,,,,嘉峪关综合,嘉峪关综合,,,https://www.xn--rgv465a.top/tvlogo/嘉峪关综合.png,☘️甘肃频道,,Guovin.txt
天祝综合,https://play.kankanlive.com/live/1656487214793905.m3u8,,,,天祝综合,天祝综合,,,https://www.xn--rgv465a.top/tvlogo/天祝综合.png,☘️甘肃频道,,Guovin.txt
张掖新闻综合,https://play.kankanlive.com/live/1720583434627241.m3u8,,,,张掖新闻综合,张掖新闻综合,,,https://www.xn--rgv465a.top/tvlogo/张掖新闻综合.png,☘️甘肃频道,,Guovin.txt
永昌综合,https://play.kankanlive.com/live/1652755738635915.m3u8,,,,永昌综合,永昌综合,,,https://www.xn--rgv465a.top/tvlogo/永昌综合.png,☘️甘肃频道,,Guovin.txt
渭源新闻,http://play.kankanlive.com/live/1720408280309109.m3u8,,,,渭源新闻,渭源新闻,,,https://www.xn--rgv465a.top/tvlogo/渭源新闻.png,☘️甘肃频道,,Guovin.txt
甘肃少儿,https://hls.gstv.com.cn/49048r/922k96.m3u8,,,,甘肃少儿,甘肃少儿,,,https://www.xn--rgv465a.top/tvlogo/甘肃少儿.png,☘️甘肃频道,,Guovin.txt
白银综合,http://play.kankanlive.com/live/1720408089419110.m3u8,,,,白银综合,白银综合,,,https://www.xn--rgv465a.top/tvlogo/白银综合.png,☘️甘肃频道,,Guovin.txt
秦安综合,https://play.kankanlive.com/live/1659926941626981.m3u8,,,,秦安综合,秦安综合,,,https://www.xn--rgv465a.top/tvlogo/秦安综合.png,☘️甘肃频道,,Guovin.txt
西峰综合,https://play.kankanlive.com/live/1683944827526991.m3u8,,,,西峰综合,西峰综合,,,https://www.xn--rgv465a.top/tvlogo/西峰综合.png,☘️甘肃频道,,Guovin.txt
酒泉综合,https://3ee63cd9178a070a2db29f77915c49d4.livehwc3.cn/play.kankanlive.com/live/1702033926169975.m3u8,,,,酒泉综合,酒泉综合,,,https://www.xn--rgv465a.top/tvlogo/酒泉综合.png,☘️甘肃频道,,Guovin.txt
哈密二套,https://tvpull.hmgbtv.com/hmtv/channel108259412c6a6711/playlist.m3u8,,,,哈密二套,哈密二套,,,https://www.xn--rgv465a.top/tvlogo/哈密二套.png,☘️新疆频道,,Guovin.txt
哈密三套,https://tvpull.hmgbtv.com/hmtv/channelfb0e5c505477aa44/playlist.m3u8,,,,哈密三套,哈密三套,,,https://www.xn--rgv465a.top/tvlogo/哈密三套.png,☘️新疆频道,,Guovin.txt
伊犁维吾尔,http://110.153.180.106:55555/out_2/index.m3u8,,,,伊犁维吾尔,伊犁维吾尔,,,https://www.xn--rgv465a.top/tvlogo/伊犁维吾尔.png,☘️新疆频道,,Guovin.txt
伊犁哈萨克,http://110.153.180.106:55555/out_3/index.m3u8?zxinjd,,,,伊犁哈萨克,伊犁哈萨克,,,https://www.xn--rgv465a.top/tvlogo/伊犁哈萨克.png,☘️新疆频道,,Guovin.txt
伊犁经济法制,http://110.153.180.106:55555/out_4/index.m3u8,,,,伊犁经济法制,伊犁经济法制,,,https://www.xn--rgv465a.top/tvlogo/伊犁经济法制.png,☘️新疆频道,,Guovin.txt
新疆卫视,http://goo.bkpcp.top/mg/xjws,,,,新疆卫视,新疆卫视,,,https://www.xn--rgv465a.top/tvlogo/新疆卫视.png,☘️新疆频道,,Guovin.txt
新疆卫视,http://[2409:8087:1a0a:df::404b]/ottrrs.hl.chinamobile.com/TVOD/88888888/224/3221225635/index.m3u8,,,,新疆卫视,新疆卫视,,,https://www.xn--rgv465a.top/tvlogo/新疆卫视.png,☘️新疆频道,,Guovin.txt
新疆卫视,http://[2409:8087:2001:20:2800:0:df6e:eb0b]/wh7f454c46tw993550557_162751766/ott.mobaibox.com/PLTV/3/224/3221228290/index.m3u8?icpid=3&RTS=1668604377&from=40&popid=40&hms_devid=2038&prioritypopid=40&vqe=3,,,,新疆卫视,新疆卫视,,,https://www.xn--rgv465a.top/tvlogo/新疆卫视.png,☘️新疆频道,,Guovin.txt
新疆卫视,http://[2409:8087:1a01:df::4077]/ottrrs.hl.chinamobile.com/PLTV/88888888/8/3221226460/index.m3u8,,,,新疆卫视,新疆卫视,,,https://www.xn--rgv465a.top/tvlogo/新疆卫视.png,☘️新疆频道,,Guovin.txt
新疆卫视,http://[2409:8087:8:21::18]:6610/otttv.bj.chinamobile.com/PLTV/88888888/224/3221226546/1.m3u8,,,,新疆卫视,新疆卫视,,,https://www.xn--rgv465a.top/tvlogo/新疆卫视.png,☘️新疆频道,,Guovin.txt
山东少儿,http://livealone302.iqilu.com/iqilu/sepd.m3u8,,,,山东少儿,山东少儿,,,https://i.imgur.com/ph7YKNa.png,☘️山东频道,,Guovin.txt
山东新闻,http://livealone302.iqilu.com/iqilu/ggpd.m3u8,,,,山东新闻,山东新闻,,,https://www.xn--rgv465a.top/tvlogo/山东新闻.png,☘️山东频道,,Guovin.txt
山东教育,https://test1.live.sdetv.com.cn/live/dianshizhibo/playlist.m3u8,,,,山东教育,山东教育,,,https://www.xn--rgv465a.top/tvlogo/山东教育.png,☘️山东频道,,Guovin.txt
山东教育,http://iptv.huuc.edu.cn/hls/sdetv.m3u8,,,,山东教育,山东教育,,,https://gitee.com/suxuang/logo/raw/master/mylogo/山东教育.png,☘️山东频道,,Guovin.txt
山东农科,http://livealone302.iqilu.com/iqilu/nkpd.m3u8,,,,山东农科,山东农科,,,https://i.imgur.com/EY2zH06.png,☘️山东频道,,Guovin.txt
山东齐鲁,http://livealone302.iqilu.com/iqilu/qlpd.m3u8,,,,山东齐鲁,山东齐鲁,,,https://i.imgur.com/U9wNMmm.png,☘️山东频道,,Guovin.txt
山东生活,http://livealone302.iqilu.com/iqilu/shpd.m3u8,,,,山东生活,山东生活,,,https://i.imgur.com/bWPiC14.png,☘️山东频道,,Guovin.txt
山东体育,https://stream1.freetv.fun/shan-dong-ti-yu-8.m3u8,,,,山东体育,山东体育,,,https://www.xn--rgv465a.top/tvlogo/山东体育.png,☘️山东频道,,Guovin.txt
山东体育,https://stream1.freetv.fun/shan-dong-ti-yu-19.m3u8,,,,山东体育,山东体育,,,https://www.xn--rgv465a.top/tvlogo/山东体育.png,☘️山东频道,,Guovin.txt
山东体育,https://stream1.freetv.fun/shan-dong-ti-yu-4.m3u8,,,,山东体育,山东体育,,,https://www.xn--rgv465a.top/tvlogo/山东体育.png,☘️山东频道,,Guovin.txt
山东体育,http://livealone302.iqilu.com/iqilu/typd.m3u8,,,,山东体育,山东体育,,,https://www.xn--rgv465a.top/tvlogo/山东体育.png,☘️山东频道,,Guovin.txt
山东体育,https://stream1.freetv.fun/shan-dong-ti-yu-7.m3u8,,,,山东体育,山东体育,,,https://www.xn--rgv465a.top/tvlogo/山东体育.png,☘️山东频道,,Guovin.txt
山东综艺,http://livealone302.iqilu.com/iqilu/zypd.m3u8,,,,山东综艺,山东综艺,,,https://i.imgur.com/a2XK8N9.png,☘️山东频道,,Guovin.txt
济南综合,https://stream1.freetv.fun/ji-nan-zong-he-1.m3u8,,,,济南综合,济南综合,,,https://www.xn--rgv465a.top/tvlogo/济南综合.png,☘️山东频道,,Guovin.txt
济南综合,https://stream1.freetv.fun/ji-nan-zong-he-2.m3u8,,,,济南综合,济南综合,,,https://www.xn--rgv465a.top/tvlogo/济南综合.png,☘️山东频道,,Guovin.txt
济南新闻综合,https://stream1.freetv.fun/ji-nan-xin-wen-zong-he-7.m3u8,,,,济南新闻综合,济南新闻综合,,,https://www.xn--rgv465a.top/tvlogo/济南新闻综合.png,☘️山东频道,,Guovin.txt
济南教育,https://stream1.freetv.fun/ji-nan-jiao-yu-1.m3u8,,,,济南教育,济南教育,,,https://www.xn--rgv465a.top/tvlogo/济南教育.png,☘️山东频道,,Guovin.txt
潍坊新闻综合,https://stream1.freetv.fun/ipv6-wei-fang-xin-wen-zong-he-2.m3u8,,,,潍坊新闻综合,潍坊新闻综合,,,https://www.xn--rgv465a.top/tvlogo/潍坊新闻综合.png,☘️山东频道,,Guovin.txt
潍坊新闻综合,https://stream1.freetv.fun/ipv6-wei-fang-xin-wen-zong-he-1.m3u8,,,,潍坊新闻综合,潍坊新闻综合,,,https://www.xn--rgv465a.top/tvlogo/潍坊新闻综合.png,☘️山东频道,,Guovin.txt
太谷新闻综合,https://p2.vzan.com/slowlive/596867413819827251/live.m3u8?zbid=1725814272&tpid=1516989100&type=0,,,,太谷新闻综合,太谷新闻综合,,,https://www.xn--rgv465a.top/tvlogo/太谷新闻综合.png,☘️山西频道,,Guovin.txt
定襄综合,http://lbyzztfe.live.sxmty.com/live/hls/645ff4c60e0a49f0a203abbd73dd8be9/0720e665f10f48e98c9639f4f492fb4a-1.m3u8?zshanxd,,,,定襄综合,定襄综合,,,https://www.xn--rgv465a.top/tvlogo/定襄综合.png,☘️山西频道,,Guovin.txt
武乡新闻综合,http://uzoiczhh.live.sxmty.com/live/hls/0d41f1480c4042d49927858f01fde707/53130407737b417b9a6259b57246bae3.m3u8?zshanxd,,,,武乡新闻综合,武乡新闻综合,,,https://www.xn--rgv465a.top/tvlogo/武乡新闻综合.png,☘️山西频道,,Guovin.txt
汾西综合,https://qmmqvzoz.live.sxmty.com/live/hls/f24f8a390c084386a564074c9260100c/be3fdf07606145739ab2c4b80fe0136a.m3u8?zshanxd,,,,汾西综合,汾西综合,,,https://www.xn--rgv465a.top/tvlogo/汾西综合.png,☘️山西频道,,Guovin.txt
运城科技教育,https://stream1.freetv.fun/yun-cheng-ke-ji-jiao-yu-2.m3u8,,,,运城科技教育,运城科技教育,,,https://www.xn--rgv465a.top/tvlogo/运城科技教育.png,☘️山西频道,,Guovin.txt
运城科技教育,https://stream1.freetv.fun/yun-cheng-ke-ji-jiao-yu-1.m3u8,,,,运城科技教育,运城科技教育,,,https://www.xn--rgv465a.top/tvlogo/运城科技教育.png,☘️山西频道,,Guovin.txt
黎城综合,http://111.53.96.67:8081/live/1/index.m3u8?%E5%85%B3%E6%B3%A8%E5%BE%AE%E4%BF%A1%E5%85%AC%E4%BC%97%E5%8F%B7[%E6%99%B4%E5%9B%AD],,,,黎城综合,黎城综合,,,https://www.xn--rgv465a.top/tvlogo/黎城综合.png,☘️山西频道,,Guovin.txt
安徽国际,https://m.italkbbtv.com/live/6a3a3784260d0d240f66a62c,,,,安徽国际,安徽国际,,,https://www.xn--rgv465a.top/tvlogo/安徽国际.png,☘️安徽频道,,Guovin.txt
安徽影视,https://stream1.freetv.fun/an-hui-ying-shi-14.m3u8,,,,安徽影视,安徽影视,,,https://www.xn--rgv465a.top/tvlogo/安徽影视.png,☘️安徽频道,,Guovin.txt
安徽影视,https://stream1.freetv.fun/an-hui-ying-shi-15.m3u8,,,,安徽影视,安徽影视,,,https://www.xn--rgv465a.top/tvlogo/安徽影视.png,☘️安徽频道,,Guovin.txt
安徽影视,https://www.ahtv.cn/folder9000/folder20193?channelIndex=3,,,,安徽影视,安徽影视,,,https://www.xn--rgv465a.top/tvlogo/安徽影视.png,☘️安徽频道,,Guovin.txt
安徽影视,https://t.freetv.fun/live/an-hui-ying-shi.m3u8,,,,安徽影视,安徽影视,,,https://www.xn--rgv465a.top/tvlogo/安徽影视.png,☘️安徽频道,,Guovin.txt
安徽影视,https://t.freetv.fun/live/an-hui-ying-shi-2.m3u8,,,,安徽影视,安徽影视,,,https://www.xn--rgv465a.top/tvlogo/安徽影视.png,☘️安徽频道,,Guovin.txt
安徽经济生活,https://stream1.freetv.fun/an-hui-jing-ji-sheng-huo-4.ctv,,,,安徽经济生活,安徽经济生活,,,https://www.xn--rgv465a.top/tvlogo/安徽经济生活.png,☘️安徽频道,,Guovin.txt
安徽综艺体育,https://live.lalifeier.eu.org/ahtv/ahzyty.m3u8?t=1745774515&key=27009aec794adc785b22478c5aa2ae16,,,,安徽综艺体育,安徽综艺体育,,,https://www.xn--rgv465a.top/tvlogo/安徽综艺体育.png,☘️安徽频道,,Guovin.txt
安徽综艺体育,https://live.lalifeier.eu.org/ahtv/ahzyty.m3u8?t=1746292937&key=940b0f98a121c28884c74971efaac4de,,,,安徽综艺体育,安徽综艺体育,,,https://www.xn--rgv465a.top/tvlogo/安徽综艺体育.png,☘️安徽频道,,Guovin.txt
安徽综艺体育,https://live.lalifeier.eu.org/ahtv/ahzyty.m3u8?t=1746307365&key=6b104d1fc66c5b34b63d0e19c627e0f9,,,,安徽综艺体育,安徽综艺体育,,,https://www.xn--rgv465a.top/tvlogo/安徽综艺体育.png,☘️安徽频道,,Guovin.txt
安徽综艺体育,https://stream1.freetv.fun/an-hui-zong-yi-ti-yu-4.ctv,,,,安徽综艺体育,安徽综艺体育,,,https://www.xn--rgv465a.top/tvlogo/安徽综艺体育.png,☘️安徽频道,,Guovin.txt
安徽综艺体育,https://stream1.freetv.fun/an-hui-zong-yi-ti-yu-8.m3u8,,,,安徽综艺体育,安徽综艺体育,,,https://www.xn--rgv465a.top/tvlogo/安徽综艺体育.png,☘️安徽频道,,Guovin.txt
安徽导视,https://livehls1.appcoo.com/liveshopping/949E0A98C9D0C311/6D925141BC1F8C28/index.m3u8,,,,安徽导视,安徽导视,,,https://www.xn--rgv465a.top/tvlogo/安徽导视.png,☘️安徽频道,,Guovin.txt
固镇新闻,http://www.guzhenm.com:7001/hls/hd-live.m3u8?%E5%85%B3%E6%B3%A8%E5%BE%AE%E4%BF%A1%E5%85%AC%E4%BC%97%E5%8F%B7[%E6%99%B4%E5%9B%AD],,,,固镇新闻,固镇新闻,,,https://www.xn--rgv465a.top/tvlogo/固镇新闻.png,☘️安徽频道,,Guovin.txt
固镇新闻,http://www.guzhenm.com:7001/hls/hd-live.m3u8,,,,固镇新闻,固镇新闻,,,https://www.xn--rgv465a.top/tvlogo/固镇新闻.png,☘️安徽频道,,Guovin.txt
黄山新闻综合,http://hslive.hsnewsnet.com/lsdream/hve9Wjs/1000/live.m3u8,,,,黄山新闻综合,黄山新闻综合,,,https://www.xn--rgv465a.top/tvlogo/黄山新闻综合.png,☘️安徽频道,,Guovin.txt
黄山新闻综合,http://hslive.hsnewsnet.com/lsdream/hve9Wjs/1000/live.m3u8?zanhd,,,,黄山新闻综合,黄山新闻综合,,,https://www.xn--rgv465a.top/tvlogo/黄山新闻综合.png,☘️安徽频道,,Guovin.txt
黄山公共生活,http://hslive.hsnewsnet.com/lsdream/iY92ady/1000/live.m3u8?zanhd,,,,黄山公共生活,黄山公共生活,,,https://www.xn--rgv465a.top/tvlogo/黄山公共生活.png,☘️安徽频道,,Guovin.txt
铜陵新闻综合,https://ls.qingting.fm/live/21303/64k.m3u8,,,,铜陵新闻综合,铜陵新闻综合,,,https://www.xn--rgv465a.top/tvlogo/铜陵新闻综合.png,☘️安徽频道,,Guovin.txt
祁门综合,http://zbbf2.ahbztv.com/live/416.m3u8?zanhd,,,,祁门综合,祁门综合,,,https://www.xn--rgv465a.top/tvlogo/祁门综合.png,☘️安徽频道,,Guovin.txt
滁州科教,http://live.cztv.cc:85/live/sjpd.m3u8,,,,滁州科教,滁州科教,,,https://www.xn--rgv465a.top/tvlogo/滁州科教.png,☘️安徽频道,,Guovin.txt
滁州科教,http://live.cztv.cc:85/live/sjpd.m3u8?zanhd,,,,滁州科教,滁州科教,,,https://www.xn--rgv465a.top/tvlogo/滁州科教.png,☘️安徽频道,,Guovin.txt
滁州科教,http://live.cztv.cc:85/live/sjpd.m3u8?%E5%85%B3%E6%B3%A8%E5%BE%AE%E4%BF%A1%E5%85%AC%E4%BC%97%E5%8F%B7[%E6%99%B4%E5%9B%AD],,,,滁州科教,滁州科教,,,https://www.xn--rgv465a.top/tvlogo/滁州科教.png,☘️安徽频道,,Guovin.txt
滁州新闻综合,http://live.cztv.cc:85/live/xwpd.m3u8?zanhd,,,,滁州新闻综合,滁州新闻综合,,,https://www.xn--rgv465a.top/tvlogo/滁州新闻综合.png,☘️安徽频道,,Guovin.txt
滁州市广播电视台 新闻综合,http://live.cztv.cc:85/live/xwpd.m3u8,,,,滁州市广播电视台 新闻综合,滁州市广播电视台 新闻综合,,,https://www.xn--rgv465a.top/tvlogo/滁州市广播电视台 新闻综合.png,☘️安徽频道,,Guovin.txt
滁州市广播电视台 公共,http://live.cztv.cc:85/live/ggpd.m3u8,,,,滁州市广播电视台 公共,滁州市广播电视台 公共,,,https://www.xn--rgv465a.top/tvlogo/滁州市广播电视台 公共.png,☘️安徽频道,,Guovin.txt
滁州公共,http://live.cztv.cc:85/live/ggpd.m3u8?zanhd,,,,滁州公共,滁州公共,,,https://www.xn--rgv465a.top/tvlogo/滁州公共.png,☘️安徽频道,,Guovin.txt
广德生活,https://live.gdtv.ah.cn/live/newsTV.m3u8,,,,广德生活,广德生活,,,https://www.xn--rgv465a.top/tvlogo/广德生活.png,☘️安徽频道,,Guovin.txt
宿州科教,http://live.ahsz.tv/video/s10001-kxjy/index.m3u8,,,,宿州科教,宿州科教,,,https://www.xn--rgv465a.top/tvlogo/宿州科教.png,☘️安徽频道,,Guovin.txt
宿州新闻综合,http://live.ahsz.tv/video/s10001-szzh/index.m3u8,,,,宿州新闻综合,宿州新闻综合,,,https://www.xn--rgv465a.top/tvlogo/宿州新闻综合.png,☘️安徽频道,,Guovin.txt
宿州新闻综合,https://stream1.freetv.fun/su-zhou-xin-wen-zong-he-1.m3u8,,,,宿州新闻综合,宿州新闻综合,,,https://www.xn--rgv465a.top/tvlogo/宿州新闻综合.png,☘️安徽频道,,Guovin.txt
宿州新闻综合,https://stream1.freetv.fun/su-zhou-xin-wen-zong-he-2.m3u8,,,,宿州新闻综合,宿州新闻综合,,,https://www.xn--rgv465a.top/tvlogo/宿州新闻综合.png,☘️安徽频道,,Guovin.txt
宿州新闻综合,https://stream1.freetv.fun/su-zhou-xin-wen-zong-he-3.m3u8,,,,宿州新闻综合,宿州新闻综合,,,https://www.xn--rgv465a.top/tvlogo/宿州新闻综合.png,☘️安徽频道,,Guovin.txt
宿州公共,http://live.ahsz.tv/video/s10001-ggpd/index.m3u8,,,,宿州公共,宿州公共,,,https://www.xn--rgv465a.top/tvlogo/宿州公共.png,☘️安徽频道,,Guovin.txt
六安新闻综合,http://ls.qingting.fm/live/267.m3u8,,,,六安新闻综合,六安新闻综合,,,https://www.xn--rgv465a.top/tvlogo/六安新闻综合.png,☘️安徽频道,,Guovin.txt
六安公共,http://ls.qingting.fm/live/1794199.m3u8,,,,六安公共,六安公共,,,https://www.xn--rgv465a.top/tvlogo/六安公共.png,☘️安徽频道,,Guovin.txt
亳州农村,http://zbbf2.ahbztv.com/live/418.m3u8,,,,亳州农村,亳州农村,,,https://www.xn--rgv465a.top/tvlogo/亳州农村.png,☘️安徽频道,,Guovin.txt
亳州农村,http://zbbf2.ahbztv.com/live/418.m3u8?zanhd,,,,亳州农村,亳州农村,,,https://www.xn--rgv465a.top/tvlogo/亳州农村.png,☘️安徽频道,,Guovin.txt
宁夏经济,https://ls.qingting.fm/live/1841/64k.m3u8,,,,宁夏经济,宁夏经济,,,https://www.xn--rgv465a.top/tvlogo/宁夏经济.png,☘️宁夏频道,,Guovin.txt
延边卫视,https://srs.iyb983.cn/video/CYS/index.m3u8,,,,延边卫视,延边卫视,,,https://www.xn--rgv465a.top/tvlogo/延边卫视.png,☘️吉林频道,,Guovin.txt
延边卫视,https://srs.iyb983.cn:443/video/CYS/index.m3u8,,,,延边卫视,延边卫视,,,https://www.xn--rgv465a.top/tvlogo/延边卫视.png,☘️吉林频道,,Guovin.txt
吉林乡村,https://satellitepull.cnr.cn/live/wxjlxcgb/playlist.m3u8,,,,吉林乡村,吉林乡村,,,https://www.xn--rgv465a.top/tvlogo/吉林乡村.png,☘️吉林频道,,Guovin.txt
长白朝语,http://hplayer1.juyun.tv:80/camera/11344136.m3u8,,,,长白朝语,长白朝语,,,https://www.xn--rgv465a.top/tvlogo/长白朝语.png,☘️吉林频道,,Guovin.txt
珲春新闻综合,https://stream1.freetv.fun/hun-chun-xin-wen-zong-he-3.m3u8,,,,珲春新闻综合,珲春新闻综合,,,https://www.xn--rgv465a.top/tvlogo/珲春新闻综合.png,☘️吉林频道,,Guovin.txt
内蒙经济,https://ls.qingting.fm/live/1885/64k.m3u8,,,,内蒙经济,内蒙经济,,,https://www.xn--rgv465a.top/tvlogo/内蒙经济.png,☘️内蒙古频道,,Guovin.txt
内蒙农牧,http://play1-qk.nmtv.cn:80/live/1686561299036179.m3u8,,,,内蒙农牧,内蒙农牧,,,https://www.xn--rgv465a.top/tvlogo/内蒙农牧.png,☘️内蒙古频道,,Guovin.txt
内蒙古少儿,http://play1-qk.nmtv.cn/live/1686560464515368.m3u8,,,,内蒙少儿,内蒙古少儿,,,https://www.xn--rgv465a.top/tvlogo/内蒙古少儿.png,☘️内蒙古频道,,Guovin.txt
内蒙古文体娱乐,http://play1-qk.nmtv.cn/live/1686561195713372.m3u8,,,,内蒙古文体娱乐,内蒙古文体娱乐,,,https://www.xn--rgv465a.top/tvlogo/内蒙古文体娱乐.png,☘️内蒙古频道,,Guovin.txt
内蒙古蒙语文化,http://play1-qk.nmtv.cn/live/1686561065304370.m3u8,,,,内蒙古蒙语文化,内蒙古蒙语文化,,,https://www.xn--rgv465a.top/tvlogo/内蒙古蒙语文化.png,☘️内蒙古频道,,Guovin.txt
文山州公共,http://m3u8.channel.wsrtv.com.cn/cms/videos/nmip-media/channellive/channel8/playlist.m3u8,,,,文山州公共,文山州公共,,,https://www.xn--rgv465a.top/tvlogo/文山州公共.png,☘️云南频道,,Guovin.txt
文山州公共,http://m3u8.channel.wsrtv.com.cn/cms/videos/nmip-media/channellive/channel8/playlist.m3u8?zyund,,,,文山州公共,文山州公共,,,https://www.xn--rgv465a.top/tvlogo/文山州公共.png,☘️云南频道,,Guovin.txt
文山州新闻综合,http://m3u8.channel.wsrtv.com.cn/cms/videos/nmip-media/channellive/channel7/playlist.m3u8?zyund,,,,文山州新闻综合,文山州新闻综合,,,https://www.xn--rgv465a.top/tvlogo/文山州新闻综合.png,☘️云南频道,,Guovin.txt
易门综合,https://zb-live.ynurl.com/yimen/3b75a2f9-7941-46b7-992d-a9796fbca5fe.m3u8,,,,易门综合,易门综合,,,https://www.xn--rgv465a.top/tvlogo/易门综合.png,☘️云南频道,,Guovin.txt
通海电视台,https://zb-live.ynurl.com/tonghai/3bfe3a9e-48e6-4c1e-8770-1df66447cc6c.m3u8,,,,通海电视台,通海电视台,,,https://www.xn--rgv465a.top/tvlogo/通海电视台.png,☘️云南频道,,Guovin.txt
陇川综合,https://zb-live.ynurl.com/longchuan/58f88df3-605e-4c57-865c-8e8f85241ca1.m3u8,,,,陇川综合,陇川综合,,,https://www.xn--rgv465a.top/tvlogo/陇川综合.png,☘️云南频道,,Guovin.txt
云南都市,https://hwapi.yntv.net/62hdvf/rjwt14.m3u8,,,,云南都市,云南都市,,,https://www.xn--rgv465a.top/tvlogo/云南都市.png,☘️云南频道,,Guovin.txt
云南娱乐,https://hwapi.yntv.net/62hdvf/q9vs1b.m3u8,,,,云南娱乐,云南娱乐,,,https://www.xn--rgv465a.top/tvlogo/云南娱乐.png,☘️云南频道,,Guovin.txt
安多卫视,https://liveout.xntv.tv/a65jur/90p2i1.m3u8?zqing,,,,安多卫视,安多卫视,,,https://www.xn--rgv465a.top/tvlogo/安多卫视.png,☘️青海频道,,Guovin.txt
安多卫视,https://stream1.freetv.fun/52d0df257c5c3cec42f2ae19268dbbc261256ff391b27bd83553bea941d0c186.m3u8,,,,安多卫视,安多卫视,,,https://www.xn--rgv465a.top/tvlogo/安多卫视.png,☘️青海频道,,Guovin.txt
安多卫视,https://liveout.xntv.tv/a65jur/96iln2.m3u8,,,,安多卫视,安多卫视,,,https://www.xn--rgv465a.top/tvlogo/安多卫视.png,☘️青海频道,,Guovin.txt
安多卫视,https://liveout.xntv.tv/a65jur/90p2i1.m3u8?zqinghd,,,,安多卫视,安多卫视,,,https://www.xn--rgv465a.top/tvlogo/安多卫视.png,☘️青海频道,,Guovin.txt
西宁新闻综合,https://liveout.xntv.tv/a65jur/90p2i1.m3u8,,,,西宁新闻综合,西宁新闻综合,,,https://www.xn--rgv465a.top/tvlogo/西宁新闻综合.png,☘️青海频道,,Guovin.txt
西宁新闻综合,https://liveout.xntv.tv/a65jur/96iln2.m3u8?zqinghd,,,,西宁新闻综合,西宁新闻综合,,,https://www.xn--rgv465a.top/tvlogo/西宁新闻综合.png,☘️青海频道,,Guovin.txt
西宁生活服务,https://stream1.freetv.fun/xi-zhu-sheng-huo-fu-wu-1.m3u8,,,,西宁生活服务,西宁生活服务,,,https://www.xn--rgv465a.top/tvlogo/西宁生活服务.png,☘️青海频道,,Guovin.txt
西宁生活服务,https://stream1.freetv.fun/xi-zhu-sheng-huo-fu-wu-2.m3u8,,,,西宁生活服务,西宁生活服务,,,https://www.xn--rgv465a.top/tvlogo/西宁生活服务.png,☘️青海频道,,Guovin.txt
西宁生活服务,https://stream1.freetv.fun/xi-zhu-sheng-huo-fu-wu-3.m3u8,,,,西宁生活服务,西宁生活服务,,,https://www.xn--rgv465a.top/tvlogo/西宁生活服务.png,☘️青海频道,,Guovin.txt
西宁生活服务,https://t.freetv.fun/live/xi-zhu-sheng-huo-fu-wu-1.flv,,,,西宁生活服务,西宁生活服务,,,https://www.xn--rgv465a.top/tvlogo/西宁生活服务.png,☘️青海频道,,Guovin.txt
青海都市,http://[2409:8087:1e01:20::3]/PLTV/11/224/3221225749/index.m3u8,,,,青海都市,青海都市,,,https://www.xn--rgv465a.top/tvlogo/青海都市.png,☘️青海频道,,Guovin.txt
青海都市,http://[2409:8087:1e01:20::3]:80/PLTV/11/224/3221225749/index.m3u8,,,,青海都市,青海都市,,,https://www.xn--rgv465a.top/tvlogo/青海都市.png,☘️青海频道,,Guovin.txt
黑龙江文体,http://[2409:8087:1a01:df::7005]/ottrrs.hl.chinamobile.com/PLTV/88888888/224/3221226239/index.m3u8,,,,黑龙江文体,黑龙江文体,,,https://www.xn--rgv465a.top/tvlogo/黑龙江文体.png,☘️黑龙江频道,,Guovin.txt
黑龙江文体,http://[2409:8087:1a01:df::4025]:80/TVOD/88888888/224/3221225965/main.m3u8,,,,黑龙江文体,黑龙江文体,,,https://www.xn--rgv465a.top/tvlogo/黑龙江文体.png,☘️黑龙江频道,,Guovin.txt
黑龙江文体,https://stream1.freetv.fun/hei-long-jiang-wen-ti-7.m3u8,,,,黑龙江文体,黑龙江文体,,,https://www.xn--rgv465a.top/tvlogo/黑龙江文体.png,☘️黑龙江频道,,Guovin.txt
黑龙江文体,https://stream1.freetv.fun/hei-long-jiang-wen-ti-1.m3u8,,,,黑龙江文体,黑龙江文体,,,https://www.xn--rgv465a.top/tvlogo/黑龙江文体.png,☘️黑龙江频道,,Guovin.txt
黑龙江文体,https://stream1.freetv.fun/hei-long-jiang-wen-ti-9.m3u8,,,,黑龙江文体,黑龙江文体,,,https://www.xn--rgv465a.top/tvlogo/黑龙江文体.png,☘️黑龙江频道,,Guovin.txt
黑龙江新闻法治,http://[2409:8087:1a01:df::7005]/ottrrs.hl.chinamobile.com/PLTV/88888888/224/3221226330/index.m3u8,,,,黑龙江新闻法治,黑龙江新闻法治,,,https://www.xn--rgv465a.top/tvlogo/黑龙江新闻法治.png,☘️黑龙江频道,,Guovin.txt
黑龙江新闻法治,https://stream1.freetv.fun/hei-long-jiang-xin-wen-fa-zhi-6.m3u8,,,,黑龙江新闻法治,黑龙江新闻法治,,,https://www.xn--rgv465a.top/tvlogo/黑龙江新闻法治.png,☘️黑龙江频道,,Guovin.txt
黑龙江新闻法治,https://stream1.freetv.fun/hei-long-jiang-xin-wen-fa-zhi-4.m3u8,,,,黑龙江新闻法治,黑龙江新闻法治,,,https://www.xn--rgv465a.top/tvlogo/黑龙江新闻法治.png,☘️黑龙江频道,,Guovin.txt
黑龙江新闻法治,https://stream1.freetv.fun/hei-long-jiang-xin-wen-fa-zhi-7.m3u8,,,,黑龙江新闻法治,黑龙江新闻法治,,,https://www.xn--rgv465a.top/tvlogo/黑龙江新闻法治.png,☘️黑龙江频道,,Guovin.txt
黑龙江新闻法治,https://stream1.freetv.fun/hei-long-jiang-xin-wen-fa-zhi-5.m3u8,,,,黑龙江新闻法治,黑龙江新闻法治,,,https://www.xn--rgv465a.top/tvlogo/黑龙江新闻法治.png,☘️黑龙江频道,,Guovin.txt
黑龙江影视,http://[2409:8087:1a01:df::7005]/ottrrs.hl.chinamobile.com/PLTV/88888888/224/3221226298/index.m3u8,,,,黑龙江影视,黑龙江影视,,,https://www.xn--rgv465a.top/tvlogo/黑龙江影视.png,☘️黑龙江频道,,Guovin.txt
黑龙江影视,https://stream1.freetv.fun/hei-long-jiang-ying-shi-1.m3u8,,,,黑龙江影视,黑龙江影视,,,https://www.xn--rgv465a.top/tvlogo/黑龙江影视.png,☘️黑龙江频道,,Guovin.txt
黑龙江影视,https://stream1.freetv.fun/hei-long-jiang-ying-shi-7.m3u8,,,,黑龙江影视,黑龙江影视,,,https://www.xn--rgv465a.top/tvlogo/黑龙江影视.png,☘️黑龙江频道,,Guovin.txt
黑龙江影视,https://stream1.freetv.fun/hei-long-jiang-ying-shi-8.m3u8,,,,黑龙江影视,黑龙江影视,,,https://www.xn--rgv465a.top/tvlogo/黑龙江影视.png,☘️黑龙江频道,,Guovin.txt
黑龙江都市,http://[2409:8087:1a01:df::7005]/ottrrs.hl.chinamobile.com/PLTV/88888888/224/3221226301/index.m3u8,,,,黑龙江都市,黑龙江都市,,,https://www.xn--rgv465a.top/tvlogo/黑龙江都市.png,☘️黑龙江频道,,Guovin.txt
黑龙江都市,http://[2409:8087:1a01:df::4025]:80/ottrrs.hl.chinamobile.com/PLTV/88888888/224/3221226301/1.m3u8,,,,黑龙江都市,黑龙江都市,,,https://www.xn--rgv465a.top/tvlogo/黑龙江都市.png,☘️黑龙江频道,,Guovin.txt
黑龙江都市,http://[2409:8087:1a01:df::4055]:80/TVOD/88888888/224/3221225969/main.m3u8,,,,黑龙江都市,黑龙江都市,,,https://www.xn--rgv465a.top/tvlogo/黑龙江都市.png,☘️黑龙江频道,,Guovin.txt
黑龙江都市,http://[2409:8087:1a01:df::4077]:80/ottrrs.hl.chinamobile.com/PLTV/88888888/224/3221226301/1.m3u8,,,,黑龙江都市,黑龙江都市,,,https://www.xn--rgv465a.top/tvlogo/黑龙江都市.png,☘️黑龙江频道,,Guovin.txt
黑龙江都市,https://stream1.freetv.fun/hei-long-jiang-du-shi-7.m3u8,,,,黑龙江都市,黑龙江都市,,,https://www.xn--rgv465a.top/tvlogo/黑龙江都市.png,☘️黑龙江频道,,Guovin.txt
黑龙江少儿,http://[2409:8087:1a01:df::7005]/ottrrs.hl.chinamobile.com/PLTV/88888888/224/3221226304/index.m3u8,,,,黑龙江少儿,黑龙江少儿,,,https://www.xn--rgv465a.top/tvlogo/黑龙江少儿.png,☘️黑龙江频道,,Guovin.txt
黑龙江少儿,https://ls.qingting.fm/live/4972/64k.m3u8,,,,黑龙江少儿,黑龙江少儿,,,https://www.xn--rgv465a.top/tvlogo/黑龙江少儿.png,☘️黑龙江频道,,Guovin.txt
黑龙江少儿,https://stream1.freetv.fun/hei-long-jiang-shao-er-8.m3u8,,,,黑龙江少儿,黑龙江少儿,,,https://www.xn--rgv465a.top/tvlogo/黑龙江少儿.png,☘️黑龙江频道,,Guovin.txt
黑龙江少儿,https://stream1.freetv.fun/hei-long-jiang-shao-er-2.m3u8,,,,黑龙江少儿,黑龙江少儿,,,https://www.xn--rgv465a.top/tvlogo/黑龙江少儿.png,☘️黑龙江频道,,Guovin.txt
黑龙江新闻,https://ls.qingting.fm/live/4974/64k.m3u8,,,,龙视新闻,黑龙江新闻,,,https://www.xn--rgv465a.top/tvlogo/黑龙江新闻.png,☘️黑龙江频道,,Guovin.txt
黑龙江新闻,https://fenghuang.tv12.xyz/66.m3u8,,,,龙视新闻,黑龙江新闻,,,https://www.xn--rgv465a.top/tvlogo/黑龙江新闻.png,☘️黑龙江频道,,Guovin.txt
黑龙江新闻,https://stream1.freetv.fun/hei-long-jiang-xin-wen-9.m3u8,,,,龙视新闻,黑龙江新闻,,,https://www.xn--rgv465a.top/tvlogo/黑龙江新闻.png,☘️黑龙江频道,,Guovin.txt
哈尔滨新闻综合,https://stream1.freetv.fun/ha-er-bin-xin-wen-zong-he-4.m3u8,,,,哈尔滨新闻综合,哈尔滨新闻综合,,,https://www.xn--rgv465a.top/tvlogo/哈尔滨新闻综合.png,☘️黑龙江频道,,Guovin.txt
大庆新闻综合,https://stream1.freetv.fun/da-qing-xin-wen-zong-he-1.m3u8,,,,大庆新闻综合,大庆新闻综合,,,https://www.xn--rgv465a.top/tvlogo/大庆新闻综合.png,☘️黑龙江频道,,Guovin.txt
鹤岗新闻综合,http://[2409:8087:1a01:df::4059]:80/TVOD/88888888/224/3221226073/main.m3u8,,,,鹤岗新闻综合,鹤岗新闻综合,,,https://www.xn--rgv465a.top/tvlogo/鹤岗新闻综合.png,☘️黑龙江频道,,Guovin.txt
鹤岗新闻综合,http://[2409:8087:1a01:df::4060]:80/ottrrs.hl.chinamobile.com/PLTV/88888888/224/3221226534/index.m3u8,,,,鹤岗新闻综合,鹤岗新闻综合,,,https://www.xn--rgv465a.top/tvlogo/鹤岗新闻综合.png,☘️黑龙江频道,,Guovin.txt
鹤岗新闻综合,http://[2409:8087:1a01:df::4060]/ottrrs.hl.chinamobile.com/PLTV/88888888/224/3221226534/index.m3u8,,,,鹤岗新闻综合,鹤岗新闻综合,,,https://www.xn--rgv465a.top/tvlogo/鹤岗新闻综合.png,☘️黑龙江频道,,Guovin.txt
七台河新闻综合,http://live.qthnews.org.cn:1935/live/live1/800k/tzwj_video.m3u8,,,,七台河新闻综合,七台河新闻综合,,,https://www.xn--rgv465a.top/tvlogo/七台河新闻综合.png,☘️黑龙江频道,,Guovin.txt
齐齐哈尔新闻综合,http://php.jdshipin.com/TVOD/hljyd.php?id=3221226437,,,,齐齐哈尔新闻综合,齐齐哈尔新闻综合,,,https://www.xn--rgv465a.top/tvlogo/齐齐哈尔新闻综合.png,☘️黑龙江频道,,Guovin.txt
齐齐哈尔新闻综合,http://[2409:8087:1a15:10d1::31]/ottrrs.hl.chinamobile.com/PLTV/88888888/224/3221226437/index.m3u8,,,,齐齐哈尔新闻综合,齐齐哈尔新闻综合,,,https://www.xn--rgv465a.top/tvlogo/齐齐哈尔新闻综合.png,☘️黑龙江频道,,Guovin.txt
齐齐哈尔新闻综合,https://stream1.freetv.fun/ipv6-qi-qi-ha-er-xin-wen-zong-he-3.m3u8,,,,齐齐哈尔新闻综合,齐齐哈尔新闻综合,,,https://www.xn--rgv465a.top/tvlogo/齐齐哈尔新闻综合.png,☘️黑龙江频道,,Guovin.txt
双鸭山综合,http://live.qthnews.org.cn:1935/live/live2/800k/tzwj_video.m3u8,,,,双鸭山综合,双鸭山综合,,,https://www.xn--rgv465a.top/tvlogo/双鸭山综合.png,☘️黑龙江频道,,Guovin.txt
七台河民生社教,http://yp.qqqtv.top/1/api.php?id=%E4%B8%83%E5%8F%B0%E6%B2%B3%E6%B0%91%E7%94%9F%E7%A4%BE%E6%95%99&auth=666858,,,,七台河民生社教,七台河民生社教,,,https://www.xn--rgv465a.top/tvlogo/七台河民生社教.png,☘️黑龙江频道,,Guovin.txt
翡翠台,http://r.jdshipin.com/qClQf,,,,翡翠台,翡翠台,,,https://gitee.com/suxuang/logo/raw/master/mylogo/翡翠台.png,🌊港·澳·台,,Guovin.txt
翡翠台,http://r.jdshipin.com/qrfbg,,,,翡翠台,翡翠台,,,https://gitee.com/suxuang/logo/raw/master/mylogo/翡翠台.png,🌊港·澳·台,,Guovin.txt
翡翠台,http://r.jdshipin.com/62WM7,,,,翡翠台,翡翠台,,,https://gitee.com/suxuang/logo/raw/master/mylogo/翡翠台.png,🌊港·澳·台,,Guovin.txt
翡翠台,http://r.jdshipin.com/n90gt,,,,翡翠台,翡翠台,,,https://gitee.com/suxuang/logo/raw/master/mylogo/翡翠台.png,🌊港·澳·台,,Guovin.txt
翡翠台,http://r.jdshipin.com/GeWKr,,,,翡翠台,翡翠台,,,https://gitee.com/suxuang/logo/raw/master/mylogo/翡翠台.png,🌊港·澳·台,,Guovin.txt
明珠台,https://hls-gateway.vpstv.net/streams/476936.m3u8,,,,明珠台,明珠台,,,https://www.xn--rgv465a.top/tvlogo/明珠台.png,🌊港·澳·台,,Guovin.txt
凤凰中文,https://7612-5516-affc-d88b.kylintv.tv/live/pxinhd_iphone.m3u8,,,,凤凰中文,凤凰中文,,,https://www.xn--rgv465a.top/tvlogo/凤凰中文.png,🌊港·澳·台,,Guovin.txt
凤凰资讯,http://43.152.224.209/qctv.fengshows.cn/live/0701pin72.flv,,,,凤凰资讯,凤凰资讯,,,https://live.fanmingming.cn/tv/凤凰卫视资讯台.png,🌊港·澳·台,,Guovin.txt
凤凰资讯,http://r.jdshipin.com/0Rp07,,,,凤凰资讯,凤凰资讯,,,https://gitee.com/suxuang/logo/raw/master/mylogo/凤凰资讯台.png,🌊港·澳·台,,Guovin.txt
凤凰资讯,http://php.jdshipin.com/TVOD/iptv.php?id=fhzx,,,,凤凰资讯,凤凰资讯,,,https://live.fanmingming.cn/tv/凤凰资讯频道.png,🌊港·澳·台,,Guovin.txt
凤凰资讯,https://cdn6.163189.xyz/163189/fhzx,,,,凤凰资讯,凤凰资讯,,,https://www.xn--rgv465a.top/tvlogo/凤凰资讯.png,🌊港·澳·台,,Guovin.txt
凤凰资讯,https://hls-gateway.vpstv.net/streams/476958.m3u8,,,,凤凰资讯,凤凰资讯,,,https://www.xn--rgv465a.top/tvlogo/凤凰资讯.png,🌊港·澳·台,,Guovin.txt
凤凰香港,http://r.jdshipin.com/yDoTN,,,,凤凰香港,凤凰香港,,,https://gitee.com/suxuang/logo/raw/master/mylogo/凤凰香港台.png,🌊港·澳·台,,Guovin.txt
凤凰香港,http://r.jdshipin.com/NfC0f,,,,凤凰香港,凤凰香港,,,https://gitee.com/suxuang/logo/raw/master/mylogo/凤凰香港台.png,🌊港·澳·台,,Guovin.txt
凤凰香港,http://php.jdshipin.com/TVOD/iptv.php?id=fhhk,,,,凤凰香港,凤凰香港,,,https://live.fanmingming.cn/tv/凤凰香港频道.png,🌊港·澳·台,,Guovin.txt
凤凰香港,https://cdn6.163189.xyz/163189/fhhk,,,,凤凰香港,凤凰香港,,,https://www.xn--rgv465a.top/tvlogo/凤凰香港.png,🌊港·澳·台,,Guovin.txt
凤凰香港,https://epg.pw/stream/5f16dc7fc8aaaed3205516c63e4a8c24bca9dbba1181684244729cf574505b0e.m3u8,,,,凤凰香港,凤凰香港,,,https://www.xn--rgv465a.top/tvlogo/凤凰香港.png,🌊港·澳·台,,Guovin.txt
TVBS亚洲,http://38.64.72.148:80/hls/modn/list/4005/playlist.m3u8,,,,TVBS亚洲,TVBS亚洲,,,https://www.xn--rgv465a.top/tvlogo/TVBS亚洲.png,🌊港·澳·台,,Guovin.txt
TVBS亚洲,http://38.64.72.148/hls/modn/list/4005/chunklist0.m3u8,,,,TVBS亚洲,TVBS亚洲,,,https://www.xn--rgv465a.top/tvlogo/TVBS亚洲.png,🌊港·澳·台,,Guovin.txt
纬来体育,https://smart.pendy.dpdns.org/Smart.php?id=videolandsport,,,,纬来体育台,纬来体育,,,https://www.xn--rgv465a.top/tvlogo/纬来体育.png,🌊港·澳·台,,Guovin.txt
纬来体育,https://epg.pw/stream/8855a9936e37e608a0ec8a014cce1673dee9c5d68d560da376cc92e5edef2b25.m3u8,,,,纬来体育台,纬来体育,,,https://www.xn--rgv465a.top/tvlogo/纬来体育.png,🌊港·澳·台,,Guovin.txt
纬来体育,https://epg.pw/stream/ab6df63b64d0cc44a1f4f029ed847a26fa54a7aebd455578fb05a63f02c22f4b.m3u8,,,,纬来体育台,纬来体育,,,https://www.xn--rgv465a.top/tvlogo/纬来体育.png,🌊港·澳·台,,Guovin.txt
纬来体育,https://epg.pw/stream/4f18dfe0593db5c686eb64ae8edaf2a9202d4d46bdc9bbde2cee27708e12ea01.m3u8,,,,纬来体育台,纬来体育,,,https://www.xn--rgv465a.top/tvlogo/纬来体育.png,🌊港·澳·台,,Guovin.txt
纬来体育,https://hls-gateway.vpstv.net/streams/477026.m3u8,,,,纬来体育台,纬来体育,,,https://www.xn--rgv465a.top/tvlogo/纬来体育.png,🌊港·澳·台,,Guovin.txt
纬来育乐,https://hls-gateway.vpstv.net/streams/477081.m3u8,,,,纬来育乐台,纬来育乐,,,https://www.xn--rgv465a.top/tvlogo/纬来育乐.png,🌊港·澳·台,,Guovin.txt
J2,https://hls-gateway.vpstv.net/streams/476932.m3u8,,,,J2,J2,,,https://www.xn--rgv465a.top/tvlogo/J2.png,🌊港·澳·台,,Guovin.txt
Viutv,http://r.jdshipin.com/vSJvl,,,,ViuTV,Viutv,,,https://gitee.com/suxuang/logo/raw/master/mylogo/ViuTV.png,🌊港·澳·台,,Guovin.txt
Viutv,http://r.jdshipin.com/TcKr2,,,,ViuTV,Viutv,,,https://gitee.com/suxuang/logo/raw/master/mylogo/ViuTV.png,🌊港·澳·台,,Guovin.txt
Viutv,http://php.jdshipin.com/TVOD/iptv.php?id=viutv,,,,ViuTV,Viutv,,,https://live.fanmingming.cn/tv/VIUTV.png,🌊港·澳·台,,Guovin.txt
Viutv,http://php.jdshipin.com/TVOD/iptv.php?id=viutv2,,,,ViuTV,Viutv,,,https://live.fanmingming.cn/tv/VIUTV.png,🌊港·澳·台,,Guovin.txt
Viutv,http://smt.1678520.xyz/smt3.2.3.php?id=viu1_twn,,,,ViuTV,Viutv,,,https://www.xn--rgv465a.top/tvlogo/Viutv.png,🌊港·澳·台,,Guovin.txt
三立台湾,https://hls-gateway.vpstv.net/streams/477050.m3u8,,,,三立台湾台,三立台湾,,,https://www.xn--rgv465a.top/tvlogo/三立台湾.png,🌊港·澳·台,,Guovin.txt
无线新闻,https://h5cdn3.kylintv.tv/live/tvbnews_iphone.m3u8,,,,无线新闻台,无线新闻,,,https://www.xn--rgv465a.top/tvlogo/无线新闻.png,🌊港·澳·台,,Guovin.txt
无线新闻,http://r.jdshipin.com/CkuBd,,,,无线新闻台,无线新闻,,,https://gitee.com/suxuang/logo/raw/master/mylogo/无线新闻.png,🌊港·澳·台,,Guovin.txt
无线新闻,http://cdn9.163189.xyz/smt1.1.php?id=inews_twn,,,,无线新闻台,无线新闻,,,https://live.fanmingming.cn/tv/无线新闻台.png,🌊港·澳·台,,Guovin.txt
无线新闻,http://php.jdshipin.com:8880/smt.php?id=inews_twn,,,,无线新闻台,无线新闻,,,https://live.fanmingming.cn/tv/无线新闻台.png,🌊港·澳·台,,Guovin.txt
无线新闻,http://php.jdshipin.com/TVOD/iptv.php?id=wxxw,,,,无线新闻台,无线新闻,,,https://live.fanmingming.cn/tv/无线新闻台.png,🌊港·澳·台,,Guovin.txt
三立新闻,https://stream1.freetv.fun/san-li-xin-wen-4.m3u8,,,,三立新闻,三立新闻,,,https://www.xn--rgv465a.top/tvlogo/三立新闻.png,🌊港·澳·台,,Guovin.txt
三立新闻,https://hls-gateway.vpstv.net/streams/492922.m3u8,,,,三立新闻,三立新闻,,,https://www.xn--rgv465a.top/tvlogo/三立新闻.png,🌊港·澳·台,,Guovin.txt
三立新闻,https://stream1.freetv.fun/san-li-xin-wen-3.m3u8,,,,三立新闻,三立新闻,,,https://www.xn--rgv465a.top/tvlogo/三立新闻.png,🌊港·澳·台,,Guovin.txt
三立新闻,https://stream1.freetv.fun/san-li-xin-wen-5.ctv,,,,三立新闻,三立新闻,,,https://www.xn--rgv465a.top/tvlogo/三立新闻.png,🌊港·澳·台,,Guovin.txt
三立新闻,https://raw.githubusercontent.com/ChiSheng9/iptv/master/TV32.m3u8,,,,三立新闻,三立新闻,,,https://www.xn--rgv465a.top/tvlogo/三立新闻.png,🌊港·澳·台,,Guovin.txt
东森综合,https://hls-gateway.vpstv.net/streams/476987.m3u8,,,,东森综合,东森综合,,,https://www.xn--rgv465a.top/tvlogo/东森综合.png,🌊港·澳·台,,Guovin.txt
东森超视,http://38.64.72.148:80/hls/modn/list/2013/chunklist1.m3u8,,,,东森超视,东森超视,,,https://www.xn--rgv465a.top/tvlogo/东森超视.png,🌊港·澳·台,,Guovin.txt
东森电影,https://hls-gateway.vpstv.net/streams/476995.m3u8,,,,东森电影,东森电影,,,https://www.xn--rgv465a.top/tvlogo/东森电影.png,🌊港·澳·台,,Guovin.txt
东森电影,https://stream1.freetv.fun/dong-sen-dian-ying-8.ctv,,,,东森电影,东森电影,,,https://www.xn--rgv465a.top/tvlogo/东森电影.png,🌊港·澳·台,,Guovin.txt
靖天资讯,https://litv.tzh911.qzz.io/litv.php?id=4gtv-4gtv065&token=https://t.me/GPT_858,,,,靖天资讯台,靖天资讯,,,https://www.xn--rgv465a.top/tvlogo/靖天资讯.png,🌊港·澳·台,,Guovin.txt
靖天资讯,https://hls-gateway.vpstv.net/streams/476258.m3u8,,,,靖天资讯台,靖天资讯,,,https://www.xn--rgv465a.top/tvlogo/靖天资讯.png,🌊港·澳·台,,Guovin.txt
CHC家庭影院,http://63.141.230.178:82/gslb/zbdq5.m3u8?id=chcjt,,,,CHC家庭影院,CHC家庭影院,,,https://www.xn--rgv465a.top/tvlogo/CHC家庭影院.png,🎬电影频道,,Guovin.txt
CHC家庭影院,http://192.151.150.154/live/chcjt.m3u8,,,,CHC家庭影院,CHC家庭影院,,,https://www.xn--rgv465a.top/tvlogo/CHC家庭影院.png,🎬电影频道,,Guovin.txt
CHC家庭影院,http://107.150.60.122/live/chcjt.m3u8,,,,CHC家庭影院,CHC家庭影院,,,https://www.xn--rgv465a.top/tvlogo/CHC家庭影院.png,🎬电影频道,,Guovin.txt
CHC家庭影院,http://198.204.228.26/live/chcjt.m3u8,,,,CHC家庭影院,CHC家庭影院,,,https://www.xn--rgv465a.top/tvlogo/CHC家庭影院.png,🎬电影频道,,Guovin.txt
CHC家庭影院,http://38.75.136.137:98/gslb/dsdqpub/chcjt.m3u8?auth=testpub,,,,CHC家庭影院,CHC家庭影院,,,https://www.xn--rgv465a.top/tvlogo/CHC家庭影院.png,🎬电影频道,,Guovin.txt
CHC动作电影,http://198.204.228.26/live/chcdz.m3u8,,,,CHC动作电影,CHC动作电影,,,https://www.xn--rgv465a.top/tvlogo/CHC动作电影.png,🎬电影频道,,Guovin.txt
CHC动作电影,http://107.150.60.122/live/chcdz.m3u8,,,,CHC动作电影,CHC动作电影,,,https://www.xn--rgv465a.top/tvlogo/CHC动作电影.png,🎬电影频道,,Guovin.txt
CHC动作电影,http://38.75.136.137:98/gslb/dsdqpub/chcdz.m3u8?auth=testpub,,,,CHC动作电影,CHC动作电影,,,https://www.xn--rgv465a.top/tvlogo/CHC动作电影.png,🎬电影频道,,Guovin.txt
CHC动作电影,http://z.b.bkpcp.top/m.php?id=dzdy,,,,CHC动作电影,CHC动作电影,,,https://www.xn--rgv465a.top/tvlogo/CHC动作电影.png,🎬电影频道,,Guovin.txt
淘剧场,http://[2409:8087:1:20:20::26]/otttv.bj.chinamobile.com/PLTV/88888888/224/3221226553/1.m3u8?GuardEncType=2&accountinfo=%7E%7EV2.0%7EQaJ92NID2SpQlY6_VJVogg%7E_eNUbgU9sJGUcVVduOMKhafLvQUgE_zlz_7pvDimJNOuQYJeiYEeFWTkFfE86Vq-%2CEND,,,,淘剧场,淘剧场,,,https://www.xn--rgv465a.top/tvlogo/淘剧场.png,🎬电影频道,,Guovin.txt
淘剧场,http://zjzcf.synology.me:35455/bptv/10000100000000050000000003887497.m3u8,,,,淘剧场,淘剧场,,,https://www.xn--rgv465a.top/tvlogo/淘剧场.png,🎬电影频道,,Guovin.txt
淘剧场,http://iptv.666230.xyz/iptv/bjyd.php/6553,,,,淘剧场,淘剧场,,,https://www.xn--rgv465a.top/tvlogo/淘剧场.png,🎬电影频道,,Guovin.txt
淘娱乐,http://[2409:8087:1:20:20::2c]/otttv.bj.chinamobile.com/PLTV/88888888/224/3221226551/1.m3u8?GuardEncType=2&accountinfo=%7E%7EV2.0%7Ex0efg9fpenP8E8lWJUb5Lg%7E_eNUbgU9sJGUcVVduOMKhafLvQUgE_zlz_7pvDimJNNg3bzRax0E9tLmO9xgXVx8%2CEND,,,,淘娱乐,淘娱乐,,,https://www.xn--rgv465a.top/tvlogo/淘娱乐.png,🎬电影频道,,Guovin.txt
淘娱乐,http://zjzcf.synology.me:35455/bptv/10000100000000050000000003887499.m3u8,,,,淘娱乐,淘娱乐,,,https://www.xn--rgv465a.top/tvlogo/淘娱乐.png,🎬电影频道,,Guovin.txt
淘娱乐,http://iptv.666230.xyz/iptv/bjyd.php/6551,,,,淘娱乐,淘娱乐,,,https://www.xn--rgv465a.top/tvlogo/淘娱乐.png,🎬电影频道,,Guovin.txt
淘电影,http://[2409:8087:1:20:20::26]/otttv.bj.chinamobile.com/PLTV/88888888/224/3221226552/1.m3u8?GuardEncType=2&accountinfo=%7E%7EV2.0%7EXOsrWMA-UCdUl1hQSR9EKw%7E_eNUbgU9sJGUcVVduOMKhafLvQUgE_zlz_7pvDimJNNg3bzRax0E9tLmO9xgXVx8%2CEND,,,,淘电影,淘电影,,,https://www.xn--rgv465a.top/tvlogo/淘电影.png,🎬电影频道,,Guovin.txt
淘电影,https://stream1.freetv.fun/tao-dian-ying-8.ctv,,,,淘电影,淘电影,,,https://www.xn--rgv465a.top/tvlogo/淘电影.png,🎬电影频道,,Guovin.txt
淘电影,https://stream1.freetv.fun/tao-dian-ying-7.ctv,,,,淘电影,淘电影,,,https://www.xn--rgv465a.top/tvlogo/淘电影.png,🎬电影频道,,Guovin.txt
淘电影,https://stream1.freetv.fun/tao-dian-ying-3.ctv,,,,淘电影,淘电影,,,https://www.xn--rgv465a.top/tvlogo/淘电影.png,🎬电影频道,,Guovin.txt
淘电影,https://stream1.freetv.fun/tao-dian-ying-6.ctv,,,,淘电影,淘电影,,,https://www.xn--rgv465a.top/tvlogo/淘电影.png,🎬电影频道,,Guovin.txt
NewTV惊悚悬疑,http://[2409:8087:5e00:24::2d]:6610/000000001000/1/1000000004000024282/index.m3u8?channel-id=ystenlive&Contentid=1000000004000024282&livemode=1&stbId=YanG-1989,,,,NewTV惊悚悬疑,NewTV惊悚悬疑,,,https://www.xn--rgv465a.top/tvlogo/NewTV惊悚悬疑.png,🎬电影频道,,Guovin.txt
NewTV惊悚悬疑,http://php.jdshipin.com/TVOD/hnyd.php?id=200000001898/460000089800010077,,,,NewTV惊悚悬疑,NewTV惊悚悬疑,,,https://www.xn--rgv465a.top/tvlogo/NewTV惊悚悬疑.png,🎬电影频道,,Guovin.txt
NewTV惊悚悬疑,http://[2409:8087:1a0b:df::4002]:80/ottrrs.hl.chinamobile.com/TVOD/88888888/224/3221225665/index.m3u8,,,,NewTV惊悚悬疑,NewTV惊悚悬疑,,,https://www.xn--rgv465a.top/tvlogo/NewTV惊悚悬疑.png,🎬电影频道,,Guovin.txt
NewTV惊悚悬疑,http://ottrrs.hl.chinamobile.com/PLTV/88888888/224/3221225665/index.m3u8,,,,NewTV惊悚悬疑,NewTV惊悚悬疑,,,https://www.xn--rgv465a.top/tvlogo/NewTV惊悚悬疑.png,🎬电影频道,,Guovin.txt
NewTV惊悚悬疑,http://[2409:8087:2001:20:2800:0:df6e:eb18]/wh7f454c46tw2482771376_951312812/ott.mobaibox.com/PLTV/3/224/3221227536/index.m3u8,,,,NewTV惊悚悬疑,NewTV惊悚悬疑,,,https://www.xn--rgv465a.top/tvlogo/NewTV惊悚悬疑.png,🎬电影频道,,Guovin.txt
NewTV动作电影,http://php.jdshipin.com/TVOD/hnyd.php?id=200000001898/460000089800010003,,,,NewTV动作电影,NewTV动作电影,,,https://www.xn--rgv465a.top/tvlogo/NewTV动作电影.png,🎬电影频道,,Guovin.txt
NewTV动作电影,http://ott.mobaibox.com/PLTV/3/224/3221227606/index.m3u8,,,,NewTV动作电影,NewTV动作电影,,,https://www.xn--rgv465a.top/tvlogo/NewTV动作电影.png,🎬电影频道,,Guovin.txt
NewTV动作电影,https://iptv.catvod.com/live.php?id=NewTV%E5%8A%A8%E4%BD%9C%E7%94%B5%E5%BD%B1,,,,NewTV动作电影,NewTV动作电影,,,https://www.xn--rgv465a.top/tvlogo/NewTV动作电影.png,🎬电影频道,,Guovin.txt
黑莓电影,https://epg.pw/stream/ffcb6572863f0745a7369fbd9d901f1dfd0ab8fab8bad8bebb4e01c90b303c47.m3u8,,,,黑莓电影,黑莓电影,,,https://www.xn--rgv465a.top/tvlogo/黑莓电影.png,🎬电影频道,,Guovin.txt
纬来电影,https://hls-gateway.vpstv.net/streams/477063.m3u8,,,,纬来电影,纬来电影,,,https://www.xn--rgv465a.top/tvlogo/纬来电影.png,🎬电影频道,,Guovin.txt
靖天映画,http://31.43.191.125:8080/vip6821768502490/6c17bae55394/34838,,,,靖天映画,靖天映画,,,https://www.xn--rgv465a.top/tvlogo/靖天映画.png,🎬电影频道,,Guovin.txt
靖天映画,https://cdn12.178.indevs.in/163189/bd4752bd7828b2bf,,,,靖天映画,靖天映画,,,https://www.xn--rgv465a.top/tvlogo/靖天映画.png,🎬电影频道,,Guovin.txt
靖天映画,https://litv.tzh911.qzz.io/litv.php?id=4gtv-4gtv055&token=https://t.me/GPT_858,,,,靖天映画,靖天映画,,,https://www.xn--rgv465a.top/tvlogo/靖天映画.png,🎬电影频道,,Guovin.txt
靖天映画,https://hls-gateway.vpstv.net/streams/476302.m3u8,,,,靖天映画,靖天映画,,,https://www.xn--rgv465a.top/tvlogo/靖天映画.png,🎬电影频道,,Guovin.txt
靖天戏剧,https://cdn12.178.indevs.in/163189/177d541552f78003,,,,靖天戏剧台,靖天戏剧,,,https://www.xn--rgv465a.top/tvlogo/靖天戏剧.png,🎬电影频道,,Guovin.txt
靖天戏剧,https://litv.tzh911.qzz.io/litv.php?id=4gtv-4gtv058&token=https://t.me/GPT_858,,,,靖天戏剧台,靖天戏剧,,,https://www.xn--rgv465a.top/tvlogo/靖天戏剧.png,🎬电影频道,,Guovin.txt
经典电影,https://txmov2.a.kwimgs.com/bs3/video-hls/5211790793651941963_hlsb.m3u8,,,,经典电影台,经典电影,,,https://www.xn--rgv465a.top/tvlogo/经典电影.png,🎬电影频道,,Guovin.txt
经典电影,https://goodiptv.club/douyu/6091425,,,,经典电影台,经典电影,,,https://www.xn--rgv465a.top/tvlogo/经典电影.png,🎬电影频道,,Guovin.txt
IPTV经典电影,http://43.138.0.72:35455/yy/1382754187,,,,IPTV经典电影,IPTV经典电影,,,https://www.xn--rgv465a.top/tvlogo/IPTV经典电影.png,🎬电影频道,,Guovin.txt
天映经典,http://mag.trexlive.me:80/play/live.php?extension=ts&mac=00:1A:79:7E:2F:ED&stream=1919463,,,,天映经典,天映经典,,,https://www.xn--rgv465a.top/tvlogo/天映经典.png,🎬电影频道,,Guovin.txt
天映经典,http://php.jdshipin.com:8880/smt.php?id=Celestial2,,,,天映经典,天映经典,,,https://live.fanmingming.cn/tv/天映经典.png,🎬电影频道,,Guovin.txt
天映经典,http://o11.163189.xyz/stream/live/ccm/,,,,天映经典,天映经典,,,https://www.xn--rgv465a.top/tvlogo/天映经典.png,🎬电影频道,,Guovin.txt
天映经典,https://php.jdshipin.com:2096/smt.php?id=Celestial2,,,,天映经典,天映经典,,,https://www.xn--rgv465a.top/tvlogo/天映经典.png,🎬电影频道,,Guovin.txt
天映经典,http://smt.1678520.xyz/smt3.2.3.php?id=Celestial2,,,,天映经典,天映经典,,,https://www.xn--rgv465a.top/tvlogo/天映经典.png,🎬电影频道,,Guovin.txt
无线星河,http://r.jdshipin.com/sXuuD,,,,TVB星河,无线星河,,,https://gitee.com/suxuang/logo/raw/master/mylogo/TVB星河.png,🎬电影频道,,Guovin.txt
无线星河,http://r.jdshipin.com/Voac4,,,,TVB星河,无线星河,,,https://gitee.com/suxuang/logo/raw/master/mylogo/TVB星河.png,🎬电影频道,,Guovin.txt
无线星河,http://php.jdshipin.com:8880/smt.php?id=Xinhe,,,,TVB星河,无线星河,,,https://gitee.com/suxuang/epglogo/raw/master/gangaotai/TVB6.png,🎬电影频道,,Guovin.txt
无线星河,http://php.jdshipin.com/TVOD/iptv.php?id=xinghe,,,,TVB星河,无线星河,,,https://live.fanmingming.cn/tv/TVB星河.png,🎬电影频道,,Guovin.txt
无线星河,https://iptv.707626.xyz/ch/35a8b1635c056f83fcb56fe163a0b487/master.m3u8,,,,TVB星河,无线星河,,,https://www.xn--rgv465a.top/tvlogo/无线星河.png,🎬电影频道,,Guovin.txt
星空卫视,https://stream1.freetv.fun/xing-kong-wei-shi-12.m3u8,,,,星空卫视,星空卫视,,,https://www.xn--rgv465a.top/tvlogo/星空卫视.png,🎬电影频道,,Guovin.txt
星空卫视,https://stream1.freetv.fun/xing-kong-wei-shi-4.ctv,,,,星空卫视,星空卫视,,,https://www.xn--rgv465a.top/tvlogo/星空卫视.png,🎬电影频道,,Guovin.txt
星空卫视,https://stream1.freetv.fun/xing-kong-wei-shi-10.m3u8,,,,星空卫视,星空卫视,,,https://www.xn--rgv465a.top/tvlogo/星空卫视.png,🎬电影频道,,Guovin.txt
星空卫视,https://stream1.freetv.fun/xing-kong-wei-shi-11.m3u8,,,,星空卫视,星空卫视,,,https://www.xn--rgv465a.top/tvlogo/星空卫视.png,🎬电影频道,,Guovin.txt
星空卫视,http://wouu.net:9977/rtp/239.93.1.10:2193,,,,星空卫视,星空卫视,,,https://www.xn--rgv465a.top/tvlogo/星空卫视.png,🎬电影频道,,Guovin.txt
龙祥电影,http://31.43.191.125:8080/vip6821768502490/6c17bae55394/34825,,,,龙祥电影,龙祥电影,,,https://www.xn--rgv465a.top/tvlogo/龙祥电影.png,🎬电影频道,,Guovin.txt
东森洋片,http://31.43.191.125:8080/vip6821768502490/6c17bae55394/34904,,,,东森洋片台,东森洋片,,,https://www.xn--rgv465a.top/tvlogo/东森洋片.png,🎬电影频道,,Guovin.txt
东森洋片,https://hls-gateway.vpstv.net/streams/476997.m3u8,,,,东森洋片台,东森洋片,,,https://www.xn--rgv465a.top/tvlogo/东森洋片.png,🎬电影频道,,Guovin.txt
东森超视,https://stream1.freetv.fun/dong-sen-chao-shi-4.m3u8,,,,东森超视,东森超视,,,https://www.xn--rgv465a.top/tvlogo/东森超视.png,🎬电影频道,,Guovin.txt
东森超视,https://smart.pendy.dpdns.org/Smart.php?id=ettvsuper,,,,东森超视,东森超视,,,https://www.xn--rgv465a.top/tvlogo/东森超视.png,🎬电影频道,,Guovin.txt
东森超视,https://stream1.freetv.fun/dong-sen-chao-shi-2.m3u8,,,,东森超视,东森超视,,,https://www.xn--rgv465a.top/tvlogo/东森超视.png,🎬电影频道,,Guovin.txt
东森超视,https://stream1.freetv.fun/dong-sen-chao-shi-7.ctv,,,,东森超视,东森超视,,,https://www.xn--rgv465a.top/tvlogo/东森超视.png,🎬电影频道,,Guovin.txt
东森超视,https://stream1.freetv.fun/dong-sen-chao-shi-8.m3u8,,,,东森超视,东森超视,,,https://www.xn--rgv465a.top/tvlogo/东森超视.png,🎬电影频道,,Guovin.txt
CCTV-5,http://iptv.huuc.edu.cn/hls/cctv5hd.m3u8,,,,CCTV-5,CCTV-5,,,https://www.xn--rgv465a.top/tvlogo/CCTV-5.png,🏀体育频道,,Guovin.txt
CCTV-5,https://zby.130519.xyz/PLTV/11/224/3221225734/index.m3u8,,,,CCTV-5,CCTV-5,,,https://www.xn--rgv465a.top/tvlogo/CCTV-5.png,🏀体育频道,,Guovin.txt
CCTV-5,https://www.freetv.top/migu/641886683.m3u8?migutoken=3e5c01f93922de8d1c940fe15bb47349b27e8f7a2e624dde1a83dff3b2a80f58b7624151a3a4d00488edee34f202818557340903382fae02bb754084eb942bd50e59061df36fab62fb5b908903,,,,CCTV-5,CCTV-5,,,https://www.xn--rgv465a.top/tvlogo/CCTV-5.png,🏀体育频道,,Guovin.txt
CCTV-5,http://[2409:8087:1a01:df::4077]/ottrrs.hl.chinamobile.com/PLTV/88888888/224/3221226019/index.m3u8,,,,CCTV-5,CCTV-5,,,https://www.xn--rgv465a.top/tvlogo/CCTV-5.png,🏀体育频道,,Guovin.txt
CCTV-5,https://migu.188766.xyz/?migutoken=3803480da7c3ee6e07115f4bb5827c0d&id=CCTV5&type=yy,,,,CCTV-5,CCTV-5,,,https://www.xn--rgv465a.top/tvlogo/CCTV-5.png,🏀体育频道,,Guovin.txt
CCTV-5+,https://www.freetv.top/migu/641886773.m3u8?migutoken=03a1b82e35e58cd89a95034ecb29e77e50493397000ec2b1e4d1ce59af01e6420d6dbc068c8230ec03be3a35a20eed8714e0959e3570a08713a7a2e8d86085eabf8f1aa85744c80c38343988b2,,,,CCTV-5+,CCTV-5+,,,https://www.xn--rgv465a.top/tvlogo/CCTV-5+.png,🏀体育频道,,Guovin.txt
CCTV-5+,http://[2409:8087:1a01:df::4077]/ottrrs.hl.chinamobile.com/PLTV/88888888/8/3221225603/index.m3u8,,,,CCTV-5+,CCTV-5+,,,https://www.xn--rgv465a.top/tvlogo/CCTV-5+.png,🏀体育频道,,Guovin.txt
CCTV-5+,https://smart.pendy.dpdns.org/Smart.php?id=cctv5plus,,,,CCTV-5+,CCTV-5+,,,https://www.xn--rgv465a.top/tvlogo/CCTV-5+.png,🏀体育频道,,Guovin.txt
CCTV-5+,http://[2409:8087:1a01:df::4077]/ottrrs.hl.chinamobile.com/PLTV/88888888/224/3221225603/index.m3u8,,,,CCTV-5+,CCTV-5+,,,https://www.xn--rgv465a.top/tvlogo/CCTV-5+.png,🏀体育频道,,Guovin.txt
CCTV-5+,http://[2409:8087:1a0a:df::404b]/ottrrs.hl.chinamobile.com/TVOD/88888888/224/3221225603/index.m3u8,,,,CCTV-5+,CCTV-5+,,,https://www.xn--rgv465a.top/tvlogo/CCTV-5+.png,🏀体育频道,,Guovin.txt
广东体育,http://r.jdshipin.com/LiYdg,,,,广东体育,广东体育,,,https://www.xn--rgv465a.top/tvlogo/广东体育.png,🏀体育频道,,Guovin.txt
广东体育,http://cdn2.163189.xyz/live/gdty/stream.m3u8,,,,广东体育,广东体育,,,https://www.xn--rgv465a.top/tvlogo/广东体育.png,🏀体育频道,,Guovin.txt
广东体育,https://epg.pw/stream/7b470f9fc5c305db0c8622117b7b25ca00eb35ba3e93e865cf0ff9df5c736681.m3u8,,,,广东体育,广东体育,,,https://www.xn--rgv465a.top/tvlogo/广东体育.png,🏀体育频道,,Guovin.txt
广东体育,http://php.jdshipin.com/PLTV/iptv.php?id=gdty,,,,广东体育,广东体育,,,https://www.xn--rgv465a.top/tvlogo/广东体育.png,🏀体育频道,,Guovin.txt
广东体育,http://php.jdshipin.com/TVOD/iptv.php?id=gdty,,,,广东体育,广东体育,,,https://www.xn--rgv465a.top/tvlogo/广东体育.png,🏀体育频道,,Guovin.txt
五星体育,https://zby.130519.xyz/PLTV/11/224/3221225732/index.m3u8,,,,五星体育频道,五星体育,,,https://www.xn--rgv465a.top/tvlogo/五星体育.png,🏀体育频道,,Guovin.txt
五星体育,https://migu.188766.xyz/?migutoken=ed5a02a3b87f3dcc808d4b733daf5cf9&id=%E4%BA%94%E6%98%9F%E4%BD%93%E8%82%B2&pp=1,,,,五星体育频道,五星体育,,,https://www.xn--rgv465a.top/tvlogo/五星体育.png,🏀体育频道,,Guovin.txt
五星体育,https://other.ottiptv.cc/wxty.m3u8,,,,五星体育频道,五星体育,,,https://www.xn--rgv465a.top/tvlogo/五星体育.png,🏀体育频道,,Guovin.txt
五星体育,https://hls-gateway.vpstv.net/streams/636980.m3u8,,,,五星体育频道,五星体育,,,https://www.xn--rgv465a.top/tvlogo/五星体育.png,🏀体育频道,,Guovin.txt
五星体育,https://stream1.freetv.fun/wu-xing-ti-yu-9.m3u8,,,,五星体育频道,五星体育,,,https://www.xn--rgv465a.top/tvlogo/五星体育.png,🏀体育频道,,Guovin.txt
劲爆体育,http://t.061899.xyz/tl/tl.php?id=jbty,,,,劲爆体育,劲爆体育,,,https://gitee.com/suxuang/logo/raw/master/mylogo/劲爆体育.png,🏀体育频道,,Guovin.txt
爱体育,http://php.jdshipin.com:8880/itv6s.php?cid=wasusyt&id=6000000006000290630,,,,IHOT爱体育,爱体育,,,https://www.xn--rgv465a.top/tvlogo/爱体育.png,🏀体育频道,,Guovin.txt
爱体育,http://[2409:8087:5e08:24::11]:6610/000000001000/2000000004000000060/index.m3u8,,,,IHOT爱体育,爱体育,,,https://www.xn--rgv465a.top/tvlogo/爱体育.png,🏀体育频道,,Guovin.txt
爱体育,http://[2409:8087:5e08:24::17]:6610/000000001000/2000000004000000060/index.m3u8,,,,IHOT爱体育,爱体育,,,https://www.xn--rgv465a.top/tvlogo/爱体育.png,🏀体育频道,,Guovin.txt
爱体育,http://[2409:8087:5e08:24::12]:6610/000000001000/2000000004000000000/index.m3u8,,,,IHOT爱体育,爱体育,,,https://www.xn--rgv465a.top/tvlogo/爱体育.png,🏀体育频道,,Guovin.txt
爱体育,http://hwltc.tv.cdn.zj.chinamobile.com/PLTV/88888888/224/3221230103/index.m3u8,,,,IHOT爱体育,爱体育,,,https://www.xn--rgv465a.top/tvlogo/爱体育.png,🏀体育频道,,Guovin.txt
超级体育,http://[2409:8087:1a01:df::7005]:80/ottrrs.hl.chinamobile.com/TVOD/88888888/224/3221225715/index.m3u8,,,,NewTV超级体育,超级体育,,,https://www.xn--rgv465a.top/tvlogo/超级体育.png,🏀体育频道,,Guovin.txt
精品体育,https://epg.pw/stream/866a097a0907c9832440f8df38272dd555abf05200dfbafcc137e214c9b30ca7.m3u8,,,,NewTV精品体育,精品体育,,,https://www.xn--rgv465a.top/tvlogo/精品体育.png,🏀体育频道,,Guovin.txt
精品体育,https://epg.pw/stream/f7556eccd4ae06b0c2991fdc7a4f8388496559f728cc82459a8e50346040e226.m3u8,,,,NewTV精品体育,精品体育,,,https://www.xn--rgv465a.top/tvlogo/精品体育.png,🏀体育频道,,Guovin.txt
精品体育,https://epg.pw/stream/94ed0232b61ce8d89883160a4cdfbfc8f3225cae70ef8e17d93eec249a3c8ad6.m3u8,,,,NewTV精品体育,精品体育,,,https://www.xn--rgv465a.top/tvlogo/精品体育.png,🏀体育频道,,Guovin.txt
天津体育,http://63.141.230.178:82/gslb/zbdq5.m3u8?id=tjtv5,,,,天津体育,天津体育,,,https://www.xn--rgv465a.top/tvlogo/天津体育.png,🏀体育频道,,Guovin.txt
天津体育,http://38.75.136.137:98/gslb/dsdqpub/tjtv5.m3u8?auth=testpub,,,,天津体育,天津体育,,,https://www.xn--rgv465a.top/tvlogo/天津体育.png,🏀体育频道,,Guovin.txt
睛彩篮球,https://zby.130519.xyz/PLTV/11/224/3221226118/index.m3u8,,,,睛彩篮球,睛彩篮球,,,https://www.xn--rgv465a.top/tvlogo/睛彩篮球.png,🏀体育频道,,Guovin.txt
睛彩篮球,http://[2409:8087:1a01:df::4055]:80/TVOD/88888888/224/3221225901/main.m3u8,,,,睛彩篮球,睛彩篮球,,,https://www.xn--rgv465a.top/tvlogo/睛彩篮球.png,🏀体育频道,,Guovin.txt
睛彩广场舞,http://13937899.xyz:35455/itv/3000000020000011523.m3u8?cdn=FifastbLive,,,,睛彩广场舞,睛彩广场舞,,,https://www.xn--rgv465a.top/tvlogo/睛彩广场舞.png,🏀体育频道,,Guovin.txt
睛彩广场舞,http://zjzcf.synology.me:35455/itv/3000000020000011523.m3u8?cdn=FifastbLive,,,,睛彩广场舞,睛彩广场舞,,,https://www.xn--rgv465a.top/tvlogo/睛彩广场舞.png,🏀体育频道,,Guovin.txt
睛彩广场舞,http://[2409:8087:1a01:df::7005]:80/ottrrs.hl.chinamobile.com/TVOD/88888888/224/3221226472/index.m3u8,,,,睛彩广场舞,睛彩广场舞,,,https://www.xn--rgv465a.top/tvlogo/睛彩广场舞.png,🏀体育频道,,Guovin.txt
睛彩广场舞,http://[2409:8087:1a15:10d1::37]/ottrrs.hl.chinamobile.com/PLTV/88888888/224/3221226472/index.m3u8,,,,睛彩广场舞,睛彩广场舞,,,https://www.xn--rgv465a.top/tvlogo/睛彩广场舞.png,🏀体育频道,,Guovin.txt
睛彩广场舞,http://[2409:8087:1e01:20::3]/PLTV/11/224/3221226139/index.m3u8,,,,睛彩广场舞,睛彩广场舞,,,https://www.xn--rgv465a.top/tvlogo/睛彩广场舞.png,🏀体育频道,,Guovin.txt
风云足球,https://hls-gateway.vpstv.net/streams/708859.m3u8,,,,风云足球,风云足球,,,https://www.xn--rgv465a.top/tvlogo/风云足球.png,🏀体育频道,,Guovin.txt
足球频道,https://epg.pw/stream/c7df950876e6a1ceb8be74ee86f9f702cebbbae29f1d15124ef8f86fd43161cf.m3u8,,,,足球,足球频道,,,https://www.xn--rgv465a.top/tvlogo/足球频道.png,🏀体育频道,,Guovin.txt
足球频道,http://live-cmvideo.cmread.com:80/migu/lunbo/eufootball/57/20230310/01.m3u8?msisdn=&mtv_session=&HlsSubType=1&HlsProfileId=1&nphaid=0&encrypt=da834f97e3c8832f6fd8f2be9ba16464,,,,足球,足球频道,,,https://www.xn--rgv465a.top/tvlogo/足球频道.png,🏀体育频道,,Guovin.txt
魅力足球,https://hls-gateway.vpstv.net/streams/708839.m3u8,,,,魅力足球,魅力足球,,,https://www.xn--rgv465a.top/tvlogo/魅力足球.png,🏀体育频道,,Guovin.txt
魅力足球,https://stream1.freetv.fun/mei-li-zu-qiu-1.m3u8,,,,魅力足球,魅力足球,,,https://www.xn--rgv465a.top/tvlogo/魅力足球.png,🏀体育频道,,Guovin.txt
天元围棋,http://204.12.221.218:8181/3m1080p/gztywq.m3u8,,,,天元围棋,天元围棋,,,https://www.xn--rgv465a.top/tvlogo/天元围棋.png,🏀体育频道,,Guovin.txt
快乐垂钓,https://migu.188766.xyz/?migutoken=103d22404add9b90cd72174eb1a0108b&id=%E5%BF%AB%E4%B9%90%E5%9E%82%E9%92%93&type=yy,,,,湖南快乐垂钓,快乐垂钓,,,https://www.xn--rgv465a.top/tvlogo/快乐垂钓.png,🏀体育频道,,Guovin.txt
快乐垂钓,https://hls-gateway.vpstv.net/streams/708835.m3u8,,,,湖南快乐垂钓,快乐垂钓,,,https://www.xn--rgv465a.top/tvlogo/快乐垂钓.png,🏀体育频道,,Guovin.txt
快乐垂钓,https://migu.188766.xyz/?migutoken=c6b17aba558cf29b13242b5ae063e5ed&id=%E5%BF%AB%E4%B9%90%E5%9E%82%E9%92%93&type=yy,,,,湖南快乐垂钓,快乐垂钓,,,https://www.xn--rgv465a.top/tvlogo/快乐垂钓.png,🏀体育频道,,Guovin.txt
快乐垂钓,https://migu.188766.xyz/?migutoken=f4d62cd1f8775b1b837f4232f1051f36&id=%E5%BF%AB%E4%B9%90%E5%9E%82%E9%92%93&type=yy,,,,湖南快乐垂钓,快乐垂钓,,,https://www.xn--rgv465a.top/tvlogo/快乐垂钓.png,🏀体育频道,,Guovin.txt
快乐垂钓,https://migu.188766.xyz/?migutoken=396182b2a9b61dca2daded3fc6f62311&id=%E5%BF%AB%E4%B9%90%E5%9E%82%E9%92%93&type=yy,,,,湖南快乐垂钓,快乐垂钓,,,https://www.xn--rgv465a.top/tvlogo/快乐垂钓.png,🏀体育频道,,Guovin.txt
JJ斗地主,https://live.iill.top/douyin/685317364746,,,,JJ斗地主,JJ斗地主,,,https://www.xn--rgv465a.top/tvlogo/JJ斗地主.png,🏀体育频道,,Guovin.txt
新动漫,https://migu.188766.xyz/?migutoken=953cca31b8499ca7dd1dd66c04b00377&id=%E6%96%B0%E5%8A%A8%E6%BC%AB&type=yy,,,,新动漫,新动漫,,,https://www.xn--rgv465a.top/tvlogo/新动漫.png,🪁动画频道,,Guovin.txt
新动漫,https://tv.iill.top/migu/xdm&token=2276b9830bd9e6d7f4858f72fe6095ad7d4eeb9d25164399bb076f31d3ce364b,,,,新动漫,新动漫,,,https://www.xn--rgv465a.top/tvlogo/新动漫.png,🪁动画频道,,Guovin.txt
新动漫,https://migu.188766.xyz/?migutoken=fa7fab5af3b2b0fca5c12c94accfd524&id=%E6%96%B0%E5%8A%A8%E6%BC%AB&type=yy,,,,新动漫,新动漫,,,https://www.xn--rgv465a.top/tvlogo/新动漫.png,🪁动画频道,,Guovin.txt
新动漫,https://migu.188766.xyz/?migutoken=b6723923245d1a7b8f0a16fa0e1850e7&id=%E6%96%B0%E5%8A%A8%E6%BC%AB&type=yy,,,,新动漫,新动漫,,,https://www.xn--rgv465a.top/tvlogo/新动漫.png,🪁动画频道,,Guovin.txt
新动漫,https://tv.iill.top/migu/xdm&token=886bce813f2cd4e37742d034db073fb39288ecfa7b0e43b20307dd9a2b2d0bdc,,,,新动漫,新动漫,,,https://www.xn--rgv465a.top/tvlogo/新动漫.png,🪁动画频道,,Guovin.txt
爱动漫,http://php.jdshipin.com:8880/itv6s.php?cid=wasusyt&id=6000000006000280630,,,,爱动漫,爱动漫,,,https://www.xn--rgv465a.top/tvlogo/爱动漫.png,🪁动画频道,,Guovin.txt
爱动漫,http://[2409:8087:5e08:24::17]:6610/000000001000/2000000004000000059/index.m3u8,,,,爱动漫,爱动漫,,,https://www.xn--rgv465a.top/tvlogo/爱动漫.png,🪁动画频道,,Guovin.txt
爱动漫,http://[2409:8087:5e08:24::11]:6610/000000001000/2000000004000000059/index.m3u8,,,,爱动漫,爱动漫,,,https://www.xn--rgv465a.top/tvlogo/爱动漫.png,🪁动画频道,,Guovin.txt
爱动漫,http://hwltc.tv.cdn.zj.chinamobile.com/PLTV/88888888/224/3221235628/1/index.m3u8?fmt=ts2hls,,,,爱动漫,爱动漫,,,https://www.xn--rgv465a.top/tvlogo/爱动漫.png,🪁动画频道,,Guovin.txt
CN卡通,https://hls-gateway.vpstv.net/streams/476247.m3u8,,,,CN卡通,CN卡通,,,https://www.xn--rgv465a.top/tvlogo/CN卡通.png,🪁动画频道,,Guovin.txt
CN卡通,https://stream1.freetv.fun/cnqia-tong-3.ctv,,,,CN卡通,CN卡通,,,https://www.xn--rgv465a.top/tvlogo/CN卡通.png,🪁动画频道,,Guovin.txt
优漫卡通,https://stream1.freetv.fun/you-man-qia-tong-11.m3u8,,,,优漫卡通,优漫卡通,,,https://www.xn--rgv465a.top/tvlogo/优漫卡通.png,🪁动画频道,,Guovin.txt
优漫卡通,https://www.freetv.top/migu/626064703.m3u8?migutoken=7f7c4b909389a0cd5172701768041a0f3887534c4534a68bf1dc85550389e9ab156655484be16e89604513fde9da2f036ebae28d31515b0be32eb12462f5de9d9cab8f00c44671241d5c6e1356,,,,优漫卡通,优漫卡通,,,https://www.xn--rgv465a.top/tvlogo/优漫卡通.png,🪁动画频道,,Guovin.txt
优漫卡通,https://www.freetv.top/migu/626064703.m3u8?migutoken=deac6c5275081b54ad412a195e499b7c0cb8f04446b6c80aaa9d3eb1063d620261c68202d59aea05060007b58a62d5d208f16379d861d6f1627c10c9dd894f0bf7e3ca97b04696255e193e871c,,,,优漫卡通,优漫卡通,,,https://www.xn--rgv465a.top/tvlogo/优漫卡通.png,🪁动画频道,,Guovin.txt
金鹰卡通,https://zby.130519.xyz/PLTV/11/224/3221226094/index.m3u8,,,,金鹰卡通,金鹰卡通,,,https://www.xn--rgv465a.top/tvlogo/金鹰卡通.png,🪁动画频道,,Guovin.txt
金鹰卡通,https://stream1.freetv.fun/jin-ying-qia-tong-22.m3u8,,,,金鹰卡通,金鹰卡通,,,https://www.xn--rgv465a.top/tvlogo/金鹰卡通.png,🪁动画频道,,Guovin.txt
金鹰卡通,https://stream1.freetv.fun/jin-ying-qia-tong-34.m3u8,,,,金鹰卡通,金鹰卡通,,,https://www.xn--rgv465a.top/tvlogo/金鹰卡通.png,🪁动画频道,,Guovin.txt
金鹰卡通,https://stream1.freetv.fun/jin-ying-qia-tong-13.m3u8,,,,金鹰卡通,金鹰卡通,,,https://www.xn--rgv465a.top/tvlogo/金鹰卡通.png,🪁动画频道,,Guovin.txt
金鹰卡通,https://stream1.freetv.fun/jin-ying-qia-tong-19.m3u8,,,,金鹰卡通,金鹰卡通,,,https://www.xn--rgv465a.top/tvlogo/金鹰卡通.png,🪁动画频道,,Guovin.txt
浙江少儿,https://stream1.freetv.fun/zhe-jiang-shao-er-4.m3u8,,,,浙江少儿,浙江少儿,,,https://www.xn--rgv465a.top/tvlogo/浙江少儿.png,🪁动画频道,,Guovin.txt
浙江少儿,https://stream1.freetv.fun/zhe-jiang-shao-er-4.ctv,,,,浙江少儿,浙江少儿,,,https://www.xn--rgv465a.top/tvlogo/浙江少儿.png,🪁动画频道,,Guovin.txt
浙江少儿,https://stream1.freetv.fun/zhe-jiang-shao-er-6.ctv,,,,浙江少儿,浙江少儿,,,https://www.xn--rgv465a.top/tvlogo/浙江少儿.png,🪁动画频道,,Guovin.txt
浙江少儿,https://stream1.freetv.fun/zhe-jiang-shao-er-9.ctv,,,,浙江少儿,浙江少儿,,,https://www.xn--rgv465a.top/tvlogo/浙江少儿.png,🪁动画频道,,Guovin.txt
河北少儿科教,http://tv.pull.hebtv.com/jishi/shaoerkejiao.m3u8?t=2510710360&k=4ff4446adf3cce3de40dd013255b38b2,,,,河北少儿,河北少儿科教,,,https://gitee.com/suxuang/TVlogo/raw/main/img/Hebei4.png,🪁动画频道,,Guovin.txt
七龙珠,https://live.ottiptv.cc/huya/11601966,,,,七龙珠,七龙珠,,,https://www.xn--rgv465a.top/tvlogo/七龙珠.png,🪁动画频道,,Guovin.txt
七龙珠,https://live.metshop.top/huya/11601966,,,,七龙珠,七龙珠,,,https://www.xn--rgv465a.top/tvlogo/七龙珠.png,🪁动画频道,,Guovin.txt
七龙珠,http://cdn.jdshipin.com:8880/huya.php?id=11601966,,,,七龙珠,七龙珠,,,https://www.xn--rgv465a.top/tvlogo/七龙珠.png,🪁动画频道,,Guovin.txt
火影忍者,http://cdn.jdshipin.com:8880/huya.php?id=29465866,,,,火影忍者,火影忍者,,,https://www.xn--rgv465a.top/tvlogo/火影忍者.png,🪁动画频道,,Guovin.txt
海绵宝宝,https://live.metshop.top/douyu/3949681,,,,海绵宝宝,海绵宝宝,,,https://www.xn--rgv465a.top/tvlogo/海绵宝宝.png,🪁动画频道,,Guovin.txt
中华小当家,https://live.metshop.top/huya/11342413,,,,中华小当家,中华小当家,,,https://www.xn--rgv465a.top/tvlogo/中华小当家.png,🪁动画频道,,Guovin.txt
中华小当家,https://live.iill.top/huya/11342413,,,,中华小当家,中华小当家,,,https://www.xn--rgv465a.top/tvlogo/中华小当家.png,🪁动画频道,,Guovin.txt
中华小当家,http://cdn.jdshipin.com:8880/huya.php?id=11342413,,,,中华小当家,中华小当家,,,https://www.xn--rgv465a.top/tvlogo/中华小当家.png,🪁动画频道,,Guovin.txt
中华小当家,https://live.ottiptv.cc/huya/11342413,,,,中华小当家,中华小当家,,,https://www.xn--rgv465a.top/tvlogo/中华小当家.png,🪁动画频道,,Guovin.txt
猫和老鼠,https://live.iill.top/huya/11352879,,,,猫和老鼠,猫和老鼠,,,https://www.xn--rgv465a.top/tvlogo/猫和老鼠.png,🪁动画频道,,Guovin.txt
猫和老鼠,http://live.iill.top/huya.php?id=11352879,,,,猫和老鼠,猫和老鼠,,,https://www.xn--rgv465a.top/tvlogo/猫和老鼠.png,🪁动画频道,,Guovin.txt
猫和老鼠,https://live.metshop.top/huya/11352879,,,,猫和老鼠,猫和老鼠,,,https://www.xn--rgv465a.top/tvlogo/猫和老鼠.png,🪁动画频道,,Guovin.txt
猫和老鼠,http://cdn.jdshipin.com:8880/huya.php?id=11352879,,,,猫和老鼠,猫和老鼠,,,https://www.xn--rgv465a.top/tvlogo/猫和老鼠.png,🪁动画频道,,Guovin.txt
猫和老鼠,https://live.ottiptv.cc/huya/11352879,,,,猫和老鼠,猫和老鼠,,,https://www.xn--rgv465a.top/tvlogo/猫和老鼠.png,🪁动画频道,,Guovin.txt
蜡笔小新,https://live.ottiptv.cc/bilibili/30837590,,,,蜡笔小新,蜡笔小新,,,https://www.xn--rgv465a.top/tvlogo/蜡笔小新.png,🪁动画频道,,Guovin.txt
漫画解说,https://www.goodiptv.club/douyu/5907076,,,,漫画解说,漫画解说,,,https://www.xn--rgv465a.top/tvlogo/漫画解说.png,🪁动画频道,,Guovin.txt
漫画解说,https://yylunbo.ottiptv.cc/yy/1382735568,,,,漫画解说,漫画解说,,,https://www.xn--rgv465a.top/tvlogo/漫画解说.png,🪁动画频道,,Guovin.txt
游戏风云,https://zby.130519.xyz/PLTV/11/224/3221226117/index.m3u8,,,,游戏风云,游戏风云,,,https://gitee.com/suxuang/logo/raw/master/mylogo/游戏风云.png,🎮游戏频道,,Guovin.txt
游戏风云,https://zby.130519.xyz/PLTV/11/224/3221226140/index.m3u8,,,,游戏风云,游戏风云,,,https://gitee.com/suxuang/logo/raw/master/mylogo/游戏风云.png,🎮游戏频道,,Guovin.txt
爱电竞,http://php.jdshipin.com:8880/itv6s.php?cid=wasusyt&id=6000000006000230630,,,,爱电竞,爱电竞,,,https://www.xn--rgv465a.top/tvlogo/爱电竞.png,🎮游戏频道,,Guovin.txt
CCTV-15,https://zby.130519.xyz/PLTV/11/224/3221226147/index.m3u8,,,,CCTV-15,CCTV-15,,,https://www.xn--rgv465a.top/tvlogo/CCTV-15.png,🎵音乐频道,,Guovin.txt
CCTV-15,https://www.freetv.top/migu/673168223.m3u8?migutoken=4e8d5766579c6bef231494cabd07e5b49d965804790214280c9791e4c331fd90311cb62ea43d3a1899229bfa57be4afe5a567b32a6b78153fc9a9801e28a39435e078b48c211e71d6083519be4,,,,CCTV-15,CCTV-15,,,https://www.xn--rgv465a.top/tvlogo/CCTV-15.png,🎵音乐频道,,Guovin.txt
CCTV-15,https://smart.pendy.dpdns.org/Smart.php?id=cctv15,,,,CCTV-15,CCTV-15,,,https://www.xn--rgv465a.top/tvlogo/CCTV-15.png,🎵音乐频道,,Guovin.txt
CCTV-15,http://[2409:8087:1a01:df::4033]:80/TVOD/88888888/224/3221226127/main.m3u8,,,,CCTV-15,CCTV-15,,,https://www.xn--rgv465a.top/tvlogo/CCTV-15.png,🎵音乐频道,,Guovin.txt
CCTV-15,http://[2409:8087:1a0a:df::404b]/ottrrs.hl.chinamobile.com/TVOD/88888888/224/3221225601/index.m3u8,,,,CCTV-15,CCTV-15,,,https://www.xn--rgv465a.top/tvlogo/CCTV-15.png,🎵音乐频道,,Guovin.txt
风云音乐,https://hls-gateway.vpstv.net/streams/708858.m3u8,,,,风云音乐,风云音乐,,,https://www.xn--rgv465a.top/tvlogo/风云音乐.png,🎵音乐频道,,Guovin.txt
风云音乐,http://iptv.666230.xyz/iptv/jsyd.php/G_FENGYUNYY-CQ,,,,风云音乐,风云音乐,,,https://www.xn--rgv465a.top/tvlogo/风云音乐.png,🎵音乐频道,,Guovin.txt
风云音乐,http://www.qfly9236.cn:8888/rtp/239.253.92.111:8060,,,,风云音乐,风云音乐,,,https://www.xn--rgv465a.top/tvlogo/风云音乐.png,🎵音乐频道,,Guovin.txt
音乐现场,https://satellitepull.cnr.cn/live/wx32nmgyygb/playlist.m3u8,,,,音乐现场,音乐现场,,,https://www.xn--rgv465a.top/tvlogo/音乐现场.png,🎵音乐频道,,Guovin.txt
音乐广播,https://tv.iill.top/fm/552&token=7c908a370d95d78e90a9d2ba4007e5185038b0ceac7435ba90e72c77cc035ff6,,,,音乐广播,音乐广播,,,https://www.xn--rgv465a.top/tvlogo/音乐广播.png,🎵音乐频道,,Guovin.txt
音乐广播,https://tv.iill.top/fm/552&token=074c3dfc2f95090e006ab15f0d86b1aaef70b389a934b096ad5e6674b5724d0d,,,,音乐广播,音乐广播,,,https://www.xn--rgv465a.top/tvlogo/音乐广播.png,🎵音乐频道,,Guovin.txt
音乐广播,https://tv.iill.top/fm/552&token=9214268143febfaf9cbc3e9b7f092a03c3274273c99133a780217564b2ab7896,,,,音乐广播,音乐广播,,,https://www.xn--rgv465a.top/tvlogo/音乐广播.png,🎵音乐频道,,Guovin.txt
音乐广播,https://tv.iill.top/fm/552&token=0ba82b0a75c65ff5f1a8198b9de48d0532f0cf804be54dac2eacd7d0dbd56b0a,,,,音乐广播,音乐广播,,,https://www.xn--rgv465a.top/tvlogo/音乐广播.png,🎵音乐频道,,Guovin.txt
音乐广播,https://tv.iill.top/fm/552&token=bde1753ec6759720c20ecedff6ec428eed4e2dd71d1433181fa7f50b8724a5bf,,,,音乐广播,音乐广播,,,https://www.xn--rgv465a.top/tvlogo/音乐广播.png,🎵音乐频道,,Guovin.txt
笑傲江湖,https://live.iill.top/huya/23865142,,,,笑傲江湖,笑傲江湖,,,https://www.xn--rgv465a.top/tvlogo/笑傲江湖.png,🏛经典剧场,,Guovin.txt
笑傲江湖,https://live.metshop.top/huya/26355790,,,,笑傲江湖,笑傲江湖,,,https://www.xn--rgv465a.top/tvlogo/笑傲江湖.png,🏛经典剧场,,Guovin.txt
笑傲江湖,https://live.metshop.top/huya/23865142,,,,笑傲江湖,笑傲江湖,,,https://www.xn--rgv465a.top/tvlogo/笑傲江湖.png,🏛经典剧场,,Guovin.txt
笑傲江湖,http://cdn.jdshipin.com:8880/huya.php?id=26355790,,,,笑傲江湖,笑傲江湖,,,https://www.xn--rgv465a.top/tvlogo/笑傲江湖.png,🏛经典剧场,,Guovin.txt
笑傲江湖,http://cdn.jdshipin.com:8880/huya.php?id=23865142,,,,笑傲江湖,笑傲江湖,,,https://www.xn--rgv465a.top/tvlogo/笑傲江湖.png,🏛经典剧场,,Guovin.txt
天龙八部,http://jiaojirentv.top/2020/yy.php?id=1382881708,,,,天龙八部,天龙八部,,,https://www.xn--rgv465a.top/tvlogo/天龙八部.png,🏛经典剧场,,Guovin.txt
天龙八部,https://live.metshop.top/huya/20985816,,,,天龙八部,天龙八部,,,https://www.xn--rgv465a.top/tvlogo/天龙八部.png,🏛经典剧场,,Guovin.txt
天龙八部,http://cdn.jdshipin.com:8880/huya.php?id=20985816,,,,天龙八部,天龙八部,,,https://www.xn--rgv465a.top/tvlogo/天龙八部.png,🏛经典剧场,,Guovin.txt
天龙八部,https://live.ottiptv.cc/huya/20985816,,,,天龙八部,天龙八部,,,https://www.xn--rgv465a.top/tvlogo/天龙八部.png,🏛经典剧场,,Guovin.txt
天龙八部,https://live.ottiptv.cc/yy/1351814644,,,,天龙八部,天龙八部,,,https://www.xn--rgv465a.top/tvlogo/天龙八部.png,🏛经典剧场,,Guovin.txt
鹿鼎记,https://live.ottiptv.cc/yy/28265277,,,,鹿鼎记,鹿鼎记,,,https://www.xn--rgv465a.top/tvlogo/鹿鼎记.png,🏛经典剧场,,Guovin.txt
仙剑奇侠传,https://live.ottiptv.cc/yy/1382749903,,,,仙剑奇侠传,仙剑奇侠传,,,https://www.xn--rgv465a.top/tvlogo/仙剑奇侠传.png,🏛经典剧场,,Guovin.txt
西游记,http://173.208.234.146/live/vlxyj.m3u8,,,,西游记,西游记,,,https://www.xn--rgv465a.top/tvlogo/西游记.png,🏛经典剧场,,Guovin.txt
西游记,https://live.ottiptv.cc/huya/26355861,,,,西游记,西游记,,,https://ghproxy.net/raw.githubusercontent.com/suxuang/myIPTV/main/img/电视剧.png,🏛经典剧场,,Guovin.txt
西游记,http://live.ottiptv.cc/huya/20985836,,,,西游记,西游记,,,https://www.xn--rgv465a.top/tvlogo/西游记.png,🏛经典剧场,,Guovin.txt
三国演义,https://live.iill.top/huya/11602081,,,,三国演义,三国演义,,,https://www.xn--rgv465a.top/tvlogo/三国演义.png,🏛经典剧场,,Guovin.txt
三国演义,https://live.metshop.top/huya/11602081,,,,三国演义,三国演义,,,https://www.xn--rgv465a.top/tvlogo/三国演义.png,🏛经典剧场,,Guovin.txt
三国演义,http://cdn.jdshipin.com:8880/huya.php?id=11602081,,,,三国演义,三国演义,,,https://www.xn--rgv465a.top/tvlogo/三国演义.png,🏛经典剧场,,Guovin.txt
三国演义,https://live.ottiptv.cc/huya/11602081,,,,三国演义,三国演义,,,https://www.xn--rgv465a.top/tvlogo/三国演义.png,🏛经典剧场,,Guovin.txt
水浒传,http://173.208.234.146/live/vlshz.m3u8,,,,水浒传,水浒传,,,https://www.xn--rgv465a.top/tvlogo/水浒传.png,🏛经典剧场,,Guovin.txt
水浒传,http://live.ottiptv.cc/huya/26355860,,,,水浒传,水浒传,,,https://www.xn--rgv465a.top/tvlogo/水浒传.png,🏛经典剧场,,Guovin.txt
水浒传,https://live.ottiptv.cc/yy/1353873252,,,,水浒传,水浒传,,,https://www.xn--rgv465a.top/tvlogo/水浒传.png,🏛经典剧场,,Guovin.txt
新白娘子传奇,https://live.ottiptv.cc/yy/1354490667,,,,新白娘子传奇,新白娘子传奇,,,https://www.xn--rgv465a.top/tvlogo/新白娘子传奇.png,🏛经典剧场,,Guovin.txt
封神榜,https://live.metshop.top/huya/29465849,,,,封神榜,封神榜,,,https://www.xn--rgv465a.top/tvlogo/封神榜.png,🏛经典剧场,,Guovin.txt
封神榜,http://cdn.jdshipin.com:8880/huya.php?id=29465849,,,,封神榜,封神榜,,,https://www.xn--rgv465a.top/tvlogo/封神榜.png,🏛经典剧场,,Guovin.txt
封神榜,https://live.ottiptv.cc/huya/29465849,,,,封神榜,封神榜,,,https://www.xn--rgv465a.top/tvlogo/封神榜.png,🏛经典剧场,,Guovin.txt
闯关东,http://173.208.234.146/live/lbchuangguandong.m3u8,,,,闯关东,闯关东,,,https://www.xn--rgv465a.top/tvlogo/闯关东.png,🏛经典剧场,,Guovin.txt
射雕英雄传,https://live.metshop.top/huya/23824164,,,,射雕英雄传,射雕英雄传,,,https://www.xn--rgv465a.top/tvlogo/射雕英雄传.png,🏛经典剧场,,Guovin.txt
射雕英雄传,http://cdn.jdshipin.com:8880/huya.php?id=23824164,,,,射雕英雄传,射雕英雄传,,,https://www.xn--rgv465a.top/tvlogo/射雕英雄传.png,🏛经典剧场,,Guovin.txt
射雕英雄传,https://live.ottiptv.cc/huya/23824164,,,,射雕英雄传,射雕英雄传,,,https://www.xn--rgv465a.top/tvlogo/射雕英雄传.png,🏛经典剧场,,Guovin.txt
CCTV1,http://ottrrs.hl.chinamobile.com/PLTV/88888888/224/3221226016/index.m3u8,,,,,,,,,,,CCSH.txt
CCTV1,http://69.30.245.50/live/cctv1.m3u8,,,,,,,,,,,CCSH.txt
CCTV1,http://kkk.888.3116598.xyz/api.php?n=tttt&id=ol4Xj9&tk=FgM0vQMejxvG,,,,,,,,,,,CCSH.txt
CCTV1,http://kkk.888.3116598.xyz/api.php?n=tttt&id=sPzAe7&tk=FgM0vQMejxvG,,,,,,,,,,,CCSH.txt
CCTV1,http://kkk.888.3116598.xyz/api.php?n=tttt&id=PldLrS&tk=FgM0vQMejxvG,,,,,,,,,,,CCSH.txt
CCTV1,http://kkk.888.3116598.xyz/api.php?n=tttt&id=BovPet&tk=FgM0vQMejxvG,,,,,,,,,,,CCSH.txt
CCTV1,http://kkk.888.3116598.xyz/api.php?n=tttt&id=b3eXPo&tk=FgM0vQMejxvG,,,,,,,,,,,CCSH.txt
CCTV1,http://kkk.888.3116598.xyz/api.php?n=tttt&id=M8UbAJ&tk=FgM0vQMejxvG,,,,,,,,,,,CCSH.txt
CCTV1,http://kkk.888.3116598.xyz/api.php?n=tttt&id=GRslVT&tk=FgM0vQMejxvG,,,,,,,,,,,CCSH.txt
CCTV1,http://kkk.888.3116598.xyz/api.php?n=tttt&id=DASpOl&tk=FgM0vQMejxvG,,,,,,,,,,,CCSH.txt
CCTV1,http://kkk.888.3116598.xyz/api.php?n=tttt&id=VaAaU1&tk=FgM0vQMejxvG,,,,,,,,,,,CCSH.txt
CCTV1,http://221.226.51.220:50081/newlive/live/hls/1/live.m3u8,,,,,,,,,,,CCSH.txt
CCTV1,http://61.136.172.236:9901/tsfile/live/0001_1.m3u8,,,,,,,,,,,CCSH.txt
CCTV1,http://223.247.25.219:1234/608807420,,,,,,,,,,,CCSH.txt
CCTV1,http://58.57.40.22:9901/tsfile/live/0001_1.m3u8,,,,,,,,,,,CCSH.txt
CCTV2,http://ottrrs.hl.chinamobile.com/PLTV/88888888/224/3221225588/index.m3u8,,,,,,,,,,,CCSH.txt
CCTV2,http://74.91.26.218:82/live/cctv2hd.m3u8,,,,,,,,,,,CCSH.txt
CCTV2,http://kkk.888.3116598.xyz/api.php?n=tttt&id=xwqfUv&tk=FgM0vQMejxvG,,,,,,,,,,,CCSH.txt
CCTV2,http://kkk.888.3116598.xyz/api.php?n=tttt&id=uO3YKJ&tk=FgM0vQMejxvG,,,,,,,,,,,CCSH.txt
CCTV2,http://kkk.888.3116598.xyz/api.php?n=tttt&id=fSEU0s&tk=FgM0vQMejxvG,,,,,,,,,,,CCSH.txt
CCTV2,http://kkk.888.3116598.xyz/api.php?n=tttt&id=l8iCee&tk=FgM0vQMejxvG,,,,,,,,,,,CCSH.txt
CCTV2,http://kkk.888.3116598.xyz/api.php?n=tttt&id=sJQzul&tk=FgM0vQMejxvG,,,,,,,,,,,CCSH.txt
CCTV2,http://kkk.888.3116598.xyz/api.php?n=tttt&id=qaUykc&tk=FgM0vQMejxvG,,,,,,,,,,,CCSH.txt
CCTV2,http://kkk.888.3116598.xyz/api.php?n=tttt&id=kMsOKh&tk=FgM0vQMejxvG,,,,,,,,,,,CCSH.txt
CCTV2,http://221.226.51.220:50081/newlive/live/hls/2/live.m3u8,,,,,,,,,,,CCSH.txt
CCTV2,http://58.57.40.22:9901/tsfile/live/1001_1.m3u8,,,,,,,,,,,CCSH.txt
CCTV2,http://61.136.172.236:9901/tsfile/live/0002_1.m3u8,,,,,,,,,,,CCSH.txt
CCTV2,http://223.247.25.219:1234/631780532,,,,,,,,,,,CCSH.txt
CCTV2,http://117.63.79.182:1234/631780532,,,,,,,,,,,CCSH.txt
CCTV2,http://120.76.248.139/live/bfgd/4200000061.m3u8,,,,,,,,,,,CCSH.txt
CCTV2,http://116.52.173.236:1234/631780532,,,,,,,,,,,CCSH.txt
CCTV2,http://183.94.146.79:9901/tsfile/live/0002_1.m3u8?key=txiptv&playlive=1&authid=0,,,,,,,,,,,CCSH.txt
CCTV3,http://ottrrs.hl.chinamobile.com/PLTV/88888888/224/3221226021/index.m3u8,,,,,,,,,,,CCSH.txt
CCTV3,http://kkk.888.3116598.xyz/api.php?n=tttt&id=4mFBaV&tk=FgM0vQMejxvG,,,,,,,,,,,CCSH.txt
CCTV3,http://kkk.888.3116598.xyz/api.php?n=tttt&id=rt36k7&tk=FgM0vQMejxvG,,,,,,,,,,,CCSH.txt
CCTV3,http://kkk.888.3116598.xyz/api.php?n=tttt&id=CaQ9Sy&tk=FgM0vQMejxvG,,,,,,,,,,,CCSH.txt
CCTV3,http://kkk.888.3116598.xyz/api.php?n=tttt&id=kBy2n1&tk=FgM0vQMejxvG,,,,,,,,,,,CCSH.txt
CCTV3,http://kkk.888.3116598.xyz/api.php?n=tttt&id=fxi4hL&tk=FgM0vQMejxvG,,,,,,,,,,,CCSH.txt
CCTV3,http://kkk.888.3116598.xyz/api.php?n=tttt&id=ODKBWl&tk=FgM0vQMejxvG,,,,,,,,,,,CCSH.txt
CCTV3,http://kkk.888.3116598.xyz/api.php?n=tttt&id=dFegbT&tk=FgM0vQMejxvG,,,,,,,,,,,CCSH.txt
CCTV3,http://223.247.25.219:1234/624878271,,,,,,,,,,,CCSH.txt
CCTV3,http://221.226.51.220:50081/newlive/live/hls/3/live.m3u8,,,,,,,,,,,CCSH.txt
CCTV3,http://58.57.40.22:9901/tsfile/live/1002_1.m3u8,,,,,,,,,,,CCSH.txt
CCTV3,http://120.76.248.139/live/bfgd/4200000062.m3u8,,,,,,,,,,,CCSH.txt
CCTV3,http://58.56.162.102:4466/newlive/live/hls/3/live.m3u8,,,,,,,,,,,CCSH.txt
CCTV3,http://183.94.146.79:9901/tsfile/live/0003_1.m3u8?key=txiptv&playlive=1&authid=0,,,,,,,,,,,CCSH.txt
CCTV3,http://116.52.173.236:1234/624878271,,,,,,,,,,,CCSH.txt
CCTV3,http://117.63.79.182:1234/624878271,,,,,,,,,,,CCSH.txt
CCTV3,http://219.145.93.74:10000/tsfile/live/0003_1.m3u8?key=txiptv&playlive=1&authid=0,,,,,,,,,,,CCSH.txt
CCTV4,http://ottrrs.hl.chinamobile.com/PLTV/88888888/224/3221226428/index.m3u8,,,,,,,,,,,CCSH.txt
CCTV4,http://192.151.150.154/live/cctv4hd.m3u8,,,,,,,,,,,CCSH.txt
CCTV4,http://kkk.888.3116598.xyz/api.php?n=tttt&id=MjsnQU&tk=FgM0vQMejxvG,,,,,,,,,,,CCSH.txt
CCTV4,http://kkk.888.3116598.xyz/api.php?n=tttt&id=b0DLyC&tk=FgM0vQMejxvG,,,,,,,,,,,CCSH.txt
CCTV4,http://kkk.888.3116598.xyz/api.php?n=tttt&id=m9nAWA&tk=FgM0vQMejxvG,,,,,,,,,,,CCSH.txt
CCTV4,http://kkk.888.3116598.xyz/api.php?n=tttt&id=WdwTvm&tk=FgM0vQMejxvG,,,,,,,,,,,CCSH.txt
CCTV4,http://kkk.888.3116598.xyz/api.php?n=tttt&id=UqeuE0&tk=FgM0vQMejxvG,,,,,,,,,,,CCSH.txt
CCTV4,http://kkk.888.3116598.xyz/api.php?n=tttt&id=S8SfWs&tk=FgM0vQMejxvG,,,,,,,,,,,CCSH.txt
CCTV4,http://223.247.25.219:1234/631780421,,,,,,,,,,,CCSH.txt
CCTV4,http://117.63.79.182:1234/631780421,,,,,,,,,,,CCSH.txt
CCTV4,http://58.57.40.22:9901/tsfile/live/1003_1.m3u8,,,,,,,,,,,CCSH.txt
CCTV4,http://120.76.248.139/live/bfgd/4200000063.m3u8,,,,,,,,,,,CCSH.txt
CCTV4,http://221.226.51.220:50081/newlive/live/hls/4/live.m3u8,,,,,,,,,,,CCSH.txt
CCTV4,http://183.94.146.79:9901/tsfile/live/0004_1.m3u8?key=txiptv&playlive=1&authid=0,,,,,,,,,,,CCSH.txt
CCTV4,http://116.52.173.236:1234/631780421,,,,,,,,,,,CCSH.txt
CCTV4,http://219.145.93.74:10000/tsfile/live/0004_1.m3u8?key=txiptv&playlive=1&authid=0,,,,,,,,,,,CCSH.txt
CCTV4,http://58.56.162.102:4466/newlive/live/hls/4/live.m3u8,,,,,,,,,,,CCSH.txt
CCTV4,http://221.7.175.154:8445/tsfile/live/1003_1.m3u8?key=txiptv&playlive=1&authid=0,,,,,,,,,,,CCSH.txt
CCTV5,http://ottrrs.hl.chinamobile.com/PLTV/88888888/224/3221226019/index.m3u8,,,,,,,,,,,CCSH.txt
CCTV5,http://kkk.888.3116598.xyz/api.php?n=tttt&id=WCkN7r&tk=FgM0vQMejxvG,,,,,,,,,,,CCSH.txt
CCTV5,http://kkk.888.3116598.xyz/api.php?n=tttt&id=rXZ2Ua&tk=FgM0vQMejxvG,,,,,,,,,,,CCSH.txt
CCTV5,http://kkk.888.3116598.xyz/api.php?n=tttt&id=Gd7JGa&tk=FgM0vQMejxvG,,,,,,,,,,,CCSH.txt
CCTV5,http://kkk.888.3116598.xyz/api.php?n=tttt&id=7saWCa&tk=FgM0vQMejxvG,,,,,,,,,,,CCSH.txt
CCTV5,http://kkk.888.3116598.xyz/api.php?n=tttt&id=un8Qbv&tk=FgM0vQMejxvG,,,,,,,,,,,CCSH.txt
CCTV5,http://kkk.888.3116598.xyz/api.php?n=tttt&id=1A4eT4&tk=FgM0vQMejxvG,,,,,,,,,,,CCSH.txt
CCTV5,http://kkk.888.3116598.xyz/api.php?n=tttt&id=zMqirA&tk=FgM0vQMejxvG,,,,,,,,,,,CCSH.txt
CCTV5,http://txycdn7.video.qq.com/1369718502.m3u8?time=1788430912&from=player&cdn=tcloud&sdtfrom=v401010931632&platform=4010603&butype=31&HLSP2P=1&vkey=nvkey_AQQgIMBQIRO80HXAb4eRYolD9f9ZHa-4p6W6nYbvMXcUERF7EAfcScB5TI3r_q1jBhfwJZUBcHvHj0yVGLHTaGpjkVDKeZnUN8wn1ZGNkc2iQVk1YRT3rhVCXta-SZUHm-un7Y--tr-E15JEka9amZcCLi6k_JC-Lplv7Ep4l6YaQAo1awdEMiIsGSIRny9PTH_rVmvMySJnFOqA9K_l1f7aKxRwiIhB_T-xwmFJK7Y8muhvsThul2qU_nyCofVWecFiQRfbuu6B_ZcEqrH2rl3ZTfwUprqp1xsttMkMJyzXNOypYXPt5EUdgatxjwPz6KAG3Yw-p0IwEOYP_B6XB1yRm9XGZqeDpN6uBKLUvYYS77IVmdjX3761X7HgihYMxI26kXQYfQC8PPK7j0eTnTkLO5u0SNcqlZDix1oZ_5on3v_K97WyxuWgSznVx6vzGK8KhRQke-BzXDTk-Jy5TbzRP1w1ihGV5u-78YIv0lZJ4zeQvNVOb8qoQ51aW55hONR-5sDdyfi00PtvVWkmSzVM-TmeQK3ytUXihWRuyuQ9JGMtPcNF&drmtype=0,,,,,,,,,,,CCSH.txt
CCTV5,http://221.226.51.220:50081/newlive/live/hls/5/live.m3u8,,,,,,,,,,,CCSH.txt
CCTV5,http://223.247.25.219:1234/641886683,,,,,,,,,,,CCSH.txt
CCTV5,http://117.63.79.182:1234/641886683,,,,,,,,,,,CCSH.txt
CCTV5,http://58.56.162.102:4466/newlive/live/hls/5/live.m3u8,,,,,,,,,,,CCSH.txt
CCTV5,http://gmxw.7766.org:808/hls/93/index.m3u8,,,,,,,,,,,CCSH.txt
CCTV5,http://120.76.248.139/live/bfgd/4200000064.m3u8,,,,,,,,,,,CCSH.txt
CCTV5,http://183.94.146.79:9901/tsfile/live/0005_1.m3u8?key=txiptv&playlive=1&authid=0,,,,,,,,,,,CCSH.txt
CCTV5,http://58.57.40.22:9901/tsfile/live/1004_1.m3u8,,,,,,,,,,,CCSH.txt
CCTV5,http://116.52.173.236:1234/641886683,,,,,,,,,,,CCSH.txt
CCTV5,http://113.57.140.161:10081/newlive/live/hls/5/live.m3u8,,,,,,,,,,,CCSH.txt
CCTV5,http://221.7.175.154:8445/tsfile/live/1018_1.m3u8?key=txiptv&playlive=1&authid=0,,,,,,,,,,,CCSH.txt
CCTV5+,http://ottrrs.hl.chinamobile.com/PLTV/88888888/224/3221225603/index.m3u8,,,,,,,,,,,CCSH.txt
CCTV5+,http://kkk.888.3116598.xyz/api.php?n=tttt&id=UUAF8s&tk=FgM0vQMejxvG,,,,,,,,,,,CCSH.txt
CCTV5+,http://kkk.888.3116598.xyz/api.php?n=tttt&id=OWbZsv&tk=FgM0vQMejxvG,,,,,,,,,,,CCSH.txt
CCTV5+,http://kkk.888.3116598.xyz/api.php?n=tttt&id=0msREY&tk=FgM0vQMejxvG,,,,,,,,,,,CCSH.txt
CCTV5+,http://kkk.888.3116598.xyz/api.php?n=tttt&id=UHwStw&tk=FgM0vQMejxvG,,,,,,,,,,,CCSH.txt
CCTV5+,http://kkk.888.3116598.xyz/api.php?n=tttt&id=hWGyoN&tk=FgM0vQMejxvG,,,,,,,,,,,CCSH.txt
CCTV5+,http://kkk.888.3116598.xyz/api.php?n=tttt&id=9O5jfh&tk=FgM0vQMejxvG,,,,,,,,,,,CCSH.txt
CCTV5+,http://117.63.79.182:1234/641886773,,,,,,,,,,,CCSH.txt
CCTV5+,http://223.247.25.219:1234/641886773,,,,,,,,,,,CCSH.txt
CCTV5+,http://61.136.172.236:9901/tsfile/live/0016_1.m3u8,,,,,,,,,,,CCSH.txt
CCTV5+,http://58.57.40.22:9901/tsfile/live/1005_1.m3u8,,,,,,,,,,,CCSH.txt
CCTV5+,http://116.52.173.236:1234/641886773,,,,,,,,,,,CCSH.txt
CCTV5+,http://113.57.140.161:10081/newlive/live/hls/6/live.m3u8,,,,,,,,,,,CCSH.txt
CCTV5+,http://223.112.114.228:50080/newlive/live/hls/180/live.m3u8,,,,,,,,,,,CCSH.txt
CCTV5+,http://61.161.61.119:9004/hls/7/index.m3u8,,,,,,,,,,,CCSH.txt
CCTV5+,http://118.122.144.115:8888/newlive/live/hls/6/live.m3u8,,,,,,,,,,,CCSH.txt
CCTV5+,http://27.12.12.174:1234/641886773,,,,,,,,,,,CCSH.txt
CCTV5+,http://61.162.52.6:8088/newlive/live/hls/6/live.m3u8,,,,,,,,,,,CCSH.txt
CCTV6,http://ottrrs.hl.chinamobile.com/PLTV/88888888/224/3221226010/index.m3u8,,,,,,,,,,,CCSH.txt
CCTV6,http://kkk.888.3116598.xyz/api.php?n=tttt&id=gJZdKc&tk=FgM0vQMejxvG,,,,,,,,,,,CCSH.txt
CCTV6,http://kkk.888.3116598.xyz/api.php?n=tttt&id=OBjTQM&tk=FgM0vQMejxvG,,,,,,,,,,,CCSH.txt
CCTV6,http://kkk.888.3116598.xyz/api.php?n=tttt&id=nOyqEK&tk=FgM0vQMejxvG,,,,,,,,,,,CCSH.txt
CCTV6,http://kkk.888.3116598.xyz/api.php?n=tttt&id=EVXXqj&tk=FgM0vQMejxvG,,,,,,,,,,,CCSH.txt
CCTV6,http://kkk.888.3116598.xyz/api.php?n=tttt&id=jDsfYP&tk=FgM0vQMejxvG,,,,,,,,,,,CCSH.txt
CCTV6,http://kkk.888.3116598.xyz/api.php?n=tttt&id=Krvt15&tk=FgM0vQMejxvG,,,,,,,,,,,CCSH.txt
CCTV6,http://kkk.888.3116598.xyz/api.php?n=tttt&id=TNm461&tk=FgM0vQMejxvG,,,,,,,,,,,CCSH.txt
CCTV6,http://223.247.25.219:1234/624878396,,,,,,,,,,,CCSH.txt
CCTV6,http://117.63.79.182:1234/624878396,,,,,,,,,,,CCSH.txt
CCTV6,http://61.136.172.236:9901/tsfile/live/0006_1.m3u8,,,,,,,,,,,CCSH.txt
CCTV6,http://58.57.40.22:9901/tsfile/live/1006_1.m3u8,,,,,,,,,,,CCSH.txt
CCTV6,http://120.76.248.139/live/bfgd/4200000065.m3u8,,,,,,,,,,,CCSH.txt
CCTV6,http://183.94.146.79:9901/tsfile/live/0006_1.m3u8?key=txiptv&playlive=1&authid=0,,,,,,,,,,,CCSH.txt
CCTV6,http://221.226.51.220:50081/newlive/live/hls/7/live.m3u8,,,,,,,,,,,CCSH.txt
CCTV6,http://116.52.173.236:1234/624878396,,,,,,,,,,,CCSH.txt
CCTV7,http://ottrrs.hl.chinamobile.com/PLTV/88888888/224/3221225733/index.m3u8,,,,,,,,,,,CCSH.txt
CCTV7,http://kkk.888.3116598.xyz/api.php?n=tttt&id=79zmv5&tk=FgM0vQMejxvG,,,,,,,,,,,CCSH.txt
CCTV7,http://kkk.888.3116598.xyz/api.php?n=tttt&id=wbdmyk&tk=FgM0vQMejxvG,,,,,,,,,,,CCSH.txt
CCTV7,http://kkk.888.3116598.xyz/api.php?n=tttt&id=AtyFM3&tk=FgM0vQMejxvG,,,,,,,,,,,CCSH.txt
CCTV7,http://kkk.888.3116598.xyz/api.php?n=tttt&id=Nyd4Tu&tk=FgM0vQMejxvG,,,,,,,,,,,CCSH.txt
CCTV7,http://kkk.888.3116598.xyz/api.php?n=tttt&id=is7Yts&tk=FgM0vQMejxvG,,,,,,,,,,,CCSH.txt
CCTV7,http://kkk.888.3116598.xyz/api.php?n=tttt&id=8Deu2V&tk=FgM0vQMejxvG,,,,,,,,,,,CCSH.txt
CCTV7,http://kkk.888.3116598.xyz/api.php?n=tttt&id=Ydh47G&tk=FgM0vQMejxvG,,,,,,,,,,,CCSH.txt
CCTV7,http://kkk.888.3116598.xyz/api.php?n=tttt&id=m9ZlCH&tk=FgM0vQMejxvG,,,,,,,,,,,CCSH.txt
CCTV7,http://kkk.888.3116598.xyz/api.php?n=tttt&id=IxfPG7&tk=FgM0vQMejxvG,,,,,,,,,,,CCSH.txt
CCTV7,http://kkk.888.3116598.xyz/api.php?n=tttt&id=ZBnhzm&tk=FgM0vQMejxvG,,,,,,,,,,,CCSH.txt
CCTV7,http://117.63.79.182:1234/673168121,,,,,,,,,,,CCSH.txt
CCTV7,http://221.226.51.220:50081/newlive/live/hls/8/live.m3u8,,,,,,,,,,,CCSH.txt
CCTV7,http://8.138.7.223/tv/cctv7.m3u8,,,,,,,,,,,CCSH.txt
CCTV7,http://223.247.25.219:1234/673168121,,,,,,,,,,,CCSH.txt
CCTV7,http://120.76.248.139/live/bfgd/4200000127.m3u8,,,,,,,,,,,CCSH.txt
CCTV7,http://183.11.239.36:808/hls/25/index.m3u8,,,,,,,,,,,CCSH.txt
CCTV7,http://183.94.146.79:9901/tsfile/live/0007_1.m3u8?key=txiptv&playlive=1&authid=0,,,,,,,,,,,CCSH.txt
CCTV8,http://ottrrs.hl.chinamobile.com/PLTV/88888888/224/3221226008/index.m3u8,,,,,,,,,,,CCSH.txt
CCTV8,http://kkk.888.3116598.xyz/api.php?n=tttt&id=RaUW6p&tk=FgM0vQMejxvG,,,,,,,,,,,CCSH.txt
CCTV8,http://kkk.888.3116598.xyz/api.php?n=tttt&id=CQPTro&tk=FgM0vQMejxvG,,,,,,,,,,,CCSH.txt
CCTV8,http://kkk.888.3116598.xyz/api.php?n=tttt&id=7mQsA2&tk=FgM0vQMejxvG,,,,,,,,,,,CCSH.txt
CCTV8,http://kkk.888.3116598.xyz/api.php?n=tttt&id=7aJTX8&tk=FgM0vQMejxvG,,,,,,,,,,,CCSH.txt
CCTV8,http://kkk.888.3116598.xyz/api.php?n=tttt&id=c7lPNA&tk=FgM0vQMejxvG,,,,,,,,,,,CCSH.txt
CCTV8,http://kkk.888.3116598.xyz/api.php?n=tttt&id=7mjYjo&tk=FgM0vQMejxvG,,,,,,,,,,,CCSH.txt
CCTV8,http://kkk.888.3116598.xyz/api.php?n=tttt&id=SAvka7&tk=FgM0vQMejxvG,,,,,,,,,,,CCSH.txt
CCTV8,http://txycdn7.video.qq.com/1370436702.m3u8?time=1788430881&from=player&cdn=tcloud&sdtfrom=v401010931632&platform=4010603&butype=31&HLSP2P=1&vkey=nvkey_AQQgIBvv7W06fcQmprgL58qa0cU6RXaeqLX0xeYzpfhAJ10YEN-jH5CiW3DotTukugmocj8BcB0vaf3yJJu8hoMYpkjXw6SlEoaalyQKFwilM7lfZ7lfqjbGNmABYieJUTqmoHOQfCsulqd1sixOMVB7wf-R941ZbBw3PjCtdi_Rri--kHBkQExGuwyLrscnOHKmvgu8xdb7O79bphg9LwEOic2xwdTX6LC21-f50McySbWXJ1qwjDe66IkG5sQjQc7DM_ehd5oXHi-mEmSDKlW80FxnBQKMUlwGuvoiFVhiA6AaOYnKbyyDjCjHXx5QQx0LFUPgcmXjKHR23HFmQuHVaQ8923AzeAcL11noWS8pRV3PBS9OEHFgUVk49HEBXsYsUZIS1siFGcuHKMOpL40vdelRIqhoLlnTQDBs1WF61jw2_siUMp2vMonHKyqJ_E9oi7-aIm5y275hXasn45tiy9QyAjMldxvscXau7Uc2hsmIDlzD2Hz4dX9P6e3Zd234hGGEXH_gdIHAMyCzrpVQY60GR2gdaON2saI7tCkLPSsa2_u-&drmtype=0,,,,,,,,,,,CCSH.txt
CCTV8,http://223.247.25.219:1234/624878356,,,,,,,,,,,CCSH.txt
CCTV8,http://61.136.172.236:9901/tsfile/live/0008_1.m3u8,,,,,,,,,,,CCSH.txt
CCTV8,http://117.63.79.182:1234/624878356,,,,,,,,,,,CCSH.txt
CCTV8,http://120.76.248.139/live/bfgd/4200000066.m3u8,,,,,,,,,,,CCSH.txt
CCTV8,http://124.165.251.82:85/tsfile/live/0008_1.m3u8?key=txiptv&playlive=1&authid=0,,,,,,,,,,,CCSH.txt
CCTV8,http://221.226.51.220:50081/newlive/live/hls/9/live.m3u8,,,,,,,,,,,CCSH.txt
CCTV8,http://116.52.173.236:1234/624878356,,,,,,,,,,,CCSH.txt
CCTV8,http://58.56.162.102:4466/newlive/live/hls/9/live.m3u8,,,,,,,,,,,CCSH.txt
CCTV8,http://58.57.40.22:9901/tsfile/live/1008_1.m3u8,,,,,,,,,,,CCSH.txt
CCTV9,http://ottrrs.hl.chinamobile.com/PLTV/88888888/224/3221225734/index.m3u8,,,,,,,,,,,CCSH.txt
CCTV9,http://kkk.888.3116598.xyz/api.php?n=tttt&id=Pm8WZb&tk=FgM0vQMejxvG,,,,,,,,,,,CCSH.txt
CCTV9,http://kkk.888.3116598.xyz/api.php?n=tttt&id=lLBdRL&tk=FgM0vQMejxvG,,,,,,,,,,,CCSH.txt
CCTV9,http://kkk.888.3116598.xyz/api.php?n=tttt&id=JO2JF1&tk=FgM0vQMejxvG,,,,,,,,,,,CCSH.txt
CCTV9,http://kkk.888.3116598.xyz/api.php?n=tttt&id=UZcVHL&tk=FgM0vQMejxvG,,,,,,,,,,,CCSH.txt
CCTV9,http://kkk.888.3116598.xyz/api.php?n=tttt&id=HIR7zL&tk=FgM0vQMejxvG,,,,,,,,,,,CCSH.txt
CCTV9,http://kkk.888.3116598.xyz/api.php?n=tttt&id=WVQx9q&tk=FgM0vQMejxvG,,,,,,,,,,,CCSH.txt
CCTV9,http://kkk.888.3116598.xyz/api.php?n=tttt&id=2MGlHi&tk=FgM0vQMejxvG,,,,,,,,,,,CCSH.txt
CCTV9,http://txycdn3.video.qq.com/1755788302.m3u8?time=1788430871&from=player&cdn=tcloud&sdtfrom=v401010931632&platform=4010603&butype=31&HLSP2P=1&vkey=nvkey_AQQgIDroqnnE2Rawy6oqHBgaDEhyEwh1l_33yuj3zPBG-BjDEB27vK0X_I-45wac92GvN-0BcAig3_sDsbTuekHKgtsd3CuIWJi4DKI9a-dcbvoDNepudJk4nZ-ahRbyf6ThGCfwMU7ZpwwmRCEHkCBIoSQmXt5dEms88NpHFdaO6nnyuD7qYOuBLBNCpeOnVjDrbLOYiKG4vPUjFR47f5h5i3T1FB6Rtmyk4yj8X1LbFDX3txJCIm9E2RJgNHcUIelNmB5XQoD9cyH6Jf_0sACLahDPfziDeDzld9w3l_WRWj8pRxIYLP-nSgVI9gve6ONMuRNj1372x8sVwm_X76qVpxjuUVyyo607Kv_MacqUl9T4QexFee5M02B0BAHt8Eq7z5twrSqSme1Ib5HiUXy08l1fKFTE3Wac4iOhK7vb5vRFLMCMGbMD4bLYHVYYOtGjdoeoM3kHG-P_g1w3Czzz8XiYCheStklIxPyy5OAm4jFawAl6wHYfUMGGnN1c9ujs8us6dkKwb5iQp4UY7G41nv3QyVpEmFQGsWjHLDZ65wcNarLS&drmtype=0,,,,,,,,,,,CCSH.txt
CCTV9,http://223.247.25.219:1234/673168140,,,,,,,,,,,CCSH.txt
CCTV9,http://58.57.40.22:9901/tsfile/live/1009_1.m3u8,,,,,,,,,,,CCSH.txt
CCTV9,http://117.63.79.182:1234/673168140,,,,,,,,,,,CCSH.txt
CCTV9,http://61.136.172.236:9901/tsfile/live/0009_1.m3u8,,,,,,,,,,,CCSH.txt
CCTV9,http://183.11.239.36:808/hls/27/index.m3u8,,,,,,,,,,,CCSH.txt
CCTV9,http://183.94.146.79:9901/tsfile/live/0009_1.m3u8?key=txiptv&playlive=1&authid=0,,,,,,,,,,,CCSH.txt
CCTV9,http://221.226.51.220:50081/newlive/live/hls/10/live.m3u8,,,,,,,,,,,CCSH.txt
CCTV9,http://116.52.173.236:1234/673168140,,,,,,,,,,,CCSH.txt
CCTV10,http://ottrrs.hl.chinamobile.com/PLTV/88888888/224/3221225730/index.m3u8,,,,,,,,,,,CCSH.txt
CCTV10,http://kkk.888.3116598.xyz/api.php?n=tttt&id=pVXTcf&tk=FgM0vQMejxvG,,,,,,,,,,,CCSH.txt
CCTV10,http://kkk.888.3116598.xyz/api.php?n=tttt&id=sannGl&tk=FgM0vQMejxvG,,,,,,,,,,,CCSH.txt
CCTV10,http://kkk.888.3116598.xyz/api.php?n=tttt&id=rMXAES&tk=FgM0vQMejxvG,,,,,,,,,,,CCSH.txt
CCTV10,http://kkk.888.3116598.xyz/api.php?n=tttt&id=phh4M8&tk=FgM0vQMejxvG,,,,,,,,,,,CCSH.txt
CCTV10,http://kkk.888.3116598.xyz/api.php?n=tttt&id=T960Sd&tk=FgM0vQMejxvG,,,,,,,,,,,CCSH.txt
CCTV10,http://kkk.888.3116598.xyz/api.php?n=tttt&id=ApqQA6&tk=FgM0vQMejxvG,,,,,,,,,,,CCSH.txt
CCTV10,http://kkk.888.3116598.xyz/api.php?n=tttt&id=f6EGIo&tk=FgM0vQMejxvG,,,,,,,,,,,CCSH.txt
CCTV10,http://kkk.888.3116598.xyz/api.php?n=tttt&id=CnWkT3&tk=FgM0vQMejxvG,,,,,,,,,,,CCSH.txt
CCTV10,http://kkk.888.3116598.xyz/api.php?n=tttt&id=ay9SyT&tk=FgM0vQMejxvG,,,,,,,,,,,CCSH.txt
CCTV10,http://txycdn6.video.qq.com/1370437002.m3u8?time=1788430860&from=player&cdn=tcloud&sdtfrom=v401010931632&platform=4010603&butype=31&HLSP2P=1&vkey=nvkey_AQQgIMdtLsAmECjNsmV4TMUN3JTiub-R1d9Gw2wkASAnIF7OEBSgM8Tw0qenD8DQ3t7w4kIBcPGp8ehzK_DBfKrLu8SLMv0McDNnTIW0rP5nHpYxpWhkFfQ_SFlWw65zm0fhR4niyno4aAVFvg-BNV2yIJxLrRte_n__GsBjQuMts7m1-YSojOMkq8w_smxDvS9PHMd4LjwYrw3rpRpv4pURvaPG_zqZhhxT-BS5je64FKsQcRXHwuSnLElPH7_AhI5J8Ibm2bjseygWnhWNM9P4e1AhEylejp9VThvk1w2bWT-vCB9intk4Lt-zURNjrzbhuY2-9ZWhG6KqA3JxRZvFjYAAaIigJGTStEvkuSnErT3gf9hUlZWyjt2d6GnxbWJJuGU5Afhddqs7Yr0yQuc8sVTFQNSYP4GU-ld4io6eOgAkqAmgHcp4EKMMkNGrWe1OCZsyaCGjitLompHz5SX_igex8G976O2wmPA5AjLbySh7HWpx2Y8ow-dDB0Fk_OJRl-oZ31ym19tjYK_j_5EEzDONbMZpTtfLNxEKKr9t1XaK1BbM&drmtype=0,,,,,,,,,,,CCSH.txt
CCTV10,http://223.247.25.219:1234/624878405,,,,,,,,,,,CCSH.txt
CCTV10,http://117.63.79.182:1234/624878405,,,,,,,,,,,CCSH.txt
CCTV10,http://183.11.239.36:808/hls/28/index.m3u8,,,,,,,,,,,CCSH.txt
CCTV10,http://58.57.40.22:9901/tsfile/live/1010_1.m3u8,,,,,,,,,,,CCSH.txt
CCTV10,http://221.226.51.220:50081/newlive/live/hls/11/live.m3u8,,,,,,,,,,,CCSH.txt
CCTV11,http://ottrrs.hl.chinamobile.com/PLTV/88888888/224/3221225597/index.m3u8,,,,,,,,,,,CCSH.txt
CCTV11,http://kkk.888.3116598.xyz/api.php?n=tttt&id=qMIdN3&tk=FgM0vQMejxvG,,,,,,,,,,,CCSH.txt
CCTV11,http://kkk.888.3116598.xyz/api.php?n=tttt&id=POoalv&tk=FgM0vQMejxvG,,,,,,,,,,,CCSH.txt
CCTV11,http://kkk.888.3116598.xyz/api.php?n=tttt&id=LhZ7KG&tk=FgM0vQMejxvG,,,,,,,,,,,CCSH.txt
CCTV11,http://kkk.888.3116598.xyz/api.php?n=tttt&id=4Mx71z&tk=FgM0vQMejxvG,,,,,,,,,,,CCSH.txt
CCTV11,http://kkk.888.3116598.xyz/api.php?n=tttt&id=pKiHMB&tk=FgM0vQMejxvG,,,,,,,,,,,CCSH.txt
CCTV11,http://kkk.888.3116598.xyz/api.php?n=tttt&id=fuKSMq&tk=FgM0vQMejxvG,,,,,,,,,,,CCSH.txt
CCTV11,http://kkk.888.3116598.xyz/api.php?n=tttt&id=4mwask&tk=FgM0vQMejxvG,,,,,,,,,,,CCSH.txt
CCTV11,http://kkk.888.3116598.xyz/api.php?n=tttt&id=Z5qUGH&tk=FgM0vQMejxvG,,,,,,,,,,,CCSH.txt
CCTV11,http://221.226.51.220:50081/newlive/live/hls/12/live.m3u8,,,,,,,,,,,CCSH.txt
CCTV11,http://61.136.172.236:9901/tsfile/live/0011_1.m3u8,,,,,,,,,,,CCSH.txt
CCTV11,http://58.57.40.22:9901/tsfile/live/1011_1.m3u8,,,,,,,,,,,CCSH.txt
CCTV11,http://61.136.172.236:9901/tsfile/live/0011_1.m3u8?key=txiptv&playlive=1&authid=0,,,,,,,,,,,CCSH.txt
CCTV11,http://183.94.146.79:9901/tsfile/live/0011_1.m3u8?key=txiptv&playlive=1&authid=0,,,,,,,,,,,CCSH.txt
CCTV11,http://116.52.173.236:1234/667987558,,,,,,,,,,,CCSH.txt
CCTV12,http://ottrrs.hl.chinamobile.com/PLTV/88888888/224/3221225731/index.m3u8,,,,,,,,,,,CCSH.txt
CCTV12,http://kkk.888.3116598.xyz/api.php?n=tttt&id=fMMDXe&tk=FgM0vQMejxvG,,,,,,,,,,,CCSH.txt
CCTV12,http://kkk.888.3116598.xyz/api.php?n=tttt&id=KzUWhw&tk=FgM0vQMejxvG,,,,,,,,,,,CCSH.txt
CCTV12,http://kkk.888.3116598.xyz/api.php?n=tttt&id=yc8lZU&tk=FgM0vQMejxvG,,,,,,,,,,,CCSH.txt
CCTV12,http://kkk.888.3116598.xyz/api.php?n=tttt&id=6Hpvtu&tk=FgM0vQMejxvG,,,,,,,,,,,CCSH.txt
CCTV12,http://kkk.888.3116598.xyz/api.php?n=tttt&id=URpjqF&tk=FgM0vQMejxvG,,,,,,,,,,,CCSH.txt
CCTV12,http://kkk.888.3116598.xyz/api.php?n=tttt&id=BPTL7D&tk=FgM0vQMejxvG,,,,,,,,,,,CCSH.txt
CCTV12,http://kkk.888.3116598.xyz/api.php?n=tttt&id=UD8j7z&tk=FgM0vQMejxvG,,,,,,,,,,,CCSH.txt
CCTV12,http://kkk.888.3116598.xyz/api.php?n=tttt&id=0RllDc&tk=FgM0vQMejxvG,,,,,,,,,,,CCSH.txt
CCTV12,http://223.247.25.219:1234/673168185,,,,,,,,,,,CCSH.txt
CCTV12,http://txycdn.video.qq.com/1755789203.m3u8?time=1788394125&from=player&cdn=tcloud&sdtfrom=v401010931632&platform=4010603&butype=31&HLSP2P=1&vkey=nvkey_AQQgIBUhkyHyuAESyfWNPkhAdP86opqQHVTokWjNxKAJyzAlEBX-CsFJ--99kfWUfJOItIIBcJRcFdJXBAt3S-8fLrB_ZsVajCo_dLw7mjHdB_Z9rwzyZWjxBcDrAwSCEqHOhA4NwqWx-ZhPsM8qyc_4u8ml1ZwJy12oa0Nu4fhRrxgHb1ljH8Gt95euGPWMR6YZXn6atYGDrYa0DH_Mq33Jd5AWcqLALiLc6gK5suRpLG96Br0bgQ9yjHyIbzr1XdROx0TucNwRVmJkXiPayJQG_GVk-2hzCpvpZ04ay7BERBfEobdaUiCpLeAxl6ofV7odtLTakuLAkcO3v-Apj0wzwg2w59XPd3oL8JLfUcpbdAJIJht-9ICxV5W9xHQty6FoLppoZnGfdmZZCjhJceD7l1TxcyZsCHU4qz0kK3FE8XlIatF84d6bi4gZJpkHq4K5ExmmgZVU1ly2PXmCaEG2gJAlPG7LK0zowSSRdt3XHSUZaDHuihhzTBxakVN7gRBgsKppI7BT_u1Nc-eXygkFUjypNK3e6GIKq9bagEOefcAaw2WG&drmtype=0,,,,,,,,,,,CCSH.txt
CCTV12,http://61.136.172.236:9901/tsfile/live/0012_1.m3u8,,,,,,,,,,,CCSH.txt
CCTV12,http://58.56.162.102:4466/newlive/live/hls/13/live.m3u8,,,,,,,,,,,CCSH.txt
CCTV12,http://221.226.51.220:50081/newlive/live/hls/13/live.m3u8,,,,,,,,,,,CCSH.txt
CCTV12,http://120.76.248.139/live/bfgd/4200000131.m3u8,,,,,,,,,,,CCSH.txt
CCTV12,http://58.57.40.22:9901/tsfile/live/1012_1.m3u8,,,,,,,,,,,CCSH.txt
CCTV12,http://183.94.146.79:9901/tsfile/live/0012_1.m3u8?key=txiptv&playlive=1&authid=0,,,,,,,,,,,CCSH.txt
CCTV13,http://ottrrs.hl.chinamobile.com/PLTV/88888888/224/3221226537/index.m3u8,,,,,,,,,,,CCSH.txt
CCTV13,http://txycdn.video.qq.com/1369932003.m3u8?time=1788394114&from=player&cdn=tcloud&sdtfrom=v401010931632&platform=4010603&butype=31&HLSP2P=1&vkey=nvkey_AQQgIBJuizS15RDWR9SM7uzSNUvVWNNNDaQvCsnxypkFVzDaEJtZSu6IlF6KDE2JAMHj5ukBcIxsGYMJ_XhmpUMQ4e0CgTc8uR0gYDz-EvOE4zVYVxh_rnaxhAGgNqsgddgd4dJskhRPF1J9HynXpma_pBSisKK1Yutl1cmgpgF0kte0UHf7CbFlO7pgPEx8DAc99_hhp1u-gCTaS_FK2iOezmarmMNhPZBmWZsDKiNMAfoHPdZ74ThyL8Wam5hUtAdtxqA1zYPB7GKZajLt2En-jhXHkCotduzUQs5T93421khN4Z0mMONagetCEJ1_HS4uQPiSQQYSTIjjKwTYWHq-27bDtpdZaCfiTxV6gWZmfeMhVBG2IYMwbC9DCD7ZCnRoaj0QTtkwpJkclOMZ1oiKudaA0OYRzj1QHN5SIc7IYCwFe1Pvs-bLYR_lg8OHjjJlxrVlZLVTQsevhhL48FuXmx958jgPtnWHPGztXWt4uSuFKHzCYbZCV0h6lYtwD_oLMOfjikGbpzXfL1y7KiLfmnjqA1xwlbXiepiWw78yEkLIw8K3&drmtype=0,,,,,,,,,,,CCSH.txt
CCTV13,http://txycdn.video.qq.com/1369932003.m3u8?time=1788393940&from=player&cdn=tcloud&sdtfrom=v401010931632&platform=4010603&butype=31&HLSP2P=1&vkey=nvkey_AQQgIFqnaybbJhDNi42mwpcOzwTmUEKVA2o2yQti2H6A5vlnEBiYigDmb4EbKhwEoUmtAh8BcGImHzksf6J-ijvk98EBBE-DijyLoe0iItQUg11gr5geLJZPT8CZ-_jpvMeW1rLls5SOae0kyNS6QI6vllmJvhHGjMIiKKYtZwNwG5EbuYLXlQ0vs2xGP2sLViJBdSShhowPj7Q_rubfmC2_sn_HdsyjYCX2daDtGY5nCt54e49RqTt9CmHEUkGSVFpqAPNuuFw8N_U9HTl_jWf_KAZhLVp-Y7gMw1rIDgLkxp0hR4A_fdlKkMrTPMJbvNtks1wooP9Nrr8XCZkTCYtjaMipR79T-dS70UlSV9dKtTP6eoL7yX12038ZN2TGUjxq2_zCIlKo4l7LIk3vVmNEtKWsq8oe0FqgvgadKbehR0WkopsloWRPQcWEdnn-gGQmAltCwyatILvqyVZR8pAuJGRznUgjX42FNzbsxDrKC6AtRBZZZ8HBavUBS3XUt27TE-tT4U1FZzpniw9XrpmR6MX0YYspm0_xz_CLyKK8RwVsXqUz&drmtype=0,,,,,,,,,,,CCSH.txt
CCTV13,http://kkk.888.3116598.xyz/api.php?n=tttt&id=3eaJ7u&tk=FgM0vQMejxvG,,,,,,,,,,,CCSH.txt
CCTV13,http://kkk.888.3116598.xyz/api.php?n=tttt&id=a62xON&tk=FgM0vQMejxvG,,,,,,,,,,,CCSH.txt
CCTV13,http://kkk.888.3116598.xyz/api.php?n=tttt&id=ctTjyy&tk=FgM0vQMejxvG,,,,,,,,,,,CCSH.txt
CCTV13,http://kkk.888.3116598.xyz/api.php?n=tttt&id=rWsEHS&tk=FgM0vQMejxvG,,,,,,,,,,,CCSH.txt
CCTV13,http://kkk.888.3116598.xyz/api.php?n=tttt&id=cfGBkp&tk=FgM0vQMejxvG,,,,,,,,,,,CCSH.txt
CCTV13,http://kkk.888.3116598.xyz/api.php?n=tttt&id=0OGyQt&tk=FgM0vQMejxvG,,,,,,,,,,,CCSH.txt
CCTV13,http://kkk.888.3116598.xyz/api.php?n=tttt&id=8D6cm9&tk=FgM0vQMejxvG,,,,,,,,,,,CCSH.txt
CCTV13,http://kkk.888.3116598.xyz/api.php?n=tttt&id=b9W20q&tk=FgM0vQMejxvG,,,,,,,,,,,CCSH.txt
CCTV13,http://kkk.888.3116598.xyz/api.php?n=tttt&id=ZiNrmy&tk=FgM0vQMejxvG,,,,,,,,,,,CCSH.txt
CCTV13,http://kkk.888.3116598.xyz/api.php?n=tttt&id=RVGrOZ&tk=FgM0vQMejxvG,,,,,,,,,,,CCSH.txt
CCTV13,http://txycdn7.video.qq.com/1369932002.m3u8?time=1788430829&from=player&cdn=tcloud&sdtfrom=v401010931632&platform=4010603&butype=31&HLSP2P=1&vkey=nvkey_AQQgIEbb9ETSzdFbEMenasUzUpDT_8wT6R26XGFIJiPlpGtOEBu1R2srLppFGBCvYruyZ04BcMhWQZmObBQhfZDuu8ukV7Vi7B9gB_DOxYaQ-w0cL5h8kZUuoMWuxkJyNB6-5dRj0WvhrKxoWmuYPpnCQbqgBSdTtgZBI2RytUvMWODyftOhokWpzEJTUWEnZwEkMPDmKxSvmBQwMtkVxKoe2s6atKqhy1170wqg00UvzJUajYzPqoSvebAehQdWs0fIMihofcArKbrTBBiSeWFqZZRuYyHBug6fYwfSgc2NpB7A9YuWMdtUmu15vxUpVFqaUurG7lbINoCT2SXmZWZr_f42pcRfpDmq4mQ8nz6KvkyvoQKFuk9mDKYTwLOY1Trji5bByzF2m16zxXuJXm5IpYL4Wp38BpP1ifwAjvrIvN7k8gh91E0BkE9xwaglkOaCstBBDim1xyCRn3LivO-oG2Yg-Hk5-7o6cqiqsW5CHgkIFj51TR3dgCeVmRT9h_CrjPEW8egUhQnVLP_xrIWLg-AB_TEcRJ7iZzRbDWy9dZUiCb3S&drmtype=0,,,,,,,,,,,CCSH.txt
CCTV13,http://221.226.51.220:50081/newlive/live/hls/14/live.m3u8,,,,,,,,,,,CCSH.txt
CCTV13,http://61.136.172.236:9901/tsfile/live/0013_1.m3u8,,,,,,,,,,,CCSH.txt
CCTV13,http://58.57.40.22:9901/tsfile/live/1013_1.m3u8,,,,,,,,,,,CCSH.txt
CCTV14,http://ottrrs.hl.chinamobile.com/PLTV/88888888/224/3221225732/index.m3u8,,,,,,,,,,,CCSH.txt
CCTV14,http://kkk.888.3116598.xyz/api.php?n=tttt&id=HgGM9k&tk=FgM0vQMejxvG,,,,,,,,,,,CCSH.txt
CCTV14,http://kkk.888.3116598.xyz/api.php?n=tttt&id=XfpSLB&tk=FgM0vQMejxvG,,,,,,,,,,,CCSH.txt
CCTV14,http://kkk.888.3116598.xyz/api.php?n=tttt&id=3eYTI1&tk=FgM0vQMejxvG,,,,,,,,,,,CCSH.txt
CCTV14,http://kkk.888.3116598.xyz/api.php?n=tttt&id=CGoxq8&tk=FgM0vQMejxvG,,,,,,,,,,,CCSH.txt
CCTV14,http://kkk.888.3116598.xyz/api.php?n=tttt&id=FJimDi&tk=FgM0vQMejxvG,,,,,,,,,,,CCSH.txt
CCTV14,http://kkk.888.3116598.xyz/api.php?n=tttt&id=DZackR&tk=FgM0vQMejxvG,,,,,,,,,,,CCSH.txt
CCTV14,http://kkk.888.3116598.xyz/api.php?n=tttt&id=Ox3GOu&tk=FgM0vQMejxvG,,,,,,,,,,,CCSH.txt
CCTV14,http://kkk.888.3116598.xyz/api.php?n=tttt&id=DxuQh6&tk=FgM0vQMejxvG,,,,,,,,,,,CCSH.txt
CCTV14,http://txycdn.video.qq.com/1755770103.m3u8?time=1788394104&from=player&cdn=tcloud&sdtfrom=v401010931632&platform=4010603&butype=31&HLSP2P=1&vkey=nvkey_AQQgIF6izh66A9upNGYzBrOb4m3ykjo6xmS57mRm_bJwuVigEIi_qwEUUoOcpmKn7o9DyHMBcEeVRoY0zet8o6LIqgfynJIvEZo5ayzIPTupipQb2eHLMwjsqeWMmyklSDiL9lWgBbNliprbX2OZjQHnekM0a_AGxJ7Gq8jf509c926o90a_t8K1xtQQUj3uYvSA9qo71PeBcLZeEln1BpMOW2bFXBrfx9BWNhr0h01EMFW82FQDMzrBe3hFMG3VIfEbJeKvmLiWuRrMCpmDfw9pyG_nV3qSqXjc-hR5koRxZAQ6Fzhn0ghuUfmRxfW5tH-3k0-UdyHvd2mc2ydIS045dmtZn8QI3GgEkKYmudL_EeIhL3oAw5Ipk9QUrt2RvBm2EDr1X5Nh_vvVYKdczsH4iaCuW0VkhY3HQZcO2oJZS7LuaJilAE0ycB2c3I7nk76pqerwG_nSRl9-SQm1Rkx3WSibTmR3HsTW8F-_ygkPoOw7sou_nFcX56erbIgVMH8FttLLVi3uiqkbLwuBUqAEjkL6xEfN0yfMxZXkGCgApiXydWkI&drmtype=0,,,,,,,,,,,CCSH.txt
CCTV14,http://txycdn.video.qq.com/1755770103.m3u8?time=1788393929&from=player&cdn=tcloud&sdtfrom=v401010931632&platform=4010603&butype=31&HLSP2P=1&vkey=nvkey_AQQgIAdsvnL0qZHW-RqqBlpR9b7q4dFrJG6e-TIc9xQKBfOAEPfB-8nMjHEfyfzV2TDgeTkBcBU60V-LsXHuLn7fGY3Lbtalx0K-9Npz0KNoeaJ6C8QVuDYO4S1cswubu2yIa2Cw7Zt9UC_-HtU9HTQnbjpiF1ZVHrH_XHsF7vzX2J9vxSQ1643OTxt23XOw-zVwLKv4gYBW3T-avDVkR9RG8WHS8FwDOviksIK1CwTNz1Qcv0_O6EIy1pK1xCbLaDzdti8685iUGAAwj5kqaeW7CJeWhhrwCxtmvdQCVeV_dLCF2xZ0alyIY4mWdGD2xQZne3DHfg6KdvyUTz2mpTPZEuXG_qdh4Gfd2LdDeCMfZcAMptFMTU-dKaI84Qy2pkpj2_XjmVkr480WutI7xG_y2TRvo0ogkk95sZVTPqwZC6KRn94FMMakFzZeGAyfvxELiYMoL8FEIHqdlS7IbVN8pmwRn4iuC5FH73Dzp3zReGFN4ETCWpFWEQrRMdrt75KrhWb4tUrfLdsmOgnxT5WitxCBRiIOQUXmhVi69V5TpnmwnV1v&drmtype=0,,,,,,,,,,,CCSH.txt
CCTV14,http://221.226.51.220:50081/newlive/live/hls/15/live.m3u8,,,,,,,,,,,CCSH.txt
CCTV14,http://61.136.172.236:9901/tsfile/live/0014_1.m3u8,,,,,,,,,,,CCSH.txt
CCTV14,http://61.136.172.236:9901/tsfile/live/0014_1.m3u8?key=txiptv&playlive=1&authid=0,,,,,,,,,,,CCSH.txt
CCTV14,http://58.57.40.22:9901/tsfile/live/1014_1.m3u8,,,,,,,,,,,CCSH.txt
CCTV14,http://223.247.25.219:1234/624878440,,,,,,,,,,,CCSH.txt
CCTV15,http://ottrrs.hl.chinamobile.com/PLTV/88888888/224/3221225601/index.m3u8,,,,,,,,,,,CCSH.txt
CCTV15,https://xykt-fix.github.io/play/a02e/index.m3u8,,,,,,,,,,,CCSH.txt
CCTV15,http://kkk.888.3116598.xyz/api.php?n=tttt&id=uDvEKH&tk=FgM0vQMejxvG,,,,,,,,,,,CCSH.txt
CCTV15,http://kkk.888.3116598.xyz/api.php?n=tttt&id=Vy3kpu&tk=FgM0vQMejxvG,,,,,,,,,,,CCSH.txt
CCTV15,http://txycdn.video.qq.com/1370782103.m3u8?time=1788394466&from=player&cdn=tcloud&sdtfrom=v401010931632&platform=4010603&butype=31&HLSP2P=1&vkey=nvkey_AQQgIEBCuckTp2FRRZWy61fXIpWcWaGgt-uJHWvA-7f3k_ziEMvmYiSqQhEllTZwc4ugiAkBcOoojhMT_vuxSqF7_3Lkayx_qUgUCi1IJLMqwCJH5WxvPB6enoyICR_EuJM6xXHw0OAD3DvkUXbavv2foHbPZ5TKUDsyDO0CblOjJ0ex1VarI3C4oPeakf05LeR4T5R73krwtJWFN7R_dPIBBzPWt4O0LqK7zJI0h2-Dc71Sr82S6BVa-j91WdGV48v4ByayZA_tW2cOUC6UcgV5TJ3tLvBl2h8adRHuiwG351YaV_x5XmxgDdZUVhEGfo7Y7feYlIJeqaKXGHDQhAOTdnkVosHGC2qhQBtu_4xGzXbgOa8riZN56XTb0J169uw7ot24oTPUGfN1gHPBso9aTmXcRdcga_Jy5mBLlUJbzT43iSIxKIZYYw2t1pYI-CIzn0vDudP5hshpFpYPNLYqHz8ITlIZJmEV3cEfKASe3JtfTM1nDbcSMe0jug8I8c8k9kLYGlpA-JnkeTbU4Ve49gRLdM5QuQFUMhw0KhgBXIsWVCXW&drmtype=0,,,,,,,,,,,CCSH.txt
CCTV15,http://kkk.888.3116598.xyz/api.php?n=tttt&id=DN2vWY&tk=FgM0vQMejxvG,,,,,,,,,,,CCSH.txt
CCTV15,http://kkk.888.3116598.xyz/api.php?n=tttt&id=975jMH&tk=FgM0vQMejxvG,,,,,,,,,,,CCSH.txt
CCTV15,http://kkk.888.3116598.xyz/api.php?n=tttt&id=ETisb8&tk=FgM0vQMejxvG,,,,,,,,,,,CCSH.txt
CCTV15,http://kkk.888.3116598.xyz/api.php?n=tttt&id=igs71Z&tk=FgM0vQMejxvG,,,,,,,,,,,CCSH.txt
CCTV15,http://kkk.888.3116598.xyz/api.php?n=tttt&id=5Bku41&tk=FgM0vQMejxvG,,,,,,,,,,,CCSH.txt
CCTV15,http://223.247.25.219:1234/673168223,,,,,,,,,,,CCSH.txt
CCTV15,http://61.136.172.236:9901/tsfile/live/0015_1.m3u8,,,,,,,,,,,CCSH.txt
CCTV15,http://58.57.40.22:9901/tsfile/live/1015_1.m3u8,,,,,,,,,,,CCSH.txt
CCTV15,http://61.136.172.236:9901/tsfile/live/0015_1.m3u8?key=txiptv&playlive=1&authid=0,,,,,,,,,,,CCSH.txt
CCTV15,http://117.63.79.182:1234/673168223,,,,,,,,,,,CCSH.txt
CCTV15,http://120.76.248.139/live/bfgd/4200000133.m3u8,,,,,,,,,,,CCSH.txt
CCTV16,http://ottrrs.hl.chinamobile.com/PLTV/88888888/224/3221226100/index.m3u8,,,,,,,,,,,CCSH.txt
CCTV16,http://74.91.26.218:82/live/cctv16hd.m3u8,,,,,,,,,,,CCSH.txt
CCTV16,http://txycdn.video.qq.com/1370437803.m3u8?time=1788394083&from=player&cdn=tcloud&sdtfrom=v401010931632&platform=4010603&butype=31&HLSP2P=1&vkey=nvkey_AQQgIEGh6wjjHt8Q_Cb7pa90cye-o8b-vdcUtV3Q2o4EUCuxEGgopkBR1Wtv2_VcjgZvNIkBcNxPTh9lhoKFhMAX7HVCq9zg6N0BbvckCXl4Sgil2jOR27F3cawVtBveay0ss5F-zSShxAVteqHCo2eIMP4J8wZIHJqk7CywuzwKSTTyr4PaH29ew-meGkHzYO1F-CPEjUKl00GLb-jyJzhCzNsvevMcnosKNqdArjaj9Qrug8AnuCn534mYuqP43rLU3Ll2FfpFvRrCbRkKthZn92rnhb78QoV91IBrG-yNsm4NOSAbsg2xVmwSlwySFE437UMuVyAU2riReD2EF42HR2KiAV0Zk2Ztlx3_fPsVa7HnUDfnu3R8GQArYlYjJR8Pxfh2J4TQ-t4LdkZgNuh3X9wiafbdiHyME2pDM-Y5QbuFqdpB5P0bEUCz0WWAVzw4f3JCwPr5l5eKKOXuSt04bGRip0G9WShe13ZkO_IYftOp5wD0TkIzZLyGKhCaHmedKkFvXQs4vEIX4eyYOY6BG3cQesQNTTRe7hv7gJGpLRdCS7Yd&drmtype=0,,,,,,,,,,,CCSH.txt
CCTV16,http://198.204.228.26/live/cctv16hd.m3u8,,,,,,,,,,,CCSH.txt
CCTV16,http://txycdn.video.qq.com/1370437803.m3u8?time=1788393909&from=player&cdn=tcloud&sdtfrom=v401010931632&platform=4010603&butype=31&HLSP2P=1&vkey=nvkey_AQQgIJ0wbktlCGEH3MheU9pLdRRbB18L3RzjzptFA99qHGlREDwKZNJ0dm8fMMSVpjfbpMcBcFhDPwzkqzzq9dlcSH89lOjSWJvl03OIGGBjwHZxYVfIWoFqW9E7QRsDL62cjWjd2owJVBonpVDjFhVGwgb05Sb3zHjUE4ssOLurIXk-FXKF_vw8jaX_Qxui52JnvK9tm_aD19T3YazZwyLJFT2cTYpB8zey0XaSDD1LmYhitwmZpTWEVd5-cMnkVFQwL9nIMddwaO5Ah6ipvi1VOw5YfEEmpedE_27JhoPOS_GMynf4wDvmGm0ebFu0cc2MLuDkgYVs3rNEM2L7PuA8_vQT76C9kbYCx5NSCACzbn6iJTI7-vipWozsvhcBEWNABGVbsvy-ij9bZDmyi7eA01tIMFKczBvTMJrpGoZaB2gofybVsiAu1wup5Ln1NX4jgov6Y0INxW_K4QyQvlnyzJhRhg8ko5pMyWQwOwh0Jrqb1wFzB5YErTRKrkX2DwTyZoyLzA8nrG3PQIx12-cFladN3MqMPmjX8j6ihUPmrdshbqj0&drmtype=0,,,,,,,,,,,CCSH.txt
CCTV16,http://kkk.888.3116598.xyz/api.php?n=tttt&id=WDJR2O&tk=FgM0vQMejxvG,,,,,,,,,,,CCSH.txt
CCTV16,http://kkk.888.3116598.xyz/api.php?n=tttt&id=hS36LX&tk=FgM0vQMejxvG,,,,,,,,,,,CCSH.txt
CCTV16,http://kkk.888.3116598.xyz/api.php?n=tttt&id=Ur5nnx&tk=FgM0vQMejxvG,,,,,,,,,,,CCSH.txt
CCTV16,http://kkk.888.3116598.xyz/api.php?n=tttt&id=FLiBUu&tk=FgM0vQMejxvG,,,,,,,,,,,CCSH.txt
CCTV16,http://kkk.888.3116598.xyz/api.php?n=tttt&id=EU5wNH&tk=FgM0vQMejxvG,,,,,,,,,,,CCSH.txt
CCTV16,http://183.11.239.36:808/hls/169/index.m3u8,,,,,,,,,,,CCSH.txt
CCTV16,http://58.56.162.102:4466/newlive/live/hls/17/live.m3u8,,,,,,,,,,,CCSH.txt
CCTV16,http://219.147.245.238:25480/newlive/live/hls/17/live.m3u8,,,,,,,,,,,CCSH.txt
CCTV16,http://113.57.140.161:10081/newlive/live/hls/17/live.m3u8,,,,,,,,,,,CCSH.txt
CCTV16,http://118.122.144.115:8888/newlive/live/hls/17/live.m3u8,,,,,,,,,,,CCSH.txt
CCTV16,https://piccpndali.v.myalicdn.com/audio/cctv16_2.m3u8,,,,,,,,,,,CCSH.txt
CCTV16,http://120.198.86.186:9901/tsfile/live/1094_1.m3u8?key=txiptv&playlive=1&authid=0,,,,,,,,,,,CCSH.txt
CCTV17,http://ottrrs.hl.chinamobile.com/PLTV/88888888/224/3221225765/index.m3u8,,,,,,,,,,,CCSH.txt
CCTV17,http://player.cntv.cn/standard/live_HLSDRM20180524.swf?v=180.171.5.8.9.6.3.9&ChannelID=cctv17&videoTVChannel=cctv17&P2PChannelID=pd://cctv_p2p_cctv17&tai=cctv1&VideoName=cctv1&channelID=cctv17,,,,,,,,,,,CCSH.txt
CCTV17,http://kkk.888.3116598.xyz/api.php?n=tttt&id=cHEiBj&tk=FgM0vQMejxvG,,,,,,,,,,,CCSH.txt
CCTV17,http://kkk.888.3116598.xyz/api.php?n=tttt&id=eqBvbO&tk=FgM0vQMejxvG,,,,,,,,,,,CCSH.txt
CCTV17,http://kkk.888.3116598.xyz/api.php?n=tttt&id=FikbIE&tk=FgM0vQMejxvG,,,,,,,,,,,CCSH.txt
CCTV17,http://kkk.888.3116598.xyz/api.php?n=tttt&id=uFZfdl&tk=FgM0vQMejxvG,,,,,,,,,,,CCSH.txt
CCTV17,http://kkk.888.3116598.xyz/api.php?n=tttt&id=mKG6Oi&tk=FgM0vQMejxvG,,,,,,,,,,,CCSH.txt
CCTV17,http://kkk.888.3116598.xyz/api.php?n=tttt&id=hZOdaK&tk=FgM0vQMejxvG,,,,,,,,,,,CCSH.txt
CCTV17,http://kkk.888.3116598.xyz/api.php?n=tttt&id=RNeK17&tk=FgM0vQMejxvG,,,,,,,,,,,CCSH.txt
CCTV17,http://txycdn3.video.qq.com/1370437902.m3u8?time=1788430787&from=player&cdn=tcloud&sdtfrom=v401010931632&platform=4010603&butype=31&HLSP2P=1&vkey=nvkey_AQQgIIYdv10FQb1Pa0iYnl1UZxd7fS9clGZ4EpiPVXPsy6xpEHzPBzaZO0ebL6y5v_bmgNEBcE2P98ucAZeSIZMcC5_YZlS_BsVC9rjUNoC4MH4_VVUfst_5Wj6GPkDmCB14bP2AYJkVd5FEAK8wAALP6D_uZwbSEQ635wEHW77QkJIFOcZacYIrysK7KAt2hFkKRuNCM-BLTMkGn7oUTTIFGh-B4T4dJSTjpG6EoH8vA_nnnL-2jps1u4kTgXmqEJzZTzogIe9JjllD_gZp-56vt7Nht2LRnd6D2mN8NV_sfI02Usqdz2V6_WeKPKGFgTFwOwld5vvpyW1D_0z9lx2fW39HqukaRs-jTSsLDnkz8ZoCOCdOeVwDz6Y7582vWvqSI2cpW4dJUkgM_fiUemSLKItmt571wf6GbhZeGXKxM0TM5uhMvm4eZZV1xglQSQ6VC33E3uICPbqeJFCxhlGIMQj5U-OFVsJ6Pc3Ia2K-V6xUSFuW5NfhiK4TbPQsCNx-e6KqZ0yk3qnNtiZMXac-x3BK0z29RuGqhsifthLfbYZU_bOR&drmtype=0,,,,,,,,,,,CCSH.txt
CCTV17,http://58.57.40.22:9901/tsfile/live/0019_1.m3u8,,,,,,,,,,,CCSH.txt
CCTV17,http://223.247.25.219:1234/673168256,,,,,,,,,,,CCSH.txt
CCTV17,http://120.76.248.139/live/bfgd/4200000204.m3u8,,,,,,,,,,,CCSH.txt
CCTV17,http://116.52.173.236:1234/673168256,,,,,,,,,,,CCSH.txt
CCTV17,http://117.63.79.182:1234/673168256,,,,,,,,,,,CCSH.txt
CCTV17,http://txycdn.video.qq.com/1370437903.m3u8?time=1788394073&from=player&cdn=tcloud&sdtfrom=v401010931632&platform=4010603&butype=31&HLSP2P=1&vkey=nvkey_AQQgII0rkC-q_bq-zq4tO1RlmH7jmTBrJ-DM7F2hI5VbG0zaECZlZvYeE_yC28Hyy_RsXIcBcGPK_u-ZL6LWa7XvPLCPoM_90l1efNBkscKwn8XDYI-o8I4ncL2Sryrr7vestUlkbcZ70DW2FENvpy5IFg6PjiAEuJXhkUNkxGgtHP1Aod9Cz9KwW_bE9QlEFx0HV42FJFrIkyjzgvfFdgTf73_N6vZkov05U3uI_A70cS9xVQpzcvFzcxo2F2ewE-E_9Z3kH5Qwc1rMgCLBJYIOA6vTjH4bpyVI9pVdiSc3TIy8szbtdO3gkqaZ4q85SCJgN5vE0GYhbqmGwjyaum5K_-NmhpkByFD0KzkzBecbq5zTOHI0ezXpFC0DjfgH4pz7_Ovh_ODXL_hx96ktZ3sU_ds_VHqOgO15H8zy6OZIiu4YaWzr74fXOFEhkS4AxavBfpUPRWm0vjJDHdsUbyKvMSVQCOsUTIDgAHexv_XouFRUXKnSw4n1lwfmnj9yh4_vXDkUNYefAWhOCnxddRDPg67vx0Q8hVyjIabqgaV--xtspDij&drmtype=0,,,,,,,,,,,CCSH.txt
CCTV17,http://221.7.175.154:8445/tsfile/live/1009_1.m3u8?key=txiptv&playlive=1&authid=0,,,,,,,,,,,CCSH.txt
风云剧场,http://dassby.qqff.top:99/live/风云剧场/index.m3u8,,,,,,,,,,,CCSH.txt
风云剧场,http://183.11.239.36:808/hls/95/index.m3u8,,,,,,,,,,,CCSH.txt
风云剧场,https://itv.1920.qzz.io/api/ysp.php?id=cctvfyjc,,,,,,,,,,,CCSH.txt
风云剧场,http://zhancheng.x3322.net:6699/live/1082/index.m3u8,,,,,,,,,,,CCSH.txt
风云剧场,http://1.82.144.44:4022/rtp/239.111.205.66:5140,,,,,,,,,,,CCSH.txt
兵器科技,https://itv.1920.qzz.io/api/ysp.php?id=cctvbqkj,,,,,,,,,,,CCSH.txt
兵器科技,https://hls-gateway.vpstv.net/streams/708856.m3u8,,,,,,,,,,,CCSH.txt
兵器科技,http://zhancheng.x3322.net:6699/live/1083/index.m3u8,,,,,,,,,,,CCSH.txt
兵器科技,http://1.82.144.44:4022/rtp/239.111.205.74:5140,,,,,,,,,,,CCSH.txt
第一剧场,http://183.11.239.36:808/hls/98/index.m3u8,,,,,,,,,,,CCSH.txt
第一剧场,http://dassby.qqff.top:99/live/第一剧场/index.m3u8,,,,,,,,,,,CCSH.txt
第一剧场,https://itv.1920.qzz.io/api/ysp.php?id=cctvdyjc,,,,,,,,,,,CCSH.txt
第一剧场,https://hls-gateway.vpstv.net/streams/708862.m3u8,,,,,,,,,,,CCSH.txt
第一剧场,http://zhancheng.x3322.net:6699/live/1081/index.m3u8,,,,,,,,,,,CCSH.txt
第一剧场,http://1.82.144.44:4022/rtp/239.111.205.65:5140,,,,,,,,,,,CCSH.txt
央视台球,http://dassby.qqff.top:99/live/央视台球/index.m3u8,,,,,,,,,,,CCSH.txt
央视台球,https://itv.1920.qzz.io/api/ysp.php?id=cctvystq,,,,,,,,,,,CCSH.txt
央视台球,https://epg.pw/stream/25677ac2e8c1f7c3dd6359c43eb5f0f54efb3f5c11f9dda18d01b3e0308ed017.m3u8,,,,,,,,,,,CCSH.txt
央视台球,https://epg.pw/stream/ca9c1cd4b97fb824cedd7fedfd0c7a950afdd7f00751cfbb7c2d89831d7746a5.m3u8,,,,,,,,,,,CCSH.txt
风云足球,http://dassby.qqff.top:99/live/风云足球/index.m3u8,,,,,,,,,,,CCSH.txt
风云足球,http://120.76.248.139/live/bfgd/4200000225.m3u8,,,,,,,,,,,CCSH.txt
风云足球,http://120.238.84.45:9901/tsfile/live/1087_1.m3u8?key=txiptv&playlive=1&authid=0,,,,,,,,,,,CCSH.txt
风云足球,https://itv.1920.qzz.io/api/ysp.php?id=cctvfyzq,,,,,,,,,,,CCSH.txt
高尔夫网球,http://1.82.144.44:4022/rtp/239.111.205.73:5140,,,,,,,,,,,CCSH.txt
世界地理,http://183.11.239.36:808/hls/11/index.m3u8,,,,,,,,,,,CCSH.txt
世界地理,http://120.76.248.139/live/bfgd/4200000177.m3u8,,,,,,,,,,,CCSH.txt
世界地理,http://dassby.qqff.top:99/live/世界地理/index.m3u8,,,,,,,,,,,CCSH.txt
世界地理,https://itv.1920.qzz.io/api/ysp.php?id=cctvsjdl,,,,,,,,,,,CCSH.txt
风云音乐,http://183.11.239.36:808/hls/99/index.m3u8,,,,,,,,,,,CCSH.txt
风云音乐,http://dassby.qqff.top:99/live/风云音乐/index.m3u8,,,,,,,,,,,CCSH.txt
风云音乐,https://itv.1920.qzz.io/api/ysp.php?id=cctvfyyy,,,,,,,,,,,CCSH.txt
风云音乐,http://rihou.cc:555/cqyx.php?id=fyyy,,,,,,,,,,,CCSH.txt
风云音乐,http://1.82.144.44:4022/rtp/239.111.205.69:5140,,,,,,,,,,,CCSH.txt
女性时尚,http://183.11.239.36:808/hls/12/index.m3u8,,,,,,,,,,,CCSH.txt
女性时尚,http://dassby.qqff.top:99/live/女性时尚/index.m3u8,,,,,,,,,,,CCSH.txt
女性时尚,http://120.76.248.139/live/bfgd/4200000176.m3u8,,,,,,,,,,,CCSH.txt
女性时尚,https://itv.1920.qzz.io/api/ysp.php?id=cctvnxss,,,,,,,,,,,CCSH.txt
女性时尚,http://rihou.cc:555/cqyx.php?id=nxss,,,,,,,,,,,CCSH.txt
女性时尚,http://1.82.144.44:4022/rtp/239.111.205.72:5140,,,,,,,,,,,CCSH.txt
怀旧剧场,http://120.76.248.139/live/bfgd/4200000224.m3u8,,,,,,,,,,,CCSH.txt
怀旧剧场,http://dassby.qqff.top:99/live/怀旧剧场/index.m3u8,,,,,,,,,,,CCSH.txt
怀旧剧场,http://183.11.239.36:808/hls/92/index.m3u8,,,,,,,,,,,CCSH.txt
怀旧剧场,https://itv.1920.qzz.io/api/ysp.php?id=cctvhjjc,,,,,,,,,,,CCSH.txt
怀旧剧场,http://zhancheng.x3322.net:6699/live/1088/index.m3u8,,,,,,,,,,,CCSH.txt
怀旧剧场,http://1.82.144.44:4022/rtp/239.111.205.67:5140,,,,,,,,,,,CCSH.txt
央视文化精品,http://183.11.239.36:808/hls/97/index.m3u8,,,,,,,,,,,CCSH.txt
央视文化精品,https://itv.1920.qzz.io/api/ysp.php?id=cctvyswhjp,,,,,,,,,,,CCSH.txt
央视文化精品,http://1.82.144.44:4022/rtp/239.111.205.75:5140,,,,,,,,,,,CCSH.txt
电视指南,http://120.76.248.139/live/bfgd/4200000164.m3u8,,,,,,,,,,,CCSH.txt
电视指南,http://183.11.239.36:808/hls/13/index.m3u8,,,,,,,,,,,CCSH.txt
电视指南,https://itv.1920.qzz.io/api/ysp.php?id=cctvdszn,,,,,,,,,,,CCSH.txt
电视指南,http://38.75.136.137:98/gslb/dsdqpub/dszn.m3u8?auth=testpub,,,,,,,,,,,CCSH.txt
电视指南,http://zhancheng.x3322.net:6699/live/1084/index.m3u8,,,,,,,,,,,CCSH.txt
老故事,http://kkk.888.3116598.xyz/api.php?n=tttt&id=ZcwZdM&tk=FgM0vQMejxvG,,,,,,,,,,,CCSH.txt
老故事,http://223.247.25.219:1234/884121956,,,,,,,,,,,CCSH.txt
老故事,http://116.52.173.236:1234/884121956,,,,,,,,,,,CCSH.txt
老故事,http://117.63.79.182:1234/884121956,,,,,,,,,,,CCSH.txt
老故事,http://27.12.12.174:1234/884121956,,,,,,,,,,,CCSH.txt
老故事,http://110.154.192.90:7788/884121956,,,,,,,,,,,CCSH.txt
老故事,http://hlsztemgsplive.miguvideo.com:8080/migu/kailu/cctvlaogushi/50/20231109/index.m3u8?msisdn=20260906040258320fac9738b4491eaf7a80eee0dc55e9&mdspid=&spid=699004&netType=0&sid=5910022002&pid=2028597139&timestamp=20260906040258&Channel_ID=0116_2600000900-99000-201600010010027&ProgramID=884121956&ParentNodeID=-99&assertID=5910022002&client_ip=171.8.79.254&SecurityKey=20260906040258&promotionId=&mvid=5900006372&mcid=500020&playurlVersion=WX-A1-9.8.2-SNAPSHOT&userid=&jmhm=&videocodec=h264&appCode=miguvideo_android&bean=mgspad&tid=android&conFee=0&encrypt=0c7f76218acf75a353ecfc8333617391,,,,,,,,,,,CCSH.txt
老故事,http://182.61.15.47:80/884121956,,,,,,,,,,,CCSH.txt
老故事,http://gslbmgsplive.miguvideo.com/migu/kailu/cctvlaogushi/50/20231109/index.m3u8?msisdn=6bb1f3cc5cebab26b1729d6e95e68b09&mdspid=&spid=699004&netType=0&sid=5910022002&pid=2028597139&timestamp=20260906032048&Channel_ID=0116_2600034600-99000-201600010010028&ProgramID=884121956&ParentNodeID=-99&assertID=5910022002&client_ip=39.103.188.159&SecurityKey=20260906032048&promotionId=&mvid=5900006372&mcid=500020&playurlVersion=WX-A1-9.8.2-SNAPSHOT&userid=&jmhm=&videocodec=h264&appCode=miguvideo_android&bean=mgspad&tid=android&conFee=0&puData=70543d7b2e1f646ec55f6cc29f0c777d&ddCalcu=d770v75a74lc3a0df79b22cec16ff65456ce&sv=10004&ct=android,,,,,,,,,,,CCSH.txt
老故事,http://fn.gcl.de5.net:5908/gsh950428/884121956,,,,,,,,,,,CCSH.txt
老故事,http://2280.eu.org:1234/884121956,,,,,,,,,,,CCSH.txt
老故事,http://117.63.79.167:1234/884121956,,,,,,,,,,,CCSH.txt
老故事,http://116.236.204.18:1234/884121956,,,,,,,,,,,CCSH.txt
老故事,http://27.12.12.92:1234/884121956,,,,,,,,,,,CCSH.txt
老故事,http://gslbmgsplive.miguvideo.com/migu/kailu/cctvlaogushi/50/20231109/index.m3u8?msisdn=884c3e587957656e686accc00717021b&mdspid=&spid=699004&netType=0&sid=5910022002&pid=2028597139&timestamp=20260905052051&Channel_ID=0116_2600034600-99000-201600010010028&ProgramID=884121956&ParentNodeID=-99&assertID=5910022002&client_ip=39.103.188.159&SecurityKey=20260905052051&promotionId=&mvid=5900006372&mcid=500020&playurlVersion=WX-A1-9.8.2-SNAPSHOT&userid=&jmhm=&videocodec=h264&appCode=miguvideo_android&bean=mgspad&tid=android&conFee=0&puData=b8c2bf7da618e36bf883a159a629d3e0&ddCalcu=0be8v3cad2l9ba2f67ad9a5611a83e8386fb&sv=10004&ct=android,,,,,,,,,,,CCSH.txt
老故事,http://182.61.15.163:80/884121956,,,,,,,,,,,CCSH.txt
老故事,http://60.168.105.200:5008/884121956,,,,,,,,,,,CCSH.txt
老故事,http://111.231.6.102:1234/884121956,,,,,,,,,,,CCSH.txt
老故事,http://hlsztemgsplive.miguvideo.com:8080/migu/kailu/cctvlaogushi/50/20231109/index.m3u8?msisdn=20260905060258dbfc6930ee2643179711c9a70ea2a13c&mdspid=&spid=699004&netType=0&sid=5910022002&pid=2028597139&timestamp=20260905060258&Channel_ID=0116_2600000900-99000-201600010010027&ProgramID=884121956&ParentNodeID=-99&assertID=5910022002&client_ip=171.8.79.254&SecurityKey=20260905060258&promotionId=&mvid=5900006372&mcid=500020&playurlVersion=WX-A1-9.8.2-SNAPSHOT&userid=&jmhm=&videocodec=h264&appCode=miguvideo_android&bean=mgspad&tid=android&conFee=0&encrypt=90d5c158b4be495ebdbb09551339838b,,,,,,,,,,,CCSH.txt
老故事,http://115.190.247.176:1111/884121956,,,,,,,,,,,CCSH.txt
发现之旅,http://kkk.888.3116598.xyz/api.php?n=tttt&id=8Nx7PR&tk=FgM0vQMejxvG,,,,,,,,,,,CCSH.txt
发现之旅,http://223.247.25.219:1234/624878970,,,,,,,,,,,CCSH.txt
发现之旅,http://116.52.173.236:1234/624878970,,,,,,,,,,,CCSH.txt
发现之旅,http://117.63.79.182:1234/624878970,,,,,,,,,,,CCSH.txt
发现之旅,http://27.12.12.174:1234/624878970,,,,,,,,,,,CCSH.txt
发现之旅,http://110.154.192.90:7788/624878970,,,,,,,,,,,CCSH.txt
发现之旅,http://hlsztemgsplive.miguvideo.com:8080/wd_r3/cnr/faxianzhilv/1000/index.m3u8?msisdn=2026090604025881396726fd1545dcae40755bcb252f17&mdspid=&spid=699004&netType=0&sid=5500212893&pid=2028597139&timestamp=20260906040258&Channel_ID=0116_2600000900-99000-201600010010027&ProgramID=624878970&ParentNodeID=-99&assertID=5500212893&client_ip=171.8.79.254&SecurityKey=20260906040258&promotionId=&mvid=5100001701&mcid=500020&playurlVersion=WX-A1-9.8.2-SNAPSHOT&userid=&jmhm=&videocodec=h264&appCode=miguvideo_android&bean=mgspad&tid=android&conFee=0&encrypt=cbf542c4ef2da87634c5cea81d477908,,,,,,,,,,,CCSH.txt
发现之旅,http://gslbmgsplive.miguvideo.com/wd_r3/cnr/faxianzhilv/2000/index.m3u8?msisdn=094524fc2b8b008429841f4a8951ef1f&mdspid=&spid=699004&netType=0&sid=5500212893&pid=2028597139&timestamp=20260906032049&Channel_ID=0116_2600034600-99000-201600010010028&ProgramID=624878970&ParentNodeID=-99&assertID=5500212893&client_ip=39.103.182.111&SecurityKey=20260906032049&promotionId=&mvid=5100001701&mcid=500020&playurlVersion=WX-A1-9.8.2-SNAPSHOT&userid=&jmhm=&videocodec=h264&appCode=miguvideo_android&bean=mgspad&tid=android&conFee=0&puData=3a34bfde4fd115ead0824255373e2756&ddCalcu=635av73a24leba3f7d3e545f2d4121850eda&sv=10004&ct=android,,,,,,,,,,,CCSH.txt
发现之旅,http://182.61.15.47:80/624878970,,,,,,,,,,,CCSH.txt
发现之旅,http://fn.gcl.de5.net:5908/gsh950428/624878970,,,,,,,,,,,CCSH.txt
发现之旅,http://2280.eu.org:1234/624878970,,,,,,,,,,,CCSH.txt
发现之旅,http://60.168.105.200:5008/624878970,,,,,,,,,,,CCSH.txt
发现之旅,http://116.236.204.18:1234/624878970,,,,,,,,,,,CCSH.txt
发现之旅,http://111.231.6.102:1234/624878970,,,,,,,,,,,CCSH.txt
发现之旅,http://27.12.12.92:1234/624878970,,,,,,,,,,,CCSH.txt
发现之旅,http://gslbmgsplive.miguvideo.com/wd_r3/cnr/faxianzhilv/2000/index.m3u8?msisdn=466919fe16056b94b1802c879c600c43&mdspid=&spid=699004&netType=0&sid=5500212893&pid=2028597139&timestamp=20260905052053&Channel_ID=0116_2600034600-99000-201600010010028&ProgramID=624878970&ParentNodeID=-99&assertID=5500212893&client_ip=39.103.182.111&SecurityKey=20260905052053&promotionId=&mvid=5100001701&mcid=500020&playurlVersion=WX-A1-9.8.2-SNAPSHOT&userid=&jmhm=&videocodec=h264&appCode=miguvideo_android&bean=mgspad&tid=android&conFee=0&puData=7ef2eb001aa59929a7d64344e28125d7&ddCalcu=77dev5fa22l1ea8b20e0414a3a4569d972a9&sv=10004&ct=android,,,,,,,,,,,CCSH.txt
发现之旅,http://117.63.79.167:1234/624878970,,,,,,,,,,,CCSH.txt
发现之旅,http://182.61.15.163:80/624878970,,,,,,,,,,,CCSH.txt
发现之旅,http://hlsztemgsplive.miguvideo.com:8080/wd_r3/cnr/faxianzhilv/1000/index.m3u8?msisdn=20260905060259455f306a165743c6bad99ba2e6de8ba0&mdspid=&spid=699004&netType=0&sid=5500212893&pid=2028597139&timestamp=20260905060259&Channel_ID=0116_2600000900-99000-201600010010027&ProgramID=624878970&ParentNodeID=-99&assertID=5500212893&client_ip=171.8.79.254&SecurityKey=20260905060259&promotionId=&mvid=5100001701&mcid=500020&playurlVersion=WX-A1-9.8.2-SNAPSHOT&userid=&jmhm=&videocodec=h264&appCode=miguvideo_android&bean=mgspad&tid=android&conFee=0&encrypt=323178326f385ea1379dda01f09bb864,,,,,,,,,,,CCSH.txt
发现之旅,http://115.190.247.176:1111/624878970,,,,,,,,,,,CCSH.txt
CCTV4K,http://198.204.240.250:82/live/cctv4k.m3u8,,,,,,,,,,,CCSH.txt
CCTV4K,https://live-play-hls.cctvnews.cctv.com/CCTVChannel/channel_cctv4k_mbd.m3u8?auth_key=1788512400-1-b59134a2ead43d7f783f943c8f535e7bb80c5169575b2e8efcd5b3ddea21b41c-813b97f9e9e41fdfc542694f4892a654&yid=b59134a2ead43d7f783f943c8f535e7bb80c5169575b2e8efcd5b3ddea21b41c,,,,,,,,,,,CCSH.txt
CCTV4K,https://live-play-hls.cctvnews.cctv.com/CCTVChannel/channel_cctv4k_mbd.m3u8?auth_key=1788696000-1-b59134a2ead43d7f783f943c8f535e7bb80c5169575b2e8efcd5b3ddea21b41c-4953c118f9e908da4e8326d09f9ddffc&yid=b59134a2ead43d7f783f943c8f535e7bb80c5169575b2e8efcd5b3ddea21b41c,,,,,,,,,,,CCSH.txt
CCTV8K,http://192.151.150.154/live/cctv8k.m3u8,,,,,,,,,,,CCSH.txt
CETV1,http://ottrrs.hl.chinamobile.com/PLTV/88888888/224/3221225652/index.m3u8,,,,,,,,,,,CCSH.txt
CETV1,http://player.cntv.cn/standard/live_HLSDRM20180524.swf?ChannelID=cetv1&videoTVChannel=cetv1&P2PChannelID=pd://cctv_p2p_hdcetv1&tai=cetv1&VideoName=cetv1&channelID=cetv1,,,,,,,,,,,CCSH.txt
CETV1,http://kkk.888.3116598.xyz/api.php?n=tttt&id=fL0XJF&tk=FgM0vQMejxvG,,,,,,,,,,,CCSH.txt
CETV1,http://kkk.888.3116598.xyz/api.php?n=tttt&id=D3LTjJ&tk=FgM0vQMejxvG,,,,,,,,,,,CCSH.txt
CETV1,http://kkk.888.3116598.xyz/api.php?n=tttt&id=qYvFjP&tk=FgM0vQMejxvG,,,,,,,,,,,CCSH.txt
CETV1,http://183.11.239.36:808/hls/122/index.m3u8,,,,,,,,,,,CCSH.txt
CETV1,http://120.198.86.186:9901/tsfile/live/1125_1.m3u8?key=txiptv&playlive=1&authid=0,,,,,,,,,,,CCSH.txt
CETV1,http://39.165.39.49:85/tsfile/live/1090_1.m3u8?key=txiptv&playlive=0&authid=0,,,,,,,,,,,CCSH.txt
CETV1,http://hlsztemgsplive.miguvideo.com:8080/migu/kailu/cetv1/50/20240709/index.m3u8?msisdn=20260906020259c9a3d51323434df08e08453885241dfb&mdspid=&spid=699004&netType=0&sid=5910022150&pid=2028597139&timestamp=20260906020259&Channel_ID=0116_2600000900-99000-201600010010027&ProgramID=923287154&ParentNodeID=-99&assertID=5910022150&client_ip=171.8.79.254&SecurityKey=20260906020259&promotionId=&mvid=5900006636&mcid=500020&playurlVersion=WX-A1-9.8.2-SNAPSHOT&userid=&jmhm=&videocodec=h264&appCode=miguvideo_android&bean=mgspad&tid=android&conFee=0&encrypt=5d968e689e8aba7a0bcc37b1cc6ec390,,,,,,,,,,,CCSH.txt
CETV1,http://fn.gcl.de5.net:5908/gsh950428/923287154,,,,,,,,,,,CCSH.txt
CETV1,http://2280.eu.org:1234/923287154,,,,,,,,,,,CCSH.txt
CETV1,http://hlsztemgsplive.miguvideo.com:8080/migu/kailu/cetv1/50/20240709/index.m3u8?msisdn=2026090506031095798e2d29b84fc1aa1fe455c2276ca3&mdspid=&spid=699004&netType=0&sid=5910022150&pid=2028597139&timestamp=20260905060310&Channel_ID=0116_2600000900-99000-201600010010027&ProgramID=923287154&ParentNodeID=-99&assertID=5910022150&client_ip=171.8.79.254&SecurityKey=20260905060310&promotionId=&mvid=5900006636&mcid=500020&playurlVersion=WX-A1-9.8.2-SNAPSHOT&userid=&jmhm=&videocodec=h264&appCode=miguvideo_android&bean=mgspad&tid=android&conFee=0&encrypt=4561c77fde81e207a32625e5e48cff2d,,,,,,,,,,,CCSH.txt
CETV1,http://115.190.247.176:1111/923287154,,,,,,,,,,,CCSH.txt
CETV1,http://123.113.205.253:3000/923287154,,,,,,,,,,,CCSH.txt
CETV1,http://47.104.178.59:3566/923287154,,,,,,,,,,,CCSH.txt
CETV1,http://111.31.22.5/cache.ott.fifalive.itv.cmvideo.cn/000000001000//1.m3u8?channel-id=bestzb&Contentid=5000000002000002652&livemode=1&stbId=3,,,,,,,,,,,CCSH.txt
CETV2,http://player.cntv.cn/standard/live_HLSDRM20180524.swf?ChannelID=cetv2&videoTVChannel=cetv2&P2PChannelID=pd://cctv_p2p_hdcetv2&tai=cetv2&VideoName=cetv2&channelID=cetv2,,,,,,,,,,,CCSH.txt
CETV2,http://kkk.888.3116598.xyz/api.php?n=tttt&id=VcK9LD&tk=FgM0vQMejxvG,,,,,,,,,,,CCSH.txt
CETV2,http://kkk.888.3116598.xyz/api.php?n=tttt&id=wXsslc&tk=FgM0vQMejxvG,,,,,,,,,,,CCSH.txt
CETV2,http://hlsztemgsplive.miguvideo.com:8080/migu/kailu/cetv2/50/20240709/index.m3u8?msisdn=2026090602025954377ebbf83b49179cc6c90b8c776be9&mdspid=&spid=699004&netType=0&sid=5910022152&pid=2028597139&timestamp=20260906020259&Channel_ID=0116_2600000900-99000-201600010010027&ProgramID=923287211&ParentNodeID=-99&assertID=5910022152&client_ip=171.8.79.254&SecurityKey=20260906020259&promotionId=&mvid=5900006638&mcid=500020&playurlVersion=WX-A1-9.8.2-SNAPSHOT&userid=&jmhm=&videocodec=h264&appCode=miguvideo_android&bean=mgspad&tid=android&conFee=0&encrypt=de55314a7561fb8978864ced5f730818,,,,,,,,,,,CCSH.txt
CETV2,http://fn.gcl.de5.net:5908/gsh950428/923287211,,,,,,,,,,,CCSH.txt
CETV2,http://2280.eu.org:1234/923287211,,,,,,,,,,,CCSH.txt
CETV2,http://hlsztemgsplive.miguvideo.com:8080/migu/kailu/cetv2/50/20240709/index.m3u8?msisdn=20260905060310f32996ba521448c9b61507e871f454d4&mdspid=&spid=699004&netType=0&sid=5910022152&pid=2028597139&timestamp=20260905060310&Channel_ID=0116_2600000900-99000-201600010010027&ProgramID=923287211&ParentNodeID=-99&assertID=5910022152&client_ip=171.8.79.254&SecurityKey=20260905060310&promotionId=&mvid=5900006638&mcid=500020&playurlVersion=WX-A1-9.8.2-SNAPSHOT&userid=&jmhm=&videocodec=h264&appCode=miguvideo_android&bean=mgspad&tid=android&conFee=0&encrypt=683611ee705663d15079f9aae522e63c,,,,,,,,,,,CCSH.txt
CETV2,http://120.76.248.139/live/bfgd/4200000492.m3u8,,,,,,,,,,,CCSH.txt
CETV2,http://115.190.247.176:1111/923287211,,,,,,,,,,,CCSH.txt
CETV2,http://123.113.205.253:3000/923287211,,,,,,,,,,,CCSH.txt
CETV2,http://47.104.178.59:3566/923287211,,,,,,,,,,,CCSH.txt
CETV2,http://198.204.228.26/live/cetv2.m3u8,,,,,,,,,,,CCSH.txt
CETV2,https://vip.taoiptv.cn/source/jsyd.php?id=G_CETV-2.m3u8&sign=mzxn4l,,,,,,,,,,,CCSH.txt
CETV2,http://221.221.153.193:8888/rtp/239.3.1.54:4120,,,,,,,,,,,CCSH.txt
CETV2,http://1.82.144.44:4022/rtp/239.109.205.48:8320,,,,,,,,,,,CCSH.txt
CETV3,http://kkk.888.3116598.xyz/api.php?n=tttt&id=s067jF&tk=FgM0vQMejxvG,,,,,,,,,,,CCSH.txt
CETV3,https://vip.taoiptv.cn/source/jsyd.php?id=G_CETV-3.m3u8&sign=mzxn4l,,,,,,,,,,,CCSH.txt
CETV3,http://221.221.153.193:8888/rtp/239.3.1.55:4120,,,,,,,,,,,CCSH.txt
CETV4,http://player.cntv.cn/standard/live_HLSDRM20180524.swf?ChannelID=cetv4&videoTVChannel=cetv4&P2PChannelID=pd://cctv_p2p_hdcetv4&tai=cetv4&VideoName=cetv4&channelID=cetv4,,,,,,,,,,,CCSH.txt
CETV4,http://kkk.888.3116598.xyz/api.php?n=tttt&id=rhrCc8&tk=FgM0vQMejxvG,,,,,,,,,,,CCSH.txt
CETV4,http://kkk.888.3116598.xyz/api.php?n=tttt&id=cFDXDG&tk=FgM0vQMejxvG,,,,,,,,,,,CCSH.txt
CETV4,http://kkk.888.3116598.xyz/api.php?n=tttt&id=bzOgmq&tk=FgM0vQMejxvG,,,,,,,,,,,CCSH.txt
CETV4,http://hlsztemgsplive.miguvideo.com:8080/migu/kailu/cetv4/50/20240709/index.m3u8?msisdn=2026090602030013a313ebce364655ad308ca8eb2da6a6&mdspid=&spid=699004&netType=0&sid=5910022154&pid=2028597139&timestamp=20260906020300&Channel_ID=0116_2600000900-99000-201600010010027&ProgramID=923287339&ParentNodeID=-99&assertID=5910022154&client_ip=171.8.79.254&SecurityKey=20260906020300&promotionId=&mvid=5900006640&mcid=500020&playurlVersion=WX-A1-9.8.2-SNAPSHOT&userid=&jmhm=&videocodec=h264&appCode=miguvideo_android&bean=mgspad&tid=android&conFee=0&encrypt=9a3339f4d1729d0e3364a282d47ffd22,,,,,,,,,,,CCSH.txt
CETV4,http://fn.gcl.de5.net:5908/gsh950428/923287339,,,,,,,,,,,CCSH.txt
CETV4,http://2280.eu.org:1234/923287339,,,,,,,,,,,CCSH.txt
CETV4,http://hlsztemgsplive.miguvideo.com:8080/migu/kailu/cetv4/50/20240709/index.m3u8?msisdn=202609050402582934f57709bd49859b4ddd243007dfba&mdspid=&spid=699004&netType=0&sid=5910022154&pid=2028597139&timestamp=20260905040258&Channel_ID=0116_2600000900-99000-201600010010027&ProgramID=923287339&ParentNodeID=-99&assertID=5910022154&client_ip=171.8.79.254&SecurityKey=20260905040258&promotionId=&mvid=5900006640&mcid=500020&playurlVersion=WX-A1-9.8.2-SNAPSHOT&userid=&jmhm=&videocodec=h264&appCode=miguvideo_android&bean=mgspad&tid=android&conFee=0&encrypt=98fd16e63a5f27337c0c59c5d88fb809,,,,,,,,,,,CCSH.txt
CETV4,http://115.190.247.176:1111/923287339,,,,,,,,,,,CCSH.txt
CETV4,http://123.113.205.253:3000/923287339,,,,,,,,,,,CCSH.txt
CETV4,http://47.104.178.59:3566/923287339,,,,,,,,,,,CCSH.txt
CETV4,http://198.204.228.26/live/cetv4.m3u8,,,,,,,,,,,CCSH.txt
CETV4,http://hlsztemgsplive.miguvideo.com:8080/migu/kailu/cetv4/50/20240709/index.m3u8?msisdn=20260905080258b3480842b9424a3d92665055ca872191&mdspid=&spid=699004&netType=0&sid=5910022154&pid=2028597139&timestamp=20260905080258&Channel_ID=0116_2600000900-99000-201600010010027&ProgramID=923287339&ParentNodeID=-99&assertID=5910022154&client_ip=171.8.79.254&SecurityKey=20260905080258&promotionId=&mvid=5900006640&mcid=500020&playurlVersion=WX-A1-9.8.2-SNAPSHOT&userid=&jmhm=&videocodec=h264&appCode=miguvideo_android&bean=mgspad&tid=android&conFee=0&encrypt=a5c3dcc17a94660e341488c932f074ac,,,,,,,,,,,CCSH.txt
CETV4,https://vip.taoiptv.cn/source/itv.php?id=中国教育电视台4.m3u8&sign=mzxn4l,,,,,,,,,,,CCSH.txt
CETV4,http://111.31.22.5/cache.ott.fifalive.itv.cmvideo.cn/000000001000//1.m3u8?channel-id=bestzb&Contentid=5000000011000031126&livemode=1&stbId=3,,,,,,,,,,,CCSH.txt
CETV4,http://markk.top:35455/itv/5000000011000031126.m3u8?cdn=ystenliveCCTV兵器科技,,,,,,,,,,,CCSH.txt
CETV4,http://117.161.12.124/live/program/live/zgjy4hd8m/8000000/mnf.m3u8,,,,,,,,,,,CCSH.txt
CETV4,http://221.221.153.193:8888/rtp/239.3.1.56:4120,,,,,,,,,,,CCSH.txt
CETV4,http://1.82.144.44:4022/rtp/239.109.205.49:8328,,,,,,,,,,,CCSH.txt
湖南卫视,http://ottrrs.hl.chinamobile.com/PLTV/88888888/224/3221226307/index.m3u8,,,,,,,,,,,CCSH.txt
湖南卫视,http://ottrrs.hl.chinamobile.com/PLTV/88888888/224/3221225610/index.m3u8,,,,,,,,,,,CCSH.txt
湖南卫视,http://satellitepull.cnr.cn/live/wx32hunws/playlist.m3u8,,,,,,,,,,,CCSH.txt
湖南卫视,http://kkk.888.3116598.xyz/api.php?n=tttt&id=7S9SpX&tk=FgM0vQMejxvG,,,,,,,,,,,CCSH.txt
湖南卫视,http://kkk.888.3116598.xyz/api.php?n=tttt&id=O5QZhN&tk=FgM0vQMejxvG,,,,,,,,,,,CCSH.txt
湖南卫视,http://kkk.888.3116598.xyz/api.php?n=tttt&id=vNBzZk&tk=FgM0vQMejxvG,,,,,,,,,,,CCSH.txt
湖南卫视,http://kkk.888.3116598.xyz/api.php?n=tttt&id=61vBao&tk=FgM0vQMejxvG,,,,,,,,,,,CCSH.txt
湖南卫视,http://kkk.888.3116598.xyz/api.php?n=tttt&id=1yYo68&tk=FgM0vQMejxvG,,,,,,,,,,,CCSH.txt
湖南卫视,http://kkk.888.3116598.xyz/api.php?n=tttt&id=F8VLrG&tk=FgM0vQMejxvG,,,,,,,,,,,CCSH.txt
湖南卫视,http://61.136.172.236:9901/tsfile/live/0128_1.m3u8?key=txiptv&playlive=1&authid=0,,,,,,,,,,,CCSH.txt
湖南卫视,http://61.136.172.236:9901/tsfile/live/0128_1.m3u8,,,,,,,,,,,CCSH.txt
湖南卫视,http://221.226.51.220:50081/newlive/live/hls/30/live.m3u8,,,,,,,,,,,CCSH.txt
湖南卫视,http://183.94.146.79:9901/tsfile/live/0128_2.m3u8?key=txiptv&playlive=1&authid=0,,,,,,,,,,,CCSH.txt
湖南卫视,http://113.57.140.161:10081/newlive/live/hls/30/live.m3u8,,,,,,,,,,,CCSH.txt
湖南卫视,http://49.87.154.246:10091/tsfile/live/1016_1.m3u8?key=txiptv&playlive=1&authid=0,,,,,,,,,,,CCSH.txt
湖南卫视,http://61.162.52.6:8088/newlive/live/hls/30/live.m3u8,,,,,,,,,,,CCSH.txt
湖南卫视,http://120.76.248.139/live/bfgd/4200000086.m3u8,,,,,,,,,,,CCSH.txt
湖南卫视,http://39.165.39.49:85/tsfile/live/1140_1.m3u8?key=txiptv&playlive=0&authid=0,,,,,,,,,,,CCSH.txt
浙江卫视,http://ottrrs.hl.chinamobile.com/PLTV/88888888/224/3221226339/index.m3u8,,,,,,,,,,,CCSH.txt
浙江卫视,http://ottrrs.hl.chinamobile.com/PLTV/88888888/224/3221225612/index.m3u8,,,,,,,,,,,CCSH.txt
浙江卫视,http://ali-xwl.cztv.com/live/channel01720Plxw.m3u8,,,,,,,,,,,CCSH.txt
浙江卫视,http://kkk.888.3116598.xyz/api.php?n=tttt&id=3erJTZ&tk=FgM0vQMejxvG,,,,,,,,,,,CCSH.txt
浙江卫视,http://kkk.888.3116598.xyz/api.php?n=tttt&id=L61sZ4&tk=FgM0vQMejxvG,,,,,,,,,,,CCSH.txt
浙江卫视,http://kkk.888.3116598.xyz/api.php?n=tttt&id=nHn2gE&tk=FgM0vQMejxvG,,,,,,,,,,,CCSH.txt
浙江卫视,http://kkk.888.3116598.xyz/api.php?n=tttt&id=ER7NWB&tk=FgM0vQMejxvG,,,,,,,,,,,CCSH.txt
浙江卫视,http://kkk.888.3116598.xyz/api.php?n=tttt&id=6Wckpl&tk=FgM0vQMejxvG,,,,,,,,,,,CCSH.txt
浙江卫视,http://kkk.888.3116598.xyz/api.php?n=tttt&id=OkLY1P&tk=FgM0vQMejxvG,,,,,,,,,,,CCSH.txt
浙江卫视,http://kkk.888.3116598.xyz/api.php?n=tttt&id=Wp4Edj&tk=FgM0vQMejxvG,,,,,,,,,,,CCSH.txt
浙江卫视,http://kkk.888.3116598.xyz/api.php?n=tttt&id=KV23BZ&tk=FgM0vQMejxvG,,,,,,,,,,,CCSH.txt
浙江卫视,http://58.57.40.22:9901/tsfile/live/1029_1.m3u8,,,,,,,,,,,CCSH.txt
浙江卫视,http://221.226.51.220:50081/newlive/live/hls/32/live.m3u8,,,,,,,,,,,CCSH.txt
浙江卫视,http://183.11.239.36:808/hls/37/index.m3u8,,,,,,,,,,,CCSH.txt
浙江卫视,http://183.94.146.79:9901/tsfile/live/0130_2.m3u8?key=txiptv&playlive=1&authid=0,,,,,,,,,,,CCSH.txt
浙江卫视,http://219.145.93.74:10000/tsfile/live/1005_1.m3u8?key=txiptv&playlive=1&authid=0,,,,,,,,,,,CCSH.txt
浙江卫视,http://113.57.140.161:10081/newlive/live/hls/32/live.m3u8,,,,,,,,,,,CCSH.txt
浙江卫视,http://49.87.154.246:10091/tsfile/live/1018_1.m3u8?key=txiptv&playlive=1&authid=0,,,,,,,,,,,CCSH.txt
浙江卫视,http://l.cztvcloud.com/channels/lantian/SXpinghu3/720p.m3u8,,,,,,,,,,,CCSH.txt
浙江卫视,http://61.162.52.6:8088/newlive/live/hls/32/live.m3u8,,,,,,,,,,,CCSH.txt
东方卫视,http://ottrrs.hl.chinamobile.com/PLTV/88888888/224/3221226345/index.m3u8,,,,,,,,,,,CCSH.txt
东方卫视,http://ottrrs.hl.chinamobile.com/PLTV/88888888/224/3221225735/index.m3u8,,,,,,,,,,,CCSH.txt
东方卫视,http://kkk.888.3116598.xyz/api.php?n=tttt&id=YIhhbe&tk=FgM0vQMejxvG,,,,,,,,,,,CCSH.txt
东方卫视,http://kkk.888.3116598.xyz/api.php?n=tttt&id=FROX54&tk=FgM0vQMejxvG,,,,,,,,,,,CCSH.txt
东方卫视,http://kkk.888.3116598.xyz/api.php?n=tttt&id=ZykvNW&tk=FgM0vQMejxvG,,,,,,,,,,,CCSH.txt
东方卫视,http://kkk.888.3116598.xyz/api.php?n=tttt&id=2usyfP&tk=FgM0vQMejxvG,,,,,,,,,,,CCSH.txt
东方卫视,http://kkk.888.3116598.xyz/api.php?n=tttt&id=UPCyWj&tk=FgM0vQMejxvG,,,,,,,,,,,CCSH.txt
东方卫视,http://kkk.888.3116598.xyz/api.php?n=tttt&id=DvmNwq&tk=FgM0vQMejxvG,,,,,,,,,,,CCSH.txt
东方卫视,http://kkk.888.3116598.xyz/api.php?n=tttt&id=KpSK4i&tk=FgM0vQMejxvG,,,,,,,,,,,CCSH.txt
东方卫视,http://221.226.51.220:50081/newlive/live/hls/29/live.m3u8,,,,,,,,,,,CCSH.txt
东方卫视,http://117.63.79.182:1234/651632648,,,,,,,,,,,CCSH.txt
东方卫视,http://49.87.154.246:10091/tsfile/live/1013_1.m3u8?key=txiptv&playlive=1&authid=0,,,,,,,,,,,CCSH.txt
东方卫视,http://223.247.25.219:1234/651632648,,,,,,,,,,,CCSH.txt
东方卫视,http://58.57.40.22:9901/tsfile/live/1030_1.m3u8,,,,,,,,,,,CCSH.txt
东方卫视,http://120.76.248.139/live/bfgd/4200000093.m3u8,,,,,,,,,,,CCSH.txt
东方卫视,http://hmfs.f3322.net:3388/hls/24/index.m3u8,,,,,,,,,,,CCSH.txt
东方卫视,http://113.57.140.161:10081/newlive/live/hls/29/live.m3u8,,,,,,,,,,,CCSH.txt
东方卫视,http://183.94.146.79:9901/tsfile/live/0125_2.m3u8?key=txiptv&playlive=1&authid=0,,,,,,,,,,,CCSH.txt
江苏卫视,http://ottrrs.hl.chinamobile.com/PLTV/88888888/224/3221226310/index.m3u8,,,,,,,,,,,CCSH.txt
江苏卫视,http://ottrrs.hl.chinamobile.com/PLTV/88888888/224/3221225613/index.m3u8,,,,,,,,,,,CCSH.txt
江苏卫视,http://kkk.888.3116598.xyz/api.php?n=tttt&id=IbAHtt&tk=FgM0vQMejxvG,,,,,,,,,,,CCSH.txt
江苏卫视,http://kkk.888.3116598.xyz/api.php?n=tttt&id=aDAKgo&tk=FgM0vQMejxvG,,,,,,,,,,,CCSH.txt
江苏卫视,http://kkk.888.3116598.xyz/api.php?n=tttt&id=8rAIRv&tk=FgM0vQMejxvG,,,,,,,,,,,CCSH.txt
江苏卫视,http://kkk.888.3116598.xyz/api.php?n=tttt&id=JIG6SZ&tk=FgM0vQMejxvG,,,,,,,,,,,CCSH.txt
江苏卫视,http://kkk.888.3116598.xyz/api.php?n=tttt&id=qpngMC&tk=FgM0vQMejxvG,,,,,,,,,,,CCSH.txt
江苏卫视,http://kkk.888.3116598.xyz/api.php?n=tttt&id=RyVQrA&tk=FgM0vQMejxvG,,,,,,,,,,,CCSH.txt
江苏卫视,http://kkk.888.3116598.xyz/api.php?n=tttt&id=AKsteK&tk=FgM0vQMejxvG,,,,,,,,,,,CCSH.txt
江苏卫视,http://kkk.888.3116598.xyz/api.php?n=tttt&id=oflzkv&tk=FgM0vQMejxvG,,,,,,,,,,,CCSH.txt
江苏卫视,http://221.226.51.220:50081/newlive/live/hls/31/live.m3u8,,,,,,,,,,,CCSH.txt
江苏卫视,http://61.136.172.236:9901/tsfile/live/0127_1.m3u8,,,,,,,,,,,CCSH.txt
江苏卫视,http://223.247.25.219:1234/623899368,,,,,,,,,,,CCSH.txt
江苏卫视,http://58.57.40.22:9901/tsfile/live/1031_1.m3u8,,,,,,,,,,,CCSH.txt
江苏卫视,http://117.63.79.182:1234/623899368,,,,,,,,,,,CCSH.txt
江苏卫视,http://183.94.146.79:9901/tsfile/live/0127_2.m3u8?key=txiptv&playlive=1&authid=0,,,,,,,,,,,CCSH.txt
江苏卫视,http://116.52.173.236:1234/623899368,,,,,,,,,,,CCSH.txt
江苏卫视,http://113.57.140.161:10081/newlive/live/hls/31/live.m3u8,,,,,,,,,,,CCSH.txt
江苏卫视,http://219.145.93.74:10000/tsfile/live/1008_1.m3u8?key=txiptv&playlive=1&authid=0,,,,,,,,,,,CCSH.txt
安徽卫视,http://ottrrs.hl.chinamobile.com/PLTV/88888888/224/3221226391/index.m3u8,,,,,,,,,,,CCSH.txt
安徽卫视,http://ottrrs.hl.chinamobile.com/PLTV/88888888/224/3221226498/index.m3u8,,,,,,,,,,,CCSH.txt
安徽卫视,http://kkk.888.3116598.xyz/api.php?n=tttt&id=CRZX5H&tk=FgM0vQMejxvG,,,,,,,,,,,CCSH.txt
安徽卫视,http://kkk.888.3116598.xyz/api.php?n=tttt&id=am1yBM&tk=FgM0vQMejxvG,,,,,,,,,,,CCSH.txt
安徽卫视,http://kkk.888.3116598.xyz/api.php?n=tttt&id=2NmDaA&tk=FgM0vQMejxvG,,,,,,,,,,,CCSH.txt
安徽卫视,http://kkk.888.3116598.xyz/api.php?n=tttt&id=TFEshi&tk=FgM0vQMejxvG,,,,,,,,,,,CCSH.txt
安徽卫视,http://kkk.888.3116598.xyz/api.php?n=tttt&id=8Cx5u9&tk=FgM0vQMejxvG,,,,,,,,,,,CCSH.txt
安徽卫视,http://kkk.888.3116598.xyz/api.php?n=tttt&id=xOh7si&tk=FgM0vQMejxvG,,,,,,,,,,,CCSH.txt
安徽卫视,http://61.136.172.236:9901/tsfile/live/0130_1.m3u8,,,,,,,,,,,CCSH.txt
安徽卫视,http://61.136.172.236:9901/tsfile/live/0130_1.m3u8?key=txiptv&playlive=1&authid=0,,,,,,,,,,,CCSH.txt
安徽卫视,http://58.57.40.22:9901/tsfile/live/1033_1.m3u8,,,,,,,,,,,CCSH.txt
安徽卫视,http://49.87.154.246:10091/tsfile/live/0130_1.m3u8?key=txiptv&playlive=1&authid=0,,,,,,,,,,,CCSH.txt
安徽卫视,http://219.145.93.74:10000/tsfile/live/0135_1.m3u8?key=txiptv&playlive=1&authid=0,,,,,,,,,,,CCSH.txt
安徽卫视,http://183.94.146.79:9901/tsfile/live/0121_2.m3u8?key=txiptv&playlive=1&authid=0,,,,,,,,,,,CCSH.txt
安徽卫视,http://219.147.245.238:25480/newlive/live/hls/40/live.m3u8,,,,,,,,,,,CCSH.txt
安徽卫视,http://123.138.216.44:9901/tsfile/live/0130_1.m3u8?key=txiptv&playlive=1&authid=0,,,,,,,,,,,CCSH.txt
安徽卫视,http://221.7.175.154:8445/tsfile/live/0130_1.m3u8?key=txiptv&playlive=1&authid=0,,,,,,,,,,,CCSH.txt
东南卫视,http://ottrrs.hl.chinamobile.com/PLTV/88888888/224/3221226341/index.m3u8,,,,,,,,,,,CCSH.txt
东南卫视,http://ottrrs.hl.chinamobile.com/PLTV/88888888/224/3221225620/index.m3u8,,,,,,,,,,,CCSH.txt
东南卫视,http://kkk.888.3116598.xyz/api.php?n=tttt&id=UsDI58&tk=FgM0vQMejxvG,,,,,,,,,,,CCSH.txt
东南卫视,http://kkk.888.3116598.xyz/api.php?n=tttt&id=KM02Go&tk=FgM0vQMejxvG,,,,,,,,,,,CCSH.txt
东南卫视,http://kkk.888.3116598.xyz/api.php?n=tttt&id=rhgaDE&tk=FgM0vQMejxvG,,,,,,,,,,,CCSH.txt
东南卫视,http://kkk.888.3116598.xyz/api.php?n=tttt&id=hDRjX9&tk=FgM0vQMejxvG,,,,,,,,,,,CCSH.txt
东南卫视,http://kkk.888.3116598.xyz/api.php?n=tttt&id=eD7Bfe&tk=FgM0vQMejxvG,,,,,,,,,,,CCSH.txt
东南卫视,http://kkk.888.3116598.xyz/api.php?n=tttt&id=ukuQj1&tk=FgM0vQMejxvG,,,,,,,,,,,CCSH.txt
东南卫视,http://kkk.888.3116598.xyz/api.php?n=tttt&id=vUcYGB&tk=FgM0vQMejxvG,,,,,,,,,,,CCSH.txt
东南卫视,http://117.63.79.182:1234/849116810,,,,,,,,,,,CCSH.txt
东南卫视,http://223.247.25.219:1234/849116810,,,,,,,,,,,CCSH.txt
东南卫视,http://221.226.51.220:50081/newlive/live/hls/20/live.m3u8,,,,,,,,,,,CCSH.txt
东南卫视,http://61.136.172.236:9901/tsfile/live/0137_1.m3u8,,,,,,,,,,,CCSH.txt
东南卫视,http://58.57.40.22:9901/tsfile/live/1037_1.m3u8,,,,,,,,,,,CCSH.txt
东南卫视,http://116.52.173.236:1234/849116810,,,,,,,,,,,CCSH.txt
东南卫视,http://58.56.162.102:4466/newlive/live/hls/20/live.m3u8,,,,,,,,,,,CCSH.txt
东南卫视,http://219.145.93.74:10000/tsfile/live/0116_1.m3u8?key=txiptv&playlive=1&authid=0,,,,,,,,,,,CCSH.txt
东南卫视,http://61.162.52.6:8088/newlive/live/hls/20/live.m3u8,,,,,,,,,,,CCSH.txt
东南卫视,http://113.57.140.161:10081/newlive/live/hls/20/live.m3u8,,,,,,,,,,,CCSH.txt
北京卫视,http://ottrrs.hl.chinamobile.com/PLTV/88888888/224/3221226450/index.m3u8,,,,,,,,,,,CCSH.txt
北京卫视,http://ottrrs.hl.chinamobile.com/PLTV/88888888/224/3221225728/index.m3u8,,,,,,,,,,,CCSH.txt
北京卫视,http://satellitepull.cnr.cn/live/wxbtv/playlist.m3u8,,,,,,,,,,,CCSH.txt
北京卫视,http://198.204.228.26/live/bjwshd.m3u8,,,,,,,,,,,CCSH.txt
北京卫视,http://kkk.888.3116598.xyz/api.php?n=tttt&id=Jm7bhg&tk=FgM0vQMejxvG,,,,,,,,,,,CCSH.txt
北京卫视,http://kkk.888.3116598.xyz/api.php?n=tttt&id=yUi1um&tk=FgM0vQMejxvG,,,,,,,,,,,CCSH.txt
北京卫视,http://kkk.888.3116598.xyz/api.php?n=tttt&id=v0kvH1&tk=FgM0vQMejxvG,,,,,,,,,,,CCSH.txt
北京卫视,http://kkk.888.3116598.xyz/api.php?n=tttt&id=WsHTZA&tk=FgM0vQMejxvG,,,,,,,,,,,CCSH.txt
北京卫视,http://kkk.888.3116598.xyz/api.php?n=tttt&id=bkpkjY&tk=FgM0vQMejxvG,,,,,,,,,,,CCSH.txt
北京卫视,http://kkk.888.3116598.xyz/api.php?n=tttt&id=PdkXdi&tk=FgM0vQMejxvG,,,,,,,,,,,CCSH.txt
北京卫视,http://kkk.888.3116598.xyz/api.php?n=tttt&id=kTrxmd&tk=FgM0vQMejxvG,,,,,,,,,,,CCSH.txt
北京卫视,http://223.247.25.219:1234/630287636,,,,,,,,,,,CCSH.txt
北京卫视,http://183.11.239.36:808/hls/41/index.m3u8,,,,,,,,,,,CCSH.txt
北京卫视,http://117.63.79.182:1234/630287636,,,,,,,,,,,CCSH.txt
北京卫视,http://183.94.146.79:9901/tsfile/live/0122_1.m3u8?key=txiptv&playlive=1&authid=0,,,,,,,,,,,CCSH.txt
北京卫视,http://116.52.173.236:1234/630287636,,,,,,,,,,,CCSH.txt
海南卫视,http://ottrrs.hl.chinamobile.com/PLTV/88888888/224/3221226465/index.m3u8,,,,,,,,,,,CCSH.txt
海南卫视,http://ottrrs.hl.chinamobile.com/PLTV/88888888/224/3221225639/index.m3u8,,,,,,,,,,,CCSH.txt
海南卫视,http://204.12.221.218:8181/3m1080p/lyws.m3u8,,,,,,,,,,,CCSH.txt
海南卫视,http://kkk.888.3116598.xyz/api.php?n=tttt&id=U3zBg1&tk=FgM0vQMejxvG,,,,,,,,,,,CCSH.txt
海南卫视,http://kkk.888.3116598.xyz/api.php?n=tttt&id=8IlsMR&tk=FgM0vQMejxvG,,,,,,,,,,,CCSH.txt
海南卫视,http://kkk.888.3116598.xyz/api.php?n=tttt&id=D4tFmw&tk=FgM0vQMejxvG,,,,,,,,,,,CCSH.txt
海南卫视,http://kkk.888.3116598.xyz/api.php?n=tttt&id=HYUJxA&tk=FgM0vQMejxvG,,,,,,,,,,,CCSH.txt
海南卫视,http://kkk.888.3116598.xyz/api.php?n=tttt&id=Pmt4x6&tk=FgM0vQMejxvG,,,,,,,,,,,CCSH.txt
海南卫视,http://kkk.888.3116598.xyz/api.php?n=tttt&id=45a7ux&tk=FgM0vQMejxvG,,,,,,,,,,,CCSH.txt
海南卫视,http://kkk.888.3116598.xyz/api.php?n=tttt&id=aPRfdh&tk=FgM0vQMejxvG,,,,,,,,,,,CCSH.txt
海南卫视,http://117.63.79.182:1234/947472502,,,,,,,,,,,CCSH.txt
海南卫视,https://www.yangshipin.cn/tv/home?pid=600002506,,,,,,,,,,,CCSH.txt
海南卫视,http://223.247.25.219:1234/947472502,,,,,,,,,,,CCSH.txt
海南卫视,http://58.57.40.22:9901/tsfile/live/1000_1.m3u8,,,,,,,,,,,CCSH.txt
海南卫视,http://183.11.239.36:808/hls/124/index.m3u8,,,,,,,,,,,CCSH.txt
海南卫视,http://116.52.173.236:1234/947472502,,,,,,,,,,,CCSH.txt
海南卫视,http://27.12.12.174:1234/947472502,,,,,,,,,,,CCSH.txt
