频道名,地址,回播地址,回播类型,回播天数,tvg-id,tvg-name,国家分组,语言分组,图标,原分组,分辨率,来源文件
ABC 7 Washington DC (WJLA) (1080p),https://linear-681.frequency.stream/dist/stirr/681/hls/master/playlist.m3u8,,,,ABC.us@WJLATV,,,,https://i.imgur.com/pvXZ8DX.png,General,,iptv-org-all.txt
ABC 9 Manchester NH (WMUR-TV) (720p),https://aegis-cloudfront-1.tubi.video/b77ffe96-c5d1-43a7-8687-306ff244d725/playlist.m3u8,,,,ABC.us@WMURTV,,,,https://i.imgur.com/pvXZ8DX.png,General,,iptv-org-all.txt
ABC 9 Orlando FL (WFTV) (720p),https://amg00327-coxmediagroup-wftvbreaking-ono-hec7b.amagi.tv/playlist/amg00327-coxmediagroup-wftvbreaking-ono/playlist.m3u8,,,,ABC.us@WFTV,,,,https://i.imgur.com/pvXZ8DX.png,General,,iptv-org-all.txt
ABC 9 Tucson AZ (KGUN) (720p),https://aegis-cloudfront-1.tubi.video/a53514a7-f2aa-4d34-802e-c2b5594fc0d7/playlist.m3u8,,,,ABC.us@KGUNTV,,,,https://i.imgur.com/pvXZ8DX.png,General,,iptv-org-all.txt
ABC 10 Duluth MN (WDIO) (1080p),https://amg01942-amg01942c3-stirr-us-10196.playouts.now.amagi.tv/playlist.m3u8,,,,ABC.us@WDIODT,,,,https://i.imgur.com/ZQ5uRhr.png,General,,iptv-org-all.txt
ABC 10 San Diego CA (KGTV) (720p),https://aegis-cloudfront-1.tubi.video/1a352414-3a30-4f42-b14b-c091d02a5e45/playlist.m3u8,,,,ABC.us@KGTV,,,,https://i.imgur.com/pvXZ8DX.png,General,,iptv-org-all.txt
ABC 12 Milwaukee WI (WISN) (720p),https://aegis-cloudfront-1.tubi.video/ec903a48-3638-4d0b-ac89-813e147bca58/playlist.m3u8,,,,ABC.us@WISNTV,,,,https://i.imgur.com/pvXZ8DX.png,General,,iptv-org-all.txt
ABC 13 Asheville NC (WLOS) (1080p),https://linear-695.frequency.stream/dist/stirr/695/hls/master/playlist.m3u8,,,,ABC.us@WLOS,,,,https://i.imgur.com/pvXZ8DX.png,General,,iptv-org-all.txt
ABC 13 Las Vegas NV (KTNV) (720p),https://content.uplynk.com/channel/39919d3f7a074eefa8bf579214e952f9.m3u8,,,,CW.us@KTNVTV,,,,https://upload.wikimedia.org/wikipedia/commons/2/27/WWAY_logo.png,General,,iptv-org-all.txt
ABC 15 Myrtle Beach FL (WPDE) (1080p),https://linear-696.frequency.stream/dist/stirr/696/hls/master/playlist.m3u8,,,,ABC.us@WPDETV,,,,https://i.imgur.com/pvXZ8DX.png,General,,iptv-org-all.txt
ABC 15 Phoenix AZ (KNXV) (720p),https://aegis-cloudfront-1.tubi.video/e923f4ce-7229-4e01-a25e-d453993dab82/playlist.m3u8,,,,KNXVTV611.us@HD,,,,https://i.imgur.com/43s7KXt.png,General,,iptv-org-all.txt
ABC 22 Dayton OH (WKEF) (1080p),https://linear-690.frequency.stream/dist/stirr/690/hls/master/playlist.m3u8,,,,Roar.us@WKEF,,,,https://upload.wikimedia.org/wikipedia/commons/2/27/WWAY_logo.png,Entertainment,,iptv-org-all.txt
ABC 23 Bakersfield CA (KERO) (720p),https://aegis-cloudfront-1.tubi.video/69c4e4f9-84fa-43eb-b38e-6d1f9464ca73/playlist.m3u8,,,,ABC.us@KEROTV,,,,https://i.imgur.com/pvXZ8DX.png,General,,iptv-org-all.txt
ABC 25 News Central Texas (720p),https://content.uplynk.com/channel/9d4e02c9c3544c269d32e6b316792c8f.m3u8,,,,ABC.us@KXXV,,,,https://i.imgur.com/pvXZ8DX.png,General,,iptv-org-all.txt
ABC 27 Tallahassee FL (WTXL) (720p),https://aegis-cloudfront-1.tubi.video/e739361e-fa12-4cac-92f3-e0dbf332cd88/playlist.m3u8,,,,ABC.us@WTXLTV,,,,https://i.imgur.com/pvXZ8DX.png,General,,iptv-org-all.txt
ABC (WPLG-DT1) Miami FL (720p),https://pubads.g.doubleclick.net/ssai/event/tQD6w9OJQVOobcyV3Dammw/master.m3u8,,,,WPLG101.us@HD,,,,https://upload.wikimedia.org/wikipedia/commons/thumb/d/dd/WPLG_Local_10_%282014%2C_without_ABC_logo%29.svg/500px-WPLG_Local_10_%282014%2C_without_ABC_logo%29.svg.png,News,,iptv-org-all.txt
ABC Entertains (720p),https://c.mjh.nz/abc-me.m3u8,,,,ABCEntertains.au@Sydney,,,,https://upload.wikimedia.org/wikipedia/en/thumb/3/35/ABC_Entertains_logo.svg/960px-ABC_Entertains_logo.svg.png,Education;Kids,,iptv-org-all.txt
ABC Kids,https://c.mjh.nz/abc-kids.m3u8,,,,ABCKids.au@Sydney,,,,https://static.wikia.nocookie.net/logopedia/images/2/29/ABC_Kids_%282020%29.svg/revision/latest/scale-to-width-down/512,Kids,,iptv-org-all.txt
ABC News (720p),https://abc-news-dmd-streams-1.akamaized.net/out/v1/701126012d044971b3fa89406a440133/index.m3u8,,,,ABCNews.au@Sydney,,,,https://i.imgur.com/BrW7gk8.png,News,,iptv-org-all.txt
ABC News Live (720p),https://jmp2.uk/plu-6508be683a0d700008c534e4.m3u8,,,,ABCNewsLive.us@SD,,,,https://upload.wikimedia.org/wikipedia/commons/thumb/6/63/ABC_News_Live_logo_2021.svg/960px-ABC_News_Live_logo_2021.svg.png,News,,iptv-org-all.txt
ABC News Live 1 (720p),https://abcnews-streams.akamaized.net/hls/live/2023560/abcnewshudson1/master.m3u8,,,,ABCNewsLive1.us@SD,,,,https://upload.wikimedia.org/wikipedia/commons/thumb/6/63/ABC_News_Live_logo_2021.svg/960px-ABC_News_Live_logo_2021.svg.png,News,,iptv-org-all.txt
ABC News Live 2 (720p),https://abcnews-streams.akamaized.net/hls/live/2023561/abcnewshudson2/master.m3u8,,,,ABCNewsLive2.us@SD,,,,https://upload.wikimedia.org/wikipedia/commons/thumb/6/63/ABC_News_Live_logo_2021.svg/960px-ABC_News_Live_logo_2021.svg.png,News,,iptv-org-all.txt
ABC News Live 3 (720p),https://abcnews-streams.akamaized.net/hls/live/2023562/abcnewshudson3/master.m3u8,,,,ABCNewsLive3.us@SD,,,,https://upload.wikimedia.org/wikipedia/commons/thumb/6/63/ABC_News_Live_logo_2021.svg/960px-ABC_News_Live_logo_2021.svg.png,News,,iptv-org-all.txt
ABC News Live 4 (720p),https://abcnews-streams.akamaized.net/hls/live/2023563/abcnewshudson4/master.m3u8,,,,ABCNewsLive4.us@SD,,,,https://upload.wikimedia.org/wikipedia/commons/thumb/6/63/ABC_News_Live_logo_2021.svg/960px-ABC_News_Live_logo_2021.svg.png,News,,iptv-org-all.txt
ABC News Live 5 (720p),https://abcnews-streams.akamaized.net/hls/live/2023564/abcnewshudson5/master.m3u8,,,,ABCNewsLive5.us@SD,,,,https://upload.wikimedia.org/wikipedia/commons/thumb/6/63/ABC_News_Live_logo_2021.svg/960px-ABC_News_Live_logo_2021.svg.png,News,,iptv-org-all.txt
ABC News Live 6 (720p),https://abcnews-streams.akamaized.net/hls/live/2023565/abcnewshudson6/master.m3u8,,,,ABCNewsLive6.us@SD,,,,https://upload.wikimedia.org/wikipedia/commons/thumb/6/63/ABC_News_Live_logo_2021.svg/960px-ABC_News_Live_logo_2021.svg.png,News,,iptv-org-all.txt
ABC News Live 7 (720p),https://abcnews-streams.akamaized.net/hls/live/2023566/abcnewshudson7/master.m3u8,,,,ABCNewsLive7.us@SD,,,,https://upload.wikimedia.org/wikipedia/commons/thumb/6/63/ABC_News_Live_logo_2021.svg/960px-ABC_News_Live_logo_2021.svg.png,News,,iptv-org-all.txt
ABC News Live 8 (720p),https://abcnews-streams.akamaized.net/hls/live/2023567/abcnewshudson8/master.m3u8,,,,ABCNewsLive8.us@SD,,,,https://upload.wikimedia.org/wikipedia/commons/thumb/6/63/ABC_News_Live_logo_2021.svg/960px-ABC_News_Live_logo_2021.svg.png,News,,iptv-org-all.txt
ABC News Live 9 (720p),https://abcnews-streams.akamaized.net/hls/live/2023568/abcnewshudson9/master.m3u8,,,,ABCNewsLive9.us@SD,,,,https://upload.wikimedia.org/wikipedia/commons/thumb/6/63/ABC_News_Live_logo_2021.svg/960px-ABC_News_Live_logo_2021.svg.png,News,,iptv-org-all.txt
ABC News Live 10 (720p),https://abcnews-streams.akamaized.net/hls/live/2023569/abcnewshudson10/master.m3u8,,,,ABCNewsLive10.us@SD,,,,https://upload.wikimedia.org/wikipedia/commons/thumb/6/63/ABC_News_Live_logo_2021.svg/960px-ABC_News_Live_logo_2021.svg.png,News,,iptv-org-all.txt
ABC Teleshow (720p),https://live-evg10.tv360.bitel.com.pe/bitel/abctv/playlist.m3u8,,,,ABCTeleshow.pe@SD,,,,https://i.imgur.com/cF7gJ2Q.jpeg,General,,iptv-org-all.txt
ABC TV ACT (720p),https://c.mjh.nz/abc-act.m3u8,,,,ABCTV.au@ACT,,,,https://i.imgur.com/DPVQSjM.png,General,,iptv-org-all.txt
ABC TV NSW (720p),https://c.mjh.nz/abc-nsw.m3u8,,,,ABCTV.au@NSW,,,,https://i.imgur.com/DPVQSjM.png,General,,iptv-org-all.txt
ABC TV NT (720p),https://c.mjh.nz/abc-nt.m3u8,,,,ABCTV.au@NT,,,,https://i.imgur.com/DPVQSjM.png,General,,iptv-org-all.txt
ABC TV Plus (720p),https://c.mjh.nz/abc-tv-plus.m3u8,,,,ABCTVPlus.au@Sydney,,,,https://upload.wikimedia.org/wikipedia/en/thumb/0/0f/ABC_TV_Plus_logo_2021.svg/500px-ABC_TV_Plus_logo_2021.svg.png,Entertainment,,iptv-org-all.txt
ABC TV QLD (720p),https://c.mjh.nz/abc-qld.m3u8,,,,ABCTV.au@QLD,,,,https://i.imgur.com/DPVQSjM.png,General,,iptv-org-all.txt
ABC TV SA (720p),https://c.mjh.nz/abc-sa.m3u8,,,,ABCTV.au@SA,,,,https://i.imgur.com/DPVQSjM.png,General,,iptv-org-all.txt
ABC TV TAS (720p),https://c.mjh.nz/abc-tas.m3u8,,,,ABCTV.au@TAS,,,,https://i.imgur.com/DPVQSjM.png,General,,iptv-org-all.txt
ABC TV VIC (720p),https://c.mjh.nz/abc-vic.m3u8,,,,ABCTV.au@VIC,,,,https://i.imgur.com/DPVQSjM.png,General,,iptv-org-all.txt
ABC TV WA (720p),https://c.mjh.nz/abc-wa.m3u8,,,,ABCTV.au@WA,,,,https://i.imgur.com/DPVQSjM.png,General,,iptv-org-all.txt
ABC West (720p),http://stream.cammonitorplus.net/1797/index.m3u8,,,,ABC.us@West,,,,https://i.imgur.com/pvXZ8DX.png,General,,iptv-org-all.txt
ABC WWAY 3,https://townnews.g-mana.live/media/027a05c7-43b6-49eb-ad10-a0c0f10a0754/main.m3u8,,,,ABC.us@WWAY,,,,https://i.imgur.com/pvXZ8DX.png,General,,iptv-org-all.txt
Abdulmajeed Abdullah (1080p),https://d2hng5r56zpsbw.cloudfront.net/out/v1/9c4c990f44bb4767bb46271f326dd574/index.m3u8,,,,AbdulmajeedAbdullah.sa@SD,,,,https://assets.mbcmood.com/channels/1720184087Abdullah%20Majeed%20Abdullah%20banner.png,Music,,iptv-org-all.txt
AbejalesTV (720p),https://183.bozztv.com/giatv/giatv-AbejalesTV/AbejalesTV/playlist.m3u8,,,,AbejalesTV.ve@HD,,,,https://blogger.googleusercontent.com/img/a/AVvXsEgao1fVZ7tV_ExJErlM5JsI8Rxv5TXJSU7ZE6p-g_qSXOiRKrAjCmX650Aw1PYv6cPqML3eKDQGZ_Z5BPYpeLwwAbZay3g4mpTVBW9Xs5D9nEVPD1i9xfOKQsRCFrOJhBgRt9L9yhfLimbu7S4Ozio2tiZ5uc45lRtyS6RjMpI-Ts1n2m_THG8K19R4STns=w800,Undefined,,iptv-org-all.txt
ABHP TV (480p),https://vietprocast.app/hls/abhp/index.m3u8,,,,ABHPTV.us@HD,,,,https://i.imgur.com/QznvBD7.png,Religious,,iptv-org-all.txt
ABN Afghanistan (540p),https://mediaserver.abnvideos.com/streams/abnafghanistan.m3u8,,,,ABNAfghanistan.us@SD,,,,https://i.imgur.com/LI30mAt.png,Religious,,iptv-org-all.txt
ABN Africa (480p),https://mediaserver.abnvideos.com/streams/abnafrica.m3u8,,,,ABNAfrica.us@SD,,,,https://i.imgur.com/SLrX8Ef.png,Religious,,iptv-org-all.txt
ABN Andhra Jyoti (720p),https://mumbai-edge.smartplaytv.in/ABNAJ/index.m3u8,,,,ABNAndhraJyoti.in@SD,,,,https://dtil.tmsimg.com/assets/s142517_ld_h15_aa.png?lock=720x540,News,,iptv-org-all.txt
ABN Bible Movies (720p),https://mediaserver.abnvideos.com/streams/abnbiblemovies.m3u8,,,,ABNBibleMoviesChannel.us@SD,,,,https://i.imgur.com/NCqZdaL.png,Movies;Religious,,iptv-org-all.txt
ABN China (720p),https://mediaserver.abnvideos.com/streams/abnchina.m3u8,,,,ABNChina.us@SD,,,,https://i.imgur.com/zagVLQH.png,Religious,,iptv-org-all.txt
ABN News (1080p),http://115.42.65.142:9981/stream/channelid/966869781,,,,ABNNews.pk@SD,,,,,News,,iptv-org-all.txt
ABN TV (720p),https://vod2.abn.co.kr/IPHONE/abn.m3u8,,,,ABN.kr@SD,,,,https://www.abn.co.kr/resources/images/logo.png,General,,iptv-org-all.txt
ABN TV India (540p),https://mediaserver.abnvideos.com/streams/abntvindia.m3u8,,,,ABNTVIndia.us@SD,,,,https://i.imgur.com/VcZn60X.png,Religious,,iptv-org-all.txt
ABN Urdu (540p),https://mediaserver.abnvideos.com/streams/abnurdu.m3u8,,,,ABNUrdu.us@SD,,,,https://i.imgur.com/Y9ScPIl.png,Religious,,iptv-org-all.txt
ABNsat (720p),https://mediaserver.abnvideos.com/streams/abnsat.m3u8,,,,ABNsat.iq@SD,,,,https://i.imgur.com/WhPlJzh.jpeg,Religious,,iptv-org-all.txt
ABP Ananda (1080p),https://d2l4ar6y3mrs4k.cloudfront.net/live-streaming/ananda-livetv/master.m3u8,,,,ABPAnanda.in@SD,,,,https://dtil.tmsimg.com/assets/s142518_ld_h15_aa.png?lock=720x540,News,,iptv-org-all.txt
ABP Asmita (1080p),https://d2l4ar6y3mrs4k.cloudfront.net/live-streaming/asmita-livetv/master.m3u8,,,,ABPAsmita.in@SD,,,,https://upload.wikimedia.org/wikipedia/commons/thumb/2/20/ABP_Asmita_logo.svg/500px-ABP_Asmita_logo.svg.png,News,,iptv-org-all.txt
ABP Ganga (1080p),https://d2l4ar6y3mrs4k.cloudfront.net/live-streaming/ganga-livetv/master.m3u8,,,,ABPGanga.in@SD,,,,https://upload.wikimedia.org/wikipedia/commons/thumb/c/cf/ABP_Ganga.svg/500px-ABP_Ganga.svg.png,News,,iptv-org-all.txt
ABP Majha (360p),https://yupprestreamliveus.akamaized.net/vglive-sk-355289/majha/master.m3u8,,,,ABPMajha.in@SD,,,,https://dtil.tmsimg.com/assets/s142521_ld_h15_aa.png?lock=720x540,News,,iptv-org-all.txt
ABP News (1080p),https://d1rc86nwwc9fag.cloudfront.net/vglive-sk-472500/abpnews/master.m3u8,,,,ABPNews.in@SD,,,,https://dtil.tmsimg.com/assets/s158138_ld_h15_aa.png?lock=720x540,News,,iptv-org-all.txt
ABTelevision (720p),https://live-evg8.tv360.bitel.com.pe/bitel/abctelevisionSRT/playlist.m3u8,,,,ABTelevision.pe@SD,,,,https://i.imgur.com/tqMDscD.png,General,,iptv-org-all.txt
ABTV Bariloche,https://videostream.shockmedia.com.ar/hls/abtvbariloche/abtvbariloche.m3u8,,,,ABTVBariloche.ar@SD,,,,https://i.imgur.com/l4TSfDr.png,General,,iptv-org-all.txt
Abya Yala TV (720p),http://15.204.246.24:8080/AbyaYalaTvHD/index.m3u8,,,,AbyaYalaTV.bo@SD,,,,https://abyayala.tv.bo/wp-content/uploads/2024/04/MOSCA-BLANCA-OK-308x189.png,General,,iptv-org-all.txt
AC TV (480p) [Not 24/7],https://ssh101stream.ssh101.com/akamaissh101/ssh101/actvstream/playlist.m3u8,,,,ACTV.tg@SD,,,,https://i.imgur.com/SYugK7Y.png,Religious,,iptv-org-all.txt
Acapulco Shore,https://jmp2.uk/plu-64dab1f835425100080e1e7b.m3u8,,,,AcapulcoShore.us@US,,,,https://images.pluto.tv/channels/61a52615cbef2500072876e2/colorLogoPNG_1756972226445.png,Series,,iptv-org-all.txt
Acapulco Shore Pluto TV,https://jmp2.uk/plu-61a52615cbef2500072876e2.m3u8,,,,AcapulcoShore.us@LatAm,,,,https://images.pluto.tv/channels/61a52615cbef2500072876e2/colorLogoPNG_1756972226445.png,Series,,iptv-org-all.txt
ACC Network (720p),http://23.239.31.26:8989/accnetwork/index.m3u8,,,,ACCNetwork.us@SD,,,,https://i.imgur.com/TpCkbkT.png,Sports,,iptv-org-all.txt
ACCDN (1080p),https://raycom-accdn-firetv.amagi.tv/playlist.m3u8,,,,ACCDigitalNetwork.us@SD,,,,https://i.imgur.com/V6Kaqha.png,Sports,,iptv-org-all.txt
Access 4 PAC,https://reflect-channel18vod-springfield-il-us.cablecast.tv/live-16/live/stream-4/live.m3u8,,,,Access4PAC.us@SD,,,,https://i.imgur.com/DQu3gES.png,General,,iptv-org-all.txt
Access 19,https://reflect-montgomerycommunitymedia.cablecast.tv/live-8/live/stream-3/live.m3u8,,,,Access19.us@SD,,,,https://i.imgur.com/7F4LJMT.png,General,,iptv-org-all.txt
Access Humboldt (1080p),https://rtmp-live-ingest-ap-northeast-2-universe-dacast-com.akamaized.net/transmuxv1/streams/f08fcd45-1d04-9a8c-39ca-f56091820e5c.m3u8,,,,AccessHumboldt.us@SD,,,,https://i.imgur.com/tJl43uM.png,General,,iptv-org-all.txt
Access Media Productions Channel (720p),https://dlttx48mxf9m3.cloudfront.net/vod_clients/amp/live/ch1/video.m3u8,,,,AMP1.us@SD,,,,https://i.imgur.com/3ZhrthD.png,General,,iptv-org-all.txt
Access Media Productions Community Channel (720p),https://dlttx48mxf9m3.cloudfront.net/vod_clients/amp/live/ch2/video.m3u8,,,,AMP2.us@SD,,,,https://i.imgur.com/nfur3FR.png,Culture,,iptv-org-all.txt
Access Media Productions Marina TV (720p),https://dlttx48mxf9m3.cloudfront.net/vod_clients/amp/live/ch4/video.m3u8,,,,TheCityofMarina.us@SD,,,,https://i.imgur.com/ldyanxN.png,Legislative,,iptv-org-all.txt
Access Media Productions Monterey Channel (720p),https://dlttx48mxf9m3.cloudfront.net/vod_clients/amp/live/ch3/video.m3u8,,,,TheMontereyChannel.us@SD,,,,https://i.imgur.com/400m3ow.png,General,,iptv-org-all.txt
Access Media Productions Peninsula Channel (720p),https://dlttx48mxf9m3.cloudfront.net/vod_clients/amp/live/ch5/video.m3u8,,,,ThePeninsulaChannel.us@SD,,,,https://i.imgur.com/Ybp6YKD.png,Legislative,,iptv-org-all.txt
Access Nashua (720p),https://livestream.telvue.com/nashuanh1/f7b44cfafd5c52223d5498196c8a2e7b.sdp/playlist.m3u8,,,,AccessNashua.us@SD,,,,https://i.imgur.com/iv9Vfcb.png,General,,iptv-org-all.txt
Access Sacramento Channel 17,https://reflect-access-sacramento.cablecast.tv/live-7/live/live.m3u8,,,,AccessSacramentoChannel17.us@SD,,,,https://i.imgur.com/j0UC4ke.png,General,,iptv-org-all.txt
Access Tuolumne (Tuolumne County CA) (720p),https://reflect-tuolumne.cablecast.tv/live-3/live/stream-1/live.m3u8,,,,AccessTuolumne.us@SD,,,,https://i.imgur.com/sYtDaQ1.png,General,,iptv-org-all.txt
AccessVision Channel 16 (720p),https://livestream.telvue.com/accvision1/f7b44cfafd5c52223d5498196c8a2e7b.sdp/playlist.m3u8,,,,AccessVisionChannel16.us@SD,,,,https://i.imgur.com/vi4TCdb.png,General,,iptv-org-all.txt
AccessVision Channel 17 (720p),https://livestream.telvue.com/accvision2/f7b44cfafd5c52223d5498196c8a2e7b.sdp/playlist.m3u8,,,,AccessVisionChannel17.us@SD,,,,https://i.imgur.com/vi4TCdb.png,Legislative,,iptv-org-all.txt
AccuWeather Now (1080p),https://cdn-ue1-prod.tsv2.amagi.tv/linear/amg00684-accuweather-accuweather-plex/playlist.m3u8,,,,AccuWeatherNOW.us@SD,,,,https://i.imgur.com/M8wbVYK.png,Weather,,iptv-org-all.txt
ACE Country Radio KPVM-LD,https://2-fss-1.streamhoster.com/pl_122/206858-4412960-1/playlist.m3u8,,,,ACECountryRadio.us@KPVMLD,,,,https://i.imgur.com/iPtuku6.png,Music,,iptv-org-all.txt
Ace TV (480p),https://c.streamhoster.com/link/hls/W5s3fS/inLo5pcsHjo/iqg9wps0m1x_5/playlist.m3u8,,,,AceTV.us@SD,,,,https://i.imgur.com/KtXQeeZ.png,Entertainment,,iptv-org-all.txt
Acheloos TV (576p),https://acheloostv.streamings.gr/live/stream/index.m3u8,,,,AcheloosTV.gr@SD,,,,https://i.imgur.com/5SVMxcu.png,General,,iptv-org-all.txt
ACI Sport TV (1080p),https://webstream.multistream.it/memfs/e2cb3629-c1a2-495b-b43a-9eb386f04ed8.m3u8,,,,ACISportTV.it@SD,,,,https://i.imgur.com/U8cHMOt.png,Sports,,iptv-org-all.txt
ACNN (480p),https://viewmedia7219.bozztv.com/wmedia/viewmedia100/web_014/Stream/playlist.m3u8,,,,ACNN.ng@SD,,,,https://i.imgur.com/91JLpxr.png,Religious,,iptv-org-all.txt
Action 24 (1080p) [Not 24/7],http://actionlive.siliconweb.com/actionabr/actiontv/playlist.m3u8,,,,Action24.gr@SD,,,,https://upload.wikimedia.org/wikipedia/commons/8/88/Action24-logo-small.png,Movies,,iptv-org-all.txt
Activa TV (720p),https://streamtv.mediasector.es/hls/activatv/index.m3u8,,,,ActivaTV.es@SD,,,,https://i.imgur.com/VCUZKiw.png,Music,,iptv-org-all.txt
Actualidad 360,https://jmp2.uk/plu-67517fae5534bb0008187997.m3u8,,,,Actualidad360.es@SD,,,,https://i.imgur.com/3YeTu0n.png,News,,iptv-org-all.txt
ACTV (504p),https://dlgt0tdl2hpq3.cloudfront.net/rtbf/clr-rtbf/4db788c7/index.m3u8,,,,ACTV.be@SD,,,,https://files.catbox.moe/8v2y8m.png,General,,iptv-org-all.txt
ACTV,https://castus-vod-dev.s3.amazonaws.com/vod_clients/athens/live/ch2/video.m3u8,,,,ACTV.us@SD,,,,https://i.imgur.com/Z6lB0Ww.png,Legislative,,iptv-org-all.txt
Acustik TV,https://s5.mexside.net:1936/clientetv/clientetv/playlist.m3u8,,,,AcustikTV.mx@SD,,,,https://i.imgur.com/dhiNIng.png,News,,iptv-org-all.txt
ACW UG TV (480p),https://live.acwugtv.com/hls/stream.m3u8,,,,ACWUGTV.ug@SD,,,,https://i.imgur.com/8pzEmcJ.jpeg,General;Music,,iptv-org-all.txt
ADA TV (720p),https://live-evg10.tv360.bitel.com.pe/bitel/alasdeaguilaSRT/playlist.m3u8,,,,ADATV.cl@SD,,,,https://cdn.m3u.cl/logo/1638_ADA_TV.png,Religious,,iptv-org-all.txt
Ada TV,https://yayin1.canlitv.fun/live/kibrisadatv.stream/playlist.m3u8,,,,AdaTV.cy@SD,,,,https://i.imgur.com/YWmkUWU.png,General,,iptv-org-all.txt
ADB TV (1080p),https://live-tv.waytv.pt/adbtv/adbtv/playlist.m3u8,,,,ADBTV.pt@SD,,,,https://i.ibb.co/HGfTJwt/ADBTV.jpg,Religious,,iptv-org-all.txt
Addis TV (720p),https://rrsatrtmp.tulix.tv/addis1/addis1multi.smil/playlist.m3u8,,,,AddisTV.et@SD,,,,https://i.imgur.com/kqHWrZ9.png,General,,iptv-org-all.txt
Adesso TV (720p),https://cdn.jmvstream.com/w/LVW-9715/LVW9715_12B26T62tm/playlist.m3u8,,,,AdessoTV.br@SD,,,,https://i.imgur.com/KgetM8j.png,General,,iptv-org-all.txt
Adhyatm TV (720p),https://mumbai-edge.smartplaytv.in/AdhyatmTV/index.m3u8,,,,AdhyatmTV.in@SD,,,,https://jiotvimages.cdn.jio.com/dare_images/images/Adhyatam_TV.png,Religious,,iptv-org-all.txt
Adinkra TV (1080p),https://59d39900ebfb8.streamlock.net/adinkratvny/adinkratvny/playlist.m3u8,,,,AdinkraTV.gh@SD,,,,https://i.imgur.com/uwuSXJ8.png,Undefined,,iptv-org-all.txt
Adjarasport 1,https://live20.bozztv.com/dvrfl05/gin-adjara/index.m3u8,,,,Adjarasport1.ge@SD,,,,https://i.imgur.com/SVV5xHC.png,Sports,,iptv-org-all.txt
ADN 40 (720p),https://mdstrm.com/live-stream-playlist/60b578b060947317de7b57ac.m3u8,,,,ADN40.mx@SD,,,,https://i.imgur.com/Og17U9N.png,News,,iptv-org-all.txt
ADN TV (720p),https://redirector.rudo.video/hls-video/931b584451fa6dd1313ee66efbfd5802e3f3bcea/adntv/adntv.smil/playlist.m3u8,,,,ADNTV.cl@SD,,,,https://i.imgur.com/AVfTwNw.png,News,,iptv-org-all.txt
ADN TV+ (720p),https://d3b73b34o7cvkq.cloudfront.net/v1/master/3722c60a815c199d9c0ef36c5b73da68a62b09d1/cc-gz2sgqzp076kf/adn.m3u8,,,,ADNTVPlus.fr@SD,,,,https://i.imgur.com/HQZQyWt.png,Animation,,iptv-org-all.txt
Adnkronos (720p),https://5e73cf528f404.streamlock.net/GR_sport/livestream/playlist.m3u8,,,,Adnkronos.it@SD,,,,https://i.imgur.com/mEoDAf1.png,News,,iptv-org-all.txt
ADO TV (720p),https://strhls.streamakaci.tv/ortb/ortb2-multi/playlist.m3u8,,,,ADOTV.bj@SD,,,,https://i.imgur.com/pxFamLr.png,Kids;Sports,,iptv-org-all.txt
Adoram TV (720p),https://live20.bozztv.com/giatv/giatv-adoram/adoram/chunks.m3u8,,,,AdoramTV.do@SD,,,,https://i.imgur.com/uU01KHz.png,Religious,,iptv-org-all.txt
Adrenalina Pura TV,https://jmp2.uk/plu-61b790b985706b00072cb797.m3u8,,,,AdrenalinaPuraTV.us@Brazil,,,,https://i.imgur.com/Pvid2iH.png,Movies,,iptv-org-all.txt
Adrenalina Pura TV (720p),https://jmp2.uk/plu-61b793ccf571b80007b7a610.m3u8,,,,AdrenalinaPuraTV.us@SD,,,,https://i.imgur.com/Pvid2iH.png,Movies,,iptv-org-all.txt
Adria Music Television,https://adriaapp.b-cdn.net/1080p/index.m3u8,,,,AdriaMusicTelevision.de@SD,,,,https://i.imgur.com/QoDpnKg.png,Music,,iptv-org-all.txt
Adult Swim Latin America Brazil (720p),http://45.190.28.50/TRUTV_HD/index.m3u8,,,,AdultSwimLatinAmerica.us@Brazil,,,,https://upload.wikimedia.org/wikipedia/commons/thumb/e/e4/Adult_Swim_2003_logo.svg/960px-Adult_Swim_2003_logo.svg.png,Entertainment,,iptv-org-all.txt
Adventure Earth (1080p),https://a57e9c69976649b582a8d7604c00e69a.mediatailor.us-east-1.amazonaws.com/v1/master/44f73ba4d03e9607dcd9bebdcb8494d86964f1d8/RlaxxTV-eu_AdventureEarth/playlist.m3u8,,,,AdventureEarth.de@SD,,,,https://d3b6luslimvglo.cloudfront.net/images/79/rlaxximages/channels-rescaled/icon-white/adventureearth_white.png,Documentary,,iptv-org-all.txt
AE Radio TV (720p) [Not 24/7],https://tls-cl.cdnz.cl/aeradio/live/playlist.m3u8,,,,AERadioTV.cl@SD,,,,https://i.imgur.com/425dj2i.jpeg,Music,,iptv-org-all.txt
Aeolos TV (1080p),https://cdn.istoikona.com/aeolostv/live/playlist.m3u8,,,,AeolosTV.gr@SD,,,,https://i.imgur.com/4G9VvUg.png,General,,iptv-org-all.txt
Afaq TV,https://stream.afaq.iq/live/channel/afaqtv/playlist.m3u8,,,,AfaqTV.iq@SD,,,,https://i.imgur.com/t7CaTu3.png,General,,iptv-org-all.txt
Afarin Baxcha (1080p),https://5dcabf026b188.streamlock.net/afarinTV/livestream/playlist.m3u8,,,,AfarinBaxcha.iq@SD,,,,https://i.postimg.cc/4xRkBDRx/Afarin-Baxcha-200.png,Kids,,iptv-org-all.txt
Afarin TV (720p) [Not 24/7],https://65f16f0fdfc51.streamlock.net/afarinTV/livestream/playlist.m3u8,,,,AfarinTV.iq@SD,,,,https://i.imgur.com/6MnXD7g.png,Kids,,iptv-org-all.txt
Afghan Nobel Movies (720p),https://live.relentlessinnovations.net:1936/afghannobel/afghannobel/playlist.m3u8,,,,AfghanNobelMovies.ca@SD,,,,https://i.ibb.co/zfdbVSm/logo-1.png,Movies,,iptv-org-all.txt
Afghan Nobel TV (720p),https://live.relentlessinnovations.net:1936/afghannobeltv/afghannobeltv/playlist.m3u8,,,,AfghanNobelTV.ca@SD,,,,https://i.ibb.co/0Mb1ZQC/IMG-20230628-133738.jpg,General,,iptv-org-all.txt
Afghanistan International (720p),https://hls.afintl.com/hls/stream.m3u8,,,,AfghanistanInternational.uk@SD,,,,https://i.imgur.com/r8MmFRX.png,News,,iptv-org-all.txt
Aflak,https://ncdn.telewebion.ir/aflak/live/playlist.m3u8,,,,AflakTV.ir@SD,,,,https://i.imgur.com/LkLCHpf.png,General,,iptv-org-all.txt
Aflam (1080p),https://shd-amg-fast.edgenextcdn.net/tx001/playlist.m3u8,,,,Aflam.sa@SD,,,,https://i.imgur.com/cTLj7Yt.png,Movies,,iptv-org-all.txt
AFN TV,https://bozztv.com/1gbw5/tintv2/tintv2/playlist.m3u8,,,,AFNTV.ir@SD,,,,https://i.imgur.com/LctanF8.png,Music,,iptv-org-all.txt
Afontovo,https://stream.afontovo.ru/hd.m3u8,,,,Afontovo.ru@SD,,,,https://i.imgur.com/StFfPaI.png,General,,iptv-org-all.txt
Afra Film,https://afrafhls.wns.live/hls/stream.m3u8,,,,AfraFilm.ir@SD,,,,,Movies,,iptv-org-all.txt
Afra Series,https://afrashls.wns.live/hls/stream.m3u8,,,,AfraSeries.ir@SD,,,,,Series,,iptv-org-all.txt
Africa 24 (1080p),https://africa24.vedge.infomaniak.com/livecast/ik:africa24/manifest.m3u8,,,,Africa24.fr@SD,,,,https://africa24tv.com/wp-content/uploads/2021/09/logo.png,News,,iptv-org-all.txt
Africa 24 English (1080p),https://edge20.vedge.infomaniak.com/livecast/ik:africa24english/manifest.m3u8,,,,Africa24English.fr@SD,,,,https://africa24tv.com/wp-content/uploads/2023/12/logo-Africa24TVEnglish.png,News,,iptv-org-all.txt
Africa 24 Sport (1080p),https://africa24.vedge.infomaniak.com/livecast/ik:africa24sport/manifest.m3u8,,,,Africa24Sport.fr@SD,,,,https://i0.wp.com/africa24tv.com/wp-content/uploads/2023/12/LOGO-AFRICASPORT-4-HD-sans-fond.png?fit=512%2C107&ssl=1,News;Sports,,iptv-org-all.txt
Africa TV3 (720p) [Not 24/7],http://africatv.live.net.sa:1935/live/africatv3/playlist.m3u8,,,,AfricaTV3.ng@SD,,,,https://i.imgur.com/iibE9WL.png,Religious,,iptv-org-all.txt
Africanews (720p),https://c3c275b999764df8a2dd55ffe2996818.mediatailor.eu-west-1.amazonaws.com/v1/master/0547f18649bd788bec7b67b746e47670f558b6b2/production-LiveChannel-6576/bitok/eyJzdGlkIjoiOTU0NDAyODQtOTU0My00Yzc2LThmZjQtNDRhY2YwYmQxYTYwIiwibWt0IjoicGwiLCJjaCI6NjYwNiwicHRmIjo1fQ==/26036/africanews-en.m3u8,,,,AfricanewsEnglish.fr@Poland,,,,https://i.imgur.com/5UxU4zc.png,News,,iptv-org-all.txt
Africanews English (720p),https://cdn-euronews.akamaized.net/live/eds/africanews-en/25049/index.m3u8,,,,AfricanewsEnglish.fr@SD,,,,https://i.imgur.com/5UxU4zc.png,News,,iptv-org-all.txt
Africanews French (720p),https://cdn-euronews.akamaized.net/live/eds/africanews-fr/25050/index.m3u8,,,,AfricanewsFrench.fr@SD,,,,https://i.imgur.com/5UxU4zc.png,News,,iptv-org-all.txt
Afrik Info TV,https://kali.vdopanel.com:3119/hybrid/play.m3u8,,,,AfrikInfoTV.gn@SD,,,,https://i.imgur.com/hz2LOD8.jpeg,News,,iptv-org-all.txt
Afrique54 TV (720p),https://video1.getstreamhosting.com:1936/8318/8318/playlist.m3u8,,,,Afrique54TV.cm@SD,,,,https://i.imgur.com/WIaRpiS.png,News,,iptv-org-all.txt
Afro Magic Channel,https://video1.getstreamhosting.com:1936/8306/8306/playlist.m3u8,,,,AfroMagicChannel.ci@SD,,,,https://i.imgur.com/yQzXErU.png,Culture,,iptv-org-all.txt
Afrobeats (1080p),https://stream.ecable.tv/afrobeats/index.m3u8,,,,AfrobeatTVEntertainment.uk@SD,,,,https://i.imgur.com/232ndRK.png,Music,,iptv-org-all.txt
Afroculture TV,https://streamtv.cmediahosthosting.net:3836/live/myafroculturelive.m3u8,,,,AfrocultureTV.ci@SD,,,,https://i.imgur.com/bjaZ3kO.png,Culture,,iptv-org-all.txt
AfroLandTV (1080p),https://alt-al.otteravision.com/alt/al/al.m3u8,,,,AfroLandTV.us@SD,,,,https://i.imgur.com/jvnkrEF.png,Entertainment,,iptv-org-all.txt
Afroturk TV (1080p),https://edge.socialsmart.tv/naturaltv/bant1/playlist.m3u8,,,,AfroturkTV.tr@SD,,,,https://i.imgur.com/fWlLvRA.png,General,,iptv-org-all.txt
Aftab,https://ncdn.telewebion.ir/aftab/live/playlist.m3u8,,,,AftabTV.ir@SD,,,,https://upload.wikimedia.org/wikipedia/fa/thumb/6/6e/Arak_AFTAB.svg/960px-Arak_AFTAB.svg.png,Undefined,,iptv-org-all.txt
AFTV (1080p),https://livestream.telvue.com/accframingham1/f7b44cfafd5c52223d5498196c8a2e7b.sdp/playlist.m3u8,,,,AFTV.us@SD,,,,https://i.imgur.com/UoiUwFj.png,General,,iptv-org-all.txt
AFV (720p),https://linear-12.frequency.stream/dist/plex/12/hls/master/playlist.m3u8,,,,AFV.us@SD,,,,https://i.imgur.com/TOB9vmW.png,Comedy,,iptv-org-all.txt
AFV en Español (720p) [Not 24/7],https://linear-46.frequency.stream/dist/plex/46/hls/master/playlist.m3u8,,,,AFVEspanol.us@SD,,,,https://i.imgur.com/HUK4WXC.png,Comedy,,iptv-org-all.txt
Agape TV (720p),https://5fc584f3f19c9.streamlock.net/agape/smil:agape.smil/playlist.m3u8,,,,AgapeTV.sv@SD,,,,https://i.imgur.com/DsGmrnc.png,Religious,,iptv-org-all.txt
Aghani Aghani TV (1080p),https://cdn.streamlane.tv/hls/aghanitv/index.m3u8,,,,AghaniAghaniTV.lb@SD,,,,https://i.imgur.com/o6HSfNg.png,Music,,iptv-org-all.txt
Aghapy TV (1080p) [Not 24/7],https://5b622f07944df.streamlock.net/aghapy.tv/aghapy.smil/playlist.m3u8,,,,AghapyTV.eg@SD,,,,https://upload.wikimedia.org/wikipedia/en/e/eb/AghapyTV.jpg,Religious,,iptv-org-all.txt
AGR FM TV,https://tigocloud.desdeparaguay.net/agrtv/agrtv/playlist.m3u8,,,,AGRFMTV.py@SD,,,,https://i.imgur.com/tg6EjTU.png,General,,iptv-org-all.txt
Agro TV (480p),https://restr2.bgtv.bg/agro/hls/agro.m3u8,,,,AgroTV.bg@SD,,,,https://i.imgur.com/tPMNDtD.png,Outdoor,,iptv-org-all.txt
Agro TV (720p),https://live-evg8.tv360.bitel.com.pe/bitel/agroSRT/playlist.m3u8,,,,AgroTV.pe@SD,,,,https://i.imgur.com/1uLGa3w.png,Outdoor,,iptv-org-all.txt
Agro TV (360p) [Not 24/7],https://agrotv.streamnet.ro/mobile_tv/agrotv.m3u8,,,,AgroTV.ro@SD,,,,https://i.imgur.com/S7X1PiC.png,Outdoor,,iptv-org-all.txt
AgroBrasil TV (720p) [Not 24/7],http://45.162.230.234:1935/agrobrasiltv/agrobrasiltv/playlist.m3u8,,,,AgroBrasilTV.br@SD,,,,https://i.imgur.com/aNkP7Zd.png,Outdoor,,iptv-org-all.txt
AgroCanal (720p),http://45.162.64.114/AGRO_CANAL/index.m3u8,,,,AgroCanal.br@SD,,,,https://i.imgur.com/5XyopHf.png,Education;Outdoor,,iptv-org-all.txt
AgroMais (720p),http://45.162.64.114/AGROMAIS/index.m3u8,,,,AgroMais.br@SD,,,,https://i.imgur.com/sFcOZeo.png,News,,iptv-org-all.txt
Agrotendencia TV (1080p),https://5fc584f3f19c9.streamlock.net/agrotendencia/videoagrotendencia_hls1/playlist.m3u8,,,,AgrotendenciaTV.cr@SD,,,,https://i.imgur.com/frd60hR.png,Outdoor,,iptv-org-all.txt
Aguacate TV (1080p),https://streamtv.intervenhosting.net:3040/hybrid/play.m3u8,,,,AguacateTV.ve@SD,,,,https://i.ibb.co/wpWBsgf/IMG-20230705-154622.jpg,Entertainment,,iptv-org-all.txt
Aguila TV (1080p) [Not 24/7],https://fox.hostlagarto.com:8081/aguilatv/playlist.m3u8,,,,AguilaTV.do@HD,,,,https://www.vivalivetv.com/public/files/shows/0/1/3770-294x165-FFFFFF.jpg,General,,iptv-org-all.txt
Ahlulbayt TV (1080p),https://cd198.anystream.uk:8082/hls/abtv3ng/index.m3u8,,,,AhlulbaytTV.uk@SD,,,,https://i.imgur.com/lNGJGjy.png,Religious,,iptv-org-all.txt
Ahora TV (1080p) [Not 24/7],https://stream.haislin.com/ahoratv/index.m3u8,,,,AhoraTV.do@SD,,,,https://i.imgur.com/dyJyuXc.png,General,,iptv-org-all.txt
Ahsan TV,https://5bf7b725107e5.streamlock.net/ahsantv/ahsantv/playlist.m3u8,,,,AhsanTV.id@SD,,,,https://i.imgur.com/dZdUbYd.png,Religious,,iptv-org-all.txt
Aigaio TV (720p),https://fr.crystalweb.net:1936/aigaiotv/aigaiotv/playlist.m3u8,,,,AigaioTV.gr@SD,,,,https://i.imgur.com/7LfuDJi.png,General,,iptv-org-all.txt
Aik News,https://s2.ideationtec.live/Pnn/Pnn.m3u8?token=KsR3k27_sH3n-2,,,,AikNews.pk@SD,,,,https://i.imgur.com/svPXoAP.png,News,,iptv-org-all.txt
AION TV (1080p) [Not 24/7],https://edge.essastream.com/aiontelevision/playlist.m3u8,,,,AIONTV.do@SD,,,,https://i.imgur.com/DBvm7YS.png,General,,iptv-org-all.txt
Aire de Santa Fe (1080p),https://unlimited1-us.dps.live/airedesantafetv/airedesantafetv.smil/playlist.m3u8,,,,AiredeSantaFe.ar@SD,,,,https://i.imgur.com/60vSWW0.png,General,,iptv-org-all.txt
Ajman TV (1080p),https://cdn1.logichost.in/ajmantv/live/playlist.m3u8,,,,AjmanTV.ae@SD,,,,https://i.imgur.com/hVNIwgE.png,General,,iptv-org-all.txt
Ajwa TV (1080p),http://ikitv.sqn.at:8000/play/a00j/index.m3u8,,,,AjwaTV.id@SD,,,,https://i.imgur.com/JXjbUhB.png,General,,iptv-org-all.txt
Ajyal TV (720p),http://htvajyal.mada.ps:8888/ajyal/index.m3u8,,,,AjyalTV.ps@SD,,,,https://i.imgur.com/i6Y7beR.jpg,General,,iptv-org-all.txt
Akaal Channel (396p) [Geo-blocked],https://cdn-globecast.akamaized.net/live/eds/akaal_tv/hls1_smart_akaal/akaal_tv.m3u8,,,,AkaalChannel.uk@SD,,,,https://i.imgur.com/K81vNbk.png,Religious,,iptv-org-all.txt
Akaku 53 (Hawaii) (1080p),https://castus-vod-dev.s3.amazonaws.com/vod_clients/akaku/live/ch1/video.m3u8,,,,Akaku53.us@SD,,,,https://www.akaku.org/wp-content/uploads/bb-plugin/cache/Channel53-147x150-square.png,General,,iptv-org-all.txt
Akaku 54 (Hawaii) (1080p),https://castus-vod-dev.s3.amazonaws.com/vod_clients/akaku/live/ch2/video.m3u8,,,,Akaku54.us@SD,,,,https://www.akaku.org/wp-content/uploads/bb-plugin/cache/Channel54-147x150-square.png,General,,iptv-org-all.txt
Akaku 55 (Hawaii) (1080p),https://castus-vod-dev.s3.amazonaws.com/vod_clients/akaku/live/ch3/video.m3u8,,,,Akaku55.us@SD,,,,https://www.akaku.org/wp-content/uploads/bb-plugin/cache/Channel55-147x150-square.png,General,,iptv-org-all.txt
AKC TV (1080p),https://broadcast.blivenyc.com/speed/broadcast/22/desktop-playlist.m3u8,,,,AKCTV.us@SD,,,,https://i.imgur.com/XRTfoSp.png,Outdoor,,iptv-org-all.txt
AKC TV Meet The Breeds,https://install.akctvcontrol.com/speed/broadcast/139/desktop-playlist.m3u8,,,,AKCTVMeettheBreeds.us@SD,,,,https://i.imgur.com/66avgdk.png,Outdoor,,iptv-org-all.txt
AKC TV Puppies 24/7,https://install.akctvcontrol.com/speed/broadcast/140/desktop-playlist.m3u8,,,,AKCTVPuppies.us@SD,,,,https://i.imgur.com/2nzRS60.png,Outdoor,,iptv-org-all.txt
AKD Calcutta News (1080p),https://live.legitpro.co.in/cnnnews/index.m3u8,,,,AKDCalcuttaNews.in@SD,,,,https://ltsk-cdn.s3.eu-west-1.amazonaws.com/jumpstart/Temp_Live/cdn/HLS/Channel/transparentImages/Calcutta%20News.png,News,,iptv-org-all.txt
Akili Kids!,https://m6.livecdn.io/akilikids.co.ke/akilikids.smil/playlist.m3u8,,,,AkiliKids.ke@SD,,,,https://i.imgur.com/xFm2co6.png,Kids,,iptv-org-all.txt
Aksu TV (720p),https://live.artidijitalmedya.com/artidijital_aksutv/aksutv/playlist.m3u8,,,,AksuTV.tr@SD,,,,https://i.imgur.com/mgDCKiy.png,General,,iptv-org-all.txt
AL24 News,https://cdn.live.easybroadcast.io/abr_corp/66_al24_u4yga6h/corp/66_al24_u4yga6h_240p/chunks.m3u8,,,,AL24News.dz@SD,,,,https://i.imgur.com/vyVEXYL.png,News,,iptv-org-all.txt
Al Alam (360p),https://live2.alalam.ir/alalam.m3u8,,,,AlAlam.ir@SD,,,,https://i.imgur.com/Zdi31dy.png,News,,iptv-org-all.txt
Al Alam Al Yawm,https://mn-nl.mncdn.com/mekameleen/smil:mekameleentv.smil/chunklist_b928000.m3u8,,,,AlAlamAlYawm.sa@SD,,,,https://i.imgur.com/aAGjAoW.png,News,,iptv-org-all.txt
Al Alamiya 2,http://82.212.74.98:8000/live/7815.m3u8,,,,AlAlamiya2.sd@SD,,,,https://i.imgur.com/5FrE3Nv.png,Education,,iptv-org-all.txt
Al Arabiya (1080p),https://live.alarabiya.net/alarabiapublish/alarabiya.smil/playlist.m3u8,,,,Alarabiya.ae@SD,,,,https://shahid.mbc.net/mediaObject/a4c125db-ede8-4970-9eed-963948c78651?height=auto&width=512&croppingPoint=&version=1&type=png,News,,iptv-org-all.txt
Al Arabiya Business (1080p),https://live.alarabiya.net/alarabiapublish/aswaaq.smil/playlist.m3u8,,,,AlArabiyaBusiness.ae@SD,,,,https://shahid.mbc.net/mediaObject/73142189-aeca-4f65-8977-d769c91e2573?height=auto&width=600&croppingPoint=&version=1&type=png,Business,,iptv-org-all.txt
Al Arabiya English (1080p),https://live.alarabiya.net/alarabiapublish/english/playlist_dvr.m3u8,,,,AlArabiyaEnglish.sa@SD,,,,https://shahid.mbc.net/mediaObject/7cfc0baf-1201-477f-b722-d3099fafe17f?height=230&width=512&croppingPoint=&version=1&type=png,News,,iptv-org-all.txt
Al Arabiya Programs (1280p),https://live.alarabiya.net/alarabiapublish/aaprograms.smil/playlist.m3u8,,,,AlArabiyaPrograms.ae@SD,,,,https://i.imgur.com/Hoc3cfO.png,Documentary;News,,iptv-org-all.txt
Al Araby TV (1080p),https://live.kwikmotion.com/alaraby1live/alaraby_abr/playlist.m3u8,,,,AlArabyTV.qa@SD,,,,https://i.imgur.com/YMqWEe4.png,News,,iptv-org-all.txt
Al Araby TV 2 (1080p),https://live.kwikmotion.com/alaraby2live/alaraby2.smil/playlist.m3u8,,,,AlArabyTV2.qa@SD,,,,https://i.imgur.com/Gp5mNea.png,News,,iptv-org-all.txt
Al Ekhbariya (1080p),https://shd-gcp-live.edgenextcdn.net/live/bitmovin-al-ekhbaria/297b3ef1cd0633ad9cfba7473a686a06/index.m3u8,,,,AlEkhbariya.sa@SD,,,,https://i.imgur.com/WcRlHQm.png,News,,iptv-org-all.txt
Al Ghad TV (1080p),https://eazyvwqssi.erbvr.com/alghadtv/alghadtv.m3u8,,,,AlGhadTV.eg@SD,,,,https://i.imgur.com/ga6NXb9.png,News,,iptv-org-all.txt
Al Hadath (1080p),https://shd-gcp-live.edgenextcdn.net/live/bitmovin-hadath/2ff87ec4c2f3ede35295a20637d9f8fd/index.m3u8,,,,AlHadath.sa@SD,,,,https://i.imgur.com/De4SEWE.png,News,,iptv-org-all.txt
Al Hayat TV (720p),https://cdn3.wowza.com/5/OE5HREpIcEkySlNT/alhayat-live/ngrp:livestream_all/playlist.m3u8,,,,AlHayatTV.us@SD,,,,https://i.imgur.com/M8ZuzeB.png,Religious,,iptv-org-all.txt
Al Horreya TV (1080p),http://media.smc-host.com:1935/alhorreya.tv/mp4:alhorreya3/playlist.m3u8,,,,AlHorreyaTV.us@SD,,,,https://i.imgur.com/EK75DMJ.png,Religious,,iptv-org-all.txt
Al Iraqia (1080p),https://imn-live.esite-lab.com/hls/iraqia-general.m3u8,,,,AlIraqia.iq@SD,,,,https://i.imgur.com/8qQouTW.jpg,General,,iptv-org-all.txt
Al Iraqia Kurdish (720p),https://imn-live.esite-lab.com/hls/iraqia-kurdish.m3u8,,,,AlIraqiaKurdish.iq@HD,,,,https://gateway.esite-lab.com/file-storage/api/v1/public/uploads/2025/3/8/7a8a2548d8e5850e87066d2e573796189.png,Undefined,,iptv-org-all.txt
Al Iraqia News (720p),https://imn-live.esite-lab.com/hls/iraqia-news.m3u8,,,,AlIraqiaNews.iq@SD,,,,https://i.imgur.com/feQTXeZ.jpg,News,,iptv-org-all.txt
Al Iraqia Sport (720p),https://imn-live.esite-lab.com/hls/iraqia-sports-1.m3u8,,,,AlIraqiaSport.iq@SD,,,,https://i.imgur.com/DrrlxTO.png,Sports,,iptv-org-all.txt
Al Ittihad (552p) [Not 24/7],http://185.105.4.151:8080/_defapp_/ittihad/index.m3u8,,,,AlIttihadTV.lb@SD,,,,https://i.imgur.com/QMUjPXx.png,General,,iptv-org-all.txt
Al Jadeed (1080p),http://185.9.2.18/chid_391/mono.m3u8,,,,AlJadeed.lb@SD,,,,https://i.imgur.com/CfxR8o3.png,General,,iptv-org-all.txt
Al Janoub TV,https://live.alissahost.net/hls/test.m3u8,,,,AlJanoubTV.iq@SD,,,,https://i.imgur.com/rxDh6W1.png,News,,iptv-org-all.txt
Al Jazeera (1080p),https://live-hls-apps-aja-fa.getaj.net/AJA/01.m3u8,,,,AlJazeera.qa@Arabic,,,,https://i.imgur.com/7bRVpnu.png,News,,iptv-org-all.txt
Al Jazeera 2 (1080p),https://live-hls-web-aja2-gcp.thehlive.com/AJA2/index.m3u8,,,,AlJazeera2.qa@HD,,,,https://i.imgur.com/miq8O1Q.png,News,,iptv-org-all.txt
Al Jazeera Documentary (1080p) [Geo-blocked],https://live-hls-apps-ajd-fa.getaj.net/AJD/index.m3u8,,,,AlJazeeraDocumentary.qa@SD,,,,https://i.imgur.com/5dNJlLo.png,Documentary,,iptv-org-all.txt
Al Jazeera English (1080p),https://live-hls-apps-aje-fa.getaj.net/AJE/index.m3u8,,,,AlJazeera.qa@English,,,,https://i.imgur.com/7bRVpnu.png,News,,iptv-org-all.txt
Al Jazeera English HD (576p),http://stream.mcquack.net/131/index.m3u8,,,,AlJazeera.qa@EnglishHD,,,,https://i.imgur.com/7bRVpnu.png,News,,iptv-org-all.txt
Al Jazeera Mubasher (1080p),https://live-hls-apps-ajm-fa.getaj.net/AJM/index.m3u8,,,,AlJazeeraMubasher.qa@SD,,,,https://i.imgur.com/X80DQvF.png,News,,iptv-org-all.txt
Al Jazeera Mubasher 24 (1080p),https://live-hls-apps-ajm24-fa.getaj.net/AJM24/index.m3u8,,,,AlJazeeraMubasher24.qa@SD,,,,https://i.imgur.com/LMCcIZ2.png,News,,iptv-org-all.txt
Al Jazeera Mubasher Broadcast 2 (1080p),https://live-hls-apps-ajm2-fa.getaj.net/AJM2/index.m3u8,,,,AlJazeeraMubasherBroadcast2.qa@SD,,,,https://i.imgur.com/nJmi6G6.png,News,,iptv-org-all.txt
Al Maaref TV (1080p),https://bucharest.zeuscdn724.com/lb0/CH-AL-MA/index.m3u8,,,,AlMaarefTV.qa@SD,,,,https://i.imgur.com/QFnztgo.png,Religious,,iptv-org-all.txt
Al Madina (720p),https://streaming.zaytonatube.com:8081/AlMadinatv/almadina21/index.m3u8,,,,AlMadina.ps@SD,,,,https://i.imgur.com/NVOeM3P.png,Undefined,,iptv-org-all.txt
Al Maghribia (1080p),http://185.9.2.18/chid_205/index.m3u8,,,,AlMaghribia.ma@SD,,,,https://i.imgur.com/7GaahYh.png,General,,iptv-org-all.txt
Al Manar (576p) [Not 24/7],https://edge.fastpublish.me/live/index.m3u8,,,,AlManar.lb@SD,,,,https://i.imgur.com/sOQLV7L.png,News,,iptv-org-all.txt
Al Masar TV (576p),https://starmenajo.com/hls/almasar/index.m3u8,,,,AlMasarTV.ly@SD,,,,https://play-lh.googleusercontent.com/FHPrsr391mPFqKfTq6ZdvWPZNVfsZeTAVQ8rjQF-NosnRdNipUy5xa43RWkiF4tGcQU,News,,iptv-org-all.txt
Al Masirah (720p) [Not 24/7],https://live.cdnbridge.tv/Almasirah/Almasirah_all/playlist.m3u8,,,,AlMasirah.ye@SD,,,,https://i.imgur.com/V055t5e.png,News,,iptv-org-all.txt
Al Masirah Mubacher (642p) [Not 24/7],https://live2.cdnbridge.tv/AlmasirahMubasher/Mubasher_All/playlist.m3u8,,,,AlMasirahMubacher.ye@SD,,,,https://i.imgur.com/0xHb3XM.jpg,News,,iptv-org-all.txt
Al Masriyah (1080p),http://185.9.2.18/chid_247/index.m3u8,,,,AlMasriyah.eg@SD,,,,https://i.ibb.co/Kx7wmXCQ/almasriya.png,General,,iptv-org-all.txt
Al Mayadeen (576p),https://mdnlv.cdn.octivid.com/almdn/smil:mpegts.stream.smil/playlist.m3u8,,,,AlMayadeenTV.lb@SD,,,,https://i.imgur.com/GtQOKeW.png,News,,iptv-org-all.txt
Al Najah News (720p),https://streaming.najah.edu:8443/hls/AlNajah.m3u8,,,,AlNajahNews.ps@SD,,,,https://i.imgur.com/c2bwn4G.png,News,,iptv-org-all.txt
Al Qamar TV (1080p),https://streamer3.premio.link/alqamar/playlist.m3u8,,,,AlQamarTV.ae@SD,,,,https://i.imgur.com/zkBT0C8.png,Undefined,,iptv-org-all.txt
Al Quran Al Kareem TV (720p),http://m.live.net.sa:1935/live/quran/gmswf.m3u8,,,,AlQuranAlKareemTV.sa@SD,,,,https://aloula.faulio.com/storage/mediagallery/da/6c/fullhd_7eaf7e165c4cad5b3a45eff65d2011e18be5d670.png,Religious,,iptv-org-all.txt
Al Rafidain (720p) [Not 24/7],https://arrafidain.tvplayer.online/arrafidaintv/source/playlist.m3u8,,,,AlRafidainTV.tr@SD,,,,https://i.imgur.com/rjXDCN5.png,Religious,,iptv-org-all.txt
Al Rasheed TV (1080p) [Not 24/7],https://media1.livaat.com/static/AL-RASHEED-HD/playlist.m3u8,,,,AlRasheedTV.iq@SD,,,,https://i.imgur.com/ltyRjPK.png,General,,iptv-org-all.txt
Al Rayyan (1080p),https://alrayyancdn.vidgyor.com/pub-noalrayy3pwz0l/liveabr/playlist_dvr.m3u8,,,,AlRayyanTV.qa@SD,,,,https://i.imgur.com/Ts3RjTV.png,General,,iptv-org-all.txt
Al Rayyan Al Qadeem (1080p),https://alrayyancdn.vidgyor.com/pub-nooldraybinbdh/liveabr/playlist_dvr.m3u8,,,,AlRayyanOldTV.qa@SD,,,,https://i.imgur.com/4qB5iN0.png,General,,iptv-org-all.txt
Al Riyadh Radio (1080p),https://live.kwikmotion.com/sbrksariyadhradiolive/srpksariyadhradio/playlist.m3u8,,,,AlRiyadhRadio.sa@SD,,,,https://aloula.faulio.com/storage/mediagallery/37/1a/fullhd_399eddcc4305f34f41c7fab24c3518fab5d55d97.png,Undefined,,iptv-org-all.txt
Al Saudiya (1080p),https://shd-gcp-live.edgenextcdn.net/live/bitmovin-saudi-tv/2ad66056b51fd8c1b624854623112e43/index.m3u8,,,,AlSaudiya.sa@SD,,,,https://i.imgur.com/GRQTndk.png,General,,iptv-org-all.txt
Al Saudiya Alaan (1080p),https://shd-gcp-live.edgenextcdn.net/live/bitmovin-ksa-now/71ed3aa814c643306c0a8bc4fcc7d17f/index.m3u8,,,,AlSaudiyaAlaan.sa@SD,,,,https://i.imgur.com/sEOjApe.png,Undefined,,iptv-org-all.txt
Al Shallal TV (1080p),https://amg01480-alshallalfze-alshallal-ono-q0hfg.amagi.tv/playlist.m3u8,,,,AlShallalTV.ae@SD,,,,https://i.imgur.com/otAHLRo.png,General,,iptv-org-all.txt
Al Sharqiya (1080p),http://185.9.2.18/chid_144/index.m3u8,,,,AlSharqiya.iq@SD,,,,https://i.imgur.com/mJIG5IV.png,General,,iptv-org-all.txt
Al Sharqiya Min Kabla (1080p),https://svs.itworkscdn.net/kablatvlive/kabtv1.smil/playlist.m3u8,,,,AlSharqiyaMinKabla.ae@SD,,,,https://i.imgur.com/m4qheI4.png,General,,iptv-org-all.txt
Al Sunnah Al Nabawiyah TV (720p),http://m.live.net.sa:1935/live/sunnah/gmswf.m3u8,,,,AlSunnahAlNabawiyahTV.sa@SD,,,,https://aloula.faulio.com/storage/mediagallery/33/92/fullhd_879e557011826f507a045b4e0b4c3b57ba93edae.png,Religious,,iptv-org-all.txt
Al Wilayah (720p),https://nl.livekadeh.com/hls2/alwilayah_tv.m3u8,,,,AlWilayah.ir@SD,,,,https://i.imgur.com/OI1HQv5.png,Religious,,iptv-org-all.txt
Al Wousta TV (1080p),https://svs.itworkscdn.net/alwoustalive/alwoustatv.smil/playlist.m3u8,,,,AlWoustaTV.ae@SD,,,,https://i.imgur.com/zgMqQPQ.png,General,,iptv-org-all.txt
Al Yaum TV (1080p),https://hlspackager.akamaized.net/live/DB/ALYAUM_TV/HLS/ALYAUM_TV.m3u8,,,,AlYaumTV.ae@SD,,,,https://i.imgur.com/rBixF3P.png,News,,iptv-org-all.txt
Al-Aimma TV (1080p),https://alaimma.tv/live/index.m3u8,,,,AlAimmaTV.iq@SD,,,,https://alaimma.tv/alaimma-logo.png,Religious,,iptv-org-all.txt
Al-Bahjah TV (1080p),http://202.150.161.117:8000/play/AlBahjahTV,,,,AlBahjahTV.id@SD,,,,https://i.imgur.com/52dlDZk.png,Religious,,iptv-org-all.txt
Al-Fady TV (1080p) [Not 24/7],https://5d658d7e9f562.streamlock.net/alfadytv.tv/alfadytv.smil/playlist.m3u8,,,,AlFadyTV.us@SD,,,,https://i.imgur.com/7L0l0iY.png,Religious,,iptv-org-all.txt
Al-Iman TV (720p),https://tv.aliman.id/aliman/live.m3u8,,,,AlImanTV.id@SD,,,,https://i.imgur.com/Qj1EFf1.png,Religious,,iptv-org-all.txt
Al-Jawadain TV (1080p) [Not 24/7],https://live.aljawadain.org/live/aljawadaintv/playlist.m3u8,,,,AlJawadainTV.iq@SD,,,,https://i.imgur.com/Eo3UYCK.png,Religious,,iptv-org-all.txt
Al-MahdiTV (1080p),https://iptv.almahditv.com/almahditv/playlist.m3u8,,,,AlMahdiTV.us@SD,,,,https://i.imgur.com/S1YM83i.png,Religious,,iptv-org-all.txt
Al-Naeem TV,http://37.238.136.61/hls/stream.m3u8,,,,AlNaeemTV.iq@SD,,,,https://i.imgur.com/JyWjfIB.png,Undefined,,iptv-org-all.txt
Al-Sahat TV (720p),https://assahat.b-cdn.net/Assahat/assahatobs/index.m3u8,,,,AlSahatTV.ye@SD,,,,https://i.imgur.com/UVndAta.png,Religious,,iptv-org-all.txt
Al-Sharqiya News (1080p),https://5d94523502c2d.streamlock.net/alsharqiyalive/mystream/playlist.m3u8,,,,AlSharqiyaNews.iq@SD,,,,https://i.imgur.com/PeAcXB9.png,News,,iptv-org-all.txt
Al-Souriya TV (1080p),https://shd-gcp-live.edgenextcdn.net/live/bitmovin-al-souriya-tv/e3150760fa5fd62776225433b8c3d406/index.m3u8,,,,AlSouriyaTV.sy@HD,,,,https://i.imgur.com/8FILgXT.jpeg,Family,,iptv-org-all.txt
Al-Zahra TV Turkic (720p) [Not 24/7],https://live.al-zahratv.com/live/playlist.m3u8,,,,AlZahraTVTurkic.tr@SD,,,,https://i.imgur.com/QEHKGnG.png,Religious,,iptv-org-all.txt
Alabama Weather Network (720p),https://alwxnet-ott-proxy.cloud9streaming.com/alwxnet/live/playlist.m3u8,,,,AlabamaWeatherNetwork.us@SD,,,,https://alabamaweathernetwork.com/wp-content/uploads/2025/07/bpt2ej6u.png,Weather,,iptv-org-all.txt
Alacantí TV (576p) [Not 24/7],https://streaming01.gestec-video.com/hls/artequatreAlacanti.m3u8,,,,AlacantiTV.es@SD,,,,https://i.imgur.com/pcWU6e1.png,General,,iptv-org-all.txt
Alalam News Channel Syria (1080p),http://live2.alalam.ir/live/Alalam/index.m3u8,,,,AlalamNewsChannelSyria.sy@SD,,,,https://i.imgur.com/WQKYPKD.png,News,,iptv-org-all.txt
Alanya Posta TV (1080p),https://api-tv3.yayin.com.tr/postatv/postatv/playlist.m3u8,,,,AlanyaPostaTV.tr@SD,,,,https://i.imgur.com/a3w9eFe.png,General,,iptv-org-all.txt
Alau TV (576p),https://otv.wotom.net/alau/stream.m3u8,,,,AlauTV.kz@SD,,,,https://i.imgur.com/gK6ZRzp.png,Undefined,,iptv-org-all.txt
Alawla TV,https://live.alawla.tv/hls/stream.m3u8,,,,AlawlaTV.iq@SD,,,,https://i.imgur.com/3Kv0t3X.png,General,,iptv-org-all.txt
Alb UK TV (1080p),http://5.254.89.106/8794/index.m3u8,,,,AlbUKTV.uk@SD,,,,https://i.imgur.com/TMg4Kxi.png,General,,iptv-org-all.txt
Albanian TV America (1080p),http://5.254.89.106/8711/index.m3u8,,,,AlbanianTVAmerica.us@SD,,,,https://albtvusa.com/wp-content/uploads/2021/10/logo.final_.png,General,,iptv-org-all.txt
AlbKanale Music TV (1080p),https://albportal.net/albkanalemusic.m3u8,,,,AlbKanaleMusicTV.al@HD,,,,https://i.imgur.com/JdKxscs.png,Music,,iptv-org-all.txt
Alborz,https://ncdn.telewebion.ir/alborz/live/playlist.m3u8,,,,AlborzTV.ir@SD,,,,https://upload.wikimedia.org/wikipedia/commons/thumb/4/4b/Alborz_TV_logo.svg/960px-Alborz_TV_logo.svg.png,General,,iptv-org-all.txt
Alcance FM PLAY TV,https://video.wilohosting.com:19360/alcancefmtv/alcancefmtv.m3u8,,,,AlcanceFMPLAYTV.py@SD,,,,https://i.imgur.com/ymcWecA.png,Music,,iptv-org-all.txt
Alcance TV (720p),https://5bf8041cb3fed.streamlock.net/AlcanceTV/AlcanceTV/playlist.m3u8,,,,AlcanceTV.mx@SD,,,,https://i.imgur.com/5nYjRlb.png,Religious,,iptv-org-all.txt
Alcance TV (720p),https://rv100.globalhost1.com:3516/live/tjjqdqurlive.m3u8,,,,AlcanceTV.ve@SD,,,,https://i.imgur.com/veeuqS1.png,Religious,,iptv-org-all.txt
Alcarria TV (576p) [Not 24/7],http://217.182.77.27/live/alcarriatv-livestream.m3u8,,,,AlcarriaTV.es@SD,,,,https://i.imgur.com/pzJAYan.png,General,,iptv-org-all.txt
Alcarrizos TV (720p) [Not 24/7],https://5790d294af2dc.streamlock.net/alcarrizostv/alcarrizostv/playlist.m3u8,,,,AlcarrizosTV.do@SD,,,,https://i.ibb.co/C3fdPYGs/Alcarrizo.jpg,General,,iptv-org-all.txt
Alegre TV RD (720p) [Not 24/7],https://streamunoapp.com:3149/live/alegretvlive.m3u8,,,,AlegreTVRD.do@SD,,,,https://i.imgur.com/O6USO8r.png,Entertainment,,iptv-org-all.txt
Alegria TV (720p),https://lbgo.bozztv.com/ssh101/ssh101/confirmatv/playlist.m3u8,,,,AlegriaTV.bo@SD,,,,https://i.imgur.com/MIBZ2pZ.png,Music,,iptv-org-all.txt
Aleph Business (1280p),https://streamw.m.ro/Aleph/ngrp:Alephbiz.stream_all/playlist.m3u8,,,,AlephBusiness.ro@SD,,,,https://i.imgur.com/IqvZBeo.png,Business,,iptv-org-all.txt
Aleph News (720p),https://stream-aleph.m.ro/Aleph/ngrp:Alephnewsmain.stream_all/playlist.m3u8,,,,AlephNews.ro@SD,,,,https://i.imgur.com/qPRQZMI.png,News,,iptv-org-all.txt
Alert (576p) [Not 24/7],https://itv.streams.ovh/ALEERT/ALEERT/playlist.m3u8,,,,AlertTV.gr@SD,,,,https://i.imgur.com/xqa87lG.png,News,,iptv-org-all.txt
Alerta Bogota (720p) [Geo-blocked],https://mdstrm.com/live-stream-playlist/69b2cdf98815b9b6c48c2532.m3u8,,,,AlertaBogota.co@SD,,,,https://static.mytuner.mobi/media/tvos_radios/664/fantastica-bogota-1044-fm.953b1280.png,General,,iptv-org-all.txt
Alerte à Malibu,https://jmp2.uk/plu-60afaa535580be0007ac9ee4.m3u8,,,,AlerteaMalibu.us@France,,,,https://i.imgur.com/hBiB6uk.png,Series,,iptv-org-all.txt
Alerth Alnabawi Channel (576p),http://82.212.74.2:8000/live/7307.m3u8,,,,AlerthAlnabawiChannel.jo@SD,,,,https://i.imgur.com/iYibJxK.png,Religious,,iptv-org-all.txt
Alex Berlin (1080p),https://alex-stream.rosebud-media.de/bounce/alexlivetv50.smil/index.m3u8,,,,AlexBerlin.de@SD,,,,https://i.imgur.com/eTmHk4e.png,Undefined,,iptv-org-all.txt
Alfa & Omega Vision (480p) [Not 24/7],https://srv.panelcast.net/dorian/dorian/playlist.m3u8,,,,AlfaOmegaVision.hn@SD,,,,https://i.imgur.com/4BSKCQT.png,General,,iptv-org-all.txt
Alfa Omega TV (1080p) [Not 24/7],https://aom-live.maghost.ro/aomTV/streams/OOztu5o9Fx6dh9mD1711027803849.m3u8,,,,AlfaOmegaTV.ro@SD,,,,https://static.wikia.nocookie.net/logopedia/images/e/e3/Aotv_logo_svg.svg/revision/latest/scale-to-width-down/512,Religious,,iptv-org-all.txt
Alfa Sport (1080p) [Not 24/7],https://dev.aftermind.xyz/edge-hls/unitrust/alfasports/index.m3u8?token=8TXWzhY3h6jrzqEqx,,,,AlfaSport.cy@SD,,,,https://i.imgur.com/vhMPYIW.png,Sports,,iptv-org-all.txt
Alföld TV (1080p),https://cloudfront41.lexanetwork.com:1344/relay01/livestream006.sdp/playlist.m3u8,,,,AlfoldTV.hu@SD,,,,https://i.imgur.com/W6jg8iM.png,Entertainment,,iptv-org-all.txt
Alghadeer TV (1080p),https://sd343444.vodu.store:3356/live/Alghadeer/index.m3u8,,,,AlghadeerTV.iq@SD,,,,https://i.imgur.com/YPj6kXq.png,News,,iptv-org-all.txt
Alhaqeqa Aldawlia (1080p) [Not 24/7],https://ghaasiflu.online/alhqeqa/index.m3u8,,,,AlhaqeqaAldawlia.jo@SD,,,,,News,,iptv-org-all.txt
Alhiwar TV (1080p) [Not 24/7],https://mn-nl.mncdn.com/alhiwar_live/smil:alhiwar.smil/playlist.m3u8,,,,AlHiwarTV.uk@SD,,,,https://i.imgur.com/UjOxwdd.png,Education,,iptv-org-all.txt
Alhurra (720p),https://mbn-ingest-worldsafe.akamaized.net/hls/live/2038900/MBN_Alhurra_Worldsafe_HLS/master.m3u8,,,,Alhurra.us@SD,,,,https://i.imgur.com/tiQp2sR.png,News,,iptv-org-all.txt
Alhurra Iraq (720p),https://mbn-ingest-worldsafe.akamaized.net/hls/live/2038899/MBN_Iraq_Worldsafe_HLS/master.m3u8,,,,AlhurraIraq.us@SD,,,,https://i.imgur.com/fsgQDcN.png,News,,iptv-org-all.txt
Alien Nation by DUST (1080p),https://dqi7ayt2o24fn.cloudfront.net/playlist.m3u8,,,,DUST.us@SD,,,,https://i.imgur.com/FxYhME9.png,Movies,,iptv-org-all.txt
Aliento Vision (720p) [Not 24/7],https://627bb251f23c7.streamlock.net:444/Alientoenvivo/Alientoenvivo/playlist.m3u8,,,,AlientoVision.us@SD,,,,https://i.imgur.com/xT10iqB.png,Religious,,iptv-org-all.txt
Alikhbaria Syria (1080p),http://185.9.2.18/chid_423/index.m3u8,,,,AlikhbariaSyria.sy@SD,,,,https://alikhbariah.com/wp-content/themes/alekhbariah-custom-theme/img/logo.webp,News,,iptv-org-all.txt
Aliman TV (240p) [Not 24/7],https://svs.itworkscdn.net/alimanlive/imantv.smil/playlist.m3u8,,,,AlImanTV.lb@SD,,,,https://i.imgur.com/4WKQppG.png,Religious,,iptv-org-all.txt
Alistiqama TV (576p),https://jmc-live.ercdn.net/alistiqama/alistiqama.m3u8,,,,AlistiqamaTV.om@SD,,,,https://i.imgur.com/2FPtYZr.png,Religious,,iptv-org-all.txt
Alkarma TV Australia (1080p),https://5a8308add0b31.streamlock.net/alkarmatv.com/alkarmaau.smil/playlist.m3u8,,,,AlkarmaTVAustralia.us@SD,,,,https://i.imgur.com/90ykspa.png,Religious,,iptv-org-all.txt
Alkarma TV Family (1080p) [Not 24/7],https://58cc65c534c67.streamlock.net/alkarmatv.com/alkarmaNA2.smil/playlist.m3u8,,,,AlkarmaTVFamily.us@SD,,,,https://i.imgur.com/yUEuQA2.png,Religious,,iptv-org-all.txt
Alkarma TV Middle East (1080p) [Not 24/7],https://58cc65c534c67.streamlock.net/alkarmatv.com/alkarmame1.smil/playlist.m3u8,,,,AlkarmaTVMiddleEast.us@SD,,,,https://i.imgur.com/6OmNw5A.png,Religious,,iptv-org-all.txt
Alkarma TV North America & Canada (1080p) [Not 24/7],https://5aafcc5de91f1.streamlock.net/alkarmatv.com/alkarmana1.smil/playlist.m3u8,,,,AlkarmaTVNorthAmericaCanada.us@SD,,,,https://i.imgur.com/pnm60bq.png,Religious,,iptv-org-all.txt
Alkarma TV Praise (720p) [Not 24/7],https://58cc65c534c67.streamlock.net/alkarmatv.com/alkarmapa.smil/playlist.m3u8,,,,AlkarmaTVPraise.us@SD,,,,https://i.imgur.com/bJLKkou.png,Religious,,iptv-org-all.txt
Alkarma TV Talmaza (Discipleship) (1080p) [Not 24/7],https://58cc65c534c67.streamlock.net/alkarmatv.com/alkarmame2.smil/playlist.m3u8,,,,AlkarmaTVTalmazaDiscipleship.us@SD,,,,https://i.imgur.com/t2ZkRbr.png,Religious,,iptv-org-all.txt
Alkarma TV Youth & English (1080p) [Not 24/7],https://5aafcc5de91f1.streamlock.net/alkarmatv.com/alkarmaus.smil/playlist.m3u8,,,,AlkarmaTVYouthEnglish.us@SD,,,,https://i.imgur.com/kpuO8m7.png,Religious,,iptv-org-all.txt
Alkass Four (1080p),https://liveeu-gcp.alkassdigital.net/alkass4-p/main.m3u8,,,,AlkassFour.qa@SD,,,,https://i.imgur.com/iDL65Wu.png,Sports,,iptv-org-all.txt
Alkass One (1080p),https://liveeu-gcp.alkassdigital.net/alkass1-p/main.m3u8,,,,AlkassOne.qa@SD,,,,https://i.imgur.com/10mmlha.png,Sports,,iptv-org-all.txt
Alkass SHOOF (1080p),https://liveeu-gcp.alkassdigital.net/shooflive/main.m3u8,,,,AlkassSHOOF.qa@SD,,,,https://shoof.alkass.net/assets/images/shoof.png,Sports,,iptv-org-all.txt
Alkass SHOOF 2 (1080p),https://liveeu-gcp.alkassdigital.net/shooflive2/main.m3u8,,,,AlkassSHOOF2.qa@SD,,,,https://shoof.alkass.net/assets/images/shoof2.png,Sports,,iptv-org-all.txt
Alkass Six (1080p),https://liveeu-gcp.alkassdigital.net/alkass6-p/main.m3u8,,,,AlkassSix.qa@SD,,,,https://i.imgur.com/CrPSPSC.png,Sports,,iptv-org-all.txt
Alkass Three (1080p),https://liveeu-gcp.alkassdigital.net/alkass3-p/main.m3u8,,,,AlkassThree.qa@SD,,,,https://i.imgur.com/d57BdFh.png,Sports,,iptv-org-all.txt
Alkass Two (1080p),https://liveeu-gcp.alkassdigital.net/alkass2-p/main.m3u8,,,,AlkassTwo.qa@SD,,,,https://i.imgur.com/8w61kFX.png,Sports,,iptv-org-all.txt
Alkhuzama Radio (1080p),https://live.kwikmotion.com/sbrksakhuzamaradiolive/srpkhuzama/playlist.m3u8,,,,AlkhuzamaRadio.sa@SD,,,,https://shahid.mbc.net/mediaObject/61010cbc-91c5-4ce1-94a4-ed40adadb97b,Undefined,,iptv-org-all.txt
All Reality WE tv (720p),https://jmp2.uk/plu-5e82530945600e0007ca076c.m3u8,,,,AllRealitybyWEtv.us@SD,,,,https://i.imgur.com/HZTz5HJ.png,Series,,iptv-org-all.txt
All Time Movies (576p),https://streams.tangotv.in/ALLTIMEMOVIES/ORIGIN/index.m3u8,,,,AllTimeMovies.in@SD,,,,https://xstreamcp-assets-msp.streamready.in/assets/LIVETV/LIVECHANNEL/LIVETV_LIVETVCHANNEL_ALL_TIME_MOVIES/images/LOGO_HD/image.png,Movies,,iptv-org-all.txt
All Weddings We TV,https://amc-allweddings-1-us.xumo.wurl.tv/playlist.m3u8,,,,AllWeddingsWEtv.us@SD,,,,https://i.imgur.com/OjLCew5.png,Series,,iptv-org-all.txt
ALLBLK Gems (720p),https://df1zke3zj042m.cloudfront.net/playlist.m3u8,,,,ALLBLKGems.us@SD,,,,https://i.imgur.com/gnkepQJ.png,Entertainment,,iptv-org-all.txt
Alle hassen Chris,https://jmp2.uk/plu-622f6e1e2792150007e0b2ff.m3u8,,,,AllehassenChris.de@DACH,,,,https://images.pluto.tv/channels/622f6e1e2792150007e0b2ff/colorLogoPNG.png,Comedy,,iptv-org-all.txt
Allgäu TV (1080p),https://stream01.welocal.stream/stream/fhd-allgaeutv_25679/ngrp:stream_all/playlist.m3u8,,,,AllgauTV.de@SD,,,,https://upload.wikimedia.org/wikipedia/commons/thumb/8/8e/Allg%C3%A4u_TV_Logo_%282021%29.svg/960px-Allg%C3%A4u_TV_Logo_%282021%29.svg.png,General,,iptv-org-all.txt
Allo Cine (1080p),https://d1yl6bf4hrzbr0.cloudfront.net/v1/master/3722c60a815c199d9c0ef36c5b73da68a62b09d1/cc-5km3zs4zs9sp0/allo.m3u8,,,,AlloCine.cm@SD,,,,https://raw.githubusercontent.com/songwenhui239/Songwenhui239/refs/heads/main/Allo%20Cine.jpeg,Movies,,iptv-org-all.txt
Alma TV (576p),http://151.0.207.99:1935/AlmaTv/AlmaTv/playlist.m3u8,,,,AlmaTV.it@SD,,,,https://i.imgur.com/MfFOnJp.png,Lifestyle,,iptv-org-all.txt
Almagd TV Middle East (1080p) [Not 24/7],https://597f64b67707a.streamlock.net/almagd.tv/almagd.smil/playlist.m3u8,,,,AlmagdTVMiddleEast.us@SD,,,,https://i.imgur.com/3pUik3b.png,Religious,,iptv-org-all.txt
Almagd TV North America (1080p),https://5aafcc5de91f1.streamlock.net/almagd.tv/almagd.smil/playlist.m3u8,,,,AlmagdTVNorthAmerica.us@SD,,,,https://i.imgur.com/3pUik3b.png,Religious,,iptv-org-all.txt
Almahriah TV (576p),https://starmenajo.com/hls/almahriah/index.m3u8,,,,AlmahriahTV.tr@SD,,,,https://i.imgur.com/GgEeTNr.png,News,,iptv-org-all.txt
Almaty TV (576p),https://fs.uplink.kz/almaty/mono.m3u8?token=onlinetv,,,,AlmatyTV.kz@SD,,,,https://i.imgur.com/Mjqwt8C.png,General,,iptv-org-all.txt
Alpe d’Huez TV (720p) [Not 24/7],https://edge13.vedge.infomaniak.com/livecast/ik:adhtv/manifest.m3u8,,,,AlpedHuezTV.fr@SD,,,,https://i.imgur.com/090tCQ5.png,General,,iptv-org-all.txt
Alpha Channel (720p),https://5b01a3d32b65c.streamlock.net:1936/tvalpha/tvalpha/playlist.m3u8,,,,AlphaChannel.br@SD,,,,https://i.imgur.com/c1QqslA.png,General,,iptv-org-all.txt
alpha Cinema (1080p),https://live.15plusmg.ru/memfs/b389173a-df4e-4171-8904-e249893e71eb.m3u8,,,,alphaCinema.ru@HD,,,,https://i.imgur.com/146OgfU.png,Comedy;Family;Movies,,iptv-org-all.txt
Alpha Digital (480p),https://streamfi-alphatvdgtl1.zettawiseroutes.com:8181/hls/stream.m3u8,,,,AlphaDigital.ug@SD,,,,https://i.imgur.com/sLt242H.png,Religious,,iptv-org-all.txt
Alpha TV (1080p),https://alphatvlive2.siliconweb.com/alphatvlive/live_abr/playlist.m3u8,,,,AlphaTV.gr@SD,,,,https://i.imgur.com/6twzd38.png,General,,iptv-org-all.txt
Alpo TV,https://vs.sednastream.com:1936/alportv/alportv/playlist.m3u8,,,,AlpoTV.al@SD,,,,https://i.imgur.com/Pr4ixiA.png,General,,iptv-org-all.txt
Alquran (1080p),https://ktvlive.online/stream/hls/ch1.m3u8,,,,Alquran.iq@SD,,,,https://i.imgur.com/lqVwrAF.png,Religious,,iptv-org-all.txt
Alsacias Televisión (ATV | Canal 28) (720p),https://s.emisoras.tv:8081/atv/index.m3u8,,,,AlsaciasTelevision.hn@SD,,,,https://i.imgur.com/SbuD1UW.png,General,,iptv-org-all.txt
Alsat (576p),http://5.254.89.106/8713/index.m3u8,,,,Alsat.mk@SD,,,,https://upload.wikimedia.org/wikipedia/commons/thumb/7/72/Logo_of_Alsat_TV_%282020-%29.svg/960px-Logo_of_Alsat_TV_%282020-%29.svg.png,General,,iptv-org-all.txt
Alt Media TV,https://video.hostingcaaguazu.com:19360/altmedia/altmedia.m3u8,,,,AltMediaTV.py@SD,,,,https://i.imgur.com/YkOgWMc.png,Entertainment,,iptv-org-all.txt
Altaghier TV (1080p),https://jmc-live.ercdn.net/altaghier/altaghier.m3u8,,,,AltaghierTV.jo@SD,,,,https://i.imgur.com/YTyCBvB.png,News,,iptv-org-all.txt
Altanto TV (1080p) [Not 24/7],https://stream.haislin.com/ls_j3BOKxBbUJ/index.m3u8,,,,AltantoTV.do@SD,,,,https://i.imgur.com/KWvVLhc.png,General,,iptv-org-all.txt
Altas TV (1080p),https://edge1.socialsmart.tv/altastv/bant1/playlist.m3u8,,,,AltasTV.tr@SD,,,,https://i.imgur.com/XaJ7fp6.png,General,,iptv-org-all.txt
Altena TV (720p),https://dnx1f4sl30ba2.cloudfront.net/nlpo/clr-nlpo/altenatv/index.m3u8,,,,AltenaTV.nl@SD,,,,https://i.imgur.com/0wblu0I.png,Undefined,,iptv-org-all.txt
Altenburg TV (1080p),https://58de7a369a9c4.streamlock.net/abgtv/abgtv_1080p/playlist.m3u8,,,,AltenburgTV.de@SD,,,,https://i.imgur.com/3JriZGR.png,General,,iptv-org-all.txt
Alterna TV (720p) [Not 24/7],https://tv.alterna.ar/stream/hls/live.m3u8,,,,AlternaTV.ar@SD,,,,https://tv.alterna.ar/alternatv.png,Culture;Documentary;Entertainment;General;Movies;Music,,iptv-org-all.txt
Alternativa TV (720p),https://live20.bozztv.com/giatv/giatv-alternativatv/alternativatv/playlist.m3u8,,,,AlternativaTV.cl@SD,,,,https://i.imgur.com/KCrSbgv.png,Undefined,,iptv-org-all.txt
Althania (1080p),https://live.kwikmotion.com/syriatv02live/syriatv02.smil/playlist.m3u8,,,,Althania.sy@SD,,,,https://www.althania.tv/themes/custom/althania/assets/images/stv-logo.svg,General,,iptv-org-all.txt
Althingi (1080p) [Not 24/7],https://althingi-live.secure.footprint.net/althingi/live/index.m3u8,,,,Althingi.is@SD,,,,https://i.imgur.com/tKNPdea.png,Legislative,,iptv-org-all.txt
Alto Adige TV (720p),https://5f204aff97bee.streamlock.net/AltoAdigeTV/livestream/playlist.m3u8,,,,AltoAdigeTV.it@SD,,,,https://i.imgur.com/yt7JJrn.png,General,,iptv-org-all.txt
Altura TV (720p),https://live-evg10.tv360.bitel.com.pe/bitel/urbanatv/playlist.m3u8,,,,AlturaTV.pe@SD,,,,https://i.imgur.com/U6GwIL7.jpeg,General,,iptv-org-all.txt
ALTV (1080p),https://thaipbs-ujxrch.cdn.byteark.com/live/playlist_1080p/index.m3u8,,,,ALTV.th@SD,,,,https://i.imgur.com/MCbCSWv.png,Education,,iptv-org-all.txt
Altyn Asyr (406p) [Not 24/7],https://alpha.tv.online.tm/hls/ch001.m3u8,,,,AltynAsyr.tm@SD,,,,https://i.imgur.com/D7RBtZ2.png,General,,iptv-org-all.txt
Alvin Channel TV (360p) [Not 24/7],https://cdn10-alvinchannel.yayin.com.tr/alvinchannel/alvinchannel/playlist.m3u8,,,,AlvinChannelTV.az@SD,,,,https://i.imgur.com/m6CM7VU.png,General,,iptv-org-all.txt
Alwafa Tarim TV (Am Media) (720p),https://ammedia.siar.us/ammedia/live/playlist.m3u8,,,,AlWafaTarim.id@SD,,,,https://i.ibb.co/3yfMjmf/logo-3.png,Religious,,iptv-org-all.txt
Always Funny Videos (720p),https://d24l3uppudokci.cloudfront.net/playlist.m3u8,,,,AlwaysFunnyVideos.us@SD,,,,https://i.imgur.com/vfdN5Xl.png,Series,,iptv-org-all.txt
Alwesam TV (1080p),https://stream.addresses-sat.com/Alwesam/index.m3u8,,,,AlwesamTV.sa@SD,,,,https://i.imgur.com/rtqVAxf.png,Undefined,,iptv-org-all.txt
ALWifak News TV (720p),http://alwifaklive.info:1935/live/myStream/playlist.m3u8,,,,ALWifakNewsTV.lb@SD,,,,https://i.imgur.com/1vqhmNz.png,News,,iptv-org-all.txt
AM Canal,https://streaming.bitsur.cl:3534/live/vdo1102live.m3u8,,,,AMCanal.cl@SD,,,,https://i.imgur.com/wfi9NXL.png,General,,iptv-org-all.txt
Amaga Television (720p),https://viewhn.com/amagatelevision/sdfUYWKegHKRPpSirG/playlist.m3u8,,,,AmagaTelevision.co@SD,,,,https://i.imgur.com/hvpbfzG.png,General,,iptv-org-all.txt
Amani TV (1080p) [Not 24/7],https://goccn.cloud/hls/amanitv/index.m3u8,,,,AmaniTV.sn@SD,,,,https://i.imgur.com/0cY4K7G.png,Culture,,iptv-org-all.txt
Amarin TV,https://lb1-live-mv.v2h-cdn.com/hls/ffad/vibomi/vibomi.m3u8,,,,AmarinTV.th@SD,,,,https://static.wikia.nocookie.net/logopedia/images/f/ff/Amarin_TV_2015.svg/revision/latest/scale-to-width-down/512,Entertainment,,iptv-org-all.txt
AmarUjala (1080p),https://amarujala.ottlive.co.in/amarujala/index.m3u8,,,,AmarUjala.in@SD,,,,https://i.imgur.com/ndQ8LZp.png,News,,iptv-org-all.txt
Amazing Discoveries TV (720p),https://uni01rtmp.tulix.tv/amazingdtv/amazingdtv/playlist.m3u8,,,,AmazingDiscoveriesTV.ca@SD,,,,https://i.imgur.com/I0oPFTj.png,Religious,,iptv-org-all.txt
Amazing Facts TV (1080p),https://hlspackager.akamaized.net/live/DB/AMAZING_FACTS/HLS/AMAZING_FACTS.m3u8,,,,AmazingFactsTV.us@SD,,,,https://i.imgur.com/4d65Bev.png,Religious,,iptv-org-all.txt
Amazon Sat (1080p),https://amazonsat.brasilstream.com.br/hls/amazonsat/index.m3u8,,,,AmazonSat.br@SD,,,,https://i.imgur.com/7rjCS5i.png,Undefined,,iptv-org-all.txt
Amazonia TV,https://servilive.com:3199/live/amazoniatvlive.m3u8,,,,AmazoniaTV.pe@SD,,,,https://i.imgur.com/sSW7d8e.png,General,,iptv-org-all.txt
Amazonica TV (720p),https://live-evg8.tv360.bitel.com.pe/bitel/amazonicatvSRT/playlist.m3u8,,,,AmazonicaTV.pe@SD,,,,https://i.imgur.com/22ebHAX.jpeg,General,,iptv-org-all.txt
AMC (1080p),https://amchls.wns.live/hls/stream.m3u8,,,,AMC.af@SD,,,,https://i.imgur.com/yj8RNnG.png,Music,,iptv-org-all.txt
AMC (720p),http://23.239.31.26:8989/amc/index.m3u8,,,,AMC.us@EastHD,,,,https://upload.wikimedia.org/wikipedia/commons/thumb/3/34/AMC_logo_2019.svg/960px-AMC_logo_2019.svg.png,Movies,,iptv-org-all.txt
AMC Absolute Reality,https://amc-absolutereality-1-us.plex.wurl.tv/playlist.m3u8,,,,AbsoluteRealitybyWETV.us@SD,,,,https://i.imgur.com/Gtwk8ic.png,Entertainment,,iptv-org-all.txt
AMC East (720p),http://190.11.225.124:5000/live/amc_hd/playlist.m3u8,,,,AMC.us@East,,,,https://upload.wikimedia.org/wikipedia/commons/thumb/3/34/AMC_logo_2019.svg/960px-AMC_logo_2019.svg.png,Movies,,iptv-org-all.txt
AMC en Espanol,https://amc-amcespanol-1-us.lg.wurl.tv/playlist.m3u8,,,,AMCenEspanol.us@SD,,,,https://i.imgur.com/L1h6W5Q.png,Entertainment,,iptv-org-all.txt
AMC Europe Bulgary (576p),http://hls127.freeott.top:8080/BG_AMC/video.m3u8,,,,AMCEurope.uk@Bulgary,,,,https://upload.wikimedia.org/wikipedia/commons/thumb/3/34/AMC_logo_2019.svg/960px-AMC_logo_2019.svg.png,Movies,,iptv-org-all.txt
AMC Latin America (1080p),http://15.204.246.24:8080/AMCHD/index.m3u8,,,,AMCLatinAmerica.us@Panregional,,,,https://upload.wikimedia.org/wikipedia/commons/thumb/3/34/AMC_logo_2019.svg/960px-AMC_logo_2019.svg.png,Movies,,iptv-org-all.txt
AMC Latin America (1080p),http://45.171.108.253:8888/AMC/index.m3u8,,,,AMCLatinAmerica.us@SD,,,,https://upload.wikimedia.org/wikipedia/commons/thumb/3/34/AMC_logo_2019.svg/960px-AMC_logo_2019.svg.png,Movies,,iptv-org-all.txt
AMC Latin America Brazil (720p),http://170.83.49.66:8083/AMCHD/index.m3u8,,,,AMCLatinAmerica.us@Brazil,,,,https://upload.wikimedia.org/wikipedia/commons/thumb/3/34/AMC_logo_2019.svg/960px-AMC_logo_2019.svg.png,Movies,,iptv-org-all.txt
Ame 47 (576p),https://ss2.tvrdomi.com:1936/ame47/ame47/playlist.m3u8,,,,Ame47.do@SD,,,,https://i.imgur.com/MUEbjeP.png,General,,iptv-org-all.txt
Amedia 1 (576p),http://31.148.48.15/A1/index.m3u8,,,,A1.ru@SD,,,,https://i.imgur.com/2pAHdAi.png,Music,,iptv-org-all.txt
Amedia 2 (576p),http://31.148.48.15/A2/index.m3u8,,,,A2.ru@SD,,,,https://i.imgur.com/NqHla2V.png,Series,,iptv-org-all.txt
Amedia Hit (1080p),http://stream.mcquack.net/162/index.m3u8,,,,AmediaHit.ru@SD,,,,https://i.imgur.com/a8ZBGBw.png,Movies;Series,,iptv-org-all.txt
Amedia Premium (720p),http://31.148.48.15/Amedia_Premium_HD/index.m3u8,,,,AmediaPremium.ru@SD,,,,https://i.imgur.com/UUjehw9.png,Movies;Series,,iptv-org-all.txt
América Estéreo Guayaquil (360p),https://video.makrodigital.com/americaestereoguayaquil/americaestereoguayaquil/playlist.m3u8,,,,AmericaEstereoGuayaquil.ec@SD,,,,https://i.imgur.com/gUqKymM.png,General,,iptv-org-all.txt
América Estéreo Ibarra (720p),https://video.makrodigital.com/americaestereoibarra/americaestereoibarra/playlist.m3u8,,,,AmericaEstereoIbarra.ec@SD,,,,https://i.imgur.com/gUqKymM.png,General,,iptv-org-all.txt
América Estéreo Quito (1080p),https://video.makrodigital.com/americaestereoquito/americaestereoquito/playlist.m3u8,,,,AmericaEstereoQuito.ec@SD,,,,https://i.imgur.com/gUqKymM.png,General,,iptv-org-all.txt
América Estéreo Tulcán (614p),https://video.makrodigital.com/americaestereotulcan/americaestereotulcan/playlist.m3u8,,,,AmericaEstereoTulcan.ec@SD,,,,https://i.imgur.com/gUqKymM.png,General,,iptv-org-all.txt
America Paraguay (720p),http://45.170.130.224:8000/play/a02o/index.m3u8?hls,,,,AmericaParaguay.py@SD,,,,https://i.imgur.com/rCEu3fM.png,General,,iptv-org-all.txt
America Television (1080p),http://45.171.108.253:8888/AMERICA/index.m3u8,,,,AmericaTelevision.pe@SD,,,,https://upload.wikimedia.org/wikipedia/commons/thumb/4/4c/Am%C3%A9rica_Televisi%C3%B3n.svg/500px-Am%C3%A9rica_Televisi%C3%B3n.svg.png,General,,iptv-org-all.txt
América TeVé (1080p),https://live.gideo.video/americateve2/master.m3u8,,,,AmericaTeVe.pr@SD,,,,https://i.imgur.com/K9o3mLP.png,Entertainment;General,,iptv-org-all.txt
America's Next Top Model,https://jmp2.uk/plu-686cd84603ad75cfd132d672.m3u8,,,,AmericasNextTopModel.de@ES,,,,https://images.pluto.tv/channels/686cd84603ad75cfd132d672/colorLogoPNG_1751963785234.png,Entertainment,,iptv-org-all.txt
America's Next Top Model,https://jmp2.uk/plu-6464cc595a0cd500088c7749.m3u8,,,,AmericasNextTopModel.se@DK,,,,https://images.pluto.tv/channels/6464cc595a0cd500088c7749/colorLogoPNG.png,Series,,iptv-org-all.txt
America's Next Top Model,https://jmp2.uk/plu-6464cd7c7cb4b100086c71c9.m3u8,,,,AmericasNextTopModel.se@NO,,,,https://images.pluto.tv/channels/6464cc595a0cd500088c7749/colorLogoPNG.png,Series,,iptv-org-all.txt
America's Next Top Model,https://jmp2.uk/plu-6464cdcaee6a2f000822a7a8.m3u8,,,,AmericasNextTopModel.se@SE,,,,https://images.pluto.tv/channels/6464cc595a0cd500088c7749/colorLogoPNG.png,Series,,iptv-org-all.txt
America's Next Top Model,https://jmp2.uk/plu-68679fc6bb46d0bdd38ac9a4.m3u8,,,,AmericasNextTopModel.us@CA,,,,https://images.pluto.tv/channels/68679fc6bb46d0bdd38ac9a4/colorLogoPNG_1756466390265.png,Entertainment,,iptv-org-all.txt
America's Next Top Model,https://jmp2.uk/plu-68757c45759366af05b3b199.m3u8,,,,AmericasNextTopModel.us@SD,,,,https://images.pluto.tv/channels/68679fc6bb46d0bdd38ac9a4/colorLogoPNG_1756466390265.png,Entertainment,,iptv-org-all.txt
America's Test Kitchen (720p),https://jmp2.uk/plu-5e84f54a82f05300080e6746.m3u8,,,,AmericasTestKitchen.us@SD,,,,https://i.imgur.com/prMkTsZ.png,Cooking,,iptv-org-all.txt
America's Voice (720p),https://content.uplynk.com/channel/26bd482ffe364a1282bc3df28bd3c21f.m3u8,,,,AmericasVoice.us@SD,,,,,News,,iptv-org-all.txt
America's Voice News (720p),https://jmp2.uk/plu-5e1f7da4bc7d740009831259.m3u8,,,,AmericasVoiceNews.us@SD,,,,https://i.imgur.com/C4w0eYC.png,News,,iptv-org-all.txt
American Crime Channel,https://d39g1vxj2ef6in.cloudfront.net/v1/master/3fec3e5cac39a52b2132f9c66c83dae043dc17d4/prod-rakuten-stitched/master.m3u8?ads.xumo_channelId=88883104,,,,AmericanCrimeChannel.pl@Poland,,,,https://provider-static.plex.tv/epg/cms/production/5d4ac35c-dd3f-4f56-a272-41ebfe3477a9/american_crime_channel_dark_logo_-_Kam_JeyRDXV2.png,Entertainment,,iptv-org-all.txt
American Horrors (480p),http://107.167.7.162:8081/playlist/amhor/playlist.m3u8,,,,AmericanHorrors.us@SD,,,,https://image.roku.com/developer_channels/prod/16f5571a82819e8992a748c70b256cbe63105f4b546b73d129668dc2cb701d91.png,Movies,,iptv-org-all.txt
Ameritrade (1080p) [Not 24/7],https://tdameritrade-vizio.amagi.tv/playlist.m3u8,,,,Ameritrade.us@SD,,,,https://images-na.ssl-images-amazon.com/images/I/71CZKwin9mL.png,Business,,iptv-org-all.txt
AMG TV (1080p),https://2-fss-2.streamhoster.com/pl_138/201660-1270634-1/playlist.m3u8,,,,AMGTV.us@SD,,,,https://upload.wikimedia.org/wikipedia/en/thumb/8/8c/True_Crime_Network_logo.svg/960px-True_Crime_Network_logo.svg.png,Family,,iptv-org-all.txt
Amga TV (720p) [Not 24/7],https://streamer1.connectto.com/AMGA_WEB_1202/playlist.m3u8,,,,AMGATV.us@SD,,,,https://i.imgur.com/NTlC6e7.png,General,,iptv-org-all.txt
Amigos TV Chiquimula (480p),https://antmedia.cablevisionrobles.com:5443/LiveApp/streams/CqwAgRagMvBNYN8c1731608980342.m3u8,,,,AmigosTVChiquimula.gt@SD,,,,https://i.ibb.co/tLhcNTD/amigos-tv-chiquimula.png,Religious,,iptv-org-all.txt
Amitel TV (720p),https://stv2.boliviaplay.com.bo/hls/stream.m3u8,,,,AmitelTV.bo@SD,,,,https://amiteltv.com/wp-content/uploads/2026/01/LOGO-SIN-FONDO-WEB.png,General,,iptv-org-all.txt
Amman TV (720p),https://ammantv-live.ercdn.net/ammantvhd/ammantvhd.m3u8,,,,AmmanTV.jo@SD,,,,https://i.imgur.com/5l7kw0b.png,General,,iptv-org-all.txt
Amou Yazid TV (576p),http://mkstream.servehttp.com:1940/AmouYazid/ay1/playlist.m3u8,,,,AmouYazidTV.dz@SD,,,,https://i.imgur.com/L8UPGPC.png,Kids,,iptv-org-all.txt
Amouzesh,https://ncdn.telewebion.ir/amouzesh/live/playlist.m3u8,,,,AmouzeshTV.ir@SD,,,,https://upload.wikimedia.org/wikipedia/commons/thumb/5/5b/Amouzesh_TV_logo_%282023%29.svg/500px-Amouzesh_TV_logo_%282023%29.svg.png,General,,iptv-org-all.txt
Amozhgary TV,https://app-live.org/live/3268334b/index.m3u8,,,,AmozhgaryTV.iq@SD,,,,https://i.imgur.com/sseqFsO.png,Religious,,iptv-org-all.txt
Amrita TV (720p),https://ddash74r36xqp.cloudfront.net/master.m3u8,,,,AmritaTV.in@SD,,,,https://i.imgur.com/WdSjlPl.png,Entertainment,,iptv-org-all.txt
Amu TV,https://jmc-live.ercdn.net/amutv/amutv.m3u8,,,,AmuTV.us@SD,,,,https://i.imgur.com/KXdvPum.png,News,,iptv-org-all.txt
AMusic Channel (720p),http://mn-nl.mncdn.com/amusictv/amusicsrt.stream/playlist.m3u8,,,,AMusicChannel.ng@SD,,,,https://i.imgur.com/06zuf64.png,Music,,iptv-org-all.txt
AMX Noticias (720p) [Not 24/7],https://5e50264bd6766.streamlock.net/mexiquense2/videomexiquense2/playlist.m3u8,,,,AMXNoticias.mx@SD,,,,https://i.imgur.com/snIU1UA.jpg,News,,iptv-org-all.txt
An Giang TV1 (1080p) [Geo-blocked],https://tv.angiangtv.vn/live/kgtv/kgtv.m3u8,,,,AnGiangTV1.vn@SD,,,,https://i.imgur.com/mgp6RAU.png,General,,iptv-org-all.txt
An Giang TV2 (1080p) [Geo-blocked],https://tv.angiangtv.vn/live/kgtv2/kgtv2.m3u8,,,,AnGiangTV2.vn@SD,,,,https://i.imgur.com/efrauLr.png,Entertainment,,iptv-org-all.txt
An Giang TV3 (1080p) [Geo-blocked],https://tv.angiangtv.vn/live/kgtv1/kgtv1.m3u8,,,,AnGiangTV3.vn@SD,,,,https://i.imgur.com/gZUV4z8.png,Entertainment,,iptv-org-all.txt
Ana y los 7,https://jmp2.uk/plu-5f1acce7f17797000718f9be.m3u8,,,,Anaylos7.us@Spain,,,,https://i.imgur.com/X5g6gXS.png,Series,,iptv-org-all.txt
Anadolu Net TV (1080p),https://live.artidijitalmedya.com/artidijital_anadolunet/anadolunet/playlist.m3u8,,,,AnadoluNetTV.tr@SD,,,,https://www.anadolunettv.com/d/r/logo.png,General,,iptv-org-all.txt
Anand TV (1080p),https://live.legitpro.co.in/anandtv/index.m3u8,,,,AnandTV.in@SD,,,,https://jiotvimages.cdn.jio.com/dare_images/images/Anand_TV.png,Religious,,iptv-org-all.txt
Anand TV (720p) [Not 24/7],https://live-anandtv.anandmedia.net/anandtvapp/anandtv/index.m3u8,,,,AnandTV.uk@SD,,,,https://i.imgur.com/5VOPFzs.png,General,,iptv-org-all.txt
Ananda Barta (720p),https://account19.livebox.co.in/Anandabarta2hls/live.m3u8,,,,AnandaBarta.in@SD,,,,https://jiotvimages.cdn.jio.com/dare_images/images/Anand_Barta.png,News,,iptv-org-all.txt
Ananda TV (480p),http://103.99.249.139/anandatv/index.m3u8,,,,AnandaTV.bd@SD,,,,https://i.imgur.com/jkbo7Qe.png,Entertainment,,iptv-org-all.txt
ANB News (720p),https://server.livelegitpro.in:9899/anbnews/anbnews/index.m3u8,,,,ANBNews.in@SD,,,,https://xstreamcp-assets-msp.streamready.in/assets/LIVETV/LIVECHANNEL/LIVETV_LIVETVCHANNEL_ANB_NEWS/images/LOGO_HD/image.png,News,,iptv-org-all.txt
ANC Television (720p),https://live.amelbatv.co:81/anctvlive/index.m3u8,,,,ANCTelevision.co@SD,,,,https://i.imgur.com/xjTU14t.jpg,Entertainment,,iptv-org-all.txt
Andes Television (720p),https://live-evg7.tv360.bitel.com.pe/bitel/andestvSRT/playlist.m3u8,,,,AndesTelevision.pe@SD,,,,https://i.imgur.com/CsW4Op8.png,Religious,,iptv-org-all.txt
Andina RTV (720p),https://live-evg8.tv360.bitel.com.pe/bitel/andinatvSRT/playlist.m3u8,,,,AndinaRTV.pe@SD,,,,https://i.imgur.com/KoQPpVh.jpeg,Music,,iptv-org-all.txt
Ando TV (1080p),http://play.kankanlive.com/live/1711956137852982.m3u8,,,,AndoTV.cn@SD,,,,https://i.imgur.com/EpTsFVu.png,Religious,,iptv-org-all.txt
Andorra TV (1080p),https://livesg1.rtva.hiway.media/11a6d6f4-ee13-47c7-9c27-7313cf5424e2/manifest.m3u8,,,,AndorraTV.ad@SD,,,,https://upload.wikimedia.org/wikipedia/commons/3/32/Logo_Andorra_Televisi%C3%B3.png,General,,iptv-org-all.txt
Andromeda,https://jmp2.uk/plu-6850335b5965a2fd49f7e36d.m3u8,,,,Andromeda.us@Spain,,,,https://i.imgur.com/6ot2lmd.png,Series,,iptv-org-all.txt
Andromeda,https://jmp2.uk/plu-5e8db96bccae160007c71eec.m3u8,,,,Andromeda.us@UK,,,,https://i.imgur.com/6ot2lmd.png,Series,,iptv-org-all.txt
Andromeda Italy (720p),https://jmp2.uk/plu-60802d37ee238e0007c94e64.m3u8,,,,Andromeda.us@Italy,,,,https://i.imgur.com/6ot2lmd.png,Series,,iptv-org-all.txt
Andy Haryana (576p),https://mumt03.tangotv.in/Dsly5z3HANDYHARYANA/index.m3u8,,,,AndyHaryana.in@SD,,,,https://i.imgur.com/rmCBD3e.png,Culture;Music,,iptv-org-all.txt
AnewZ,https://53be5ef2d13aa.streamlock.net/cubesanewz-secure/smil:cubesanewz-secure-web.smil/playlist.m3u8,,,,AnewZTV.az@SD,,,,https://i.imgur.com/Lwgdbuu.png,News,,iptv-org-all.txt
Angel TV (720p),https://janya-digimix.akamaized.net/vglive-sk-394914/india/ngrp:angelindia_all/playlist.m3u8,,,,AngelTV.in@India,,,,https://i.imgur.com/qKLEGU7.png,Religious,,iptv-org-all.txt
Angel TV Africa (720p),https://janya-digimix.akamaized.net/vglive-sk-904559/africa/ngrp:angelafrica_all/playlist.m3u8,,,,AngelTV.in@Africa,,,,https://i.imgur.com/qKLEGU7.png,Religious,,iptv-org-all.txt
Angel TV America (720p),https://janya-digimix.akamaized.net/vglive-sk-374850/america/ngrp:angelamerica_all/playlist.m3u8,,,,AngelTV.in@America,,,,https://i.imgur.com/qKLEGU7.png,Religious,,iptv-org-all.txt
Angel TV Arabia (720p),https://janya-digimix.akamaized.net/vglive-sk-213167/arabia/ngrp:angelarabia_all/playlist.m3u8,,,,AngelTV.in@Arabia,,,,https://i.imgur.com/qKLEGU7.png,Religious,,iptv-org-all.txt
Angel TV Australia (720p),https://janya-digimix.akamaized.net/vglive-sk-310787/australia/ngrp:angelaustralia_all/playlist.m3u8,,,,AngelTV.in@Australia,,,,https://i.imgur.com/qKLEGU7.png,Religious,,iptv-org-all.txt
Angel TV Chinese (720p),https://janya-digimix.akamaized.net/vglive-sk-999451/chinese/ngrp:angelchinese_all/playlist.m3u8,,,,AngelTV.in@Chinese,,,,https://i.imgur.com/qKLEGU7.png,Religious,,iptv-org-all.txt
Angel TV Europe (720p),https://janya-digimix.akamaized.net/vglive-sk-512011/europe/ngrp:angeleurope_all/playlist.m3u8,,,,AngelTV.in@Europe,,,,https://i.imgur.com/qKLEGU7.png,Religious,,iptv-org-all.txt
Angel TV FarEast (720p),https://janya-digimix.akamaized.net/vglive-sk-438760/fareast/ngrp:angelfareast_all/playlist.m3u8,,,,AngelTV.in@FarEast,,,,https://i.imgur.com/qKLEGU7.png,Religious,,iptv-org-all.txt
Angel TV Hebrew (720p),https://janya-digimix.akamaized.net/vglive-sk-150533/hebrew/ngrp:angelhebrew_all/playlist.m3u8,,,,AngelTV.in@Hebrew,,,,https://i.imgur.com/qKLEGU7.png,Religious,,iptv-org-all.txt
Angel TV Indo-China (720p),https://janya-digimix.akamaized.net/vglive-sk-703035/indochina/ngrp:angelindochina_all/playlist.m3u8,,,,AngelTV.in@IndoChina,,,,https://i.imgur.com/qKLEGU7.png,Religious,,iptv-org-all.txt
Angel TV Indonesia (720p),https://janya-digimix.akamaized.net/vglive-sk-234616/indonesia/ngrp:angelindonesia_all/playlist.m3u8,,,,AngelTV.in@Indonesia,,,,https://i.imgur.com/qKLEGU7.png,Religious,,iptv-org-all.txt
Angel TV Nepal (720p),https://janya-digimix.akamaized.net/vglive-sk-109639/nepali/ngrp:angelnepali_all/playlist.m3u8,,,,AngelTV.in@Nepal,,,,https://i.imgur.com/qKLEGU7.png,Religious,,iptv-org-all.txt
Angel TV Portuguese (720p),https://janya-digimix.akamaized.net/vglive-sk-382409/portuese/ngrp:angelportuguese_all/playlist.m3u8,,,,AngelTV.in@Portuguese,,,,https://i.imgur.com/qKLEGU7.png,Religious,,iptv-org-all.txt
Angel TV Russian (720p),https://janya-digimix.akamaized.net/vglive-sk-955415/russia/ngrp:angelrussia_all/playlist.m3u8,,,,AngelTV.in@Russian,,,,https://i.imgur.com/qKLEGU7.png,Religious,,iptv-org-all.txt
Angel TV Spanish (720p),https://janya-digimix.akamaized.net/vglive-sk-351398/spanish/ngrp:angelspanish_all/playlist.m3u8,,,,AngelTV.in@Spanish,,,,https://i.imgur.com/qKLEGU7.png,Religious,,iptv-org-all.txt
Angelus TV (1080p),https://video.angelustv.ro/hls/angelustv.m3u8,,,,AngelusTV.ro@SD,,,,https://static.wikia.nocookie.net/logopedia/images/1/12/Angelus_TV.svg/revision/latest/scale-to-width-down/512,Religious,,iptv-org-all.txt
Anger Management Channel (1080p),https://amg00353-lionsgatestudio-angermgmt-samsungau-o9jg9.amagi.tv/playlist/amg00353-lionsgatestudio-angermgmt-samsungau/playlist.m3u8,,,,AngerManagementChannel.us@SD,,,,https://i.imgur.com/VXZgrNy.png,Comedy;Series,,iptv-org-all.txt
Anhui TV,https://restream.pdtvhd.com/memfs/c1cd2ed0-3b2b-4c25-af98-a7fb0b1eb130.m3u8,,,,AnhuiTV.cn@SD,,,,https://i.imgur.com/gDn101f.png,Undefined,,iptv-org-all.txt
Ani (576p),http://46.32.176.50/anitv/index.m3u8,,,,Ani.ru@SD,,,,https://i.imgur.com/i2AP0hp.png,Kids,,iptv-org-all.txt
ANIMAL KINGDOM (720p),https://cdn6.goprimetime.info/feed/202306140918/LC18/index.m3u8,,,,ANIMALKINGDOM.de@SD,,,,,Outdoor,,iptv-org-all.txt
Animation+ (1080p) [Geo-blocked],https://pb-ioe9d0fpkd6pp.akamaized.net/playlist.m3u8,,,,AnimationPlus.us@SD,,,,https://i.imgur.com/OIFK6JB.png,Animation,,iptv-org-all.txt
Animax Asia India (1080p) [Geo-blocked],https://amg02159-kcglobal-amg02159c1-samsung-in-521.playouts.now.amagi.tv/playlist/amg02159-kcglobal-animax-samsungin/playlist.m3u8,,,,AnimaxAsia.sg@India,,,,https://jiotvimages.cdn.jio.com/dare_images/images/Animax.png,Animation,,iptv-org-all.txt
Anime Vision (1080p),https://d1ujfw1zyymzyd.cloudfront.net/v1/master/3722c60a815c199d9c0ef36c5b73da68a62b09d1/cc-a6fukwkbxmex8/live/fast-channel-animevision-64527ec0/fast-channel-animevision-64527ec0.m3u8,,,,AnimeVision.es@SD,,,,https://i.imgur.com/pUpKznl.png,Animation,,iptv-org-all.txt
Anime Vision Classics (1080p),https://d82pyvmcw2kdc.cloudfront.net/v1/master/3722c60a815c199d9c0ef36c5b73da68a62b09d1/cc-swfivzrzwamaq/live/fast-channel-animevisionclassics-efc8dc6d/fast-channel-animevisionclassics-efc8dc6d.m3u8,,,,AnimeVisionClassics.es@SD,,,,https://i.imgur.com/mTaiEE1.png,Animation,,iptv-org-all.txt
ANIME x HIDIVE,https://jmp2.uk/plu-6793eaa4bc03978b9bc63db1.m3u8,,,,AnimexHIDIVE.us@SD,,,,https://i.imgur.com/v0BlxCa.png,Animation,,iptv-org-all.txt
Aniplus Asia (720p),https://amg18481-amg18481c1-amgplt0352.playout.now3.amagi.tv/playlist/amg18481-amg18481c1-amgplt0352/playlist.m3u8,,,,AniplusAsia.sg@SD,,,,https://i.imgur.com/Im3MePy.png,Animation,,iptv-org-all.txt
Anixe + (360p),https://ma.anixa.tv/clips/stream/anixesd/index.m3u8,,,,AnixePlus.de@SD,,,,https://i.imgur.com/hvGJ2oa.png,Entertainment,,iptv-org-all.txt
Anixe HD Serie (360p),https://ma.anixa.tv/clips/stream/anixehd/index.m3u8,,,,AnixeHDSerie.de@SD,,,,https://upload.wikimedia.org/wikipedia/commons/thumb/c/c0/Anixe_HD.svg/960px-Anixe_HD.svg.png,Entertainment,,iptv-org-all.txt
Anjan TV (720p),https://anjan.vstream.online/anjanorg/ngrp:anjan_hdall/playlist.m3u8,,,,AnjanTV.in@SD,,,,https://i.imgur.com/sh0yFSf.png,Entertainment,,iptv-org-all.txt
ANT1 Cyprus (1080p),http://l2.cloudskep.com/ant1cm2/abr/playlist.m3u8,,,,ANT1Cyprus.cy@SD,,,,https://i.imgur.com/2KAObBt.png,Entertainment,,iptv-org-all.txt
Antares Television,https://5949aa132c8fb.streamlock.net:1963/iptvantares/liveantarestv/playlist.m3u8,,,,AntaresTelevision.pe@SD,,,,https://i.imgur.com/05gwtk2.png,Entertainment,,iptv-org-all.txt
Antena 1 (1080p),http://forever.megogo.xyz/iptv/QGB4M3H62GC7E3/7002/index.m3u8,,,,Antena1.ro@SD,,,,https://i.imgur.com/EPmwuuv.png,General,,iptv-org-all.txt
Antena 3 Internacional,http://177.10.184.193:8000/play/a06a/index.m3u8,,,,Antena3Internacional.es@SD,,,,https://upload.wikimedia.org/wikipedia/commons/8/83/Antena3Internacional2025.png,General,,iptv-org-all.txt
Antena 7 (480p),https://alba-do-antena7-antena7.stream.mediatiquestream.com/index.m3u8,,,,Antena7.do@SD,,,,https://i.imgur.com/zKWFgeQ.png,General,,iptv-org-all.txt
Antena 21 (480p),https://alba-do-antena7-c21.stream.mediatiquestream.com/index.m3u8,,,,Antena21.do@SD,,,,https://i.imgur.com/QE0XWLh.png,Entertainment,,iptv-org-all.txt
Antena Seis TV (720p) [Geo-blocked],https://video1.azulstream.com:8081/antenaseistv/index.m3u8,,,,AntenaSeisTV.cr@SD,,,,https://i.imgur.com/9Nh2mo9.png,General,,iptv-org-all.txt
Antena Stars (720p),https://stream1.antenaplay.ro/live/AntenaMonden/playlist.m3u8,,,,AntenaStars.ro@SD,,,,https://static.wikia.nocookie.net/logopedia/images/7/7e/A_Stars_2022.png/revision/latest/scale-to-width-down/300,Entertainment,,iptv-org-all.txt
Antena SUR (720p),https://cloudpro.servidoresdestream.com:8081/8010/index.m3u8,,,,AntenaSUR.pe@SD,,,,https://i.imgur.com/4aHrD2l.jpeg,General,,iptv-org-all.txt
Antena TV,https://5ca9af4645e15.streamlock.net/grd/videogrd/playlist.m3u8,,,,AntenaTV.mx@SD,,,,https://i.imgur.com/1sAgSME.png,General,,iptv-org-all.txt
Antena Uno RadioVideo (360p),https://tvdatta.com:3578/live/antenaunolive.m3u8,,,,AntenaUnoRadiovideo.ec@SD,,,,https://i.imgur.com/PCN6iZJ.png,Undefined,,iptv-org-all.txt
Antenna 2 TV (720p),https://58f12ffd2447a.streamlock.net/Antenna2/livestream/playlist.m3u8,,,,Antenna2TV.it@SD,,,,https://i.imgur.com/kNrzk3X.png,General,,iptv-org-all.txt
Antenna Sud (720p),https://live.antennasudwebtv.it:9443/hls/vod.m3u8,,,,AntennaSud.it@SD,,,,https://i.imgur.com/Sf0bA4P.png,General,,iptv-org-all.txt
Antenna Sud Extra (720p),https://live.antennasudwebtv.it:9443/hls/vod92.m3u8,,,,AntennaSudExtra.it@SD,,,,https://i.imgur.com/kiCcHzc.png,General,,iptv-org-all.txt
Antenna Tre Veneto (480p) [Geo-blocked],https://59d8c0cee6f3d.streamlock.net/antennatreveneto/antennatreveneto.stream/playlist.m3u8,,,,AntennaTre.it@SD,,,,,General,,iptv-org-all.txt
Antenne A,http://51.254.199.122:8080/antenne_a-plus/index.m3u8,,,,AntenneA.cd@SD,,,,https://i.imgur.com/tgxrcv7.png,General,,iptv-org-all.txt
Antenne Kaernten (720p),https://60efd7a2b4d02.streamlock.net/a_kaernten/ngrp:livestream_all/playlist.m3u8,,,,AntenneKaernten.at@SD,,,,https://i.imgur.com/nUKFDsb.jpeg,Music,,iptv-org-all.txt
Antenne Réunion (720p) [Not 24/7],https://live-antenne-reunion.zeop.tv/live/c3eds/antreunihd/hls_fta/antreunihd.m3u8?location=ZEOP01,,,,AntenneReunion.fr@SD,,,,https://i.imgur.com/EPIMMaB.png,General,,iptv-org-all.txt
Antenne Steiermark (720p),https://60efd7a2b4d02.streamlock.net/a_steiermark/ngrp:livestream_all/playlist.m3u8,,,,AntenneSteiermark.at@SD,,,,https://i.imgur.com/qnappvd.jpeg,Music,,iptv-org-all.txt
Antenne Vorarlberg (720p) [Not 24/7],https://5857db5306b83.streamlock.net/antennevorarlberg-live/_definst_/mp4:livestream/playlist.m3u8,,,,AntenneVorarlberg.at@SD,,,,https://i.imgur.com/GW750Zc.png,Music,,iptv-org-all.txt
Anthony Bourdain: Parts Unknown,https://jmp2.uk/plu-69173ce8abd4703b27f71d44.m3u8,,,,AnthonyBourdainPartsUnknown.us@UK,,,,https://i.imgur.com/dAO9llk.png,Series,,iptv-org-all.txt
Antik Info TV (1080p),https://dash4.antik.sk/live/test_infokanal_tizen/playlist.m3u8,,,,AntikInfoTV.sk@HD,,,,https://i.imgur.com/Q0qL60o.png,News,,iptv-org-all.txt
Antiques Roadshow PBS (1080p),https://amg00953-pbsusa-antiroadshow-xumo-x6ud5.amagi.tv/playlist.m3u8,,,,PBSAntiquesRoadshow.us@SD,,,,https://i.imgur.com/U9CYaok.png,Series,,iptv-org-all.txt
Antiques Roadshow UK (1080p),https://bbc-antiquesroadshowuk-1-us.roku.wurl.tv/playlist.m3u8,,,,AntiquesRoadshowUK.us@SD,,,,https://i.imgur.com/rKWLv48.png,Series,,iptv-org-all.txt
Antofagasta TV (ATV) (1080p),https://unlimited6-cl.dps.live/atv/atv.smil/playlist.m3u8,,,,AntofagastaTV.cl@SD,,,,https://i.imgur.com/XIQr0fs.png,General,,iptv-org-all.txt
ANTV (1080p),https://liveh12.vtvprime.vn/hls/ANNINHTV/index.m3u8,,,,AnNinhTV.vn@HD,,,,https://static.wikia.nocookie.net/logos/images/1/1a/ANTV_2023.png/revision/latest/scale-to-width-down/512?path-prefix=vi,Undefined,,iptv-org-all.txt
Anzoátegui TV (360p) [Not 24/7],https://vcp2.myplaytv.com/anzoateguitv/anzoateguitv/playlist.m3u8,,,,AnzoateguiTV.ve@SD,,,,https://i.imgur.com/SLqrEOz.png,General,,iptv-org-all.txt
AP TV,https://59nyqg8elwap-hls-live.5centscdn.com/APTV/85c20905211659d143febd7c32592ee0.sdp/playlist.m3u8,,,,APTV.gh@SD,,,,https://i.imgur.com/Oky18bX.png,Entertainment,,iptv-org-all.txt
APA Tv (1080p),http://stream.apa.tv/apastream/index.m3u8,,,,APATv.az@SD,,,,https://i.imgur.com/2CSW4V4.png,News,,iptv-org-all.txt
apart TV (1080p),https://2-fss-2.streamhoster.com/pl_124/206820-4338160-1/playlist.m3u8,,,,apartTV.lu@SD,,,,https://i.imgur.com/IBcMIcZ.png,Business;Culture;Lifestyle,,iptv-org-all.txt
APN (576p),https://mumt01.tangotv.in/O5aw8Zn3APN/index.m3u8,,,,APN.in@SD,,,,https://ltsk-cdn.s3.eu-west-1.amazonaws.com/jumpstart/Temp_Live/cdn/HLS/Channel/transparentImages/APN.png,News,,iptv-org-all.txt
Apna Channel (576p),http://115.42.65.142:9981/stream/channelid/1273966657,,,,ApnaChannel.pk@SD,,,,https://i.imgur.com/ICSA4W6.png,General,,iptv-org-all.txt
Apna Punjab TV (720p),https://plus.gigabitcdn.net/live-stream/apna-punjab-H3sE/playlist.m3u8,,,,ApnaPunjabTV.ca@SD,,,,https://i.imgur.com/IM4D8Wz.png,Entertainment,,iptv-org-all.txt
Apostol TV (576p),https://live.apostoltv.hu/live/playlist.m3u8,,,,ApostolTV.hu@SD,,,,https://i.imgur.com/C43Cc9N.png,Religious,,iptv-org-all.txt
Apsara TV11 (720p),https://live.ams.com.kh/app/stream/playlist.m3u8,,,,ApsaraTV11.kh@SD,,,,https://i.imgur.com/9wJe71I.png,General,,iptv-org-all.txt
Apsua TV,https://gcmx3v3owcj.a.trbcdn.net/livemaster/ba7pu_fgej0zelpw.smil/playlist.m3u8?blstid=null,,,,ApsuaTV.ge@SD,,,,https://i.imgur.com/TJowroY.png,General,,iptv-org-all.txt
Aqjaiyq (576p),https://stream.kaztrk.kz/regional/oraltv/index.m3u8,,,,Aqjaiyq.kz@SD,,,,https://i.imgur.com/ZqIzzmf.png,General,,iptv-org-all.txt
Aqlvoy,https://stream8.cinerama.uz/1205/tracks-v1a1/mono.m3u8,,,,Aqlvoy.uz@SD,,,,https://i.imgur.com/ekF5cAi.png,Kids,,iptv-org-all.txt
Aqtóbe (576p),https://stream.kaztrk.kz/regional/aktobetv/index.m3u8,,,,Aqtobe.kz@SD,,,,https://i.imgur.com/csKl1z6.png,General,,iptv-org-all.txt
Ara,https://ncdn.telewebion.ir/ara/live/playlist.m3u8,,,,AraTV.ir@SD,,,,https://i.ibb.co/dwSHt2SG/Ara.png,General,,iptv-org-all.txt
Arabí TV (1080p),https://streamtv2.elitecomunicacion.cloud:3628/live/arabitv2025live.m3u8,,,,ArabiTV.es@SD,,,,https://i.ibb.co/9Vp9Ghg/LOGO-WEB-ARABI-TV-3.png,General,,iptv-org-all.txt
Arabica TV (720p),http://istream.binarywaves.com:8081/hls/arabica/playlist.m3u8,,,,ArabicaTV.lb@SD,,,,https://i.imgur.com/sTOoDy1.png,Music,,iptv-org-all.txt
Aradana TV (576p),https://cdn-1.pishow.tv/live/961/master.m3u8,,,,AradanaTV.in@SD,,,,https://dtil.tmsimg.com/assets/s142649_ld_h9_aa.png?lock=720x540,Religious,,iptv-org-all.txt
Aragon TV Internacional (720p) [Not 24/7],https://cartv.streaming.aranova.es/hls/live/aragontv_canal1.m3u8,,,,AragonTVInternacional.es@SD,,,,https://static.wikia.nocookie.net/logopedia/images/1/12/Arag%C3%B3n_Internacional.png/revision/latest/scale-to-width-down/512,General;Public,,iptv-org-all.txt
Araruna TV,https://video05.logicahost.com.br/ararunatv/ararunatv/playlist.m3u8,,,,ArarunaTV.br@SD,,,,https://i.imgur.com/jl39ula.png,General,,iptv-org-all.txt
ARAS TV (576p) [Not 24/7],http://1.rtmp.org/tv217/yayin.stream/playlist.m3u8,,,,ArasTV.tr@SD,,,,https://i.imgur.com/JsDCyWG.png,General,,iptv-org-all.txt
Aratu On,https://cdn.live.br1.jmvstream.com/w/LVW-9359/LVW9359_XSyReL0QVf/playlist.m3u8,,,,AratuOn.br@SD,,,,https://i.imgur.com/Ht4jCab.png,News,,iptv-org-all.txt
Arax TV,https://araxhls.wns.live/hls/stream.m3u8,,,,AraxTV.ir@SD,,,,,Undefined,,iptv-org-all.txt
Árbol de Vida TV (240p) [Not 24/7],https://yupistream.top:19360/livearbol/livearbol.m3u8,,,,ArboldeVidaTV.sv@SD,,,,https://i.imgur.com/4sGDc4X.jpg,Religious,,iptv-org-all.txt
Archivos Forenses,https://jmp2.uk/plu-5f984f4a09e92d0007d74647.m3u8,,,,ArchivosForenses.us@Spain,,,,https://i.imgur.com/Pxrl9Ug.png,Documentary,,iptv-org-all.txt
ARD-alpha (720p),https://mcdn.br.de/br/fs/ard_alpha/hls/de/master.m3u8,,,,ARDalpha.de@SD,,,,https://upload.wikimedia.org/wikipedia/commons/thumb/4/4b/ARD_alpha.svg/960px-ARD_alpha.svg.png,Education,,iptv-org-all.txt
ARDB TV (1080p) [Not 24/7],https://ardbtv.ardb.com.kh:8443/tv-live/tv-online.m3u8,,,,ARDBTV.kh@SD,,,,https://i.imgur.com/yOncWla.png,Outdoor,,iptv-org-all.txt
Are We There Yet? (1080p),https://amg00353-lionsgatestudio-arewethereyet-samsunguk-6h2ju.amagi.tv/playlist/amg00353-lionsgatestudio-arewethereyet-samsunguk/playlist.m3u8,,,,AreWeThereYet.us@SD,,,,https://i.imgur.com/3BJQiHP.png,Series,,iptv-org-all.txt
Are You The One?,https://jmp2.uk/plu-61c091c39863900007ac9e8f.m3u8,,,,AreYouTheOne.se@DK,,,,https://images.pluto.tv/channels/61c091c39863900007ac9e8f/colorLogoPNG.png,Entertainment,,iptv-org-all.txt
Are You The One?,https://jmp2.uk/plu-61c1db8ed6d97900076ea15c.m3u8,,,,AreYouTheOne.se@NO,,,,https://images.pluto.tv/channels/61c091c39863900007ac9e8f/colorLogoPNG.png,Entertainment,,iptv-org-all.txt
Are You The One?,https://jmp2.uk/plu-61c0ac242bb0cf0007015f89.m3u8,,,,AreYouTheOne.se@SE,,,,https://images.pluto.tv/channels/61c091c39863900007ac9e8f/colorLogoPNG.png,Entertainment,,iptv-org-all.txt
Argentinísima Satelital (540p),https://stream1.sersat.com/hls/argentinisima.m3u8,,,,ArgentinisimaSatelital.ar@SD,,,,https://i.imgur.com/xFgJawa.png,General,,iptv-org-all.txt
Arges TV (720p),https://btutzctahuf0wjoq.cdn.streamingserver.io/hls/yjvam8hlp2g3u08z02tv0yz66rq3cy.m3u8,,,,ArgesTV.ro@SD,,,,https://i.imgur.com/qufz6nk.png,General,,iptv-org-all.txt
Argus News (576p),https://mumt05.tangotv.in/87NeALx2ARGUSNEWS/index.m3u8,,,,ArgusNews.in@SD,,,,https://xstreamcp-assets-msp.streamready.in/assets/LIVETV/LIVECHANNEL/LIVETV_LIVETVCHANNEL_ARGUS/images/LOGO_HD/image.png,News,,iptv-org-all.txt
Arica TV,https://envivo.arica.tv/hls/Live2025AricaTV.m3u8,,,,AricaTV.cl@SD,,,,https://i.imgur.com/I67WOgT.png,General,,iptv-org-all.txt
Arirang Radio (720p),http://amdlive-ch01.ctnd.com.edgesuite.net/arirang_3ch/smil:arirang_3ch.smil/playlist.m3u8,,,,ArirangRadio.kr@SD,,,,https://i.imgur.com/dtfiG9k.png,General,,iptv-org-all.txt
Arirang TV (1080p),http://amdlive-ch01.ctnd.com.edgesuite.net/arirang_1ch/smil:arirang_1ch.smil/playlist.m3u8,,,,ArirangTV.kr@SD,,,,https://i.imgur.com/Asu5pE9.png,General;News,,iptv-org-all.txt
Arirang TV HD (720p),http://45.162.64.114/ARIRANG/index.m3u8,,,,ArirangTV.kr@HD,,,,https://i.imgur.com/Asu5pE9.png,General;News,,iptv-org-all.txt
Arirang TV UN (1080p),https://amdlive-ch02-ctnd-com.akamaized.net/arirang_2ch/smil:arirang_2ch.smil/playlist.m3u8,,,,ArirangUN.kr@SD,,,,https://i.imgur.com/Jdy3WNm.png,News,,iptv-org-all.txt
Aristo TV (360p),https://ma.anixa.tv/clips/stream/aristo/index.m3u8,,,,AristoTV.de@SD,,,,https://i.imgur.com/DLVjeno.png,Undefined,,iptv-org-all.txt
Ark TV (1080p) [Not 24/7],https://stream.hydeinnovations.com/arktv-international/index.fmp4.m3u8,,,,ArkTV.ug@SD,,,,https://i.imgur.com/yCHNZXD.png,Religious,,iptv-org-all.txt
Arkadag TV (406p) [Not 24/7],https://alpha.tv.online.tm/hls/ch000.m3u8,,,,ArkadagTV.tm@SD,,,,https://i.imgur.com/JdEb4Ug.png,General,,iptv-org-all.txt
Arkansas PBS [Geo-blocked],https://ketsdt.lls.pbs.org/out/v1/03c094dbd7874a4a8c3fe9fb10081bdb/index.m3u8,,,,PBS.us@KETS,,,,https://upload.wikimedia.org/wikipedia/commons/2/27/WWAY_logo.png,Education,,iptv-org-all.txt
Arko TV,https://arkhls.wns.live/hls/stream.m3u8,,,,ArkoTV.ir@SD,,,,,Undefined,,iptv-org-all.txt
Arlaadi TV,https://ap02.iqplay.tv:8082/iqb8002/alr114iapp/playlist.m3u8,,,,ArlaadiTV.so@SD,,,,https://i.imgur.com/2tlFMXF.png,General,,iptv-org-all.txt
Armenia 1 (1080p),https://ifl01eu-new.bozztv.com/am1abr/index.m3u8,,,,Armenia1.am@SD,,,,https://i.imgur.com/HIwJ4lc.png,General,,iptv-org-all.txt
Armenia 1 America (1080p),https://amtvusdvr.tulix.tv/am4abr/index.m3u8,,,,Armenia1.am@America,,,,https://i.imgur.com/HIwJ4lc.png,General,,iptv-org-all.txt
Armenia 1 Sattelite (1080p),https://amtv.tulixcdn.com/amtv2/am2abr/index.m3u8,,,,Armenia1.am@Sattelite,,,,https://i.imgur.com/HIwJ4lc.png,General,,iptv-org-all.txt
Armenia 2 (1080p),https://amtv.tulixcdn.com/amtv3/am3abr/index.m3u8,,,,Armenia2.am@SD,,,,https://i.imgur.com/AXmXw9X.png,General,,iptv-org-all.txt
Army TV (1080p),https://api-tv.ipnet.ua/api/v1/manifest/2118742632.m3u8,,,,ArmyTV.ua@SD,,,,https://i.imgur.com/pGByjbh.png,News,,iptv-org-all.txt
Arpegio TV (720p),https://live-evg8.tv360.bitel.com.pe/bitel/arpegioSRT/playlist.m3u8,,,,ArpegioTV.pe@SD,,,,https://i.imgur.com/mxnKK1a.png,General,,iptv-org-all.txt
Arputhar Yesu TV (576p),https://account33.livebox.co.in/jesushelpshls/live.m3u8,,,,ArputharYesuTV.in@SD,,,,https://arputharyesutv.net/wp-content/uploads/2022/07/AR-LOGO-PNG.png,Religious,,iptv-org-all.txt
Arryadia,http://149.100.11.252:8000/play/a065/index.m3u8,,,,Arryadia.ma@SD,,,,https://i.imgur.com/XjzK3gZ.png,Sports,,iptv-org-all.txt
Arsenal (576p),https://stream8.cinerama.uz/1414/tracks-v1a1/mono.m3u8,,,,Arsenal.ru@SD,,,,https://i.imgur.com/DBpVeb0.png,Documentary,,iptv-org-all.txt
ART (1080p),https://rumble.com/live-hls-dvr/78ixwi/playlist.m3u8,,,,ART.gr@SD,,,,https://i.imgur.com/mNeLu04.png,Culture,,iptv-org-all.txt
ART (576p),http://89.104.114.24:8080/art/index.m3u8,,,,ART.ru@SD,,,,https://optim.tildacdn.com/tild3134-3836-4338-a138-666666653363/-/format/webp/__.png.webp,Culture,,iptv-org-all.txt
ART TV,https://rtmp.win:3696/live/arttvgrlive.m3u8,,,,ARTTV.gr@SD,,,,https://i.imgur.com/8uS0sib.png,General,,iptv-org-all.txt
ARTE (720p) [Geo-blocked],https://artesimulcast.akamaized.net/hls/live/2030993/artelive_de/index.m3u8,,,,arte.de@SD,,,,https://i.imgur.com/ecXMjNl.png,Entertainment,,iptv-org-all.txt
arte (720p),http://145.239.5.177/300/index.m3u8,,,,arte.fr@SD,,,,https://i.imgur.com/ecXMjNl.png,Entertainment,,iptv-org-all.txt
Arte 1 (720p),http://45.162.64.114/ARTE1/index.m3u8,,,,Arte1.br@SD,,,,https://i.imgur.com/Ivnk7A6.png,Culture,,iptv-org-all.txt
arte HD,https://dash4.antik.sk/live/test_arte_avc_25p/playlist.m3u8,,,,arte.de@HD,,,,https://i.imgur.com/ecXMjNl.png,Entertainment,,iptv-org-all.txt
Artflix Movie Classics (720p),https://amogonetworx-artflix-1-nl.samsung.wurl.tv/playlist.m3u8,,,,ARTFLIXMovieClassics.us@SD,,,,https://i.imgur.com/5pOZQB4.png,Classic;Movies,,iptv-org-all.txt
ARTN TV (1080p) [Not 24/7],https://streamer1.connectto.com/ARTN_mobile/index.m3u8,,,,ARTNTV.us@SD,,,,,General,,iptv-org-all.txt
ARTV (720p),http://45.162.193.35/ARTV/index.m3u8,,,,ARTV.cl@SD,,,,https://i.imgur.com/rKP1ihL.png,Culture,,iptv-org-all.txt
ARTV Canal Parlamento (720p) [Not 24/7],https://playout172.livextend.cloud/liveiframe/_definst_/liveartvabr/playlist.m3u8,,,,ARTV.pt@SD,,,,https://i.imgur.com/y00t9hr.png,Legislative,,iptv-org-all.txt
Aruba.TV (1080p),https://cdn01.setar.aw/Canal49/canal49/playlist.m3u8,,,,ArubaTV.aw@SD,,,,https://i.imgur.com/9fWY09U.png,Travel,,iptv-org-all.txt
ArubaTV +,https://rtmpcontrol.com:1936/atvplus/ngrp:atvplus_all/playlist.m3u8,,,,ArubaTVPlus.aw@SD,,,,https://i.imgur.com/9s6LZJZ.png,Entertainment,,iptv-org-all.txt
Arvan TV,https://arvhls.wns.live/hls/stream.m3u8,,,,ArvanTV.ir@SD,,,,,Undefined,,iptv-org-all.txt
ARY News,https://cdn07lhr.tamashaweb.com:8087/jazzauth/vsat-arynews-abr/live/vsat-arynews-H/chunks_dvr_timeshift-0-3600.m3u8,,,,ARYNews.pk@SD,,,,https://i.imgur.com/R4KtTbJ.jpg,News,,iptv-org-all.txt
Aryan TV National (576p),https://mumt04.tangotv.in/m18aqlK4ARYANTVNATIONAL/index.m3u8,,,,AryanTVNational.in@SD,,,,https://xstreamcp-assets-msp.streamready.in/assets/LIVETV/LIVECHANNEL/LIVETV_LIVETVCHANNEL_ARYAN_TV_NATIONAL/images/LOGO_HD/image.png,Undefined,,iptv-org-all.txt
Aryen TV (1080p) [Not 24/7],https://aryen.tv/live/tv/playlist.m3u8,,,,AryenTV.se@SD,,,,https://i.imgur.com/hIhzT7t.png,Undefined,,iptv-org-all.txt
AS3 Sport TV (1080p),https://streamtv.as3sport.online:3394/hybrid/play.m3u8,,,,AS3SportTV.ve@SD,,,,https://i.ibb.co/bRmGbsyV/A3-SPORTTV.jpg,Sports,,iptv-org-all.txt
As Contenidos (720p),https://master.tucableip.com/ascontenido/index.m3u8,,,,AsContenidos.bo@SD,,,,https://ascontenidos.com.bo/wp-content/uploads/2023/07/cropped-logo512.png,General,,iptv-org-all.txt
Aşgabat (406p) [Not 24/7],https://alpha.tv.online.tm/hls/ch006.m3u8,,,,Asgabat.tm@SD,,,,https://i.imgur.com/EzjR1vo.png,General,,iptv-org-all.txt
Asharq Discovery (1080p),https://svs.itworkscdn.net/asharqdiscoverylive/asharqd.smil/playlist_dvr.m3u8,,,,AsharqDiscovery.sa@SD,,,,https://i.imgur.com/Czxi7yk.png,Documentary;Education,,iptv-org-all.txt
Asharq Documentary (1080p),https://svs.itworkscdn.net/asharqdocumentarylive/asharqdocumentary.smil/playlist_dvr.m3u8,,,,AsharqDocumentary.sa@SD,,,,https://i.imgur.com/v6VsFEt.png,Documentary,,iptv-org-all.txt
Asharq News (1080p),https://live-news.asharq.com/asharq.m3u8,,,,AsharqNews.sa@SD,,,,https://i.imgur.com/bqRC3sl.png,Business;News,,iptv-org-all.txt
Asharq Radio (1080p),https://svs.itworkscdn.net/asharqradiovlive/asharqradiov/playlist.m3u8,,,,AsharqRadio.sa@SD,,,,https://i.imgur.com/M6K8cD3.jpeg,Business;News,,iptv-org-all.txt
Ashiil TV (480p),https://wahyu1ptv.pages.dev/AshiilTV-HD.m3u8,,,,AshiilTV.id@SD,,,,https://i.imgur.com/bTktkcr.png,Religious,,iptv-org-all.txt
Así Sucede Guanajuato (720p) [Not 24/7],https://stream.oursnetworktv.com/latin/encoder13/playlist.m3u8,,,,AsiSucedeGuanajuato.mx@SD,,,,https://i.imgur.com/6W7HUtG.png,General,,iptv-org-all.txt
Asia TV (720p),https://stream.asiatvnet.com/1/live/master.m3u8,,,,AsiaTV.lk@HD,,,,https://saddlebrown-jellyfish-181801.hostingersite.com/ATV-logo.png,Entertainment;Family;General,,iptv-org-all.txt
Asian Culture TV (1080p),https://cdn.vegasplus.us/vegas/actv/playlist.m3u8,,,,AsianCultureTV.us@HD,,,,https://i.imgur.com/o1icKZu.png,General,,iptv-org-all.txt
Asian Drama (1080p),http://103.172.187.30:12000/stream/mytv/null-11/master.m3u8,,,,AsianDrama.hk@SD,,,,https://i.imgur.com/wqtN7mH.png,Entertainment,,iptv-org-all.txt
AsianCrush (1080p),https://linear-900.frequency.stream/dist/cineverse/900/hls/master/playlist.m3u8,,,,AsianCrush.us@SD,,,,https://i.imgur.com/hW6z1RG.png,Entertainment,,iptv-org-all.txt
Asianet HD (720p),https://raw.githubusercontent.com/amazeyourself/adaptive-streams/refs/heads/main/streams/in/YuppTV/AsianetHD.m3u8,,,,Asianet.in@HD,,,,https://i.imgur.com/Wv7MOzg.png,Entertainment,,iptv-org-all.txt
Asianet Middle East (576p),https://mumt03.tangotv.in/Dsly5z3HASIANETMIDDLEEAST/index.m3u8,,,,AsianetMiddleEast.in@SD,,,,https://i.imgur.com/du9iZ0s.png,Entertainment,,iptv-org-all.txt
Asianet Movies HD (720p),https://da86m1sqpm3o0.cloudfront.net/28072023/smil:asianetmovies1.smil/playlist.m3u8,,,,AsianetMovies.in@HD,,,,https://i.imgur.com/cps67hs.png,Movies,,iptv-org-all.txt
Asianet News (1080p),https://amg13737-amg13737c1-amgplt0016.playout.now3.amagi.tv/playlist/amg13737-amg13737c1-amgplt0016/playlist.m3u8,,,,AsianetNews.in@SD,,,,https://xstreamcp-assets-msp.streamready.in/assets/LIVETV/LIVECHANNEL/LIVETV_LIVETVCHANNEL_ASIANET_NEWS/images/LOGO_HD/image.png,News,,iptv-org-all.txt
Asianet Suvarna News (1080p) [Not 24/7],https://asianetnews.vgcdn.net/vglive-sk-335835/playlist.m3u8,,,,AsianetSuvarnaNews.in@SD,,,,https://dtil.tmsimg.com/assets/s142682_ld_h15_aa.png?lock=720x540,News,,iptv-org-all.txt
Asil TV (576p),https://live.asil.tv/asiltv/index.m3u8,,,,AsilTV.ir@SD,,,,https://i.imgur.com/gROQqFD.png,Undefined,,iptv-org-all.txt
AsiriTV (720p) [Not 24/7],https://video2.lhdserver.es/asiritv/live.m3u8,,,,AsiriTV.pe@SD,,,,https://i.imgur.com/7bGVFBa.png,Culture,,iptv-org-all.txt
Asomavisión (614p),https://asomatv.cloud-ip.cc/livestream/stream.m3u8,,,,Asomavision.ec@SD,,,,https://i.imgur.com/VqwyCV1.png,Religious,,iptv-org-all.txt
Aspire TV Life (1080p),https://uptv-aspiretvlife-klowdtv.amagi.tv/playlist.m3u8,,,,AspireTVLife.us@SD,,,,https://press.upentertainment.com/wp-content/uploads/2022/03/aspire-tv-life-logo.jpg,Lifestyle,,iptv-org-all.txt
Assam Talks (576p),http://tvsen7.aynascope.net/AssamTalks/index.m3u8,,,,AssamTalks.in@SD,,,,https://dtil.tmsimg.com/assets/s142683_ld_h15_aa.png?lock=720x540,News,,iptv-org-all.txt
Assen TV (720p),https://takeoff.jetstre.am/?account=OmroepAssen&file=OmroepAssenTV/playlist.m3u8&output=playlist.m3u8&protocol=https&service=webdav&type=live,,,,AssenTV.nl@SD,,,,https://i.imgur.com/upik15D.png,General,,iptv-org-all.txt
Assirat TV (576p),https://softverse.b-cdn.net/Assirat/assiratobs/playlist.m3u8,,,,AssiratTV.ir@SD,,,,https://i.imgur.com/ps4Gtj0.png,Religious,,iptv-org-all.txt
AssyriaSat (720p) [Not 24/7],http://66.242.170.53/hls/live/temp/index.m3u8,,,,KBSV231.us@SD,,,,https://i.imgur.com/6lklsyN.png,General;Religious,,iptv-org-all.txt
Astana TV (576p),http://stream.mcquack.net/28/index.m3u8,,,,AstanaTV.kz@SD,,,,https://upload.wikimedia.org/wikipedia/en/7/7b/Astana_TV_Logo.png,General,,iptv-org-all.txt
Astha TV (1080p) [Not 24/7],https://hgmtv.com:19360/asthatv/asthatv.m3u8,,,,AsthaTV.id@HD,,,,https://asthatv.com/wp-content/uploads/2026/02/Logo-Astha.png,Undefined,,iptv-org-all.txt
Astra TV (1080p),https://server.gointernet.gr/live/livestream.m3u8,,,,AstraTV.gr@SD,,,,https://i.imgur.com/oYRPfZm.png,News,,iptv-org-all.txt
AT5,https://takeoff.jetstre.am/?account=atvijf&file=live&output=playlist.m3u8&protocol=https&service=wowza&type=live,,,,AT5.nl@SD,,,,https://i.imgur.com/iAiSlEL.png,General,,iptv-org-all.txt
At Home with Family Handyman (720p),https://d1ik2p49apxqjf.cloudfront.net/playlist.m3u8,,,,AtHomewithFamilyHandyman.us@SD,,,,https://i.imgur.com/WfKlGbX.png,Series,,iptv-org-all.txt
Atabal TV (1080p) [Not 24/7],https://vdopanel.jlahozconsulting.com:3648/live/atabaltvlive.m3u8,,,,AtabalTV.do@HD,,,,https://imgur.com/QWR9SOH.png,General,,iptv-org-all.txt
Atacama Noticias (720p) [Not 24/7],https://v2.tustreaming.cl/atacamanoticias/index.m3u8,,,,AtacamaNoticias.cl@SD,,,,https://i.imgur.com/Avx4Ecf.png,News,,iptv-org-all.txt
Atacama TV,https://v2.tustreaming.cl/atacamatv/tracks-v1a1/mono.ts.m3u8,,,,AtacamaTV.cl@SD,,,,https://i.postimg.cc/rwS082hL/atacama-tv.png,Undefined,,iptv-org-all.txt
Atambua TV (720p),http://122.248.43.242:1935/ATAMBUATV/_definst_/myStream/playlist.m3u8,,,,AtambuaTV.id@HD,,,,https://upload.wikimedia.org/wikipedia/commons/7/72/Atambua_TV.png,Undefined,,iptv-org-all.txt
Atameken Business (576p),https://fs.uplink.kz/atameken/mono.m3u8?token=onlinetv,,,,AtamekenBusiness.kz@SD,,,,https://i.imgur.com/CfRvm8i.png,Business,,iptv-org-all.txt
ATB La Paz (1080p),http://15.204.246.24:8080/ATBHD/index.m3u8,,,,ATBLaPaz.bo@SD,,,,,Undefined,,iptv-org-all.txt
Atfal & Mawaheb TV (1080p),https://5aafcc5de91f1.streamlock.net/atfal1.com/atfal2/playlist.m3u8,,,,AtfalMawahebTV.sa@SD,,,,https://i.imgur.com/Y2BqP9m.png,Kids,,iptv-org-all.txt
ATG Live (720p),https://kanal75xto-llhls.akamaized.net/live/Data/atg-kanal-15-02a-rr/HLS-Legacy-HL/atg-kanal-15-02a-rr.m3u8,,,,ATGLive.se@SD,,,,https://i.imgur.com/bPWFXkL.png,Sports,,iptv-org-all.txt
ATL 26,https://securestream11.champds.com/LIVE/AtlantaGALIVE/AtlantaGALIVE.m3u8,,,,ATL26.us@SD,,,,https://i.imgur.com/s4fqNMt.png,Legislative,,iptv-org-all.txt
Atlanta Channel (720p),http://media4.tripsmarter.com:1935/LiveTV/ACVBHD/playlist.m3u8,,,,AtlantaChannel.us@SD,,,,https://i.imgur.com/MOGQAns.png,General,,iptv-org-all.txt
Atlanta's 57 WATC TOO 57.2 (720p),https://uni01rtmp.tulix.tv/watc57-2/watc57-2/playlist.m3u8,,,,WATCDT572.us@HD,,,,https://i.imgur.com/RAfuLul.png,Undefined,,iptv-org-all.txt
Atlantis Radio TV (720p),https://live-evg8.tv360.bitel.com.pe/bitel/atlantisSRT/playlist.m3u8,,,,AtlantisRadioTV.pe@SD,,,,https://i.imgur.com/1eB9roP.png,General,,iptv-org-all.txt
Atlas (480p),https://cdn.whiplash.cc/whiplash-atlas/index.m3u8,,,,Atlas.us@SD,,,,https://whiplash.cc/assets/img/channels/atlas.png,Documentary,,iptv-org-all.txt
ATM Rozrywka REWORK (720p),https://grupaatmrr.org.pl:8888/fallback/index.m3u8,,,,ATMRozrywkaREWORK.pl@HD,,,,https://i.ibb.co/B5BfmQNs/ATM.jpg,Entertainment,,iptv-org-all.txt
ATN Bangla (720p),http://tvsen5.aynascope.net/atnbangla/index.m3u8,,,,ATNBangla.bd@SD,,,,https://i.imgur.com/K1HmMRz.png,General,,iptv-org-all.txt
ATN Bangla UK (576p),https://app.ncare.live/c3VydmVyX8RpbEU9Mi8xNy8yMDE0GIDU6RgzQ6NTAgdEoaeFzbF92YWxIZTO0U0ezN1IzMyfvcGVMZEJCTEFWeVN3PTOmdFsaWRtaW51aiPhnPTI2/atnbanglauk-off.stream/playlist.m3u8,,,,ATNBanglaUK.uk@SD,,,,https://i.imgur.com/vFpjggf.png,General,,iptv-org-all.txt
ATN Music (360p),https://app.ncare.live/c3VydmVyX8RpbEU9Mi8xNy8yMDE0GIDU6RgzQ6NTAgdEoaeFzbF92YWxIZTO0U0ezN1IzMyfvcGVMZEJCTEFWeVN3PTOmdFsaWRtaW51aiPhnPTI/atnmusic.stream/playlist.m3u8,,,,ATNMusic.bd@SD,,,,https://www.jagobd.com/wp-content/uploads/2015/12/atnmusic.jpg?x50681,Music,,iptv-org-all.txt
Atomic Academy TV (480p),https://atomic.streamnet.ro/academia.m3u8,,,,AtomicAcademyTV.ro@SD,,,,https://i.imgur.com/ZbrDIbZ.png,Music,,iptv-org-all.txt
Atomic TV (360p),https://atomic.streamnet.ro/atomictv.m3u8,,,,AtomicTV.ro@SD,,,,https://i.imgur.com/O4uI0Uy.png,Music,,iptv-org-all.txt
ATR (1080p),http://stream.mcquack.net/244/index.m3u8,,,,ATR.ua@SD,,,,https://i.imgur.com/lRJAXC7.png,Culture,,iptv-org-all.txt
Atrak,https://ncdn.telewebion.ir/atrak/live/playlist.m3u8,,,,AtrakTV.ir@SD,,,,https://upload.wikimedia.org/wikipedia/fa/thumb/2/28/Bojnourd_ATRAK_TV.svg/960px-Bojnourd_ATRAK_TV.svg.png,General,,iptv-org-all.txt
Atrina TV,https://atrihls.wns.live/hls/stream.m3u8,,,,AtrinaTV.ir@SD,,,,,Undefined,,iptv-org-all.txt
ATV (1080p),https://live.zendzend.com/mpegts/29375_107244/media_mpegts_0.m3u8,,,,ATV.be@SD,,,,https://upload.wikimedia.org/wikipedia/commons/thumb/5/52/ATV_Belgium_logo.svg/960px-ATV_Belgium_logo.svg.png,General,,iptv-org-all.txt
ATV (400p) [Not 24/7],https://guineetvdirect.online:3320/live/atvguineelive.m3u8,,,,ATV.gn@SD,,,,https://i.imgur.com/YkJPCfR.jpeg,General,,iptv-org-all.txt
ATV (160p),https://streamservers.atv.hu/atvlive/atvstream_1_aac/playlist.m3u8,,,,ATV.hu@SD,,,,https://i.imgur.com/85sIvrX.png,General,,iptv-org-all.txt
ATV (720p),https://d19e55ehz2il4i.cloudfront.net/ts:abr.m3u8,,,,ATV.pe@HD,,,,https://i.imgur.com/eUzYZfg.png,General,,iptv-org-all.txt
ATV (1080p),http://190.93.224.42/ATV/index.m3u8,,,,ATV.pe@SD,,,,https://i.imgur.com/eUzYZfg.png,General,,iptv-org-all.txt
ATV (1080p),http://115.42.65.142:9981/stream/channelid/299762256,,,,ATV.pk@SD,,,,https://upload.wikimedia.org/wikipedia/en/8/83/Atv_pakistan.PNG,Entertainment,,iptv-org-all.txt
ATV (1080p),https://rnttwmjcin.turknet.ercdn.net/lcpmvefbyo/atv/atv_1080p.m3u8,,,,ATV.tr@SD,,,,https://i.imgur.com/HyVUwFC.png,General,,iptv-org-all.txt
ATV (1080p),http://5.254.89.106/8709/index.m3u8,,,,ATV.xk@SD,,,,https://i.imgur.com/lX6sekx.png,News,,iptv-org-all.txt
ATV Alanya (1080p),https://cdn-alanyatv.yayin.com.tr/alanyatv/alanyatv/playlist.m3u8,,,,ATVAlanya.tr@SD,,,,https://i.imgur.com/bUwarR0.png,General,,iptv-org-all.txt
ATV Avrupa (576p),https://flask-api-hls-atvavrupahdtrkvz-live.onrender.com/hls_stream/master.m3u8,,,,ATVAvrupa.tr@SD,,,,https://i.tmgrup.com.tr/aav/site/v1/i/atv-avrupa-logo.png,Undefined,,iptv-org-all.txt
ATV HD (1080p),http://212.186.45.34:9981/stream/channelid/692531719?profile=pass,,,,ATV.at@HD,,,,https://i.imgur.com/1pA0Tid.png,General,,iptv-org-all.txt
ATV Spirit (360p),https://streamservers.atv.hu/atvliveedge/_definst_/atvstream_2_aac/playlist.m3u8,,,,ATVSpirit.hu@SD,,,,https://i.imgur.com/JINE5xS.png,Undefined,,iptv-org-all.txt
ATV Sur (1080p),http://190.93.224.42/ATV-SUR/index.m3u8,,,,ATVSur.pe@SD,,,,https://i.imgur.com/LnyVa5H.png,General,,iptv-org-all.txt
ATV+ (1080p),http://45.171.108.253:8888/ATV/index.m3u8,,,,ATVPlus.pe@SD,,,,https://i.imgur.com/fY9256H.png,News,,iptv-org-all.txt
ATVSat (1080p) [Not 24/7],https://stream.atvsat.com/atvsatlive/smil:atvsatlive.smil/playlist.m3u8,,,,ATVSat.us@SD,,,,https://i.imgur.com/pwM5txv.png,Religious,,iptv-org-all.txt
ATXN1 (1080p),https://cdn-atxn-01.vos360.video/Content/HLS/Live/channel(616d6f49-eaec-6f7e-7186-2bbaf66c69c0)/index.m3u8,,,,ATXN1.us@SD,,,,https://i.imgur.com/tSMtDlz.png,Legislative,,iptv-org-all.txt
ATXN2 (1080p),https://cdn-atxn-01.vos360.video/Content/HLS/Live/channel(f97b5ddc-b7e4-dff8-9f10-8c16d0833639)/index.m3u8,,,,ATXN2.us@SD,,,,https://i.imgur.com/tSMtDlz.png,General;Legislative,,iptv-org-all.txt
ATXN3 (1080p),https://cdn-atxn-01.vos360.video/Content/HLS/Live/channel(c55d1594-ad62-7434-aa17-4d71adb80f99)/index.m3u8,,,,ATXN3.us@SD,,,,https://i.imgur.com/tSMtDlz.png,Culture;General,,iptv-org-all.txt
Atyraý (720p),https://stream.kaztrk.kz/regional/atyrautv/index.m3u8,,,,Atyray.kz@SD,,,,https://i.imgur.com/kva4O3T.png,General,,iptv-org-all.txt
Auction Hunters,https://jmp2.uk/plu-5ede45d077746000072be0fe.m3u8,,,,AuctionHunters.de@DACH,,,,https://i.imgur.com/4SPOVN7.png,Entertainment,,iptv-org-all.txt
Auction Hunters,https://jmp2.uk/plu-62ac50e92c48f900071444c9.m3u8,,,,AuctionHunters.de@GB,,,,https://i.imgur.com/4SPOVN7.png,Entertainment,,iptv-org-all.txt
Auction Hunters,https://jmp2.uk/plu-62da73c4ec46c000070f4cb1.m3u8,,,,AuctionHunters.se@DK,,,,https://images.pluto.tv/channels/62da73c4ec46c000070f4cb1/colorLogoPNG.png,Series,,iptv-org-all.txt
Auction Hunters,https://jmp2.uk/plu-62da7159ca8f220008032730.m3u8,,,,AuctionHunters.se@NO,,,,https://images.pluto.tv/channels/62da73c4ec46c000070f4cb1/colorLogoPNG.png,Series,,iptv-org-all.txt
Auction Hunters,https://jmp2.uk/plu-62da7380478a5b0007e610d9.m3u8,,,,AuctionHunters.se@SE,,,,https://images.pluto.tv/channels/62da73c4ec46c000070f4cb1/colorLogoPNG.png,Series,,iptv-org-all.txt
Audaz TV (432p) [Not 24/7],https://cloud2.streaminglivehd.com:1936/8264/8264/playlist.m3u8,,,,AudazTV.ve@SD,,,,https://i.imgur.com/QtCgtZq.jpg,Religious,,iptv-org-all.txt
Audiokiss (1080p),https://master.tucableip.com/audiokisstv/index.m3u8,,,,Audiokiss.bo@SD,,,,https://www.audiokiss.com/audiokiss/wp-content/uploads/sites/4/2021/02/Audio_kiss800-768x405.png,Music,,iptv-org-all.txt
Auge TV (720p),https://cdn-tiva-video01-logicahost-com-br.smartbit.co/canalaugetv/canalaugetv/playlist.m3u8,,,,AugeTV.br@SD,,,,https://m.media-amazon.com/images/I/81UMY8nlXHL._SL500_.png,General,,iptv-org-all.txt
Augsburg TV (1080p),https://stream02.welocal.stream/stream/fhd-augsburgtv_104951/ngrp:stream_all/playlist.m3u8,,,,AugsburgTV.de@SD,,,,https://i.imgur.com/27AKMUL.png,General,,iptv-org-all.txt
Aupur Television (1080p),https://canal.aupurtv.co/live/stream/index.m3u8,,,,AupurTelevision.co@SD,,,,https://i.imgur.com/FTv7zpJ.jpeg,General,,iptv-org-all.txt
aurLife HD (614p),http://124.109.47.101/hls/stream1.m3u8,,,,aurLifeHD.pk@SD,,,,https://i.imgur.com/GfWLn3O.jpg,General,,iptv-org-all.txt
Aurora Arte (480p),https://59d7d6f47d7fc.streamlock.net/auroraarte/auroraarte/playlist.m3u8,,,,AuroraArte.it@SD,,,,https://i.imgur.com/Y1Yq3iV.png,Culture,,iptv-org-all.txt
Aurora Media Films (720p),https://cdn.streamhispanatv.net:3417/live/auroramflive.m3u8,,,,AuroraMediaFilms.gt@SD,,,,https://i.imgur.com/DVC5w6H.png,Movies,,iptv-org-all.txt
AuroraTV (Aurora CO) (720p),https://reflect-aurora.cablecast.tv/live-8/live/live.m3u8,,,,AuroraTV.us@SD,,,,https://i.imgur.com/g8Q1ASR.png,General,,iptv-org-all.txt
ausbiz TV (720p) [Not 24/7],https://d9quh89lh7dtw.cloudfront.net/public-output/index.m3u8,,,,AusbizTV.au@SD,,,,https://i.imgur.com/8vGGdB0.png,Business,,iptv-org-all.txt
Austral TV (1080p),https://stmv3.voxtvhd.com.br/australtv/australtv/playlist.m3u8,,,,AustralTV.ec@SD,,,,https://i.imgur.com/zgGuCYL.png,General,,iptv-org-all.txt
Autentic History (1080p),https://9e754fa707344ccca6d84955c8fcaf36.mediatailor.us-east-1.amazonaws.com/v1/master/44f73ba4d03e9607dcd9bebdcb8494d86964f1d8/RlaxxTV-eu_AutenticHistory/playlist.m3u8,,,,AutenticHistory.de@SD,,,,https://d3b6luslimvglo.cloudfront.net/images/79/rlaxximages/channels-rescaled/icon-white/autentichistory_white.png,Documentary,,iptv-org-all.txt
Autentic Travel (1080p),https://cb0c87cc605942ff9766a4e6744bbadc.mediatailor.us-east-1.amazonaws.com/v1/master/44f73ba4d03e9607dcd9bebdcb8494d86964f1d8/RlaxxTV-eu_AutenticTravel/playlist.m3u8,,,,AutenticTravel.de@SD,,,,https://d3b6luslimvglo.cloudfront.net/images/79/rlaxximages/channels-rescaled/icon-white/autentictravel_white.png,Lifestyle,,iptv-org-all.txt
Auténtica Televisión (720p) [Not 24/7],https://live.obslivestream.com/autenticatvmux/index.m3u8,,,,AutenticaTelevision.pe@SD,,,,https://i.imgur.com/bEJK3RN.png,General,,iptv-org-all.txt
Autonoma TV,https://wifispeed.trapemn.tv:1936/comunales/autonoma-tv/playlist.m3u8,,,,AutonomaTV.cl@SD,,,,https://i.imgur.com/kD6badL.png,General,,iptv-org-all.txt
AVA Family,https://familyhls.avatv.live/hls/stream.m3u8,,,,AVAFamily.ir@SD,,,,,Family,,iptv-org-all.txt
AVA Series,https://avaserieshls.wns.live/hls/stream.m3u8,,,,AVASeries.ir@SD,,,,https://i.imgur.com/8AfAfZE.png,Series,,iptv-org-all.txt
Avang TV (1080p),https://hls.avang.live/hls/stream.m3u8,,,,AvangTV.us@SD,,,,https://i.imgur.com/3I1n7fO.png,Music,,iptv-org-all.txt
Avar TV (1080p),https://avr.host247.net/live/AvarTv/playlist.m3u8,,,,AvarTV.iq@HD,,,,https://i.imgur.com/JazFBkW.jpeg,Undefined,,iptv-org-all.txt
Avatar,https://jmp2.uk/plu-656df599c0fc8800089c75ab.m3u8,,,,Avatar.de@GB,,,,https://images.pluto.tv/channels/656df599c0fc8800089c75ab/colorLogoPNG.png,Animation;Kids;Series,,iptv-org-all.txt
Avatar,https://jmp2.uk/plu-61c09b48d6d97900076e91c5.m3u8,,,,Avatar.se@DK,,,,https://images.pluto.tv/channels/61c09b48d6d97900076e91c5/colorLogoPNG.png,Animation;Kids;Series,,iptv-org-all.txt
Avatar: A lenda de Aang,https://jmp2.uk/plu-6759eeb1bd523200083b4f29.m3u8,,,,AvatarAlendadeAang.us@BR,,,,https://images.pluto.tv/channels/6759eeb1bd523200083b4f29/colorLogoPNG.png,Kids,,iptv-org-all.txt
Avatar: La Leyenda de Aang,https://jmp2.uk/plu-6759ee82bd523200083b4f0f.m3u8,,,,AvatarLaLeyendadeAang.us@LatAm,,,,https://images.pluto.tv/channels/6759ee82bd523200083b4f0f/colorLogoPNG.png,Kids,,iptv-org-all.txt
Avers (480p),https://avers.pp.ua/hls/efir.m3u8,,,,Avers.ua@SD,,,,https://i.imgur.com/rHHz94D.png,General,,iptv-org-all.txt
AVI Rewind (1080p),http://45.70.201.81:8000/play/a010/index.m3u8,,,,AVIRewind.us@SD,,,,https://zplay.cl/LogosV2/AVIREWINDS_NEW.png,Movies,,iptv-org-all.txt
Aviation TV (480p),http://streamer02.nbo1.angani.co:1935/aviationtv/myStream/playlist.m3u8,,,,AviationTV.ke@SD,,,,https://i.imgur.com/WOU9z5G.png,Religious,,iptv-org-all.txt
Aviva TV (288p) [Not 24/7],https://video.misistemareseller.com/atvhonduras/atvhonduras/playlist.m3u8,,,,AvivaTV.hn@SD,,,,https://i.imgur.com/0jMM4TQ.png,Undefined,,iptv-org-all.txt
Avivamiento TV (1080p) [Not 24/7],https://s1.abntelevision.com/avivamientoabr/stream/avivamientohd/avivamientohd/playlist.m3u8,,,,AvivamientoTV.co@SD,,,,https://i.imgur.com/ydoBp3b.png,Religious,,iptv-org-all.txt
AVT Khyber (1080p),http://115.42.65.142:9981/stream/channelid/1380586642,,,,AVTKhyber.pk@SD,,,,https://i.imgur.com/FqkABWT.png,Entertainment,,iptv-org-all.txt
Avto24 (576p),http://stream.mcquack.net/78/index.m3u8,,,,Avto24.ru@SD,,,,https://i.imgur.com/GXSXmN2.png,Auto,,iptv-org-all.txt
Awaaz India TV (720p) [Not 24/7],https://awaazindia.livebox.co.in/AwaazIndaTVhls/Live.m3u8,,,,AwaazIndiaTV.in@SD,,,,https://i.imgur.com/eKQs51V.png,News,,iptv-org-all.txt
Awakening TV (576p),https://mumt03.tangotv.in/Dsly5z3HAWAKENINGTV/index.m3u8,,,,AwakeningTV.in@SD,,,,https://i.imgur.com/p26iWOi.png,Religious,,iptv-org-all.txt
Awapa Sports TV (1080p) [Not 24/7],https://mgv-awapa.akamaized.net/hls/live/2104282/MGV_CHANNEL15/master.m3u8,,,,AwapaSportsTV.sv@SD,,,,https://i.imgur.com/MNw5cJH.jpg,Sports,,iptv-org-all.txt
AWE (720p),https://a-cdn.klowdtv.com/live1/awe_720p/playlist.m3u8,,,,AWE.us@SD,,,,https://i.imgur.com/OjpCtGj.png,General,,iptv-org-all.txt
AWE International (720p),https://a-cdn.klowdtv.com/live1/aweint/playlist.m3u8,,,,AWEInternational.us@SD,,,,https://i.imgur.com/VhxtMUQ.png,General,,iptv-org-all.txt
AWE Plus (720p),https://a-cdn.herringnetwork.com/affiliate/awee/playlist.m3u8,,,,AWEPlus.us@SD,,,,https://i.imgur.com/hL8i7Ar.png,General,,iptv-org-all.txt
Awesome TV [Geo-blocked],https://488b9e074624.ap-south-1.playback.live-video.net/api/video/v1/ap-south-1.533267421985.channel.B7bB1wHJRCnw.m3u8,,,,AwesomeTV.my@SD,,,,https://i.imgur.com/x90U1Bf.png,General,,iptv-org-all.txt
Awkward,https://jmp2.uk/plu-62bc1784120ba80007935aaa.m3u8,,,,Awkward.de@DACH,,,,https://images.pluto.tv/channels/62bc1784120ba80007935aaa/colorLogoPNG.png,Series,,iptv-org-all.txt
Awkward,https://jmp2.uk/plu-61c0925c738ecd000882450a.m3u8,,,,Awkward.se@DK,,,,https://images.pluto.tv/channels/61c0925c738ecd000882450a/colorLogoPNG.png,Comedy,,iptv-org-all.txt
AXN (720p),http://45.190.28.50/AXN_HD/index.m3u8,,,,AXN.br@SD,,,,https://upload.wikimedia.org/wikipedia/commons/thumb/5/52/AXN_logo_%282015%29.svg/960px-AXN_logo_%282015%29.svg.png,Movies,,iptv-org-all.txt
AXN Asia Taiwan (1080p),http://125.227.210.55:4050/VideoInput/play.ts,,,,AXNAsia.sg@Taiwan,,,,https://upload.wikimedia.org/wikipedia/commons/thumb/5/52/AXN_logo_%282015%29.svg/960px-AXN_logo_%282015%29.svg.png,Movies;Series,,iptv-org-all.txt
AXN Black (576p),http://hls127.freeott.top:8080/BG_AXN_Black/video.m3u8,,,,AXNBlack.us@Bulgary,,,,https://i.imgur.com/Peo1QiZ.png,Movies,,iptv-org-all.txt
AXN Black Poland (576p),http://185.227.34.179:8080/axn-black/index.m3u8,,,,AXNBlack.us@Poland,,,,https://i.imgur.com/Peo1QiZ.png,Movies,,iptv-org-all.txt
AXN CEE Bulgary,http://85.11.144.9:4222/AXN,,,,AXNCEE.es@Bulgary,,,,https://upload.wikimedia.org/wikipedia/commons/thumb/5/52/AXN_logo_%282015%29.svg/960px-AXN_logo_%282015%29.svg.png,Movies,,iptv-org-all.txt
AXN Latin America (1080p),http://138.121.15.230:9002/AXN/index.m3u8,,,,AXNLatinAmerica.us@CentralAmerica,,,,https://upload.wikimedia.org/wikipedia/commons/thumb/5/52/AXN_logo_%282015%29.svg/960px-AXN_logo_%282015%29.svg.png,Movies,,iptv-org-all.txt
AXN Latin America (1080p),http://15.204.246.24:8080/AXNHD/index.m3u8,,,,AXNLatinAmerica.us@Panregional,,,,https://upload.wikimedia.org/wikipedia/commons/thumb/5/52/AXN_logo_%282015%29.svg/960px-AXN_logo_%282015%29.svg.png,Movies,,iptv-org-all.txt
AXN Latin America Andes (1080p),http://177.234.249.178:8888/AXN/index.m3u8,,,,AXNLatinAmerica.us@Andes,,,,https://upload.wikimedia.org/wikipedia/commons/thumb/5/52/AXN_logo_%282015%29.svg/960px-AXN_logo_%282015%29.svg.png,Movies,,iptv-org-all.txt
AXN Latin America Chile (1080p),https://cdn1tlinkgo.tlink.cl/axnhd/index.m3u8,,,,AXNLatinAmerica.us@Chile,,,,https://upload.wikimedia.org/wikipedia/commons/thumb/5/52/AXN_logo_%282015%29.svg/960px-AXN_logo_%282015%29.svg.png,Movies,,iptv-org-all.txt
AXN Latin America Mexico,http://190.11.225.124:5000/live/axn_hd/playlist.m3u8,,,,AXNLatinAmerica.us@Mexico,,,,https://upload.wikimedia.org/wikipedia/commons/thumb/5/52/AXN_logo_%282015%29.svg/960px-AXN_logo_%282015%29.svg.png,Movies,,iptv-org-all.txt
AXN Latin America South,http://45.228.235.116:8000/play/a0iy/index.m3u8,,,,AXNLatinAmerica.us@South,,,,https://upload.wikimedia.org/wikipedia/commons/thumb/5/52/AXN_logo_%282015%29.svg/960px-AXN_logo_%282015%29.svg.png,Movies,,iptv-org-all.txt
AXN White Bulgaria (576p),http://hls127.freeott.top:8080/BG_AXN_White/video.m3u8,,,,AXNWhite.us@Bulgaria,,,,https://i.imgur.com/47IKxmt.png,Entertainment,,iptv-org-all.txt
AXN White Poland (576p),http://185.227.34.179:8080/axn-white/index.m3u8,,,,AXNWhite.us@Poland,,,,https://i.imgur.com/47IKxmt.png,Entertainment,,iptv-org-all.txt
AXS TV (720p),http://23.239.31.26:8989/axstv/index.m3u8,,,,AXSTV.us@SD,,,,https://upload.wikimedia.org/wikipedia/commons/thumb/c/c2/AXS_TV_logo.svg/960px-AXS_TV_logo.svg.png,Music,,iptv-org-all.txt
Ayaz TV (720p),https://janya-ayaztv.vgcdn.net/ptnr-WebApp/title-Ayaz_TV/v1/vglive-sk-934820/main.m3u8,,,,AyazTV.az@SD,,,,https://www.ayaztv.com/storage/assets/site_logo.png,General,,iptv-org-all.txt
AYNI TV (1080p),http://15.204.246.24:8080/AyniTVHD/index.m3u8,,,,AYNITV.bo@SD,,,,https://i.ibb.co/SPCkBR8/ayni-tv-bo.png,General,,iptv-org-all.txt
Aysen TV (720p),https://v1.tustreaming.cl/aysentv/index.m3u8,,,,AysenTV.cl@SD,,,,https://i.imgur.com/DmdBf9S.png,General,,iptv-org-all.txt
Ayush TV (576p),http://d1msejlow1t3l4.cloudfront.net/fta/ayushtv/playlist.m3u8,,,,AyushTV.in@SD,,,,https://dtil.tmsimg.com/assets/s142692_ld_h15_aa.png?lock=720x540,Lifestyle,,iptv-org-all.txt
Az Cinema (1080p),https://cdn1tlinkgo.tlink.cl/azcinema/index.m3u8,,,,AzCinema.mx@SD,,,,https://i.imgur.com/B5UN7C8.png,Movies,,iptv-org-all.txt
Az TV (1080p),https://str.yodacdn.net/azertv/index.m3u8,,,,AzTV.az@SD,,,,https://i.imgur.com/snBMMeH.png,General,,iptv-org-all.txt
AZA TV HD (1080p),https://tv.webmedialive.com/azatvhn/live/playlist.m3u8,,,,AZATVHD.hn@SD,,,,https://i.imgur.com/Jytpy32.png,General,,iptv-org-all.txt
Azahares Radio Multimedia (720p),https://streamyes.alsolnet.com/azaharesfm/live/playlist.m3u8,,,,AzaharesRadiovisualMultimedia.ar@SD,,,,https://i.imgur.com/g1BFoSs.png,Music,,iptv-org-all.txt
Azan TV,https://dbcanada.sonarbanglatv.com/azantv/atv/index.m3u8,,,,AzanTV.ca@SD,,,,https://i.imgur.com/JlqS6I4.jpeg,Religious,,iptv-org-all.txt
Azerbaijan Gharbi,https://ncdn.telewebion.ir/azarbayjangharbi/live/playlist.m3u8,,,,WestAzerbaijanTV.ir@SD,,,,https://upload.wikimedia.org/wikipedia/fa/thumb/2/21/Urmia_TV.svg/960px-Urmia_TV.svg.png,General,,iptv-org-all.txt
Azerbaijan News TV (720p) [Not 24/7],https://edge1.socialsmart.tv/aznews/smil/playlist.m3u8,,,,AznewsTV.se@SD,,,,https://i.imgur.com/Kw17XfP.png,News,,iptv-org-all.txt
Azstar TV HD (1080p),https://live.livestreamtv.ca/azstar/amlst:azstar/playlist.m3u8,,,,AzStarTV.ca@SD,,,,https://i.imgur.com/di3XX5L.png,General,,iptv-org-all.txt
Azteca Deportes Network (1080p),http://181.119.66.28:8081/AZTECA-DEPORTES-HD/index.m3u8,,,,AztecaDeportesNetwork.mx@SD,,,,https://match-images.icdb.tv/5913207f2494844101287828e87625eb.jpg,Sports,,iptv-org-all.txt
Azteca Honduras (720p),https://mdstrm.com/live-stream-playlist/65a1d2fd7e7f14355550d570.m3u8,,,,AztecaHonduras.hn@SD,,,,https://i.imgur.com/sxFh1dw.png,General,,iptv-org-all.txt
Azteca Internacional (1080p),https://azt-mun.otteravision.com/azt/mun/mun.m3u8,,,,AztecaInternacional.mx@SD,,,,https://upload.wikimedia.org/wikipedia/commons/e/eb/Azteca_Internacional_logo_2023.png,Entertainment,,iptv-org-all.txt
Azzurra TV (576p),https://ed05.top-ix.org/avtvlive/azzurra/streaming/playlist.m3u8,,,,AzzurraTV.it@SD,,,,https://i.imgur.com/qWIZNEc.png,General,,iptv-org-all.txt
B1,https://hls02ns.antenaplay.ro/hls/b1-tv-hd/index.m3u8,,,,B1.ro@SD,,,,https://upload.wikimedia.org/wikipedia/commons/thumb/5/57/B1_TV_logo.svg/960px-B1_TV_logo.svg.png,News,,iptv-org-all.txt
B4U Bhojpuri (1080p),https://cdnb4u.wiseplayout.com/B4U_Bhojpuri/master.m3u8,,,,B4UBhojpuri.in@SD,,,,https://i.imgur.com/NwOQUDp.png,Movies,,iptv-org-all.txt
B4U Kadak (576p),https://streams.tangotv.in/B4UKADAK/ORIGIN/index.m3u8,,,,B4UKadak.in@SD,,,,https://dtil.tmsimg.com/assets/s142695_ld_h15_aa.png?lock=720x540,Movies,,iptv-org-all.txt
B4U Movies (576p),https://streams.tangotv.in/B4UMOVIES/ORIGIN/index.m3u8,,,,B4UMovies.in@India,,,,https://i.imgur.com/M9kMFJl.png,Movies,,iptv-org-all.txt
B4U Music (576p),https://cdn-2.pishow.tv/live/415/master.m3u8,,,,B4UMusic.in@India,,,,https://dtil.tmsimg.com/assets/s158141_ld_h15_aa.png?lock=720x540,Music,,iptv-org-all.txt
B15 Fresnillo (1080p),https://s5.mexside.net:1936/lsac/lsac/playlist.m3u8,,,,B15Fresnillo.mx@SD,,,,https://i.imgur.com/kaUhEQy.png,General,,iptv-org-all.txt
B15 Zacatecas (1080p),https://s5.mexside.net:1936/envio2/envio2/playlist.m3u8,,,,B15Zacatecas.mx@SD,,,,https://i.imgur.com/kaUhEQy.png,General,,iptv-org-all.txt
Baan Baan TV 73,https://vdo.plathong.net/live8794/live8794/playlist.m3u8,,,,BaanBaanTV73.th@SD,,,,https://i.imgur.com/JGLy1Pm.png,Undefined,,iptv-org-all.txt
Bab Al Hara (1080p),https://shd-amg-fast.edgenextcdn.net/tx010/playlist.m3u8,,,,BabAlHara.sa@SD,,,,https://i.imgur.com/QtlnZbq.png,Series,,iptv-org-all.txt
Bábolnai TV (360p),https://cloudfront44.lexanetwork.com:1344/freerelay/babolnatv.sdp/playlist.m3u8,,,,BTV.hu@SD,,,,https://i.imgur.com/0PKqn3V.png,General,,iptv-org-all.txt
Baby Shark TV,https://c0c65b821b3542c3a4dca92702f59944.mediatailor.us-east-1.amazonaws.com/v1/master/04fd913bb278d8775298c26fdca9d9841f37601f/RakutenTV-eu_BabySharkTV/playlist.m3u8,,,,BabySharkTV.us@Poland,,,,https://i.imgur.com/SbBKr8L.png,Kids,,iptv-org-all.txt
Baby Shark TV (1080p),https://newidco-babysharktv-1-us.roku.wurl.tv/playlist.m3u8,,,,BabySharkTV.us@SD,,,,https://i.imgur.com/SbBKr8L.png,Kids,,iptv-org-all.txt
Baby Time (576p),http://178.134.1.158:8081/babytime/index.m3u8,,,,BabyTime.ru@SD,,,,https://i.imgur.com/lW3WIBD.png,Kids;Music,,iptv-org-all.txt
Babyfirst,https://jmp2.uk/plu-5f4fb4cf605ddf000748e16f.m3u8,,,,BabyFirst.us@Brazil,,,,https://i.imgur.com/WxLHBwu.png,Kids,,iptv-org-all.txt
BabyFirst (720p),https://cdn.fast.jwp.services/v1/channel/1_jB6940Ei_TvhvIHDL/manifest.m3u8,,,,BabyFirst.us@US,,,,https://i.imgur.com/WxLHBwu.png,Kids,,iptv-org-all.txt
BabyFirst Spanish (720p),http://168.228.44.241:9997/play/a07u/index.m3u8,,,,BabyFirst.us@Spanish,,,,https://i.imgur.com/WxLHBwu.png,Kids,,iptv-org-all.txt
BabyTV Latin America (1080p),https://cdn1tlinkgo.tlink.cl/babytv/index.m3u8,,,,BabyTV.uk@LatinAmerica,,,,https://i.imgur.com/4BDJ5FT.png,Kids,,iptv-org-all.txt
BabyTV Turkiye (1080p) [Geo-blocked],https://saran-live.ercdn.net/babytv/index.m3u8,,,,BabyTV.uk@Turkiye,,,,https://i.imgur.com/4BDJ5FT.png,Kids,,iptv-org-all.txt
Bacán Te Veo (360p),https://stmv6.voxtvhd.com.br/vacantveo2/vacantveo2/playlist.m3u8,,,,BacanTeVeo.ec@SD,,,,https://i.imgur.com/m1LK6rY.png,Entertainment,,iptv-org-all.txt
Backstage (1080p),https://d2ah48mnofquik.cloudfront.net/Backstage.m3u8,,,,Backstage.us@SD,,,,https://i.imgur.com/qcTNvNU.png,Documentary,,iptv-org-all.txt
Badakhshon (576p),https://live.teleradiocom.tj/11/3m.m3u8,,,,Badakhshon.tj@SD,,,,https://i.imgur.com/iK6AmkZ.png,General,,iptv-org-all.txt
Baden TV (1080p) [Not 24/7],http://badentv-stream2.siebnich.info/rtplive/btv.stream/live.m3u8,,,,BadenTV.de@SD,,,,https://i.imgur.com/L6vE9Bz.png,General,,iptv-org-all.txt
Bahar TV (720p) [Not 24/7],https://59d39900ebfb8.streamlock.net/bahartv/bahartv/playlist.m3u8,,,,BaharTV.af@SD,,,,https://yt3.googleusercontent.com/ytc/AIdro_nErN-N8qBYQy7YZnf-eAS2A97TFf1Ljs7yv2nxsc6T3A=s160-c-k-c0x00ffffff-no-rj,General,,iptv-org-all.txt
Bahrain International (720p) [Not 24/7],https://5c7b683162943.streamlock.net/live/ngrp:bahraininternational_all/playlist.m3u8,,,,BahrainInternational.bh@SD,,,,https://i.imgur.com/t6Lmntr.png,General,,iptv-org-all.txt
Bahrain Quran (720p) [Not 24/7],https://5c7b683162943.streamlock.net/live/ngrp:bahrainquran_all/playlist.m3u8,,,,BahrainQuran.bh@SD,,,,https://i.imgur.com/er5hOK4.png,Religious,,iptv-org-all.txt
Bahrain Sports 1 (720p) [Not 24/7],https://5c7b683162943.streamlock.net/live/ngrp:sportsone_all/playlist.m3u8,,,,BahrainSports1.bh@SD,,,,https://i.imgur.com/fBpLsbC.png,Sports,,iptv-org-all.txt
Bahrain Sports 2 (720p) [Not 24/7],https://5c7b683162943.streamlock.net/live/ngrp:bahrainsportstwo_all/playlist.m3u8,,,,BahrainSports2.bh@SD,,,,https://i.imgur.com/ZkuZmIo.png,Sports,,iptv-org-all.txt
Bahrain TV (720p) [Not 24/7],https://5c7b683162943.streamlock.net/live/ngrp:bahraintvmain_all/playlist.m3u8,,,,BahrainTV.bh@SD,,,,https://i.imgur.com/LTD0jIm.png,General,,iptv-org-all.txt
Bailén TV (720p) [Not 24/7],http://cpd.bailen.tv:8080/Playlist_CANAL_24H/playlist.m3u8,,,,BailenTV.es@SD,,,,https://i.imgur.com/a64hwzq.png,Undefined,,iptv-org-all.txt
Bajai TV (720p),https://cloudfront41.lexanetwork.com:1344/relay01/livestream002.sdp/playlist.m3u8,,,,BajaiTV.hu@SD,,,,https://i.imgur.com/cyReGWh.png,General,,iptv-org-all.txt
Bajo Techo TV (1080p) [Not 24/7],https://fox.hostlagarto.com:8081/bajotechotv/tracks-v1a1/mono.m3u8,,,,BajoTechoTV.do@SD,,,,https://i.imgur.com/I2wRq88.png,Shop,,iptv-org-all.txt
Baku.TV,https://rtmp.baku.tv/hls/bakutv.m3u8,,,,BakuTV.az@SD,,,,https://i.imgur.com/r4FzxSg.png,News,,iptv-org-all.txt
Balabol (1080p),https://cdn-dvr.ntv.ru/Balabol/index.m3u8,,,,Balabol.ru@SD,,,,https://cdn2-static.ntv.ru/home/promo/24740/balabol_vse.jpg,Series,,iptv-org-all.txt
Balapan (576p),https://fs.uplink.kz/balapan/mono.m3u8?token=onlinetv,,,,Balapan.kz@SD,,,,https://vote.rtrk.kz/img/balapan-logo.png,Kids,,iptv-org-all.txt
Balapan HD (1080p),https://balapantv-stream.qazcdn.com/balapantv/balapantv/playlist.m3u8,,,,Balapan.kz@HD,,,,https://vote.rtrk.kz/img/balapan-logo.png,Kids,,iptv-org-all.txt
Balapan International (1080p),https://live-3.otcnet.ru/Balapan/index.m3u8,,,,BalapanInternational.kz@SD,,,,https://otv.server-img.lfstrm.tv/images/channel_logos/logo_638108d82e47243302bc81f1.png,Kids,,iptv-org-all.txt
Balaton TV (432p),https://stream.iptvservice.eu/hls/balatontv.m3u8,,,,BalatonTV.hu@SD,,,,https://balatontelevizio.hu/wp-content/uploads/2020/05/balaton_tv_logo.png,Undefined,,iptv-org-all.txt
Balchi TV,https://rtmpcontrol.com:1936/balchitv/balchitv/playlist.m3u8,,,,BalchiTV.aw@SD,,,,https://i.imgur.com/XlCaZvF.png,Culture,,iptv-org-all.txt
Balikpapan TV (720p),http://122.248.43.242:1935/BALIKPAPANTV/_definst_/myStream/playlist.m3u8,,,,BalikpapanTV.id@SD,,,,https://i.imgur.com/P3whqna.png,General,,iptv-org-all.txt
Balle Balle (720p),https://mcncdndigital.com/balleballetv/index.m3u8,,,,BalleBalle.in@SD,,,,https://jiotvimages.cdn.jio.com/dare_images/images/Balle_Balle_TV.png,Music,,iptv-org-all.txt
Bălţi TV (1080p) [Geo-blocked],http://77.89.199.174:8000/play/1024/index.m3u8,,,,BaltiTV.md@SD,,,,https://i.imgur.com/S1vEqZp.png,General,,iptv-org-all.txt
BAM-TV,https://belafrikamediatv.vedge.infomaniak.com/livecast/ik:belafrikamediatv/manifest.m3u8,,,,BAMTV.be@SD,,,,https://i.imgur.com/9UmR6cs.png,Culture,,iptv-org-all.txt
BamBarBia TV (720p) [Not 24/7],http://cdn1.live-tv.od.ua:8081/bbb/bbbtv-abr/playlist.m3u8,,,,BamBarBiaTV.ua@SD,,,,https://i.imgur.com/zdRvy87.png,Travel,,iptv-org-all.txt
BAMOS TV (1080p) [Not 24/7],https://video2.getstreamhosting.com:19360/8092/8092.m3u8,,,,BAMOSTV.mx@SD,,,,https://i.imgur.com/ntK4D64.png,Religious,,iptv-org-all.txt
Band (720p),http://45.190.28.50/BAND_HD/index.m3u8,,,,Band.br@SD,,,,https://i.imgur.com/1r5T6Pw.png,General,,iptv-org-all.txt
Band Sports (1080p),https://cdn-5.nxplay.com.br/BAND_SPORTS/index.m3u8,,,,BandSports.br@SD,,,,https://i.imgur.com/EuPvzJe.png,Sports,,iptv-org-all.txt
BandNews (1080p),https://cdn-5.nxplay.com.br/BAND_NEWS/index.m3u8,,,,BandNews.br@SD,,,,https://i.ibb.co/0jVZBFp/u8ya-iw-R-400x400.jpg,News,,iptv-org-all.txt
Bandung TV (360p),http://202.150.153.254:65500/bandungtvWEBSITE.m3u8,,,,BandungTV.id@SD,,,,https://i.postimg.cc/JzqSzcj9/200px-Logo-bdg-tv-2016.png,General,,iptv-org-all.txt
Bangla Vision (720p),https://tvsen5.aynaott.com/banglavision/index.m3u8,,,,BanglaVision.bd@SD,,,,https://i.imgur.com/nCWgp38.png,General,,iptv-org-all.txt
Bani Vision (720p) [Not 24/7],https://videostream.shockmedia.com.ar/hls/banivision/banivision.m3u8,,,,BaniVision.do@HD,,,,https://www.banivision.com/wp-content/uploads/2023/04/Bani-Vision-Favicon.png,General,,iptv-org-all.txt
Banijay Mr Bean Animé (1080p),https://amg00627-amg00627c31-rakuten-fr-3991.playouts.now.amagi.tv/playlist/amg00627-banijayfast-mrbeanfrcc-rakutenfr/playlist.m3u8,,,,MrBeanAnimated.uk@FR,,,,https://static.wikia.nocookie.net/logopedia/images/2/25/Mr._Bean_Animated_Series_stacked_logo.png,Animation;Kids,,iptv-org-all.txt
Banjar TV (720p) [Not 24/7],https://banjartv.siar.us/banjartv/live/playlist.m3u8,,,,BanjarTV.id@SD,,,,https://i.imgur.com/TA76a10.png,Undefined,,iptv-org-all.txt
Bansal News (720p),https://8yzmq2gbdvax-hls-live.wmncdn.net/bansalnewstv1/live1.stream/playlist.m3u8,,,,BansalNews.in@SD,,,,https://xstreamcp-assets-msp.streamready.in/assets/LIVETV/LIVECHANNEL/LIVETV_LIVETVCHANNEL_BANSAL_NEWS/images/LOGO_HD/image.png,News,,iptv-org-all.txt
Banten TV (720p) [Not 24/7],https://5bf7b725107e5.streamlock.net/bantentv/bantentv/playlist.m3u8,,,,BantenTV.id@SD,,,,https://i.imgur.com/tbtF40p.png,Undefined,,iptv-org-all.txt
Banyumas TV (720p) [Not 24/7],https://5bf7b725107e5.streamlock.net/bmstv/bmstv/playlist.m3u8,,,,BMSTV.id@SD,,,,https://i.imgur.com/snMxng5.png,Undefined,,iptv-org-all.txt
Bar Rescue,https://jmp2.uk/plu-655f2ee6c0fc88000877d26c.m3u8,,,,BarRescue.us@CA,,,,https://images.pluto.tv/channels/655f2ee6c0fc88000877d26c/colorLogoPNG.png,Series,,iptv-org-all.txt
Bar Rescue,https://jmp2.uk/plu-60a3d889a5b3690008dc7fe8.m3u8,,,,BarRescue.us@SD,,,,https://images.pluto.tv/channels/655f2ee6c0fc88000877d26c/colorLogoPNG.png,Series,,iptv-org-all.txt
Baraka Television (720p) [Not 24/7],https://stream.berosat.live:19360/baraka-hd/baraka-hd.m3u8,,,,BarakaTelevision.cd@SD,,,,https://i.imgur.com/IKXddHN.png,News,,iptv-org-all.txt
Baran,https://ncdn.telewebion.ir/baran/live/playlist.m3u8,,,,BaranTV.ir@SD,,,,https://upload.wikimedia.org/wikipedia/fa/thumb/b/b9/TV_Baran.svg/500px-TV_Baran.svg.png,General,,iptv-org-all.txt
Baraza TV (1080p),https://eco.streams.ovh:8081/barazatv/tracks-v1a1/mono.m3u8,,,,BarazaTV.gr@SD,,,,https://i.imgur.com/TZ1unwF.png,Music,,iptv-org-all.txt
Baraza TV Deep House (720p),https://rtmp.streams.ovh:1936/barazarelax/barazazararelax/barazarelax/playlist.m3u8,,,,BarazaTVDeepHouse.gr@SD,,,,https://i.imgur.com/TZ1unwF.png,Music,,iptv-org-all.txt
Baraza TV Relaxing (720p),https://rtmp.streams.ovh:1936/barazarelax/barazarelax/playlist.m3u8,,,,BarazaTVRelaxing.gr@SD,,,,https://i.imgur.com/TZ1unwF.png,Music,,iptv-org-all.txt
Barca TV,https://live20.bozztv.com/dvrfl06/astv/astv-barca/index.m3u8,,,,BarcaTV.es@SD,,,,https://i.imgur.com/d8x7c8i.png,Sports,,iptv-org-all.txt
Barinas TV (720p) [Not 24/7],https://vcp13.myplaytv.com/barinastv/barinastv/playlist.m3u8,,,,BarinasTV.ve@SD,,,,https://i.ibb.co/D7bLHGB/1575-Barinas-TV.png,General,,iptv-org-all.txt
Bark TV (1080p),https://bbb-barkt-streamstak.otteravision.com/bbb/barkt/barkt.m3u8,,,,BarkTV.us@SD,,,,https://upload.wikimedia.org/wikipedia/en/5/50/Jewelry_television_logo.png,Entertainment,,iptv-org-all.txt
Barrandov Krimi (1080p),https://dash4.antik.sk/live/test_barrandov_plus_atk_1200/playlist.m3u8,,,,BarrandovKrimi.cz@SD,,,,https://upload.wikimedia.org/wikipedia/commons/thumb/5/57/Logo-krimi-barrandov-color.svg/960px-Logo-krimi-barrandov-color.svg.png,General,,iptv-org-all.txt
Batam TV (480p) [Not 24/7],http://122.248.43.242:1935/BATAMTV/_definst_/myStream/playlist.m3u8,,,,BatamTV.id@SD,,,,https://i.imgur.com/lo7YXnW.png,General,,iptv-org-all.txt
Battlestar Galactica,https://jmp2.uk/plu-69d7ebff029c431826bd328e.m3u8,,,,BattlestarGalactica.us@SD,,,,https://images.pluto.tv/channels/69d7ebff029c431826bd328e/colorLogoPNG_1776982986391.png,Movies;Series,,iptv-org-all.txt
BATV Educational Channel,https://livestream.telvue.com/billerica2/f7b44cfafd5c52223d5498196c8a2e7b.sdp/playlist.m3u8,,,,BATVEducationalChannel.us@SD,,,,https://i.imgur.com/eDoJqtg.png,Education,,iptv-org-all.txt
BATV Government Channel,https://livestream.telvue.com/billerica3/f7b44cfafd5c52223d5498196c8a2e7b.sdp/playlist.m3u8,,,,BATVGovernmentChannel.us@SD,,,,https://i.imgur.com/4MdSstx.png,Legislative,,iptv-org-all.txt
BATV Public Channel,https://livestream.telvue.com/billerica1/f7b44cfafd5c52223d5498196c8a2e7b.sdp/playlist.m3u8,,,,BATVPublicChannel.us@SD,,,,https://i.imgur.com/zKQMDsu.png,General,,iptv-org-all.txt
Bayon TV,https://live-evg2.tv360.metfone.com.kh/livebayontv/bayontvhd.stream/playlist.m3u8,,,,BayonTV.kh@SD,,,,https://i.imgur.com/Gry2KEN.jpg,General,,iptv-org-all.txt
Bayres TV (720p),https://streaming01.mikrolive.tv/bayrestv/live/playlist.m3u8,,,,BayresTV.ar@SD,,,,https://blogger.googleusercontent.com/img/b/R29vZ2xl/AVvXsEjKrroOZ4RYMYlzGqMQjiIO2QbRNVndEM9PiC-CaRn0PO2AoB_YKyrt6Eigzh4M1gPZaVn5udDL5YzrzxAmyQCj_HTF8Pszo46dk9dABt9TpepY43_IEzT80atZEMaiMcdrqt3lmxAbZYaLwCgr6vDUgV1HlvmhIOJ99UlwAhG2FoHgtCm13CWEugV7Bvg/w1200-h630-p-k-no-nu/bayres-tv-removebg-preview.png,General,,iptv-org-all.txt
Baywatch (1080p),https://amg00145-fremantlemedian-baywatch-samsungau-gtsd6.amagi.tv/playlist/amg00145-fremantlemedian-baywatch-samsungau/playlist.m3u8,,,,Baywatch.us@US,,,,https://i.imgur.com/c2esKHg.png,Series,,iptv-org-all.txt
BBC Alba (1080p) (HEVC) [Geo-blocked],https://vs-cmaf-pushb-uk-live.akamaized.net/x=4/i=urn:bbc:pips:service:bbc_alba/hevc_iptv_mse_v0.mpd,,,,BBCAlba.uk@SD,,,,https://i.imgur.com/36KDxLg.png,General,,iptv-org-all.txt
BBC America (720p),http://23.239.31.26:8989/bbcamerica/index.m3u8,,,,BBCAmerica.us@East,,,,https://i.imgur.com/pTiiPz0.png,Entertainment,,iptv-org-all.txt
BBC Arabic (720p),https://vs-cmaf-pushb-ww-live.akamaized.net/x=4/i=urn:bbc:pips:service:bbc_arabic_tv/pc_hd_abr_v2.mpd,,,,BBCArabic.uk@SD,,,,https://i.imgur.com/ScyTG6P.png,News,,iptv-org-all.txt
BBC Doctor Who Classic (1080p),https://bbc-classicdrwho-1-us.roku.wurl.tv/playlist.m3u8,,,,DoctorWhoClassic.us@US,,,,https://i.imgur.com/JIqJQQM.png,Series,,iptv-org-all.txt
BBC Drama (1080p),https://amg00793-amg00793c40-rakuten-es-5444.playouts.now.amagi.tv/playlist.m3u8,,,,BBCDrama.uk@Spain,,,,https://i.imgur.com/HctHhLL.png,Series,,iptv-org-all.txt
BBC Earth (1080p),https://amg00793-amg00793c6-xumo-us-2669.playouts.now.amagi.tv/BBCStudios-BBCEarthA-hls/playlist.m3u8,,,,BBCEarth.uk@US,,,,https://i.imgur.com/nGSsUd4.png,Documentary,,iptv-org-all.txt
BBC Earth Czechia,http://88.212.15.29/live/test_bbc_eartch_hevc/playlist.m3u8,,,,BBCEarth.uk@Czechia,,,,https://i.imgur.com/nGSsUd4.png,Documentary,,iptv-org-all.txt
BBC Food (1080p),https://d1e9r0b71zfwk7.cloudfront.net/playlist.m3u8,,,,BBCFood.us@SD,,,,https://i.imgur.com/kcmHcSx.png,Cooking,,iptv-org-all.txt
BBC Four HD (720p) [Geo-blocked],https://vs-cmaf-pushb-uk.live.fastly.md.bbci.co.uk/x=4/i=urn:bbc:pips:service:bbc_four_hd/iptv_hd_abr_v1.mpd,,,,BBCFour.uk@UK,,,,https://upload.wikimedia.org/wikipedia/commons/thumb/6/6d/BBC_Four_logo_2021.svg/960px-BBC_Four_logo_2021.svg.png,Culture;Documentary,,iptv-org-all.txt
BBC Four/CBeebies (720p),http://193.46.58.239:8080/CbeebiesHD/index.m3u8,,,,BBCFourCBeebies.uk@HD,,,,https://i.imgur.com/aH0PCPy.png,Animation;General;Kids,,iptv-org-all.txt
BBC Home & Garden (1080p),https://d11r33s5i066xh.cloudfront.net/playlist.m3u8,,,,BBCHomeGarden.us@SD,,,,https://i.imgur.com/rC0pi1D.png,Lifestyle,,iptv-org-all.txt
BBC Kids (720p),https://dmr1h4skdal9h.cloudfront.net/playlist.m3u8,,,,BBCKids.us@SD,,,,https://i.imgur.com/vKUD64a.png,Kids,,iptv-org-all.txt
BBC News (1080p),https://xemzi.short.gy/1000015,,,,BBCNews.uk@UK,,,,https://xstreamcp-assets-msp.streamready.in/assets/LIVETV/LIVECHANNEL/LIVETV_LIVETVCHANNEL_BBC_NEWS/images/LOGO_HD/image.png,News,,iptv-org-all.txt
BBC News (1080p) (HEVC) (1080p),https://vs-cmaf-push-ww-live.akamaized.net/x=4/i=urn:bbc:pips:service:bbc_news_channel_hd/hevc_iptv_mse_v0.mpd,,,,BBCNews.uk@Africa,,,,https://xstreamcp-assets-msp.streamready.in/assets/LIVETV/LIVECHANNEL/LIVETV_LIVETVCHANNEL_BBC_NEWS/images/LOGO_HD/image.png,News,,iptv-org-all.txt
BBC News Asia Pacific (576p),https://thinkkast.dpdns.org/thinkkast/bbcworld_news_sd/versiglia/index.m3u8,,,,BBCNews.uk@AsiaPacific,,,,https://xstreamcp-assets-msp.streamready.in/assets/LIVETV/LIVECHANNEL/LIVETV_LIVETVCHANNEL_BBC_NEWS/images/LOGO_HD/image.png,News,,iptv-org-all.txt
BBC News Europe (576p),http://46.32.176.50/bbcworld/index.m3u8,,,,BBCNews.uk@Europe,,,,https://xstreamcp-assets-msp.streamready.in/assets/LIVETV/LIVECHANNEL/LIVETV_LIVETVCHANNEL_BBC_NEWS/images/LOGO_HD/image.png,News,,iptv-org-all.txt
BBC News Latin America (720p),http://138.121.15.230:9002/BBC-NEWS/index.m3u8,,,,BBCNews.uk@LatinAmerica,,,,https://xstreamcp-assets-msp.streamready.in/assets/LIVETV/LIVECHANNEL/LIVETV_LIVETVCHANNEL_BBC_NEWS/images/LOGO_HD/image.png,News,,iptv-org-all.txt
BBC News North America (1080p),http://23.237.104.106:8080/USA_BBC_NEWS/index.m3u8,,,,BBCNews.uk@NorthAmerica,,,,https://xstreamcp-assets-msp.streamready.in/assets/LIVETV/LIVECHANNEL/LIVETV_LIVETVCHANNEL_BBC_NEWS/images/LOGO_HD/image.png,News,,iptv-org-all.txt
BBC News Pashto (720p),https://vs-cmaf-pushb-ww.live.cf.md.bbci.co.uk/x=4/i=urn:bbc:pips:service:bbc_afghan_tv/pc_hd_abr_v2.mpd,,,,BBCNewsPashto.uk@HD,,,,https://static.files.bbci.co.uk/ws/simorgh-assets/public/pashto/images/metadata/poster-1024x576.png,Undefined,,iptv-org-all.txt
BBC News UK HD (1080p),http://45.153.96.44:8001,,,,BBCNews.uk@UKHD,,,,https://xstreamcp-assets-msp.streamready.in/assets/LIVETV/LIVECHANNEL/LIVETV_LIVETVCHANNEL_BBC_NEWS/images/LOGO_HD/image.png,News,,iptv-org-all.txt
BBC One Channel Islands (720p) [Geo-blocked],https://vs-cmaf-pushb-uk-live.akamaized.net/x=4/i=urn:bbc:pips:service:bbc_one_channel_islands/pc_hd_abr_v2.mpd,,,,BBCOne.uk@ChannelIslands,,,,https://upload.wikimedia.org/wikipedia/commons/thumb/8/8b/BBC_One_logo_2021.svg/960px-BBC_One_logo_2021.svg.png,General,,iptv-org-all.txt
BBC One East (720p) [Geo-blocked],https://vs-cmaf-pushb-uk-live.akamaized.net/x=4/i=urn:bbc:pips:service:bbc_one_east/pc_hd_abr_v2.mpd,,,,BBCOne.uk@East,,,,https://upload.wikimedia.org/wikipedia/commons/thumb/8/8b/BBC_One_logo_2021.svg/960px-BBC_One_logo_2021.svg.png,General,,iptv-org-all.txt
BBC One East (720p) [Geo-blocked],https://vs-cmaf-pushb-uk-live.akamaized.net/x=4/i=urn:bbc:pips:service:bbc_one_east_yorkshire/pc_hd_abr_v2.mpd,,,,BBCOne.uk@YorkshireHD,,,,https://upload.wikimedia.org/wikipedia/commons/thumb/8/8b/BBC_One_logo_2021.svg/960px-BBC_One_logo_2021.svg.png,General,,iptv-org-all.txt
BBC One East Midlands (720p) [Geo-blocked],https://vs-cmaf-pushb-uk-live.akamaized.net/x=4/i=urn:bbc:pips:service:bbc_one_east_midlands/pc_hd_abr_v2.mpd,,,,BBCOne.uk@EastMidlands,,,,https://upload.wikimedia.org/wikipedia/commons/thumb/8/8b/BBC_One_logo_2021.svg/960px-BBC_One_logo_2021.svg.png,General,,iptv-org-all.txt
BBC One East Midlands (1080p) (HEVC) [Geo-blocked],https://vs-cmaf-pushb-uk-live.akamaized.net/x=4/i=urn:bbc:pips:service:bbc_one_east_midlands/hevc_iptv_mse_v0.mpd,,,,BBCOne.uk@EastMidlandsHD,,,,https://upload.wikimedia.org/wikipedia/commons/thumb/8/8b/BBC_One_logo_2021.svg/960px-BBC_One_logo_2021.svg.png,General,,iptv-org-all.txt
BBC One London (720p) [Geo-blocked],https://vs-cmaf-push-uk-live.akamaized.net/x=4/i=urn:bbc:pips:service:bbc_one_london/iptv_hd_abr_v1.mpd,,,,BBCOne.uk@London,,,,https://upload.wikimedia.org/wikipedia/commons/thumb/8/8b/BBC_One_logo_2021.svg/960px-BBC_One_logo_2021.svg.png,General,,iptv-org-all.txt
BBC One London HD (720p),http://193.46.58.239:8080/BBCOneHD/index.m3u8,,,,BBCOne.uk@LondonHD,,,,https://upload.wikimedia.org/wikipedia/commons/thumb/8/8b/BBC_One_logo_2021.svg/960px-BBC_One_logo_2021.svg.png,General,,iptv-org-all.txt
BBC One North East (720p) [Geo-blocked],https://vs-cmaf-pushb-uk-live.akamaized.net/x=4/i=urn:bbc:pips:service:bbc_one_north_east/pc_hd_abr_v2.mpd,,,,BBCOne.uk@NorthEastCumbria,,,,https://upload.wikimedia.org/wikipedia/commons/thumb/8/8b/BBC_One_logo_2021.svg/960px-BBC_One_logo_2021.svg.png,General,,iptv-org-all.txt
BBC One North East (1080p) (HEVC) [Geo-blocked],https://vs-cmaf-pushb-uk-live.akamaized.net/x=4/i=urn:bbc:pips:service:bbc_one_north_east/hevc_iptv_mse_v0.mpd,,,,BBCOne.uk@NorthEastCumbriaHD,,,,https://upload.wikimedia.org/wikipedia/commons/thumb/8/8b/BBC_One_logo_2021.svg/960px-BBC_One_logo_2021.svg.png,General,,iptv-org-all.txt
BBC One North West (720p) [Geo-blocked],https://vs-cmaf-pushb-uk-live.akamaized.net/x=4/i=urn:bbc:pips:service:bbc_one_north_west/pc_hd_abr_v2.mpd,,,,BBCOne.uk@NorthWest,,,,https://upload.wikimedia.org/wikipedia/commons/thumb/8/8b/BBC_One_logo_2021.svg/960px-BBC_One_logo_2021.svg.png,General,,iptv-org-all.txt
BBC One North West (1080p) (HEVC) [Geo-blocked],https://vs-cmaf-pushb-uk-live.akamaized.net/x=4/i=urn:bbc:pips:service:bbc_one_north_west/hevc_iptv_mse_v0.mpd,,,,BBCOne.uk@NorthWestHD,,,,https://upload.wikimedia.org/wikipedia/commons/thumb/8/8b/BBC_One_logo_2021.svg/960px-BBC_One_logo_2021.svg.png,General,,iptv-org-all.txt
BBC One Northern Ireland HD (720p) [Geo-blocked],https://vs-cmaf-pushb-uk-live.akamaized.net/x=4/i=urn:bbc:pips:service:bbc_one_northern_ireland_hd/pc_hd_abr_v2.mpd,,,,BBCOne.uk@NorthernIreland,,,,https://upload.wikimedia.org/wikipedia/commons/thumb/8/8b/BBC_One_logo_2021.svg/960px-BBC_One_logo_2021.svg.png,General,,iptv-org-all.txt
BBC One Northern Ireland HD (1080p) (HEVC) [Geo-blocked],https://vs-cmaf-pushb-uk-live.akamaized.net/x=4/i=urn:bbc:pips:service:bbc_one_northern_ireland_hd/hevc_iptv_mse_v0.mpd,,,,BBCOne.uk@NorthernIrelandHD,,,,https://upload.wikimedia.org/wikipedia/commons/thumb/8/8b/BBC_One_logo_2021.svg/960px-BBC_One_logo_2021.svg.png,General,,iptv-org-all.txt
BBC One Scotland (540p) [Geo-blocked],https://vs-hls-pushb-uk-live.akamaized.net/x=4/i=urn:bbc:pips:service:bbc_one_scotland_hd/pc_hd_abr_v2.m3u8,,,,BBCOne.uk@Scotland,,,,https://upload.wikimedia.org/wikipedia/commons/thumb/8/8b/BBC_One_logo_2021.svg/960px-BBC_One_logo_2021.svg.png,General,,iptv-org-all.txt
BBC One Scotland HD (720p) [Geo-blocked],https://vs-cmaf-pushb-uk-live.akamaized.net/x=4/i=urn:bbc:pips:service:bbc_one_scotland_hd/pc_hd_abr_v2.mpd,,,,BBCOne.uk@ScotlandHD,,,,https://upload.wikimedia.org/wikipedia/commons/thumb/8/8b/BBC_One_logo_2021.svg/960px-BBC_One_logo_2021.svg.png,General,,iptv-org-all.txt
BBC One South (720p) [Geo-blocked],https://vs-cmaf-pushb-uk-live.akamaized.net/x=4/i=urn:bbc:pips:service:bbc_one_south/pc_hd_abr_v2.mpd,,,,BBCOne.uk@South,,,,https://upload.wikimedia.org/wikipedia/commons/thumb/8/8b/BBC_One_logo_2021.svg/960px-BBC_One_logo_2021.svg.png,General,,iptv-org-all.txt
BBC One South East (720p) [Geo-blocked],https://vs-cmaf-pushb-uk-live.akamaized.net/x=4/i=urn:bbc:pips:service:bbc_one_south_east/pc_hd_abr_v2.mpd,,,,BBCOne.uk@SouthEast,,,,https://upload.wikimedia.org/wikipedia/commons/thumb/8/8b/BBC_One_logo_2021.svg/960px-BBC_One_logo_2021.svg.png,General,,iptv-org-all.txt
BBC One South West (720p) [Geo-blocked],https://vs-cmaf-pushb-uk-live.akamaized.net/x=4/i=urn:bbc:pips:service:bbc_one_south_west/pc_hd_abr_v2.mpd,,,,BBCOne.uk@SouthWest,,,,https://upload.wikimedia.org/wikipedia/commons/thumb/8/8b/BBC_One_logo_2021.svg/960px-BBC_One_logo_2021.svg.png,General,,iptv-org-all.txt
BBC One Wales (720p) [Geo-blocked],https://vs-cmaf-pushb-uk-live.akamaized.net/x=4/i=urn:bbc:pips:service:bbc_one_wales_hd/pc_hd_abr_v2.mpd,,,,BBCOne.uk@Wales,,,,https://upload.wikimedia.org/wikipedia/commons/thumb/8/8b/BBC_One_logo_2021.svg/960px-BBC_One_logo_2021.svg.png,General,,iptv-org-all.txt
BBC One West (720p) [Geo-blocked],https://vs-cmaf-pushb-uk-live.akamaized.net/x=4/i=urn:bbc:pips:service:bbc_one_west/pc_hd_abr_v2.mpd,,,,BBCOne.uk@West,,,,https://upload.wikimedia.org/wikipedia/commons/thumb/8/8b/BBC_One_logo_2021.svg/960px-BBC_One_logo_2021.svg.png,General,,iptv-org-all.txt
BBC One West Midlands (720p) [Geo-blocked],https://vs-cmaf-pushb-uk-live.akamaized.net/x=4/i=urn:bbc:pips:service:bbc_one_west_midlands/pc_hd_abr_v2.mpd,,,,BBCOne.uk@WestMidlands,,,,https://upload.wikimedia.org/wikipedia/commons/thumb/8/8b/BBC_One_logo_2021.svg/960px-BBC_One_logo_2021.svg.png,General,,iptv-org-all.txt
BBC One Yorks (720p) [Geo-blocked],https://vs-cmaf-pushb-uk-live.akamaized.net/x=4/i=urn:bbc:pips:service:bbc_one_yorks/pc_hd_abr_v2.mpd,,,,BBCOne.uk@Yorkshire,,,,https://upload.wikimedia.org/wikipedia/commons/thumb/8/8b/BBC_One_logo_2021.svg/960px-BBC_One_logo_2021.svg.png,General,,iptv-org-all.txt
BBC Parliament (720p) [Geo-blocked],https://vs-cmaf-pushb-uk-live.akamaized.net/x=4/i=urn:bbc:pips:service:bbc_parliament/iptv_hd_abr_v1.mpd,,,,BBCParliament.uk@SD,,,,https://upload.wikimedia.org/wikipedia/commons/thumb/4/49/BBC_Parliament_Logo.svg/960px-BBC_Parliament_Logo.svg.png,Legislative,,iptv-org-all.txt
BBC Persian (720p) (HEVC) (1080p),https://vs-cmaf-pushb-ww-live.akamaized.net/x=4/i=urn:bbc:pips:service:bbc_persian_tv/hevc_iptv_mse_v0.mpd,,,,BBCPersian.uk@SD,,,,https://i.imgur.com/4uTMnPb.png,News,,iptv-org-all.txt
BBC RB 1 (720p) [Geo-blocked],https://vs-cmaf-pushb-uk.live.cf.md.bbci.co.uk/x=4/i=urn:bbc:pips:service:red_button_one/iptv_hd_abr_v1.mpd,,,,BBCRedButton1.uk@SD,,,,https://d2n0069hmnqmmx.cloudfront.net/epgdata/1.0/newchanlogos/512/512/skychb2051.png,Undefined,,iptv-org-all.txt
BBC Red Button 2 (720p) [Geo-blocked],https://ve-cmaf-push-uk-live.akamaized.net/x=4/i=urn:bbc:pips:service:uk_bbc_stream_002/iptv_hd_abr_v1.mpd,,,,BBCRedButton2.uk@SD,,,,https://i.imgur.com/g2Aga13.png,Undefined,,iptv-org-all.txt
BBC Red Button 3 (720p) [Geo-blocked],https://ve-cmaf-push-uk-live.akamaized.net/x=4/i=urn:bbc:pips:service:uk_bbc_stream_003/iptv_hd_abr_v1.mpd,,,,BBCRedButton3.uk@SD,,,,https://i.imgur.com/g2Aga13.png,Undefined,,iptv-org-all.txt
BBC Red Button 4 (720p) [Geo-blocked],https://ve-cmaf-push-uk-live.akamaized.net/x=4/i=urn:bbc:pips:service:uk_bbc_stream_004/iptv_hd_abr_v1.mpd,,,,BBCRedButton4.uk@SD,,,,https://i.imgur.com/g2Aga13.png,Undefined,,iptv-org-all.txt
BBC Red Button 5 (720p) [Geo-blocked],https://ve-cmaf-push-uk-live.akamaized.net/x=4/i=urn:bbc:pips:service:uk_bbc_stream_005/iptv_hd_abr_v1.mpd,,,,BBCRedButton5.uk@SD,,,,https://i.imgur.com/g2Aga13.png,Undefined,,iptv-org-all.txt
BBC Red Button 6 (720p) [Geo-blocked],https://ve-cmaf-push-uk-live.akamaized.net/x=4/i=urn:bbc:pips:service:uk_bbc_stream_006/iptv_hd_abr_v1.mpd,,,,BBCRedButton6.uk@SD,,,,https://i.imgur.com/g2Aga13.png,Undefined,,iptv-org-all.txt
BBC Red Button 7 (720p) [Geo-blocked],https://ve-cmaf-push-uk-live.akamaized.net/x=4/i=urn:bbc:pips:service:uk_bbc_stream_007/iptv_hd_abr_v1.mpd,,,,BBCRedButton7.uk@SD,,,,https://i.imgur.com/g2Aga13.png,Undefined,,iptv-org-all.txt
BBC Red Button 8 (720p) [Geo-blocked],https://ve-cmaf-push-uk-live.akamaized.net/x=4/i=urn:bbc:pips:service:uk_bbc_stream_008/iptv_hd_abr_v1.mpd,,,,BBCRedButton8.uk@SD,,,,https://i.imgur.com/g2Aga13.png,Undefined,,iptv-org-all.txt
BBC Red Button 9 (720p) [Geo-blocked],https://ve-cmaf-push-uk-live.akamaized.net/x=4/i=urn:bbc:pips:service:uk_bbc_stream_009/iptv_hd_abr_v1.mpd,,,,BBCRedButton9.uk@SD,,,,https://i.imgur.com/g2Aga13.png,Undefined,,iptv-org-all.txt
BBC Red Button 10 (720p) [Geo-blocked],https://ve-cmaf-push-uk-live.akamaized.net/x=4/i=urn:bbc:pips:service:uk_bbc_stream_010/iptv_hd_abr_v1.mpd,,,,BBCRedButton10.uk@SD,,,,https://i.imgur.com/g2Aga13.png,Undefined,,iptv-org-all.txt
BBC Red Button 11 (720p) [Geo-blocked],https://ve-cmaf-push-uk-live.akamaized.net/x=4/i=urn:bbc:pips:service:uk_bbc_stream_011/iptv_hd_abr_v1.mpd,,,,BBCRedButton11.uk@SD,,,,https://i.imgur.com/g2Aga13.png,Undefined,,iptv-org-all.txt
BBC Red Button 12 (720p) [Geo-blocked],https://ve-cmaf-push-uk-live.akamaized.net/x=4/i=urn:bbc:pips:service:uk_bbc_stream_012/iptv_hd_abr_v1.mpd,,,,BBCRedButton12.uk@SD,,,,https://i.imgur.com/g2Aga13.png,Undefined,,iptv-org-all.txt
BBC Red Button 13 (720p) [Geo-blocked],https://ve-cmaf-push-uk-live.akamaized.net/x=4/i=urn:bbc:pips:service:uk_bbc_stream_013/iptv_hd_abr_v1.mpd,,,,BBCRedButton13.uk@SD,,,,https://i.imgur.com/g2Aga13.png,Undefined,,iptv-org-all.txt
BBC Red Button 14 (720p) [Geo-blocked],https://ve-cmaf-push-uk-live.akamaized.net/x=4/i=urn:bbc:pips:service:uk_bbc_stream_014/iptv_hd_abr_v1.mpd,,,,BBCRedButton14.uk@SD,,,,https://i.imgur.com/g2Aga13.png,Undefined,,iptv-org-all.txt
BBC Red Button 15 (720p) [Geo-blocked],https://ve-cmaf-push-uk-live.akamaized.net/x=4/i=urn:bbc:pips:service:uk_bbc_stream_015/iptv_hd_abr_v1.mpd,,,,BBCRedButton15.uk@SD,,,,https://i.imgur.com/g2Aga13.png,Undefined,,iptv-org-all.txt
BBC Red Button 16 (720p) [Geo-blocked],https://ve-cmaf-push-uk-live.akamaized.net/x=4/i=urn:bbc:pips:service:uk_bbc_stream_016/iptv_hd_abr_v1.mpd,,,,BBCRedButton16.uk@SD,,,,https://i.imgur.com/g2Aga13.png,Undefined,,iptv-org-all.txt
BBC Red Button 17 (720p) [Geo-blocked],https://ve-cmaf-push-uk-live.akamaized.net/x=4/i=urn:bbc:pips:service:uk_bbc_stream_017/iptv_hd_abr_v1.mpd,,,,BBCRedButton17.uk@SD,,,,https://i.imgur.com/g2Aga13.png,Undefined,,iptv-org-all.txt
BBC Red Button 18 (720p) [Geo-blocked],https://ve-cmaf-push-uk-live.akamaized.net/x=4/i=urn:bbc:pips:service:uk_bbc_stream_018/iptv_hd_abr_v1.mpd,,,,BBCRedButton18.uk@SD,,,,https://i.imgur.com/g2Aga13.png,Undefined,,iptv-org-all.txt
BBC Red Button 19 (720p) [Geo-blocked],https://ve-cmaf-push-uk-live.akamaized.net/x=4/i=urn:bbc:pips:service:uk_bbc_stream_019/iptv_hd_abr_v1.mpd,,,,BBCRedButton19.uk@SD,,,,https://i.imgur.com/g2Aga13.png,Undefined,,iptv-org-all.txt
BBC Red Button 20 (720p) [Geo-blocked],https://ve-cmaf-push-uk-live.akamaized.net/x=4/i=urn:bbc:pips:service:uk_bbc_stream_020/iptv_hd_abr_v1.mpd,,,,BBCRedButton20.uk@SD,,,,https://i.imgur.com/g2Aga13.png,Undefined,,iptv-org-all.txt
BBC Red Button 21 (720p) [Geo-blocked],https://ve-cmaf-push-uk-live.akamaized.net/x=4/i=urn:bbc:pips:service:uk_bbc_stream_021/iptv_hd_abr_v1.mpd,,,,BBCRedButton21.uk@SD,,,,https://i.imgur.com/g2Aga13.png,Undefined,,iptv-org-all.txt
BBC Red Button 22 (720p) [Geo-blocked],https://ve-cmaf-push-uk-live.akamaized.net/x=4/i=urn:bbc:pips:service:uk_bbc_stream_022/iptv_hd_abr_v1.mpd,,,,BBCRedButton22.uk@SD,,,,https://i.imgur.com/g2Aga13.png,Undefined,,iptv-org-all.txt
BBC Red Button 23 (720p) [Geo-blocked],https://ve-cmaf-push-uk-live.akamaized.net/x=4/i=urn:bbc:pips:service:uk_bbc_stream_023/iptv_hd_abr_v1.mpd,,,,BBCRedButton23.uk@SD,,,,https://i.imgur.com/g2Aga13.png,Undefined,,iptv-org-all.txt
BBC Red Button 24 (720p) [Geo-blocked],https://ve-cmaf-push-uk-live.akamaized.net/x=4/i=urn:bbc:pips:service:uk_bbc_stream_024/iptv_hd_abr_v1.mpd,,,,BBCRedButton24.uk@SD,,,,https://i.imgur.com/g2Aga13.png,Undefined,,iptv-org-all.txt
BBC Scotland HD (720p) [Geo-blocked],https://vs-cmaf-pushb-uk-live.akamaized.net/x=4/i=urn:bbc:pips:service:bbc_scotland_hd/iptv_hd_abr_v1.mpd,,,,BBCScotland.uk@SD,,,,https://upload.wikimedia.org/wikipedia/commons/thumb/6/66/BBC_Scotland_2021_%28channel%29.svg/960px-BBC_Scotland_2021_%28channel%29.svg.png,General,,iptv-org-all.txt
BBC Three HD (720p) [Geo-blocked],https://vs-cmaf-pushb-uk-live.akamaized.net/x=4/i=urn:bbc:pips:service:bbc_three_hd/iptv_hd_abr_v1.mpd,,,,BBCThree.uk@SD,,,,https://upload.wikimedia.org/wikipedia/commons/thumb/7/76/BBC_Three_2022.svg/960px-BBC_Three_2022.svg.png,General,,iptv-org-all.txt
BBC Three/CBBC (720p),http://193.46.58.239:8080/CBBCHD/index.m3u8,,,,BBCThreeCBBC.uk@HD,,,,https://i.imgur.com/CGXC5fp.png,Animation;Family;Kids,,iptv-org-all.txt
BBC Travel,https://jmp2.uk/plu-60e4519e6873180007d3cddb.m3u8,,,,BBCTravel.us@Germany,,,,https://i.imgur.com/QiuYWs9.png,Lifestyle,,iptv-org-all.txt
BBC Two HD (720p),http://193.46.58.239:8080/BBCTwoHD/index.m3u8,,,,BBCTwo.uk@HD,,,,https://upload.wikimedia.org/wikipedia/commons/thumb/1/15/BBC_Two_logo_2021.svg/960px-BBC_Two_logo_2021.svg.png,General,,iptv-org-all.txt
BBC Two Northern Ireland (540p) [Geo-blocked],https://vs-hls-pushb-uk-live.akamaized.net/x=4/i=urn:bbc:pips:service:bbc_two_northern_ireland_hd/pc_hd_abr_v2.m3u8,,,,BBCTwo.uk@NorthernIreland,,,,https://upload.wikimedia.org/wikipedia/commons/thumb/1/15/BBC_Two_logo_2021.svg/960px-BBC_Two_logo_2021.svg.png,General,,iptv-org-all.txt
BBC Two Northern Ireland HD (720p) [Geo-blocked],https://vs-cmaf-pushb-uk-live.akamaized.net/x=4/i=urn:bbc:pips:service:bbc_two_northern_ireland_hd/iptv_hd_abr_v1.mpd,,,,BBCTwo.uk@NorthernIrelandHD,,,,https://upload.wikimedia.org/wikipedia/commons/thumb/1/15/BBC_Two_logo_2021.svg/960px-BBC_Two_logo_2021.svg.png,General,,iptv-org-all.txt
BBC Two Wales (720p) [Geo-blocked],https://vs-cmaf-pushb-uk-live.akamaized.net/x=4/i=urn:bbc:pips:service:bbc_two_wales_digital/iptv_hd_abr_v1.mpd,,,,BBCTwo.uk@Wales,,,,https://upload.wikimedia.org/wikipedia/commons/thumb/1/15/BBC_Two_logo_2021.svg/960px-BBC_Two_logo_2021.svg.png,General,,iptv-org-all.txt
BBC UHD 1 (1080p),https://xemzi.short.gy/1000001,,,,BBCUHD1.uk@SD,,,,https://upload.wikimedia.org/wikipedia/commons/thumb/4/41/BBC_Logo_2021.svg/960px-BBC_Logo_2021.svg.png,General,,iptv-org-all.txt
BBC UHD 2 (1080p),https://xemzi.short.gy/1000002,,,,BBCUHD2.uk@SD,,,,https://upload.wikimedia.org/wikipedia/commons/thumb/4/41/BBC_Logo_2021.svg/960px-BBC_Logo_2021.svg.png,General,,iptv-org-all.txt
BBC UHD 3 (720p),http://45.14.84.37/bbc3/index.m3u8,,,,BBCUHD3.uk@SD,,,,https://upload.wikimedia.org/wikipedia/commons/thumb/4/41/BBC_Logo_2021.svg/960px-BBC_Logo_2021.svg.png,General,,iptv-org-all.txt
BBC UHD 4 (720p),http://45.14.84.37/bbc4/index.m3u8,,,,BBCUHD4.uk@SD,,,,https://upload.wikimedia.org/wikipedia/commons/thumb/4/41/BBC_Logo_2021.svg/960px-BBC_Logo_2021.svg.png,General,,iptv-org-all.txt
BBN TV (720p),https://streamer2.nexgen.bz/06-BBN/index.m3u8,,,,BBNTV.bz@SD,,,,https://i.imgur.com/Hs988Ku.jpg,General,,iptv-org-all.txt
BBS Buddhist Broadcasting (1080p),http://bbstv.clouducs.com:1935/bbstv-live/livestream/playlist.m3u8,,,,BBSTV.kr@SD,,,,https://i.imgur.com/01UmXRe.png,Religious,,iptv-org-all.txt
BBS TV,https://bbstv.ug/hls/ch01/index.m3u8,,,,BBSTV.ug@SD,,,,https://i.imgur.com/Hub1AXv.png,General,,iptv-org-all.txt
BCN Gospel TV HD (720p),https://live1.ovalcast.com:3916/live/bcngospeltvlive.m3u8,,,,BCNGospelTV.es@HD,,,,https://bcngospelchannel.com/wp-content/uploads/2025/09/bcn-gospel-channer-favicon.png,General,,iptv-org-all.txt
BCS StarCross TV (576p),https://viewmedia7219.bozztv.com/wmedia/viewmedia100/web_001/Stream/playlist.m3u8,,,,BCSStarCrossTV.ng@SD,,,,https://i.imgur.com/VKv1Y6p.png,General,,iptv-org-all.txt
BD Televisión (720p),https://stream.oursnetworktv.com/latin/telegtmb/playlist.m3u8,,,,BDTelevision.gt@SD,,,,https://i.ibb.co/VBJhHkJ/Fda27b8e352949c39c8d88de33a284a4.png,General,,iptv-org-all.txt
BE@TTV (1080p),https://tv.beatfm.nl/live.m3u8,,,,BEATTV.nl@SD,,,,https://i.imgur.com/egK33Dj.png,Entertainment;Music,,iptv-org-all.txt
Beach TV Florida & Alabama (720p),http://media4.tripsmarter.com:1935/LiveTV/DTVHD/playlist.m3u8,,,,BeachTVFloridaAlabama.us@SD,,,,https://i.imgur.com/weypM9C.png,Travel,,iptv-org-all.txt
Beach TV Key West & Florida Keys (720p),https://5ed325193d4e1.streamlock.net:444/LiveTV/KTVHD/playlist.m3u8,,,,BeachTVKeyWestFloridaKeys.us@SD,,,,https://i.imgur.com/XhDBdff.png,Travel,,iptv-org-all.txt
Beach TV Myrtle Beach & The Grand Strand (720p),http://media4.tripsmarter.com:1935/LiveTV/MTVHD/playlist.m3u8,,,,BeachTVMyrtleBeachTheGrandStrand.us@SD,,,,https://i.imgur.com/aLYz7Bv.png,Travel,,iptv-org-all.txt
Beach TV Panama City (720p),http://media4.tripsmarter.com:1935/LiveTV/BTVHD/playlist.m3u8,,,,BeachTVPanamaCity.us@SD,,,,https://i.imgur.com/HCQDvEe.png,Travel,,iptv-org-all.txt
Beats Radio (480p),https://videostream.shockmedia.com.ar:19360/beatsradio/beatsradio.m3u8,,,,BeatsRadio.ar@SD,,,,https://i.imgur.com/zkNUO5p.png,Music,,iptv-org-all.txt
Beavis and Butt-Head,https://jmp2.uk/plu-6486e8984cfc2c0008b6844e.m3u8,,,,BeavisandButtHead.se@DK,,,,https://images.pluto.tv/channels/6486e8984cfc2c0008b6844e/colorLogoPNG.png,Comedy,,iptv-org-all.txt
Beavis and Butt-Head,https://jmp2.uk/plu-6486e8328e3c0a0008e5686c.m3u8,,,,BeavisandButtHead.se@NO,,,,https://images.pluto.tv/channels/6486e8984cfc2c0008b6844e/colorLogoPNG.png,Comedy,,iptv-org-all.txt
Beavis and Butt-Head,https://jmp2.uk/plu-6486e8b48e3c0a0008e56914.m3u8,,,,BeavisandButtHead.se@SE,,,,https://images.pluto.tv/channels/6486e8984cfc2c0008b6844e/colorLogoPNG.png,Comedy,,iptv-org-all.txt
Beb TV (720p),https://live-hls-qunv.livepush.io/live_cdn/em8A-kbzIfHqu73/index.m3u8,,,,BebTV.cg@SD,,,,https://i.imgur.com/3XOk1lP.jpeg,General,,iptv-org-all.txt
Bebeto TV (1080p) [Not 24/7],https://edge.essastream.com/bebetotelevision/index.m3u8,,,,BebetoTV.do@SD,,,,,General,,iptv-org-all.txt
Becker,https://jmp2.uk/plu-630348a54c48ce00077eb6c7.m3u8,,,,Becker.de@DACH,,,,https://images.pluto.tv/channels/630348a54c48ce00077eb6c7/colorLogoPNG.png,Comedy,,iptv-org-all.txt
Becker,https://jmp2.uk/plu-672e157d7d5da5000812872d.m3u8,,,,Becker.se@DK,,,,https://images.pluto.tv/channels/672e157d7d5da5000812872d/colorLogoPNG-1731073515797.png,Classic;Series,,iptv-org-all.txt
Becker,https://jmp2.uk/plu-672e1634e482950008c759a5.m3u8,,,,Becker.se@NO,,,,https://images.pluto.tv/channels/672e157d7d5da5000812872d/colorLogoPNG-1731073515797.png,Classic;Series,,iptv-org-all.txt
Becker,https://jmp2.uk/plu-672e16f5daad7f0008929a0d.m3u8,,,,Becker.se@SE,,,,https://images.pluto.tv/channels/672e157d7d5da5000812872d/colorLogoPNG-1731073515797.png,Classic;Series,,iptv-org-all.txt
beIN SPORTS XTRA (1080p),https://bein-xtra-bein.amagi.tv/playlist.m3u8,,,,beINSPORTSXTRA.us@SD,,,,https://i.ibb.co/HT49GPmB/XTRA-2.png,Sports,,iptv-org-all.txt
beIN SPORTS XTRA en Espanol (1080p),http://201.190.41.246:9060/play/a03y/index.m3u8,,,,beINSPORTSXTRAenEspanol.us@SD,,,,https://i.imgur.com/V562tpO.png,Sports,,iptv-org-all.txt
BeitolAbbas TV Channel (720p),https://live.beitolabbas.tv/live/beitolabbastv.m3u8,,,,BeitolAbbasTVChannel.iq@SD,,,,https://i.imgur.com/s8PfUQy.png,Religious,,iptv-org-all.txt
BeJoy.kids (1080p),https://stream.paroledivita.org/bejoy.m3u8,,,,BeJoykids.it@HD,,,,https://bejoy.kids/wp-content/uploads/2025/09/Logo_Bejoy.png,Kids,,iptv-org-all.txt
BEK TV News (720p),https://cdn3.wowza.com/5/ZWQ1K2NYTmpFbGsr/BEK-WOWZA-1/smil:BEKPRIMEeast.smil/playlist.m3u8,,,,BEKNews.us@SD,,,,https://i.imgur.com/m80uxdz.png,News,,iptv-org-all.txt
BEK TV Sports West (720p),https://cdn3.wowza.com/5/ZWQ1K2NYTmpFbGsr/BEK-WOWZA-1/smil:BEKPRIMEW.smil/playlist.m3u8,,,,BEKSports.us@West,,,,https://i.imgur.com/1l3t5jd.png,Sports,,iptv-org-all.txt
Bel RTL (1080p),https://bel-live-hls.akamaized.net/hls/live/2038650/BEL-Live-HLS/master.m3u8,,,,BelRTL.be@SD,,,,https://i.imgur.com/0DUprIW.png,Music,,iptv-org-all.txt
Belarus-1 (1080p),https://ngtrk.dc.beltelecom.by/ngtrk/_definst_/smil:belarus1.smil/playlist.m3u8,,,,Belarus1.by@SD,,,,https://i.imgur.com/sUD9t5j.png,General,,iptv-org-all.txt
Belarus-1 HD (1080p),https://ngtrk.dc.beltelecom.by/ngtrk/smil:belarus1.smil/playlist.m3u8,,,,Belarus1.by@HD,,,,https://i.imgur.com/sUD9t5j.png,General,,iptv-org-all.txt
Belarus-2 HD (1080p),https://ngtrk.dc.beltelecom.by/ngtrk/smil:belarus2.smil/playlist.m3u8,,,,Belarus2.by@HD,,,,https://i.imgur.com/BpEHpPS.png,Entertainment,,iptv-org-all.txt
Belarus-3 HD (1080p) [Not 24/7],https://ngtrk.dc.beltelecom.by/ngtrk/smil:belarus3.smil/playlist.m3u8,,,,Belarus3.by@HD,,,,https://i.imgur.com/JkcDycn.png,Culture,,iptv-org-all.txt
Belarus-4 Gomel,https://live.dc.beltelecom.by/trkgomel/trkgomel.stream/playlist.m3u8,,,,Belarus4.by@Gomel,,,,https://i.imgur.com/XNkQrMr.png,General,,iptv-org-all.txt
Belarus-4 Vitebsk (1080p),https://ngtrk.dc.beltelecom.by/vtv/bt4.stream/playlist.m3u8,,,,Belarus4.by@Vitebsk,,,,https://i.imgur.com/XNkQrMr.png,General,,iptv-org-all.txt
Belarus-5 (1080p) [Not 24/7],https://ngtrk.dc.beltelecom.by/ngtrk/smil:belarus5.smil/playlist.m3u8,,,,Belarus5.by@SD,,,,https://i.imgur.com/NJsRFud.png,Sports,,iptv-org-all.txt
Belarus-5 HD (1080p),http://178.124.179.122:8080/BT5/index.m3u8,,,,Belarus5.by@HD,,,,https://i.imgur.com/NJsRFud.png,Sports,,iptv-org-all.txt
Belarus-24 (576p),http://ott-7.sevstar.net/belarus24/index.m3u8,,,,Belarus24.by@SD,,,,https://i.imgur.com/BP7tY6F.png,News,,iptv-org-all.txt
Belarus-24 HD (1080p),https://ngtrk.dc.beltelecom.by/ngtrk/smil:belarus24.smil/playlist.m3u8,,,,Belarus24.by@HD,,,,https://i.imgur.com/BP7tY6F.png,News,,iptv-org-all.txt
Bella Abanquina TV (720p),https://live-evg8.tv360.bitel.com.pe/bitel/bellaabanquinaSRT/playlist.m3u8,,,,BellaAbanquinaTV.pe@SD,,,,https://i.imgur.com/bORM4rt.png,Undefined,,iptv-org-all.txt
Bellator MMA,https://jmp2.uk/plu-5ebc8688f3697d00072f7cf8.m3u8,,,,BellatorMMA.us@SD,,,,https://i.imgur.com/VBKoLHk.png,Sports,,iptv-org-all.txt
Bellavision (1080p) [Not 24/7],https://fox.hostlagarto.com:8081/bellavision8hd/tracks-v1a1/mono.m3u8,,,,Bellavision.do@SD,,,,https://i.imgur.com/XqQ3kCs.png,Entertainment,,iptv-org-all.txt
Bem Melhor (720p),https://cdn-tiva-video01-logicahost-com-br.smartbit.co/bemmelhor/bemmelhor/playlist.m3u8,,,,BemMelhor.br@SD,,,,https://www.ubplay.com.br/wp-content/uploads/sites/67/2025/10/capa-site-bemmelhor.png,General,,iptv-org-all.txt
Bendicion Channel (720p),https://s.emisoras.tv:8081/bendicionchannel/index.m3u8,,,,BendicionChannel.co@HD,,,,https://i.imgur.com/yKzV7m7.png,Religious,,iptv-org-all.txt
Benguturk TV (1080p),http://185.234.111.229:8000/play/a05u,,,,BenguturkTV.tr@SD,,,,https://i.imgur.com/p3ON1oX.png,General,,iptv-org-all.txt
Benie TV (720p),https://tv.voozmedia.fun/benietv/index.m3u8,,,,BenieTV.ci@SD,,,,https://i.imgur.com/7FXi05e.jpeg,Religious,,iptv-org-all.txt
Bénin Web TV (720p),https://stream.beninwebtv.bj/2/live/stream.m3u8,,,,BeninWebTV.bj@SD,,,,https://i.imgur.com/CYy4n0N.png,News,,iptv-org-all.txt
Berente TV (1080p),https://stream.streaming4u.hu/BerenteTV/index.m3u8,,,,BerenteTV.hu@SD,,,,https://i.imgur.com/3H3Ct9f.png,General,,iptv-org-all.txt
Bergamo TV (1080p),https://db142859fd5541b09de25d6507f1f2d3.msvdn.net/live/S17501676/oIxAsgEEA46M/playlist_dvr.m3u8,,,,BergamoTV.it@SD,,,,https://i.imgur.com/Np3RaKv.png,General,,iptv-org-all.txt
Berks Community TV (1080p),https://livestream.telvue.com/berkscmttv2/f7b44cfafd5c52223d5498196c8a2e7b.sdp/playlist.m3u8,,,,BerksCommunityTV.us@SD,,,,https://i.imgur.com/vQ6a4VL.png,General,,iptv-org-all.txt
Best of BATV Channel,https://livestream.telvue.com/billerica4/f7b44cfafd5c52223d5498196c8a2e7b.sdp/playlist.m3u8,,,,BestofBATVChannel.us@SD,,,,https://i.imgur.com/TUMiKCX.png,General,,iptv-org-all.txt
Best of Dance TV (1080p),https://m1b2.worldcast.tv/dancetelevisionone/dancetelevisionone.m3u8,,,,BestofDanceTV.ee@SD,,,,https://hebbkx1anhila5yf.public.blob.vercel-storage.com/dt-logo-ARVwXaV7R0NW1kmXYBxN0OA78sD706.png,Music,,iptv-org-all.txt
Best of Dr. Phil,https://jmp2.uk/plu-666815f24b9fb400083f7e31.m3u8,,,,BestofDrPhil.us@SD,,,,https://i.imgur.com/Jj0wTFQ.png,Entertainment,,iptv-org-all.txt
Best of MTV,https://jmp2.uk/plu-632aff5e44111b00076ad9b1.m3u8,,,,BestofMTV.se@DK,,,,https://images.pluto.tv/channels/632aff5e44111b00076ad9b1/colorLogoPNG_1767773210944.png,Entertainment,,iptv-org-all.txt
Best of MTV,https://jmp2.uk/plu-632afc466699570007ed1106.m3u8,,,,BestofMTV.se@NO,,,,https://images.pluto.tv/channels/632aff5e44111b00076ad9b1/colorLogoPNG_1767773210944.png,Entertainment,,iptv-org-all.txt
Best of MTV,https://jmp2.uk/plu-632afdf820e83e000710ea12.m3u8,,,,BestofMTV.se@SE,,,,https://images.pluto.tv/channels/632aff5e44111b00076ad9b1/colorLogoPNG_1767773210944.png,Entertainment,,iptv-org-all.txt
Best of Paradise Hotel: Finalveckan,https://jmp2.uk/plu-65e97d41f7f0af0008da2543.m3u8,,,,BestofParadiseHotelFinalveckan.se@SE,,,,https://images.pluto.tv/channels/65e97d41f7f0af0008da2543/colorLogoPNG.png,Entertainment,,iptv-org-all.txt
Best of Paradise Hotel: Kyssar & kärlek,https://jmp2.uk/plu-65b1077e0d9ab40008245b20.m3u8,,,,BestofParadiseHotelKyssarkarlek.se@SE,,,,https://images.pluto.tv/channels/65b1077e0d9ab40008245b20/colorLogoPNG.png,Entertainment,,iptv-org-all.txt
Best of Paradise Hotel: Pandoras Ask,https://jmp2.uk/plu-65e97d760d456100082da660.m3u8,,,,BestofParadiseHotelPandorasAsk.se@SE,,,,https://images.pluto.tv/channels/65e97d760d456100082da660/colorLogoPNG.png,Entertainment,,iptv-org-all.txt
Best of Paradise Hotel: Skolveckan,https://jmp2.uk/plu-65e97cd118036500082ed0ce.m3u8,,,,BestofParadiseHotelSkolveckan.se@SE,,,,https://images.pluto.tv/channels/65e97cd118036500082ed0ce/colorLogoPNG.png,Entertainment,,iptv-org-all.txt
Best of The Drew Barrymore Show,https://jmp2.uk/plu-62beb692cda2b10007d5fd76.m3u8,,,,BestofTheDrewBarrymoreShow.se@DK,,,,https://images.pluto.tv/channels/62beb692cda2b10007d5fd76/colorLogoPNG.png,Entertainment,,iptv-org-all.txt
Best of The Drew Barrymore Show,https://jmp2.uk/plu-630478cfdb5a4a0007ec255e.m3u8,,,,BestofTheDrewBarrymoreShow.se@NO,,,,https://images.pluto.tv/channels/62beb692cda2b10007d5fd76/colorLogoPNG.png,Entertainment,,iptv-org-all.txt
Best of The Drew Barrymore Show,https://jmp2.uk/plu-630483153a21200007f1920f.m3u8,,,,BestofTheDrewBarrymoreShow.se@SE,,,,https://images.pluto.tv/channels/62beb692cda2b10007d5fd76/colorLogoPNG.png,Entertainment,,iptv-org-all.txt
Best of The Drew Barrymore Show,https://jmp2.uk/plu-6310cbee5a8ad300070fdb7c.m3u8,,,,BestofTheDrewBarrymoreShow.us@CA,,,,https://images.pluto.tv/channels/6310cbee5a8ad300070fdb7c/colorLogoPNG.png,Entertainment,,iptv-org-all.txt
Best TV (720p) [Not 24/7],http://push-int.siliconweb.com/bestTV/stream/playlist.m3u8,,,,BestTV.gr@SD,,,,https://i.imgur.com/AeeeDUc.png,Undefined,,iptv-org-all.txt
BestClasicosTV (720p) [Not 24/7],https://acceso.mediosdecostarica.com:3873/hybrid/play.m3u8,,,,BestClasicosTV.cr@SD,,,,https://i.imgur.com/a/BRb8AVL.png,Undefined,,iptv-org-all.txt
BET,https://jmp2.uk/plu-61c1939b8929e40007ff6382.m3u8,,,,BET.se@DK,,,,https://images.pluto.tv/channels/61c1939b8929e40007ff6382/colorLogoPNG.png,Series,,iptv-org-all.txt
BET,https://jmp2.uk/plu-61dd5bf8db0b8e00080804ff.m3u8,,,,BET.se@NO,,,,https://images.pluto.tv/channels/61c1939b8929e40007ff6382/colorLogoPNG.png,Series,,iptv-org-all.txt
BET,https://jmp2.uk/plu-61c187ef1efe1b0007571711.m3u8,,,,BET.se@SE,,,,https://images.pluto.tv/channels/61c1939b8929e40007ff6382/colorLogoPNG.png,Series,,iptv-org-all.txt
BET Cinema,https://jmp2.uk/plu-58af4c093a41ca9d4ecabe96.m3u8,,,,BETCinema.us@SD,,,,https://images.pluto.tv/channels/58af4c093a41ca9d4ecabe96/colorLogoPNG_1759338280891.png,Movies,,iptv-org-all.txt
BET Classics,https://jmp2.uk/plu-60f85644a9493e0007a1f035.m3u8,,,,BETClassicsPlutoTV.us@SD,,,,https://images.pluto.tv/channels/60f85644a9493e0007a1f035/colorLogoPNG_1759339662769.png,Entertainment,,iptv-org-all.txt
BET Comedy Movies,https://jmp2.uk/plu-68c32d88f56983aba40052bd.m3u8,,,,BETComedyMovies.us@SD,,,,https://images.pluto.tv/channels/68c32d88f56983aba40052bd/colorLogoPNG_1759246622596.png,Movies,,iptv-org-all.txt
BET Pluto TV,https://jmp2.uk/plu-604f8f8622166000071a929f.m3u8,,,,BETPlutoTV.de@GB,,,,https://images.pluto.tv/channels/604f8f8622166000071a929f/colorLogoPNG.png,Entertainment,,iptv-org-all.txt
BET Pluto TV,https://jmp2.uk/plu-5ff768b6a4c8b80008498610.m3u8,,,,BETPlutoTV.us@BR,,,,https://images.pluto.tv/channels/5ff768b6a4c8b80008498610/colorLogoPNG_1756804608228.png,Entertainment,,iptv-org-all.txt
BET Pluto TV,https://jmp2.uk/plu-5ca670f6593a5d78f0e85aed.m3u8,,,,BETPlutoTV.us@US,,,,https://images.pluto.tv/channels/5ff768b6a4c8b80008498610/colorLogoPNG_1756804608228.png,Entertainment,,iptv-org-all.txt
BET Throwbacks,https://jmp2.uk/plu-61326275b3c86a00078e4833.m3u8,,,,BETThrowbacks.us@SD,,,,https://images.pluto.tv/channels/61326275b3c86a00078e4833/colorLogoPNG_1759340015358.png,Comedy,,iptv-org-all.txt
BET Visionaries,https://jmp2.uk/plu-663946c1b18d700008d9c168.m3u8,,,,BETVisionaries.us@SD,,,,https://images.pluto.tv/channels/663946c1b18d700008d9c168/colorLogoPNG_1759338795452.png,Movies,,iptv-org-all.txt
Bethel TV (720p),https://alfa.betheltv.tv/srt/3_abr/playlist.m3u8,,,,BethelTV.pe@SD,,,,https://i.imgur.com/zCVh765.png,Religious,,iptv-org-all.txt
Better Health TV (480p),https://tgn.bozztv.com/betterlife/betterhealth/betterhealth/index.m3u8,,,,BetterHealthTV.us@SD,,,,https://i.imgur.com/qnwJiji.png,Lifestyle,,iptv-org-all.txt
Better Life Nature Channel (480p),https://tgn.bozztv.com/betterlife/betternature/betternature/index.m3u8,,,,BetterLifeNatureChannel.us@SD,,,,https://i.imgur.com/D8Vuw6I.png,Relax,,iptv-org-all.txt
Better Life TV (720p),https://tgn.bozztv.com/betterlife/betterlife/betterlife/index.m3u8,,,,BetterLifeTV.us@SD,,,,https://i.imgur.com/OWI7Y0l.png,Religious,,iptv-org-all.txt
Beverly Hillbillies,https://jmp2.uk/plu-5f7796e470510900070d4e3d.m3u8,,,,BeverlyHillbillies.us@US,,,,https://i.imgur.com/OV9hT93.png,Classic,,iptv-org-all.txt
Beverly Hills 90210,https://jmp2.uk/plu-60afb576053df900076fa2f0.m3u8,,,,BeverlyHills90210.de@DACH,,,,https://images.pluto.tv/channels/60afb576053df900076fa2f0/colorLogoPNG.png,Series,,iptv-org-all.txt
Beverly Hills 90210,https://jmp2.uk/plu-5f4d83e0a382c00007bc02e7.m3u8,,,,BeverlyHills90210.us@SD,,,,https://images.pluto.tv/channels/5f4d83e0a382c00007bc02e7/colorLogoPNG.png,Series,,iptv-org-all.txt
Beverly Hills Television 10 (720p),https://cdn3.wowza.com/5/V2Y2VmhqMEFDTUkx/beverlyhills/G0072_006/playlist.m3u8,,,,BHTV10.us@SD,,,,https://i.imgur.com/NRrJ6xb.png,Undefined,,iptv-org-all.txt
Beverly Hills Television 35 (720p),https://cdn3.wowza.com/5/V2Y2VmhqMEFDTUkx/beverlyhills/G0072_007/playlist.m3u8,,,,BHTV35.us@SD,,,,https://i.imgur.com/3Gqc5f2.png,Undefined,,iptv-org-all.txt
Beyaz TV (720p) [Not 24/7],https://mn-nl.mncdn.com/blutv_beyaztv2/live.m3u8,,,,BeyazTV.tr@SD,,,,https://i.imgur.com/uykIdML.png,Undefined,,iptv-org-all.txt
Beyond Belief: Fact or Fiction,https://jmp2.uk/plu-611f85396abc84000738417b.m3u8,,,,BeyondBeliefFactorFiction.us@UK,,,,https://i.imgur.com/3uXQg7Y.png,Undefined,,iptv-org-all.txt
Beyond the Gates,https://jmp2.uk/plu-687ff00ff6bc08130f16ab81.m3u8,,,,BeyondtheGates.us@SD,,,,https://images.pluto.tv/channels/687ff00ff6bc08130f16ab81/colorLogoPNG_1755074273752.png,Entertainment,,iptv-org-all.txt
BFM2 (1080p),https://d1ib1gsg71oarf.cloudfront.net/v1/master/3722c60a815c199d9c0ef36c5b73da68a62b09d1/cc-scp7wda722jph/BFM2_FR.m3u8,,,,BFM2.fr@HD,,,,https://alloforfait.fr/wp-content/uploads/2024/03/logo-bfm2-300x200.jpg,News,,iptv-org-all.txt
BHA TV (1080p),https://streamer2.nexgen.bz/15-BHA/index.m3u8,,,,BHATV.bz@SD,,,,https://i.imgur.com/Nz5zM3H.png,Travel,,iptv-org-all.txt
Bhakthi TV (720p),https://cdn-1.pishow.tv/live/397/master.m3u8,,,,BhakthiTV.in@SD,,,,https://upload.wikimedia.org/wikipedia/en/6/61/Bhakthi_TV_logo.jpg,Religious,,iptv-org-all.txt
Bhakti Sagar (576p),https://mumt05.tangotv.in/87NeALx2BHAKTISAGAR/index.m3u8,,,,BhaktiSagar.in@SD,,,,https://jiotvimages.cdn.jio.com/dare_images/images/Bhaktisagar.png,Religious,,iptv-org-all.txt
Bharat24 (576p),https://streams.tangotv.in/BHARAT24/ORIGIN/index.m3u8,,,,Bharat24.in@SD,,,,https://dtil.tmsimg.com/assets/s142710_ld_h15_aa.png?lock=720x540,News,,iptv-org-all.txt
Bharat Express (576p),https://mumt07.tangotv.in/zHjX9OFlBHARATEXPRESS/index.m3u8,,,,BharatExpress.in@SD,,,,https://xstreamcp-assets-msp.streamready.in/assets/LIVETV/LIVECHANNEL/LIVETV_LIVETVCHANNEL_BHARAT_EXPRESS/images/LOGO_HD/image.png,News,,iptv-org-all.txt
Bharat Samachar (576p),https://mumt03.tangotv.in/Dsly5z3HBHARATSAMACHAR/index.m3u8,,,,BharatSamachar.in@SD,,,,https://xstreamcp-assets-msp.streamready.in/assets/LIVETV/LIVECHANNEL/LIVETV_LIVETVCHANNEL_BHARAT_SAMACHAR/images/LOGO_HD/image.png,News,,iptv-org-all.txt
Bhojpuri Cinema (720p),https://live-bhojpuri.akamaized.net/liveabr/playlist.m3u8,,,,BhojpuriCinema.in@SD,,,,https://xstreamcp-assets-msp.streamready.in/assets/LIVETV/LIVECHANNEL/LIVETV_LIVETVCHANNEL_BHOJPURI_CINEMA/images/LOGO_HD/image.png,Movies,,iptv-org-all.txt
BHRT (720p) [Geo-blocked],https://bhrtstream.bhtelecom.ba/bhrtportal.m3u8,,,,BHRT.ba@SD,,,,https://i.imgur.com/01bZ5rw.png,Undefined,,iptv-org-all.txt
Bialogardzka Telewizja Kablowa (1080p),https://bsmbialogard.pl/live/index.m3u8,,,,BialogardzkaTelewizjaKablowa.pl@HD,,,,https://btk.bsmbialogard.pl/sites/default/files/inline-images/logo%20header2%282%29.png,Entertainment,,iptv-org-all.txt
Bibel TV (720p),https://bibint01.iptv-playoutcenter.de/bibint01/bibint01.stream_all/playlist.m3u8,,,,BibelTV.de@SD,,,,https://i.imgur.com/RLwmrk3.png,Undefined,,iptv-org-all.txt
Bibel TV Impuls (720p),https://bibeltv02.iptv-playoutcenter.de/bibeltv02/bibeltv02.stream_1/playlist.m3u8,,,,BibelTVImpuls.de@SD,,,,https://i.imgur.com/k4tbW3W.png,Undefined,,iptv-org-all.txt
Bibel TV Musik (720p),https://bibeltv03.iptv-playoutcenter.de/bibeltv03/bibeltv03.stream_1/playlist.m3u8,,,,BibelTVMusik.de@SD,,,,https://i.imgur.com/yIqOcP5.png,Music,,iptv-org-all.txt
Big Brother,https://jmp2.uk/plu-6661f11a41af6400080e90d8.m3u8,,,,BigBrother.us@SD,,,,https://images.pluto.tv/channels/6661f11a41af6400080e90d8/colorLogoPNG.png,Entertainment,,iptv-org-all.txt
BIG BROTHER CLASSIC,https://jmp2.uk/plu-663e09e4b18d700008e48dcf.m3u8,,,,BIGBROTHERCLASSIC.de@DACH,,,,https://images.pluto.tv/channels/663e09e4b18d700008e48dcf/colorLogoPNG.png,Entertainment,,iptv-org-all.txt
BIG Civic Channel,https://reflect-brookline-interactive-group.cablecast.tv/live-5/live/stream-2/live.m3u8,,,,BIGCivicChannel.us@SD,,,,https://i.imgur.com/6HDMVBB.png,General,,iptv-org-all.txt
BIG Community Channel,https://reflect-brookline-interactive-group.cablecast.tv/live-4/live/stream-1/live.m3u8,,,,BIGCommunityChannel.us@SD,,,,https://i.imgur.com/6HDMVBB.png,General,,iptv-org-all.txt
Big Planet (576p),https://fs.uplink.kz/big_planet/mono.m3u8?token=onlinetv,,,,BigPlanet.ru@SD,,,,https://i.imgur.com/wyuqWTR.png,Undefined,,iptv-org-all.txt
Big Ten Network (720p),http://23.237.104.106:8080/USA_BTN/index.m3u8,,,,BigTenNetwork.us@SD,,,,https://upload.wikimedia.org/wikipedia/en/thumb/3/39/Big_Ten_Network_Logo.svg/960px-Big_Ten_Network_Logo.svg.png,Undefined,,iptv-org-all.txt
Big Time Plus (1080p),https://shd-gcp-live.edgenextcdn.net/live/bitmovin-big-time-plus/924283f994779a311c1389698ff7e736/index.m3u8,,,,BigTimePlus.sa@SD,,,,https://shahid.mbc.net/mediaObject/4e042cb6-500b-4e4c-a8ca-21a5a7a7a71b,Undefined,,iptv-org-all.txt
BIG TV (720p),https://cdn-1.pishow.tv/live/1059/master.m3u8,,,,BIGTV.in@SD,,,,https://jiotvimages.cdn.jio.com/dare_images/images/Big_TV.png,News,,iptv-org-all.txt
Big TV 24x7 (576i),https://d2gvyg6lvauoko.cloudfront.net/230226/bigtvmalyalam/chunks.m3u8,,,,BigTV24x7.in@SD,,,,https://i.postimg.cc/rpHrRxR5/big_tv_malayalam.png,News,,iptv-org-all.txt
Bigtime,https://103f01c3ff79408e83c9212f8a374ecc.mediatailor.us-east-1.amazonaws.com/v1/master/0fb304b2320b25f067414d481a779b77db81760d/RakutenTV-eu_BjgtjmeDarmoweFilmy/playlist.m3u8,,,,Bigtime.pl@SD,,,,https://images-3.rakuten.tv/storage/global-live-channel/translation/artwork/1fe37ff8-c6b7-4123-8c68-653d657b4c5f-width200-quality90.jpeg,Undefined,,iptv-org-all.txt
Billiard TV (1080p) [Geo-blocked],https://pb-wm04vonaerv0k.akamaized.net/billi.m3u8,,,,BilliardTV.us@SD,,,,https://i.imgur.com/BZijfKh.png,Sports,,iptv-org-all.txt
Bilyonaryo News Channel (1080p) [Geo-blocked],https://amg19223-amg19223c11-amgplt0352.playout.now3.amagi.tv/playlist/amg19223-amg19223c11-amgplt0352/playlist.m3u8,,,,BilyonaryoNewsChannel.ph@SD,,,,https://i.imgur.com/iTH9Z0j.png,News,,iptv-org-all.txt
Binge,https://videostack1.cdnstream1.com:1936/binge-tv/binge-tv/playlist.m3u8,,,,Binge.us@SD,,,,https://upload.wikimedia.org/wikipedia/commons/a/aa/Azteca_America_2011_logo.png,General,,iptv-org-all.txt
Bio Bio TV (1080p),http://cdn1tlinkgo.tlink.cl/biobiotv/mono.m3u8,,,,BioBioTV.cl@SD,,,,https://i.imgur.com/lhglEUP.png,General,,iptv-org-all.txt
Biosfera TV (720p) [Not 24/7],https://tvdatta.com:3021/live/biosferatvlive.m3u8,,,,BiosferaTV.es@SD,,,,https://i.imgur.com/khytcgd.png,Undefined,,iptv-org-all.txt
Bir TV (720p),https://edge.taksimbilisim.com/birtv/bant1/playlist.m3u8,,,,BirTV.tr@SD,,,,https://birtv.tv/assets/upload/637f83951df60.png,Undefined,,iptv-org-all.txt
bitMe (1080p),https://cablered.iptvperu.tv:1936/cablered/bitme-srt_new/playlist.m3u8,,,,bitMe.mx@SD,,,,https://i.imgur.com/79hrcx8.png,Entertainment,,iptv-org-all.txt
bitMe Latin America (1080p),https://cablered.iptvperu.tv:1936/cablered/bitme_new/playlist.m3u8,,,,bitMeLatinAmerica.mx@SD,,,,https://i.imgur.com/JgXQz6c.png,Entertainment,,iptv-org-all.txt
BIZ Cinema (1080p),https://fl.biztv.media/cinema_720_EMfSyXgoRdiIHgldXTZICucKTIeCKO/index.m3u8,,,,BIZCinema.uz@SD,,,,https://biztv.uz/static/media/biz-cinema.286b83dc.png,Movies,,iptv-org-all.txt
BIZ Music (1080p),https://fl.biztv.media/music_720_QAKpGmVUjaPApCNjpsgBxrdqNihAkl/index.m3u8,,,,BIZMusic.uz@SD,,,,https://i.ibb.co/DfsCJwk/Uz-biz-music-5462.jpg,Music,,iptv-org-all.txt
Biz TV (1080p),https://2-fss-1.streamhoster.com/pl_154/205722-2251224-1/playlist.m3u8,,,,BizTV.us@SD,,,,https://upload.wikimedia.org/wikipedia/commons/thumb/f/f6/As_seen_on_TV.svg/960px-As_seen_on_TV.svg.png,Lifestyle,,iptv-org-all.txt
BIZ TV (1080p),https://fl.biztv.media/biz_tv_720_uni8jhub4h8fub4idejswh8dh3j94finbu4nidj39inwsj92in3d/index.m3u8,,,,BIZTV.uz@SD,,,,https://biztv.uz/static/media/logo.5f993187.png,Entertainment,,iptv-org-all.txt
Biznet Adventure (1080p),http://livestream.biznetvideo.net/biznet_adventure/smil:adventure.smil/playlist.m3u8,,,,BiznetAdventure.id@SD,,,,https://i.imgur.com/ZREy4zM.png,Undefined,,iptv-org-all.txt
Biznet Kids (1080p),http://livestream.biznetvideo.net/biznet_kids/smil:kids.smil/index.m3u8,,,,BiznetKids.id@SD,,,,https://i.imgur.com/J5QNqJ0.png,Kids,,iptv-org-all.txt
Biznet Lifestyle (1080p),http://livestream.biznetvideo.net/biznet_lifestyle/smil:lifestyle.smil/index.m3u8,,,,BiznetLifestyle.id@SD,,,,https://i.imgur.com/XqUfQKA.png,Lifestyle,,iptv-org-all.txt
Bizz TV (1080p),https://stream.bizzmedia.biz/bizz_tv/index.m3u8,,,,BizzTV.tt@SD,,,,https://i.imgur.com/UxHaJNR.png,Lifestyle,,iptv-org-all.txt
BL-TV/TV Storbyen (720p) [Not 24/7],https://5eeb3940cfaa0.streamlock.net/webtv_live/_definst_/mp4:kanalnordvest/playlist.m3u8,,,,TVStorbyen.dk@SD,,,,https://i.ibb.co/X5h3hJL/tvstb.png,General,,iptv-org-all.txt
Black (1080p),http://stream.mcquack.net/283/index.m3u8,,,,Black.ua@SD,,,,https://i.imgur.com/iSzAO32.png,Music,,iptv-org-all.txt
Black Family Sitcoms,https://jmp2.uk/plu-686d61503484d6073283059d.m3u8,,,,BlackFamilySitcoms.us@SD,,,,https://images.pluto.tv/channels/686d61503484d6073283059d/colorLogoPNG_1752619670829.png,Comedy,,iptv-org-all.txt
Black Ink Crew,https://jmp2.uk/plu-5d51e2bceca5b4b2c0e06c50.m3u8,,,,BlackInkCrew.us@SD,,,,https://i.imgur.com/QnuIVB6.png,Series,,iptv-org-all.txt
Black News Channel (1080p),https://blacknewschannel-xumo-us.amagi.tv/playlist.m3u8,,,,BlackNewsChannel.us@SD,,,,https://i.imgur.com/oX5oR4d.png,News,,iptv-org-all.txt
Blaze (576p) [Geo-blocked],https://live-blaze-ssai.simplestreamcdn.com/v1/master/774d979dd66704abea7c5b62cb34c6815fda0d35/blaze-live-broadcast-scte/index.m3u8,,,,Blaze.uk@SD,,,,https://i.imgur.com/6UcPWP9.png,Entertainment,,iptv-org-all.txt
Blaze Live (720p),https://jmp2.uk/plu-5e46fba0c43b0d00096e5ac1.m3u8,,,,BlazeLive.us@SD,,,,https://i.imgur.com/GwxneSQ.png,News,,iptv-org-all.txt
Blitstv,https://stmv1.transmissaodigital.com/blitstv/blitstv/playlist.m3u8,,,,Blitstv.br@SD,,,,https://i.imgur.com/FO4QTRf.jpeg,Entertainment,,iptv-org-all.txt
BLK Regional TV (1080p),https://58bd5b7a98e04.streamlock.net/medienasa-live/_definst_/mp4:BLKonline_high/playlist.m3u8,,,,BLKRegionalTV.de@SD,,,,https://i.imgur.com/JLgnPG1.png,Undefined,,iptv-org-all.txt
Blokbaster HD (1080p),http://stream.mcquack.net/364/index.m3u8,,,,Blokbaster.ru@HD,,,,https://i.imgur.com/KcOi4Os.png,Movies,,iptv-org-all.txt
Bloomberg Originals,https://e96a7526.wurl.com/master/f36d25e7e52f1ba8d7e56eb859c636563214f541/UmFrdXRlblRWLWV1X0Jsb29tYmVyZ09yaWdpbmFsc19ITFM/playlist.m3u8,,,,BloombergOriginals.us@Poland,,,,https://jiotvimages.cdn.jio.com/dare_images/images/Bloomberg_Originals.png,Business;Documentary,,iptv-org-all.txt
Bloomberg Originals (1080p),https://86fdc85a.wurl.com/master/f36d25e7e52f1ba8d7e56eb859c636563214f541/TEctZ2JfQmxvb21iZXJnT3JpZ2luYWxzX0hMUw/playlist.m3u8,,,,BloombergOriginals.us@SD,,,,https://jiotvimages.cdn.jio.com/dare_images/images/Bloomberg_Originals.png,Business;Documentary,,iptv-org-all.txt
Bloomberg Originals (1080p),https://bloomberg.com/media-manifest/streams/qt.m3u8,,,,BloombergOriginals.us@US,,,,https://jiotvimages.cdn.jio.com/dare_images/images/Bloomberg_Originals.png,Business;Documentary,,iptv-org-all.txt
Bloomberg TV (1080p),http://23.237.104.106:8080/USA_BLOOMBERG/index.m3u8,,,,BloombergTV.us@US,,,,https://i.imgur.com/OuogLHx.png,Business,,iptv-org-all.txt
Bloomberg TV Asia (720p),https://bloomberg.com/media-manifest/streams/asia.m3u8,,,,BloombergTV.us@Asia,,,,https://i.imgur.com/OuogLHx.png,Business,,iptv-org-all.txt
Bloomberg TV Asia Live Event (720p),https://bloomberg.com/media-manifest/streams/asia-event.m3u8,,,,BloombergTV.us@AsiaLiveEvent,,,,https://i.imgur.com/OuogLHx.png,Business,,iptv-org-all.txt
Bloomberg TV Australia (270p),https://bloomberg.com/media-manifest/streams/aus.m3u8,,,,BloombergTV.us@Australia,,,,https://i.imgur.com/OuogLHx.png,Business,,iptv-org-all.txt
Bloomberg TV EMEA Live Event (720p),https://bloomberg.com/media-manifest/streams/eu-event.m3u8,,,,BloombergTV.us@EMEALiveEvent,,,,https://i.imgur.com/OuogLHx.png,Business,,iptv-org-all.txt
Bloomberg TV Europe (720p),https://bloomberg.com/media-manifest/streams/eu.m3u8,,,,BloombergTV.us@Europe,,,,https://i.imgur.com/OuogLHx.png,Business,,iptv-org-all.txt
Bloomberg TV US Live Event (720p),https://bloomberg.com/media-manifest/streams/us-event.m3u8,,,,BloombergTV.us@LiveEvent,,,,https://i.imgur.com/OuogLHx.png,Business,,iptv-org-all.txt
Bloomberg TV US Politics Live Event (720p),https://bloomberg.com/media-manifest/streams/politics.m3u8,,,,BloombergTV.us@PoliticsLiveEvent,,,,https://i.imgur.com/OuogLHx.png,Business,,iptv-org-all.txt
Bloomberg TV+ (2160p),https://d8975dc3.wurl.com/master/f36d25e7e52f1ba8d7e56eb859c636563214f541/U2Ftc3VuZy1nYl9CbG9vbWJlcmdUVlBsdXNfSExT/playlist.m3u8,,,,BloombergTV.us@Plus,,,,https://i.imgur.com/OuogLHx.png,Business,,iptv-org-all.txt
Bloomberg TV+,https://86ebec83.wurl.com/master/f36d25e7e52f1ba8d7e56eb859c636563214f541/UmFrdXRlblRWLWV1X0Jsb29tYmVyZ1RWUGx1c19ITFM/playlist.m3u8,,,,BloombergTV.us@Plus-Poland,,,,https://i.imgur.com/OuogLHx.png,Business,,iptv-org-all.txt
BloombergHT (720p),https://ciner-live.daioncdn.net/bloomberght/bloomberght.m3u8,,,,BloombergHT.tr@SD,,,,https://i.imgur.com/bmkXfIE.png,Business,,iptv-org-all.txt
Bloomfield Access Government TV (480p),https://reflect-batv.cablecast.tv/live-3/live/live.m3u8,,,,BATVGovernmentTV.us@SD,,,,https://i.imgur.com/VPGIfVh.png,Legislative,,iptv-org-all.txt
Bloomfield Access TV Channel 5 (480p),https://reflect-batv.cablecast.tv/live-5/live/live.m3u8,,,,BATV.us@SD,,,,https://i.imgur.com/nTeE4xu.png,General,,iptv-org-all.txt
Blu Radio (720p),https://mdstrm.com/live-stream-playlist/58d1921a72e2b22e2905e493.m3u8,,,,BluRadio.co@SD,,,,https://i.imgur.com/w2t8CGT.png,General,,iptv-org-all.txt
Blue Bloods,https://jmp2.uk/plu-66f55a9a747bfa0008521859.m3u8,,,,BlueBloods.de@FR,,,,https://images.pluto.tv/channels/66f55a9a747bfa0008521859/colorLogoPNG.png,Series,,iptv-org-all.txt
Blue Bloods,https://jmp2.uk/plu-61b3b8c645b45d0007a9bb8d.m3u8,,,,BlueBloods.us@SD,,,,https://images.pluto.tv/channels/61b3b8c645b45d0007a9bb8d/colorLogoSVG.svg,Series,,iptv-org-all.txt
Blue Sky TV (720p),https://cdn5.smart-tv-data.com/bluesky/bluesky-live/playlist.m3u8,,,,BlueSkyTV.gr@SD,,,,https://i.imgur.com/C9CormG.png,General,,iptv-org-all.txt
Blues TV,https://2-fss-2.streamhoster.com/pl_138/205510-3094608-1/playlist.m3u8,,,,MeTVToons.us@KMBYLD,,,,https://i.imgur.com/px0CSti.png,Animation;Kids,,iptv-org-all.txt
BM&C News (720p),https://jmp2.uk/plu-666c9c60a7efd40008f552f0.m3u8,,,,BMCNews.br@SD,,,,https://i.imgur.com/pOUY2Uz.png,News,,iptv-org-all.txt
BMC-HD TV (720p),https://livestream.telvue.com/belmontmedia4/f7b44cfafd5c52223d5498196c8a2e7b.sdp/playlist.m3u8,,,,BMCHDTV.us@SD,,,,https://i.imgur.com/c9LiTz0.png,General,,iptv-org-all.txt
BMG TV,https://tv.nucast.tv/lb/ge/bmg/index.m3u8,,,,BMGTV.ge@SD,,,,https://i.imgur.com/vGLkTPA.png,Business,,iptv-org-all.txt
BN Channel (1080p),http://ikitv.sqn.at:8000/play/a01l/index.m3u8,,,,BNChannel.id@SD,,,,https://upload.wikimedia.org/wikipedia/commons/thumb/5/54/BN_Channel.png/960px-BN_Channel.png,News,,iptv-org-all.txt
