频道名,地址,回播地址,回播类型,回播天数,tvg-id,tvg-name,国家分组,语言分组,图标,原分组,分辨率,来源文件
RigTV (720p),https://jmp2.uk/plu-681b196b896dcc617f8558fe.m3u8,,,,,,,,,Undefined,,iptv-org-all.txt
Riigikogu (720p),https://router.euddn.net/862366dd346d6b6392d5231546f3d179/smil:rk_live_1.smil/playlist.m3u8?c=8005,,,,Riigikogu.ee@SD,,,,https://i.imgur.com/dJRGDt2.png,Undefined,,iptv-org-all.txt
RIK 1,http://213.7.216.229:8888/udp/239.23.0.1:1234,,,,RIK1.cy@SD,,,,https://i.imgur.com/31eq4lS.png,Undefined,,iptv-org-all.txt
RIK 2,http://213.7.216.229:8888/udp/239.23.0.2:1234,,,,RIK2.cy@SD,,,,https://i.imgur.com/EZUDmtI.png,Undefined,,iptv-org-all.txt
RIK HD,http://213.7.216.229:8888/udp/239.23.0.5:1234,,,,RIKHD.cy@SD,,,,https://i.imgur.com/xQnHaPy.png,Undefined,,iptv-org-all.txt
Rika TV (480p),https://live-rikatv.cdnvideo.ru/rikatv/rikatv_tcode.sdp/playlist.m3u8,,,,RikaTV.kz@SD,,,,https://i.imgur.com/KJHWZ3B.png,General,,iptv-org-all.txt
Riku TV (1080p),https://amixtv.com:8081/rikutv/index.m3u8,,,,RikuTV.pe@SD,,,,https://i.imgur.com/XIDC4Mv.png,Entertainment,,iptv-org-all.txt
Rinjani TV,https://rinjanitv.cloud/hls/tvkabel.m3u8,,,,RinjaniTV.id@SD,,,,https://lombokindustries.com/assunnah/zone/img/rinjanitv.png,Education,,iptv-org-all.txt
Rioja Televisión (360p) [Not 24/7],https://5924d3ad0efcf.streamlock.net/riojatv/riojatvlive/playlist.m3u8,,,,TVR.es@SD,,,,https://i.ibb.co/nRq3YfT/Logo-Rioja-Televisi-n-S-A.png,General,,iptv-org-all.txt
Rioni TV (720p) [Not 24/7],http://video.rionitv.com:9090/hls/live/rioni.m3u8,,,,RioniTV.ge@SD,,,,https://i.imgur.com/ogMqmth.png,Undefined,,iptv-org-all.txt
Risate Dal Sud (720p),https://ixmedia-srl-risatealsud-1-it.rakuten.wurl.tv/playlist.m3u8,,,,,,,,,Undefined,,iptv-org-all.txt
RIT TV (1080p),https://acesso.ecast.site:3648/live/ritlive.m3u8,,,,RITTV.br@SD,,,,https://i.imgur.com/Unjs1wi.png,Religious,,iptv-org-all.txt
Ritmos Inolvidables,https://stream.ads.ottera.tv/playlist.m3u8?network_id=1081,,,,,,,,,Undefined,,iptv-org-all.txt
Ritmu TV,https://659605a54e9a6.streamlock.net:8443/live/livestream/playlist.m3u8,,,,RitmuTV.kw@SD,,,,https://play-lh.googleusercontent.com/aO-2614npPjbJny21ljgGDRqfixPUG39uLfXwG-xX6fd2y5sxjp_SR6ty92d9l08yt10,Entertainment,,iptv-org-all.txt
Ritoque TV (720p),https://streaming.purum.cl/ritoquetv/index.m3u8,,,,RitoqueTV.cl@SD,,,,https://i.imgur.com/nTVJcFA.png,Music,,iptv-org-all.txt
River Monsters (1080p),https://amg00654-itv-amg00654c24-samsung-gb-8890.playouts.now.amagi.tv/playlist.m3u8,,,,,,,,,Undefined,,iptv-org-all.txt
River Monsters (720p),https://jmp2.uk/plu-65367e914f123d000877d021.m3u8,,,,,,,,,Undefined,,iptv-org-all.txt
River Monsters (720p),https://jmp2.uk/plu-662a271c06839f0008ccf733.m3u8,,,,,,,,,Undefined,,iptv-org-all.txt
River Monsters (720p),https://jmp2.uk/plu-662a26f3cd439400084fc8b8.m3u8,,,,,,,,,Undefined,,iptv-org-all.txt
River Monsters (720p),https://jmp2.uk/plu-662a26cb5a402e00086b2801.m3u8,,,,,,,,,Undefined,,iptv-org-all.txt
River Monsters (720p),https://jmp2.uk/plu-682453731295f98347e92da8.m3u8,,,,,,,,,Undefined,,iptv-org-all.txt
RL PRO TV,https://stream.berosat.live:19360/rlpro-tv/rlpro-tv.m3u8,,,,RLPROTV.cd@SD,,,,https://i.imgur.com/PIBtCEN.jpeg,Documentary,,iptv-org-all.txt
Rlive TV (406p),https://realitatealive.md/tv/rlive.m3u8,,,,RealitateaTV.md@SD,,,,https://i.imgur.com/Ul4IIfX.png,News,,iptv-org-all.txt
RLW TV (576p) [Not 24/7],https://webstreaming-8.viewmedia.tv/web_119/Stream/playlist.m3u8,,,,RLWTV.za@SD,,,,https://i.imgur.com/VcwqoEF.png,Religious,,iptv-org-all.txt
RMC Life (1080p),http://145.239.5.177/333/index.m3u8,,,,RMCLife.fr@SD,,,,https://img1.dc2.oqee.net/channel_pictures/3606/w512,Entertainment;Interactive,,iptv-org-all.txt
RMC Story (1080p),https://d15aro46bnpfm8.cloudfront.net/v1/master/3722c60a815c199d9c0ef36c5b73da68a62b09d1/cc-fqkqiax1078up/RMC_Story_FR.m3u8,,,,RMCStory.fr@SD,,,,https://upload.wikimedia.org/wikipedia/fr/thumb/4/43/Logo_RMC_Story_2025.png/960px-Logo_RMC_Story_2025.png,Undefined,,iptv-org-all.txt
RMTV (288p),https://transcoder1.bitcare.eu/streaming/rimextv/rmtv.m3u8,,,,RMTV.bg@SD,,,,https://rmtv.bg/img/logo.png,Undefined,,iptv-org-all.txt
RN7 TV (1080p),https://streams.rn7.nl/memfs/49823eea-a17d-4e39-a435-75b6d60df96e.m3u8,,,,RN7.nl@SD,,,,https://i.imgur.com/dYBTrLc.png,Undefined,,iptv-org-all.txt
RN Televisión (720p) [Not 24/7],https://videoserver.tmcreativos.com:19360/rnyurimaguas/rnyurimaguas.m3u8,,,,RNTelevision.pe@SD,,,,https://i.imgur.com/oFGiW7u.png,Undefined,,iptv-org-all.txt
RNE para todos (720p),https://rtvelivestream.rtve.es/rtvesec/rne/rne_para_todos_main.m3u8,,,,RNEparatodos.es@SD,,,,https://i.ibb.co/dsgrWTP8/fast-rneaudioparatodos-nac.png,General,,iptv-org-all.txt
RNN (720p) [Not 24/7],https://2-fss-2.streamhoster.com/pl_138/206532-6829902-1/playlist.m3u8,,,,RNN.do@SD,,,,https://i.imgur.com/12Z9qPw.png,News,,iptv-org-all.txt
RNN DOS (720p) [Not 24/7],https://2-fss-2.streamhoster.com/pl_138/206532-6829912-1/playlist.m3u8,,,,RNN.do@DOS,,,,https://i.imgur.com/12Z9qPw.png,News,,iptv-org-all.txt
Road Renegades (720p) [Geo-blocked],https://pb-cy00m4ei0fe6a.akamaized.net/v1/aenetworks_roadrenegades_1/samsungheadend_us/latest/main/hls/playlist.m3u8,,,,,,,,,Undefined,,iptv-org-all.txt
Roar (1080p),https://fast-channels.sinclairstoryline.com/TBD/index.m3u8,,,,Roar.us@SD,,,,https://iili.io/FxYNwOB.md.png,Entertainment,,iptv-org-all.txt
Robert Prisen,https://jmp2.uk/plu-692ec3f475169f09b5c0a8b3.m3u8,,,,,,,,,Undefined,,iptv-org-all.txt
Robinson Ekspeditionen,https://jmp2.uk/plu-63a42df60cc44a0007dd47f8.m3u8,,,,RobinsonEkspeditionen.se@DK,,,,https://images.pluto.tv/channels/63a42df60cc44a0007dd47f8/colorLogoPNG.png,Entertainment,,iptv-org-all.txt
RoboCop,https://jmp2.uk/plu-6628e513cee0d90008639b46.m3u8,,,,,,,,,Undefined,,iptv-org-all.txt
Robot Wars by Mech+ (720p),https://mechtvltd-mechplus-1-gb.samsung.wurl.tv/playlist.m3u8,,,,,,,,,Undefined,,iptv-org-all.txt
Rocavision TV [Not 24/7],https://streamunoapp.com:3331/live/rocavisiontvlive.m3u8,,,,RocavisionTV.do@SD,,,,https://imgur.com/FkHqqsi.jpg,General,,iptv-org-all.txt
Rocco TV,https://5ff3d9babae13.streamlock.net/wympnqeqts/wympnqeqts/playlist.m3u8,,,,RoccoTV.cl@SD,,,,https://i.imgur.com/QFzCKRa.png,Undefined,,iptv-org-all.txt
ROCK Action (1080p),http://nmk.ioapk.com:5050/4gtv-live138/index.m3u8,,,,ROCKAction.sg@SD,,,,https://upload.wikimedia.org/wikipedia/commons/4/41/Rock_Action.png,Entertainment,,iptv-org-all.txt
Rock Antenne [Not 24/7],https://stream.rockantenne.de/rockantenne/stream/mp3,,,,RockAntenne.de@SD,,,,https://i.imgur.com/nvFXRjH.png,Undefined,,iptv-org-all.txt
Rock Classics (Radio) [Geo-blocked],http://80.79.6.221:25461/smash/public/24,,,,,,,,,Undefined,,iptv-org-all.txt
Rock TV (1080p) [Not 24/7],https://stream.nasatv.com.mk/rocktv/hls/rocktv_live.m3u8,,,,RockTV.mk@SD,,,,https://i.imgur.com/Y9miDQo.png,Music,,iptv-org-all.txt
Rock TV (720p),https://tv.broadcasting.ro/rocktv/85c83a80-4f71-4f2d-a8d6-43f676896bcb.m3u8,,,,RockTV.ro@SD,,,,https://i.imgur.com/VB88A5V.png,Music,,iptv-org-all.txt
Rockland TV (480p) [Not 24/7],https://live.creacast.com/rockland-radio/smil:rockland-radio.smil/playlist.m3u8,,,,RocklandTV.de@SD,,,,https://i.imgur.com/6ve1FTN.png,Undefined,,iptv-org-all.txt
Rocky Hill Government Access Channel 16 (480p),https://securestream9.champds.com/LIVE/RockyHillCTLIVE/RockyHillCTLIVE.m3u8,,,,RockyHillChannel16.us@SD,,,,https://i.imgur.com/2ZDcH2L.png,Legislative,,iptv-org-all.txt
Rodja TV (720p),https://rodjatv.com/rodjatv/live.m3u8,,,,RodjaTV.id@SD,,,,https://i.imgur.com/XwCeHlC.png,Undefined,,iptv-org-all.txt
Rodnoe Kino (576p),http://stream.mcquack.net/242/index.m3u8,,,,RodnoeKino.ru@SD,,,,https://i.imgur.com/H70LxoZ.png,Movies,,iptv-org-all.txt
Rohi (576p),http://103.250.28.74:8000/play/a00d/index.m3u8,,,,Rohi.pk@SD,,,,https://i.imgur.com/zC8hXi4.png,Undefined,,iptv-org-all.txt
Rojava TV (1080p),https://hlspackager.akamaized.net/live/DB/ROJAVA_HD/HLS/ROJAVA_HD.m3u8,,,,RojavaTV.sy@SD,,,,https://i.imgur.com/42noysO.png,General,,iptv-org-all.txt
Roku Sports Channel (1080p),https://d3ialx0k0mla2a.cloudfront.net/Roku_Sports_Channel.m3u8,,,,,,,,,Undefined,,iptv-org-all.txt
Romana TV Canal 42 (480p),https://videoserver.tmcreativos.com:19360/cvmhbyrcat/cvmhbyrcat.m3u8,,,,RomanaTVCanal42.do@SD,,,,https://i.imgur.com/EXnsmhx.png,General,,iptv-org-all.txt
Romance 365,https://jmp2.uk/plu-62fb6cd97b90e60007bc318a.m3u8,,,,,,,,,Undefined,,iptv-org-all.txt
Romantica TV (1080p),https://stream10.xdevel.com/video0s977363-1901/stream/playlist_dvr.m3u8,,,,RomanticaTV.it@SD,,,,https://raw.githubusercontent.com/songwenhui239/Songwenhui239/refs/heads/main/Romantica%20TV.jpeg,General,,iptv-org-all.txt
RomCom K-Drama (1080p),https://7488d45c.wurl.com/master/f36d25e7e52f1ba8d7e56eb859c636563214f541/UmFrdXRlblRWLWV1X1JvbUNvbUtEcmFtYV9ITFM/playlist.m3u8,,,,,,,,,Undefined,,iptv-org-all.txt
Romedy Now (576p),http://103.157.248.140:8000/play/a015/index.m3u8,,,,RomedyNow.in@SD,,,,https://xstreamcp-assets-msp.streamready.in/assets/LIVETV/LIVECHANNEL/LIVETV_LIVETVCHANNEL_ROMEDY_NOW/images/LOGO_HD/image.png,Movies,,iptv-org-all.txt
Ronahi TV (1080p),https://hlspackager.akamaized.net/live/DB/RONAHI_TV/HLS/RONAHI_TV.m3u8,,,,RonahiTV.sy@SD,,,,https://i.imgur.com/JSvJpD8.png,Undefined,,iptv-org-all.txt
Rongeen TV (720p),https://server.thelegitpro.in/rongeentv/rongeentv/index.m3u8,,,,RongeenTV.in@SD,,,,https://jiotvimages.cdn.jio.com/dare_images/images/Rongeen_TV.png,Undefined,,iptv-org-all.txt
Rookie Blue (1080p) [Geo-blocked],https://amg00353-amg00353c56-samsung-gb-8654.playouts.now.amagi.tv/playlist/amg00353-lionsgatetvfast-rookieblueenglishvtt-samsunggb/playlist.m3u8,,,,,,,,,Undefined,,iptv-org-all.txt
Rookie Blue,https://jmp2.uk/plu-64ff2d8c6625510008c5a512.m3u8,,,,,,,,,Undefined,,iptv-org-all.txt
Rookie Blue,https://jmp2.uk/plu-6745f0643a61d40008a61510.m3u8,,,,,,,,,Undefined,,iptv-org-all.txt
Rookie Blue,https://jmp2.uk/plu-63fe2ec4dff38e000835f786.m3u8,,,,,,,,,Undefined,,iptv-org-all.txt
Rookie Blue: Policías Novatos,https://jmp2.uk/plu-64ff270f30ab3300084e259c.m3u8,,,,,,,,,Undefined,,iptv-org-all.txt
Rossini TV (720p),https://5cbd3bc28341f.streamlock.net:444/rossinitv_live/944A-63A6-9EB8-4492/playlist.m3u8,,,,RossiniTV.it@SD,,,,https://i.imgur.com/wGKsAk3.png,General,,iptv-org-all.txt
Rotana Radio Jordan Studio (1080p) [Not 24/7],http://45.63.116.205/hls/stream1.m3u8,,,,RotanaRadioJordanStudio.jo@SD,,,,https://i.imgur.com/xGDjlp5.png,Undefined,,iptv-org-all.txt
Rotana Tarab Jordan City View (720p) [Not 24/7],http://45.63.116.205/hls3/stream1.m3u8,,,,RotanaTarabJordanCityView.jo@SD,,,,https://i.imgur.com/NjgOBts.png,Undefined,,iptv-org-all.txt
Rotterdam Podium TV (480p),http://ms10.mx-cd.net/tv/141-573565/Podium_Rotterdam.smil/playlist.m3u8,,,,,,,,,Undefined,,iptv-org-all.txt
ROTV Valencia (720p),https://rotv.romediavalencia.com:3839/live/rotvlive.m3u8,,,,ROTVValencia.es@SD,,,,https://i.imgur.com/0TDnVQ4.png,Entertainment,,iptv-org-all.txt
ROV TV (576p),https://viewmedia7219.bozztv.com/wmedia/viewmedia100/web_012/Stream/playlist.m3u8,,,,ROVTV.za@SD,,,,https://i.imgur.com/sbeuEYY.png,Undefined,,iptv-org-all.txt
Rovr Pets (1080p) [Geo-blocked],https://pb-vbv1er6nemjg9.akamaized.net/Rovr_Pets.m3u8,,,,,,,,,Undefined,,iptv-org-all.txt
Roya TV,https://ncdn.telewebion.ir/iribu/live/playlist.m3u8,,,,RoyaTV.ir@SD,,,,https://static.telewebion.com/channelsLogo/0e3d7425-1a1b-47c4-b020-2e09a5fc2598/default,Undefined,,iptv-org-all.txt
Royalworld,https://ac76260b1102416c93f3d20958bfeb4b.mediatailor.us-east-1.amazonaws.com/v1/master/44f73ba4d03e9607dcd9bebdcb8494d86964f1d8/RakutenTV-pl_Royalworld/playlist.m3u8,,,,Royalworld.pl@FAST,,,,https://images-3.rakuten.tv/storage/global-live-channel/translation/artwork/39438460-99ba-412e-ac19-9342249384af-width200-quality90.jpeg,Undefined,,iptv-org-all.txt
Royalworld Germany (720p),https://amogonetworx-royalworld-2-de.rakuten.wurl.tv/playlist.m3u8,,,,,,,,,Undefined,,iptv-org-all.txt
Rozana Spokesman (1080p),https://live1.ottlive.co.in/spokesman/spokesman/index.m3u8,,,,RozanaSpokesman.in@SD,,,,https://www.rozanaspokesman.in/images/logospokesman.png,News,,iptv-org-all.txt
Roze News (576p),http://103.250.28.74:8000/play/a01k/index.m3u8,,,,RozeNews.pk@SD,,,,https://i.imgur.com/TedWqfL.png,News,,iptv-org-all.txt
RPL TV Woerden (720p),https://d1893oi5c6e5u0.cloudfront.net/nlpo/clr-nlpo/rpltvwoerden/index.m3u8,,,,RPLWoerden.nl@SD,,,,https://i.imgur.com/UdYMXWQ.png,General,,iptv-org-all.txt
RPP TV (1080p),http://190.93.224.42/RPP/index.m3u8,,,,RPPTV.pe@SD,,,,https://i.imgur.com/oBz3CgE.png,News,,iptv-org-all.txt
RRI Net (1080p),https://private-streaming.rri.go.id/memfs/6f77c7b5-feb2-4935-9f89-e7e9fca0a54a_output_0.m3u8,,,,RRINet.id@SD,,,,https://upload.wikimedia.org/wikipedia/commons/thumb/c/c6/RRI_NET_2023.svg/960px-RRI_NET_2023.svg.png,Undefined,,iptv-org-all.txt
RSelvaTV (720p),https://live-evg11.tv360.bitel.com.pe/bitel/selvaticaSRT/playlist.m3u8,,,,RSelvaTV.pe@SD,,,,https://i.imgur.com/DAK5ZnD.png,News,,iptv-org-all.txt
RSV Honduras (720p),https://stmv2.srvif.com/rsvhonduras/rsvhonduras/playlist.m3u8,,,,RSVHonduras.hn@SD,,,,https://i.imgur.com/yr7Ellh.jpg,Entertainment,,iptv-org-all.txt
RT Arabic (1080p) [Geo-blocked],https://rt-arb.rttv.com/dvr/rtarab/playlist.m3u8,,,,RTArabic.ru@SD,,,,https://i.imgur.com/G8vGrn1.png,News,,iptv-org-all.txt
RT Balkan (1080p),https://rt-srb.rttv.com/dvr/rtbalkan/playlist.m3u8,,,,RTBalkan.ru@SD,,,,https://pbs.twimg.com/media/FiHmjBrWIBsN41d.jpg,News,,iptv-org-all.txt
RT DE (1080p) [Not 24/7],https://rt-ger.rttv.com/dvr/rtdeutsch/playlist.m3u8,,,,RTDE.de@SD,,,,https://i.imgur.com/v1PIbB2.png,News,,iptv-org-all.txt
RT Documentary English (1080p) [Geo-blocked],https://rt-rtd.rttv.com/dvr/rtdoc/playlist.m3u8,,,,RTDocumentary.ru@English,,,,https://i.imgur.com/aeu5zIC.png,Documentary,,iptv-org-all.txt
RT Documentary Russian (1080p),https://rt-doc.rttv.com/dvr/rtdru/playlist.m3u8,,,,RTDocumentary.ru@Russian,,,,https://i.imgur.com/aeu5zIC.png,Documentary,,iptv-org-all.txt
RT en Espanol (1080p),http://15.204.246.24:8080/RTHD/index.m3u8,,,,RTenEspanol.ru@SD,,,,https://upload.wikimedia.org/wikipedia/commons/thumb/a/a0/Russia-today-logo.svg/960px-Russia-today-logo.svg.png,News,,iptv-org-all.txt
RT France (1080p) [Geo-blocked],https://rt-fra.rttv.com/dvr/rtfrance/playlist.m3u8,,,,RTFrance.fr@SD,,,,https://upload.wikimedia.org/wikipedia/commons/thumb/b/b8/RT-France-logo.svg/960px-RT-France-logo.svg.png,News,,iptv-org-all.txt
RT HD (1080p),http://31.148.48.15/RT_HD/index.m3u8,,,,RT.ru@HD,,,,https://dtil.tmsimg.com/assets/s142401_ld_h15_aa.png?lock=720x540,News,,iptv-org-all.txt
RT India (1080p),https://rt-india.rttv.com/dvr/rtindia/playlist.m3u8,,,,RTIndia.in@HD,,,,https://upload.wikimedia.org/wikipedia/commons/a/a0/Russia-today-logo.svg,News,,iptv-org-all.txt
RT JVA (720p) [Not 24/7],https://cdn140m.panaccess.com/HLS/RTVJA/index.m3u8,,,,RTJVA.tg@SD,,,,https://i.imgur.com/Ja3HVLB.jpg,Religious,,iptv-org-all.txt
RTA (1080p),https://rta-tv.akamaized.net/live/SD/RTA-1/RTA/RTA-1.m3u8,,,,RTA.af@SD,,,,https://i.imgur.com/pJU2KPh.png,General,,iptv-org-all.txt
RTB (360p) [Not 24/7],https://edge12.vedge.infomaniak.com/livecast/ik:rtblive1_8/manifest.m3u8,,,,RTB.bf@SD,,,,https://i.imgur.com/BFfLV0y.png,Undefined,,iptv-org-all.txt
RTB 3,https://edge13.vedge.infomaniak.com/livecast/ik:rtb3-1/manifest.m3u8,,,,RTB3.bf@SD,,,,https://i.imgur.com/OFZm8ic.png,Culture,,iptv-org-all.txt
RTB Go (720p),https://d1211whpimeups.cloudfront.net/smil:rtbgo/playlist.m3u8,,,,RTBGo.bn@SD,,,,https://i.imgur.com/CGlzsD5.png,General,,iptv-org-all.txt
RTB Sukmaindera (720p),https://d1211whpimeups.cloudfront.net/smil:rtb1/playlist.m3u8,,,,RTBSukmaindera.bn@SD,,,,https://i.imgur.com/WpMGnTr.png,General,,iptv-org-all.txt
RTC Télé Liège [Geo-blocked],https://tvlocales-live.freecaster.com/live/95d2f6eb-6f01-4d1d-8543-d14966de7b04/95d2f6eb-6f01-4d1d-8543-d14966de7b04.isml/master.m3u8,,,,,,,,,Undefined,,iptv-org-all.txt
RTC Telecalabria (720p) [Not 24/7],http://fl1.mediastreaming.it:1935/calabriachannel/livestream/playlist.m3u8,,,,RTCTelecalabria.it@SD,,,,https://i.imgur.com/NnFopuS.png,Undefined,,iptv-org-all.txt
RTC Television,https://scl.edge.grupoz.cl/rtcstreaming/live/playlist.m3u8,,,,RTCTelevision.cl@SD,,,,https://i.imgur.com/w91IBj7.png,Undefined,,iptv-org-all.txt
RTG TV (720p),http://31.148.48.15/RTG_HD/index.m3u8,,,,RTGTV.ru@SD,,,,https://i.imgur.com/ZMKPAho.png,Travel,,iptv-org-all.txt
RTG TV HD (1080p),http://stream.mcquack.net/164/index.m3u8,,,,RTGTV.ru@HD,,,,https://i.imgur.com/ZMKPAho.png,Travel,,iptv-org-all.txt
RTH-TV1 (1080p),https://2-fss-2.streamhoster.com/pl_120/amlst:206708-4203440/playlist.m3u8,,,,RTHTV1.us@SD,,,,https://i.imgur.com/4z0FiEA.png,General,,iptv-org-all.txt
RTH-TV2 Gospel (720p),https://2-fss-2.streamhoster.com/pl_120/amlst:206708-4202592/playlist.m3u8,,,,RTHTV2Gospel.us@SD,,,,https://i.imgur.com/4z0FiEA.png,Religious,,iptv-org-all.txt
RTHK TV 31 (港台電視31) (1080p) [Geo-blocked],https://rthktv31-live.akamaized.net/hls/live/2036818/RTHKTV31/master.m3u8,,,,RTHKTV31.hk@SD,,,,https://i.imgur.com/kf818kM.png,Undefined,,iptv-org-all.txt
RTHK TV 32 (港台電視32) (1080p) [Geo-blocked],https://rthktv32-live.akamaized.net/hls/live/2036819/RTHKTV32/master.m3u8,,,,RTHKTV32.hk@SD,,,,https://i.imgur.com/MXLuUoU.png,Undefined,,iptv-org-all.txt
RTHK TV 33 (港台電視33) (1080p) [Geo-blocked],https://rthktv33-live.akamaized.net/hls/live/2101641/RTHKTV33/master.m3u8,,,,RTHKTV33.hk@SD,,,,https://i.imgur.com/2MProun.png,Undefined,,iptv-org-all.txt
RTHK TV 34 (港台電視34) (1080p) [Geo-blocked],https://rthktv34-live.akamaized.net/hls/live/2101642/RTHKTV34/master.m3u8,,,,RTHKTV34.hk@SD,,,,https://i.imgur.com/Kq5A6Qn.png,Undefined,,iptv-org-all.txt
RTHK TV 35 (港台電視35) (1080p) [Geo-blocked],https://rthktv35-live.akamaized.net/hls/live/2101643/RTHKTV35/master.m3u8,,,,RTHKTV35.hk@HD,,,,https://i.imgur.com/FQmNKDS.png,News,,iptv-org-all.txt
RTHK TV 36 (港台電視36) (1080p) [Geo-blocked],https://rthktv36-live.akamaized.net/hls/live/2112176/RTHKTV36/master.m3u8,,,,,,,,,Undefined,,iptv-org-all.txt
RTI 1 (1080p),https://video1.getstreamhosting.com:1936/8336/8336/playlist.m3u8,,,,RTI1.ci@SD,,,,https://i.imgur.com/TybQZQS.png,General,,iptv-org-all.txt
RTK 1 (1080p),http://5.254.89.106/8702/index.m3u8,,,,RTK1.xk@SD,,,,https://i.imgur.com/KTcWcO6.png,Undefined,,iptv-org-all.txt
RTK 3 (1080p),https://gjirafa-video-live.gjirafa.net/gjvideo-livestream/rtk3/index.m3u8,,,,RTK3.xk@SD,,,,https://i.imgur.com/Ut9VcT3.png,Undefined,,iptv-org-all.txt
RTL9 (720p),http://145.239.5.177/308/index.m3u8,,,,RTL9.lu@SD,,,,https://i.imgur.com/nFqjVNW.png,Entertainment,,iptv-org-all.txt
RTL 102.5 Best (1080p),https://dd782ed59e2a4e86aabf6fc508674b59.msvdn.net/live/S76960628/OEPHRUIctA0M/playlist_video.m3u8,,,,RTL1025Best.it@SD,,,,https://i.imgur.com/9PNlbaq.png,Music,,iptv-org-all.txt
RTL 102.5 Bro&Sis (1080p),https://dd782ed59e2a4e86aabf6fc508674b59.msvdn.net/live/S75007890/MUGHuxc9dQ3b/playlist_video.m3u8,,,,RTL1025BroSis.it@SD,,,,https://i.imgur.com/EWbK4XZ.png,Music,,iptv-org-all.txt
RTL 102.5 Caliente (1080p),https://dd782ed59e2a4e86aabf6fc508674b59.msvdn.net/live/S8448465/zTYa1Z5Op9ue/playlist_video.m3u8,,,,RTL1025Caliente.it@SD,,,,https://i.imgur.com/P0zsi6I.png,Music,,iptv-org-all.txt
RTL 102.5 Disco (1080p),https://dd782ed59e2a4e86aabf6fc508674b59.msvdn.net/live/S51100361/0Fb4R3k82b5Z/playlist_video.m3u8,,,,RTL1025Disco.it@SD,,,,https://i.imgur.com/JA1OPrz.png,Music,,iptv-org-all.txt
RTL 102.5 Napulè (1080p),https://dd782ed59e2a4e86aabf6fc508674b59.msvdn.net/live/S27134503/0f9AhuwKlhnZ/playlist_video.m3u8,,,,RTL1025Napule.it@SD,,,,https://i.imgur.com/HFPw1YW.png,Music,,iptv-org-all.txt
RTL 102.5 Traffic (1080p),https://dd782ed59e2a4e86aabf6fc508674b59.msvdn.net/live/S38122967/2lyQRIAAGgRR/playlist_video.m3u8,,,,RTL1025Traffic.it@SD,,,,https://i.imgur.com/EBftMcB.png,Music,,iptv-org-all.txt
RTL 102.5 TV (1080p),https://dd782ed59e2a4e86aabf6fc508674b59.msvdn.net/live/S97044836/tbbP8T1ZRPBL/playlist_video.m3u8,,,,RTL1025TV.it@SD,,,,https://i.imgur.com/75qUdR7.png,Music,,iptv-org-all.txt
RTL Gold,https://budapest-cache-1.antik.sk/live/test_film_plus_2_hungary_1200_atk/playlist.m3u8,,,,RTLGold.hu@SD,,,,https://i.imgur.com/PwbLDUQ.png,Undefined,,iptv-org-all.txt
RTL Gold (1080p),https://stream.rtl.lu/data/live/tele/rtlgold/playlist.m3u8,,,,RTLGold.lu@SD,,,,https://i.imgur.com/LzHQoUv.png,Music,,iptv-org-all.txt
RTL Radio Web TV (1080p),https://rtlradio-streaming.rtl.lu/rtlradiowebtv/smil:rtlradiowebtv/playlist.m3u8,,,,RTLWebRadioTV.lu@SD,,,,https://i.imgur.com/qyc8LsE.png,General,,iptv-org-all.txt
RTL Télé Lëtzebuerg (1080p),https://live-edge.rtl.lu/channel1/smil:channel1/playlist.m3u8,,,,RTLTeleLetzebuerg.lu@SD,,,,https://i.imgur.com/fkW5Gbl.png,General,,iptv-org-all.txt
RTL Today Radio (720p),https://stream.rtl.lu/data/live/tele/rtltodayradio/playlist.m3u8,,,,TodayRadio.lu@SD,,,,https://i.imgur.com/O1c6wpt.png,Music,,iptv-org-all.txt
RTL Zwee (1080p),https://live-edge.rtl.lu/channel2/smil:channel2/playlist.m3u8,,,,RTLZwee.lu@SD,,,,https://i.imgur.com/7SmCtyy.png,General,,iptv-org-all.txt
RTL-TVI (1080p) [Not 24/7],https://tvi-live-hls.akamaized.net/hls/live/2038650/TVI-Live-HLS/master.m3u8,,,,RTLTVI.be@SD,,,,https://i.imgur.com/2CimAAN.png,Undefined,,iptv-org-all.txt
RTM ASEAN,https://d25tgymtnqzu8s.cloudfront.net/event/smil:event1/chunklist_b2596000_slENG.m3u8,,,,RTMASEAN.my@SD,,,,https://i.imgur.com/skAiUxg.png,News,,iptv-org-all.txt
RTM Plus (720p) [Not 24/7],https://www.rtmplus.cz/live/1-playlist.m3u8,,,,RTMPlus.cz@SD,,,,https://i.imgur.com/RNdcP2J.png,Undefined,,iptv-org-all.txt
RTM TV (1080p),https://5f22d76e220e1.streamlock.net/rtm/rtm/playlist.m3u8,,,,RTMTV.it@SD,,,,https://i.imgur.com/w9Twxsi.png,General,,iptv-org-all.txt
RTN,http://4.59.210.197:8815/udp/127.0.0.1:6002,,,,RTN.us@SD,,,,https://i.imgur.com/jjUzuLV.png,Undefined,,iptv-org-all.txt
RTN (Neuquén) (720p) [Not 24/7],https://media.neuquen.gov.ar/rtn/television/media.m3u8,,,,RTN.ar@SD,,,,https://i.imgur.com/8xqYg4C.png,Undefined,,iptv-org-all.txt
RTNC 3,http://51.254.199.122:8080/e-cableRTNC3/index.m3u8,,,,RTNC3.cd@SD,,,,https://i.imgur.com/rr9Zsno.jpeg,General,,iptv-org-all.txt
RTP (576p),https://rtp.noxun.net/hls720/stream3.m3u8,,,,RTP.bo@SD,,,,https://i.imgur.com/cECNvvr.png,General,,iptv-org-all.txt
RTP (404p),https://flash2.xdevel.com/rtptv/rtptv/playlist.m3u8,,,,RTP.it@SD,,,,https://upload.wikimedia.org/wikipedia/it/thumb/8/86/Logo_Radio_Televisione_Peloritana.svg/512px-Logo_Radio_Televisione_Peloritana.svg.png,Undefined,,iptv-org-all.txt
RTP (720p),https://live-evg7.tv360.bitel.com.pe/bitel/rtp/playlist.m3u8,,,,RTP.pe@SD,,,,https://i.imgur.com/nHMqAHn.jpeg,General,,iptv-org-all.txt
RTQ Querétaro (1080p),https://59d39900ebfb8.streamlock.net/rytqrolive/rytqrolive/chunklist.m3u8,,,,RTQQueretaro.mx@SD,,,,https://i.imgur.com/RRckCvf.png,Undefined,,iptv-org-all.txt
RTR Planeta Europe (720p) [Geo-blocked],https://stream.smotrim.ru/hls/planeta_rtr_euro/playlist.m3u8?entity=channel&id=510&sign=5c0ac65d75140fac2fd938d77c92138d,,,,RTRPlaneta.ru@Europe,,,,https://i.imgur.com/0YEahxs.png,General,,iptv-org-all.txt
RTR Planeta USA (720p) [Geo-blocked],https://stream.smotrim.ru/hls/planeta_rtr_usa/playlist.m3u8?entity=channel&id=513&sign=3ac5d8e2db71ef7fc3d4becbff7512d8,,,,RTRPlaneta.ru@US,,,,https://i.imgur.com/0YEahxs.png,General,,iptv-org-all.txt
RTRS Plus (576p) [Not 24/7],https://pluslive.rtrs.tv/plus/plus/playlist.m3u8,,,,RTRSplus.ba@SD,,,,https://i.imgur.com/k06WvYl.png,Undefined,,iptv-org-all.txt
RTRS TV (576p) [Not 24/7],https://uzivo.rtrs.tv/tv/live/index.m3u8,,,,RTRSTV.ba@SD,,,,https://i.imgur.com/2Sgs5gM.png,Undefined,,iptv-org-all.txt
RTRTV (1080p),https://tv3ecuador.site/hls/stream/index.m3u8,,,,RTRTV.ec@SD,,,,https://i.imgur.com/dvP2yqB.png,General,,iptv-org-all.txt
RTS (1080p),http://45.171.108.253:8888/RTS/index.m3u8,,,,RTS.ec@SD,,,,https://i.imgur.com/PML8cJA.png,General,,iptv-org-all.txt
RTS 1 (720p) [Not 24/7],https://webtvstream.bhtelecom.ba/rts1.m3u8,,,,RTS1.rs@SD,,,,https://i.imgur.com/S1pKHSR.png,Undefined,,iptv-org-all.txt
RTS 2 (1080p),https://de1.dstv.cx/RTS2HD/index.m3u8,,,,RTS2.rs@SD,,,,https://i.imgur.com/jltAf5h.png,Undefined,,iptv-org-all.txt
RTS 3 (720p),http://185.81.240.65:15000/udp/233.233.233.36:12000,,,,RTS3.rs@SD,,,,https://i.imgur.com/gxuGB4J.png,Undefined,,iptv-org-all.txt
RTS 3 (720p),http://145.239.5.177/224/index.m3u8,,,,RTS3.sn@SD,,,,https://i.imgur.com/UC3olOw.png,General,,iptv-org-all.txt
RTS Drama (576p),https://de1.dstv.cx/RTSDrama/index.m3u8,,,,RTSDrama.rs@SD,,,,https://i.imgur.com/bsTUhYK.png,Series,,iptv-org-all.txt
RTS Info (1080p),https://rtsinfo-d.akamaized.net/out/v1/2b7ae2e1ba3f43c6aba15bced153baf5/index.m3u8,,,,RTSInfo.ch@SD,,,,https://raw.githubusercontent.com/tv-logo/tv-logos/refs/heads/main/countries/switzerland/rts-info-ch.png,News,,iptv-org-all.txt
RTS Kolo (576p),https://de1.dstv.cx/RTSKolo/index.m3u8,,,,RTSKolo.rs@SD,,,,https://i.imgur.com/gXlEDDW.png,Undefined,,iptv-org-all.txt
RTS Muzika (576p),https://de1.dstv.cx/RTSMuzika/index.m3u8,,,,RTSMuzika.rs@SD,,,,https://i.imgur.com/n8p11NI.png,Music,,iptv-org-all.txt
RTS Poletarac (576p),https://de1.dstv.cx/RTSPoletarac/index.m3u8,,,,RTSPoletarac.rs@SD,,,,https://i.imgur.com/8Nnw8NF.png,Undefined,,iptv-org-all.txt
RTS Svet (1080p),https://de1.dstv.cx/RTSSvet/index.m3u8,,,,RTSSvet.rs@SD,,,,https://i.imgur.com/LjunOdy.png,Undefined,,iptv-org-all.txt
RTS Trezor (576p),https://de1.dstv.cx/RTSTrezor/index.m3u8,,,,RTSTrezor.rs@SD,,,,https://i.imgur.com/BnSHfxF.png,Undefined,,iptv-org-all.txt
RTS Zivot (576p),https://de1.dstv.cx/RTSZivot/index.m3u8,,,,RTSZivot.rs@SD,,,,https://i.imgur.com/NpFG9uy.png,Undefined,,iptv-org-all.txt
RTSH 1 (1080p),http://178.33.11.6:8696/live/rtsh1ott/playlist.m3u8,,,,RTSH1.al@SD,,,,https://i.imgur.com/Y8wotC4.png,General,,iptv-org-all.txt
RTSH 2 (1080p),http://178.33.11.6:8696/live/rtsh2/playlist.m3u8,,,,RTSH2.al@SD,,,,https://i.imgur.com/AZ43XZn.png,General,,iptv-org-all.txt
RTSH 24 (1080p),http://178.33.11.6:8696/live/rtsh24/playlist.m3u8,,,,RTSH24.al@SD,,,,https://i.imgur.com/H6tCoGW.png,News,,iptv-org-all.txt
RTSH Shqip (1080p),http://178.33.11.6:8696/live/rtshshqip/playlist.m3u8,,,,RTSHShqip.al@SD,,,,https://i.imgur.com/88kRsW3.png,Movies,,iptv-org-all.txt
RTSH Sport (1080p),http://178.33.11.6:8696/live/rtshsport/playlist.m3u8,,,,RTSHSport.al@SD,,,,https://i.imgur.com/J6NKXyJ.png,Sports,,iptv-org-all.txt
RTTR Trento (720p),https://5f204aff97bee.streamlock.net/RTTRlive/livestream/playlist.m3u8,,,,RTTRTrento.it@SD,,,,https://i.imgur.com/6DyzN8M.png,Undefined,,iptv-org-all.txt
RTTV (720p) [Not 24/7],https://cloudvideo.servers10.com:19360/8212/8212.m3u8,,,,RTTV.cr@SD,,,,https://i.imgur.com/eTfsCCq.png,Undefined,,iptv-org-all.txt
RTU (1080p),http://45.224.97.181:9999/RTU/index.m3u8,,,,RTU.ec@SD,,,,https://i.imgur.com/1OWvMP4.png,News,,iptv-org-all.txt
RTV (1080p) [Not 24/7],http://iptv.rtv-ooe.at/stream.m3u8,,,,RTV.at@SD,,,,https://upload.wikimedia.org/wikipedia/commons/e/ed/RTV_OOE_Logo.png,Undefined,,iptv-org-all.txt
RTV (720p),http://tvsen5.aynascope.net/RtvHD/index.m3u8,,,,RTV.bd@SD,,,,https://i.imgur.com/yu8ugqt.png,General,,iptv-org-all.txt
RTV (720p),https://rtv-stream2.a04f922e9e85c8d25ebfeae3dfd22a67.com/rtv/rtv.m3u8,,,,RTV.kr@SD,,,,https://i.imgur.com/Vhp7yR7.png,Undefined,,iptv-org-all.txt
RTV 1 (720p),https://dy7fxpkq4ggk8.cloudfront.net/nlpo/clr-nlpo/rtv1/index.m3u8,,,,RTV1.nl@SD,,,,https://i.imgur.com/lRCsPWT.png,Undefined,,iptv-org-all.txt
RTV21,https://gjirafa-video-live.gjirafa.net/gjvideo-live/2cz-npl-jfn-9he/tracks-v2a1/mono.m3u8,,,,RTV21.xk@SD,,,,https://i.imgur.com/AqQltGh.png,Undefined,,iptv-org-all.txt
RTV38 (576p),https://845d8509d2cb4f249dd0b2ae5755b6c2.msvdn.net/rtv38/rtv38_live_main/mainabr/rtv38_live_main/main_576/chunks_dvr.m3u8,,,,RTV38.it@SD,,,,https://i.imgur.com/YOlwudm.png,General,,iptv-org-all.txt
RTV Arnhem (480p) [Not 24/7],https://ms2.mx-cd.net/tv/163-669433/RTV_Arnhem.smil/playlist.m3u8,,,,RTVArnhemTV.nl@SD,,,,,Undefined,,iptv-org-all.txt
RTV Bap (480p),https://53be5ef2d13aa.streamlock.net/rtvbap/uzivo/playlist.m3u8,,,,RTVBap.rs@SD,,,,https://i.imgur.com/TBAtPH6.png,Undefined,,iptv-org-all.txt
RTV Canal 57 (720p),https://stream.giostreaming.app/rtvcanal57/rtvcanal57.m3u8,,,,RTVCanal57.sv@SD,,,,https://i.imgur.com/tnOGWqL.png,General,,iptv-org-all.txt
RTV Drenthe (1080p),https://cdn.rtvdrenthe.nl/live/rtvdrenthe/tv/index.m3u8,,,,RTVDrenthe.nl@SD,,,,https://i.imgur.com/UBQCjnG.png,Undefined,,iptv-org-all.txt
RTV Glas Drine (404p) [Not 24/7],http://glasdrine.cutuk.net:8081/433ssdsw/GlasDrineSD/playlist.m3u8,,,,RTVGlasDrine.ba@SD,,,,https://i.imgur.com/9NgxOdb.png,General;Music,,iptv-org-all.txt
RTV GO! (1080p) [Not 24/7],http://59132e529e3d1.streamlock.net:1935/Groningen1/Groningen1/playlist.m3u8,,,,RTVGO.nl@SD,,,,https://i.imgur.com/WUClFUJ.png,Undefined,,iptv-org-all.txt
RTV Herceg-Bosne (576p) [Not 24/7],https://prd-hometv-live-open.spectar.tv/ERO_1_083/playlist.m3u8,,,,RTVHB.ba@SD,,,,https://i.imgur.com/6FNL8Iv.png,General,,iptv-org-all.txt
RTV Horizon (720p),https://tv.rtvhorizon.nl/hls/horizon/1_2/index.m3u8,,,,RTVHorizon.nl@SD,,,,https://i.imgur.com/wnRsI8B.png,Undefined,,iptv-org-all.txt
RTV Islam (720p),http://5.254.89.106/8714/index.m3u8,,,,RTVIslam.ch@SD,,,,https://i.ibb.co/LSJqLJw/RTV-LOGO.png,Religious,,iptv-org-all.txt
RTV LOVE (720p),https://d2o8iss0ldenh4.cloudfront.net/nlpo/clr-nlpo/rtvlove/index.m3u8,,,,RTVLOVE.nl@SD,,,,https://i.imgur.com/hucwX6v.png,General,,iptv-org-all.txt
RTV Maastricht (720p) [Not 24/7],http://stream.rtvmaastricht.nl:8081/rtvm_live/tv/playlist.m3u8,,,,RTVMaastricht.nl@SD,,,,https://i.imgur.com/nYl8H2e.png,Undefined,,iptv-org-all.txt
RTV Marbella (720p),https://streaming.rtvmarbella.tv/hls/streamingweb.m3u8,,,,RadioTelevisionMarbella.es@SD,,,,https://i.imgur.com/o9Ro8TR.png,Undefined,,iptv-org-all.txt
RTV Meppel (720p),https://d2eanln3bsfb0d.cloudfront.net/nlpo/clr-nlpo/rtvmeppel/index.m3u8,,,,RTVMeppel.nl@SD,,,,https://i.imgur.com/RosyQkb.png,General,,iptv-org-all.txt
RTV NOF Achtkarspelen & Tytsjerksteradiel (720p),https://5e6ab219de8f5.streamlock.net/rtvnof/rtvnof/playlist.m3u8,,,,RTVNOFAchtkarspelenTytsjerksteradiel.nl@SD,,,,https://i.imgur.com/VO6wBcD.png,Undefined,,iptv-org-all.txt
RTV Noord (720p) [Not 24/7],https://media.rtvnoord.nl/live/rtvnoord/tv/index.m3u8,,,,RTVNoord.nl@SD,,,,https://i.imgur.com/l92Cb6H.png,Undefined,,iptv-org-all.txt
RTV Noord Extra (1080p) [Not 24/7],https://media.rtvnoord.nl/live/rtvnoord/extra/index.m3u8,,,,RTVNoordExtra.nl@SD,,,,https://i.imgur.com/T0UvltB.png,Undefined,,iptv-org-all.txt
RTV Noordoost Friesland (720p) [Not 24/7],https://593aed234297b.streamlock.net/rtvnof2/live/playlist.m3u8,,,,RTVNoordoostFriesland.nl@SD,,,,https://i.imgur.com/CpQIedo.png,Undefined,,iptv-org-all.txt
RTV Novi Pazar,https://tv.rtvnp.rs/stream.m3u8,,,,RTVNoviPazar.rs@SD,,,,https://i.imgur.com/NpyRVyC.png,Undefined,,iptv-org-all.txt
RTV Nuble,https://tv.arkeo.cl:1936/canalrtv/canalrtv/playlist.m3u8,,,,RTVNuble.cl@SD,,,,https://i.imgur.com/BDKgDZG.png,Undefined,,iptv-org-all.txt
RTV Oost (720p),https://d34cg2bnc08ruf.cloudfront.net/live/rtvoost/tv/index.m3u8,,,,RTVOost.nl@SD,,,,https://i.imgur.com/nTR6q9H.png,Undefined,,iptv-org-all.txt
RTV Parkstad (1080p),https://live.streamteam.eu:8443/parkstad/parkstad/tv/playlist.m3u8,,,,RTVParkstad.nl@SD,,,,https://i.imgur.com/zsTuF9y.png,General,,iptv-org-all.txt
RTV Pendimi (720p),https://www.rtvpendimi.com:19360/tvpendimi/tvpendimi.m3u8,,,,RTVPendimi.ch@SD,,,,https://i.ibb.co/tD48GMD/RTV-Pendimi.png,Religious,,iptv-org-all.txt
RTV Purmerend (720p),https://ms2.mx-cd.net/dtv-10/268-2641474/RTV_Purmerend_TV.smil/playlist.m3u8,,,,RTVPurmerend.nl@SD,,,,https://i.imgur.com/dLKSpqz.png,Undefined,,iptv-org-all.txt
RTV Rijnmond (1080p),https://dcur8bjarl5c2.cloudfront.net/live/rijnmond/tv/index.m3u8,,,,RTVRijnmond.nl@SD,,,,https://i.imgur.com/fJTs9xH.png,Undefined,,iptv-org-all.txt
RTV Rijnmond Extra (1080p),http://dcur8bjarl5c2.cloudfront.net/live/rijnmond/tv-extra/index.m3u8,,,,RTVRijnmondExtra.nl@SD,,,,https://i.imgur.com/mlrd5ia.png,General,,iptv-org-all.txt
RTV Rijnstreek TV (720p) [Not 24/7],https://ms7.mx-cd.net/tv/290-3222276/RTV_Rijnstreek.smil/playlist.m3u8,,,,RTVRijnstreekTV.nl@SD,,,,https://i.imgur.com/uM5sJJs.png,Undefined,,iptv-org-all.txt
RTV Riobamba (720p) [Not 24/7],https://sv72.ecuaradiotv.net/rtvhd/live/manifest.m3u8,,,,RTV.ec@SD,,,,https://i.imgur.com/DzxGHRZ.png,General,,iptv-org-all.txt
RTV Rwanda (480p) [Not 24/7],http://197.243.19.131:1935/rtv25/rtv/chunklist.m3u8,,,,RwandaTV.rw@SD,,,,https://i.imgur.com/4nbGvxW.png,General,,iptv-org-all.txt
RTV SLOS (720p),https://d3b6teev8t7bb2.cloudfront.net/nlpo/clr-nlpo/rtvslos/index.m3u8,,,,RTVSLOS.nl@SD,,,,https://i.imgur.com/xdzrT9A.png,Undefined,,iptv-org-all.txt
RTV Utrecht (1080p),https://d18rwjdhpr8dcw.cloudfront.net/live/rtvutrecht/rtvutrecht/index.m3u8,,,,RTVUtrecht.nl@SD,,,,https://i.imgur.com/nrvs30l.png,Undefined,,iptv-org-all.txt
RTV Veluwezoom (720p),https://dt4pogjgi3q8s.cloudfront.net/nlpo/clr-nlpo/rtvveluwezoom/index.m3u8,,,,RTVVeluwezoomTV.nl@SD,,,,https://i.imgur.com/KeHbJTM.png,Undefined,,iptv-org-all.txt
RTV Vida (1080p),https://vidartv2.todostreaming.es/live/radiovida-emisiontvhd.m3u8,,,,RTVVida.es@SD,,,,https://i.imgur.com/EqUfEAh.png,Music,,iptv-org-all.txt
RTV Westerwolde (432p),https://media.rtvwesterwolde.nl/hls/live/index.m3u8,,,,RTVWesterwolde.nl@SD,,,,https://i.imgur.com/002YXP6.png,Undefined,,iptv-org-all.txt
RTV Zenica (720p),https://stream.rtvze.ba/live/123/123.m3u8,,,,RTVZenica.ba@SD,,,,https://i.imgur.com/TKUaflB.png,Undefined,,iptv-org-all.txt
RTV Zulthe (720p),http://ms7.mx-cd.net/tv/212-1299944/RTV-Zulthe.smil/playlist.m3u8,,,,RTVZulthe.nl@SD,,,,https://i.imgur.com/Z3zUUsJ.png,General,,iptv-org-all.txt
RTVC (720p),https://cdn140m.panaccess.com/HLS/RTVC/index.m3u8,,,,RTVC.ci@SD,,,,https://i.imgur.com/oXuSkHz.png,Religious,,iptv-org-all.txt
RTVi US (1080p),https://amg17233-amg17233c1-wisptv-us-6409.playouts.now.amagi.tv/playlist.m3u8,,,,RTViUS.us@SD,,,,https://www.einpresswire.com/image/large/960869/logo-rtvi-us.png#676x536,General,,iptv-org-all.txt
RTVS1,http://51.254.199.122:8080/RTVS1/index.m3u8,,,,RTVS1.cd@SD,,,,https://i.imgur.com/doaZCzy.png,General,,iptv-org-all.txt
RU.TV (1080p),https://bl.rutube.ru/livestream/b1eb8e90d7e636677b3eb73b4fcbb717/index.m3u8?e=2069285076&s=d-E-bxKy2v3EEJ94RQX9CA&scheme=https,,,,RUTV.ru@SD,,,,https://i.imgur.com/Z7HUU7V.png,Music,,iptv-org-all.txt
RU.TV Kids (720p),https://rutvkids.ru/live/efir/index.m3u8,,,,RUTVKids.ru@SD,,,,https://rutvkids.ru/assets/logo_rutv_kids-Bn4u0Blf.png,Kids,,iptv-org-all.txt
Rudaw TV (1080p),https://hlspackager.akamaized.net/live/DB/RUDAW/HLS/RUDAW.m3u8,,,,RudawTV.iq@SD,,,,https://i.imgur.com/Zo3IWOn.png,News,,iptv-org-all.txt
Rugby Pass TV (720p),https://jmp2.uk/plu-66f137cb483d460008ece053.m3u8,,,,RugbyPassTV.uk@SD,,,,,Undefined,,iptv-org-all.txt
Rugrats,https://jmp2.uk/plu-610c09219fc0430007a3fce6.m3u8,,,,Rugrats.de@ES,,,,https://images.pluto.tv/channels/610c09219fc0430007a3fce6/colorLogoPNG.png,Kids,,iptv-org-all.txt
Rugrats,https://jmp2.uk/plu-5ea7215005d66d0007e8128a.m3u8,,,,Rugrats.us@LatAm,,,,https://images.pluto.tv/channels/5ea7215005d66d0007e8128a/colorLogoPNG.png,Kids,,iptv-org-all.txt
Rules of Engagement,https://jmp2.uk/plu-64be635a40962900080aaca5.m3u8,,,,,,,,,Undefined,,iptv-org-all.txt
Rumba TV (1080p),http://45.162.193.35/RUMBATV/index.m3u8,,,,RumbaTV.co@SD,,,,https://i.imgur.com/WtVpWwI.png,Music,,iptv-org-all.txt
RumbaMix TV (720p),https://live-evg5.tv360.bitel.com.pe/bitel/mixtvSRT/playlist.m3u8,,,,RumbaMixTV.pe@SD,,,,https://i.imgur.com/rwA3HIp.png,Music,,iptv-org-all.txt
Runtime (720p),https://jmp2.uk/plu-6086d3f420fc8500075f8dbf.m3u8,,,,Runtime.us@SD,,,,https://i.imgur.com/2USCMvP.png,Movies,,iptv-org-all.txt
Runtime Espanol (720p),https://run-rt-uh-roku.otteravision.com/run/rt_uh/rt_uh.m3u8,,,,RuntimeEspanol.us@SD,,,,https://i.imgur.com/OMQq19N.png,Movies,,iptv-org-all.txt
Rupashi Bangla TV (720p),https://app24.jagobd.com.bd/c3VydmVyX8RpbEU9Mi8xNy8yMFDEEHGcfRgzQ6NTAgdEoaeFzbF92YWxIZTO0U0ezN1IzMyfvcEdsEfeDeKiNkVN3PTOmdFseWRtaW51aiPhnPTI2/ruposhibangla.stream/playlist.m3u8,,,,RupashiBanglaTV.bd@SD,,,,https://jiotvimages.cdn.jio.com/dare_images/images/Rupashi_Bangla.png,Entertainment,,iptv-org-all.txt
Rupasi Bangla (720p),https://cdn-4.pishow.tv/live/1039/master.m3u8,,,,RupasiBangla.in@SD,,,,https://dtil.tmsimg.com/assets/s143733_ld_h15_aa.png?lock=720x540,Entertainment,,iptv-org-all.txt
Russia RTR Asia (720p) [Geo-blocked],https://stream.smotrim.ru/hls/planeta_rtr_asia/playlist.m3u8?entity=channel&id=511&sign=d1fe06cd922b67e412719536998fa43d,,,,RTRPlaneta.ru@Asia,,,,https://i.imgur.com/T42cuYx.png,General,,iptv-org-all.txt
Russia RTR CIS (720p) [Geo-blocked],https://stream.smotrim.ru/hls/planeta_rtr_sng/playlist.m3u8?entity=channel&id=512&sign=2abaa592de074d65809a10b6bacc4410,,,,RTRPlaneta.ru@CIS,,,,https://i.imgur.com/T42cuYx.png,General,,iptv-org-all.txt
Russia-1 (1080p),https://vgtrkregion-reg.cdnvideo.ru/vgtrk/9/russia1-hd/index.m3u8,,,,Russia1.ru@Plus9,,,,https://i.imgur.com/Osd2JHL.png,General,,iptv-org-all.txt
Russia-1 +4 (1080p),https://vgtrkregion-reg.cdnvideo.ru/vgtrk/4/russia1-hd/index.m3u8,,,,Russia1.ru@Plus4,,,,https://i.imgur.com/Osd2JHL.png,General,,iptv-org-all.txt
Russia-1 +5 (1080p),https://vgtrkregion-reg.cdnvideo.ru/vgtrk/5/russia1-hd/index.m3u8,,,,Russia1.ru@Plus5,,,,https://i.imgur.com/Osd2JHL.png,General,,iptv-org-all.txt
Russia-1 +6 (1080p),https://vgtrkregion-reg.cdnvideo.ru/vgtrk/6/russia1-hd/index.m3u8,,,,Russia1.ru@Plus6,,,,https://i.imgur.com/Osd2JHL.png,General,,iptv-org-all.txt
Russia-1 +7 (1080p),https://vgtrkregion-reg.cdnvideo.ru/vgtrk/7/russia1-hd/index.m3u8,,,,Russia1.ru@Plus7,,,,https://i.imgur.com/Osd2JHL.png,General,,iptv-org-all.txt
Russia-1 +8 (1080p),https://vgtrkregion-reg.cdnvideo.ru/vgtrk/8/russia1-hd/index.m3u8,,,,Russia1.ru@Plus8,,,,https://i.imgur.com/Osd2JHL.png,General,,iptv-org-all.txt
Russia-1 HD (1080p),https://stream.smotrim.ru/hls2/russia_hd/playlist_6.m3u8,,,,Russia1.ru@HD,,,,https://uut-telecom.ru/wp-content/uploads/2021/12/rossiya-1-hd.png,General,,iptv-org-all.txt
Russia-24 HD (1080p),http://77.232.131.211/Rossiya24/index.m3u8,,,,Russia24.ru@HD,,,,https://upload.wikimedia.org/wikipedia/commons/thumb/6/66/Rossiya-24_Logo.svg/960px-Rossiya-24_Logo.svg.png,News,,iptv-org-all.txt
Russia-K (576p),http://stream.mcquack.net/229/index.m3u8,,,,RussiaK.ru@SD,,,,https://upload.wikimedia.org/wikipedia/commons/thumb/4/45/Russia-Cultura.svg/960px-Russia-Cultura.svg.png,Culture,,iptv-org-all.txt
Russia-K +2 (1080p),https://vgtrkregion-reg.cdnvideo.ru/vgtrk/2/kultura-hd/index.m3u8,,,,RussiaK.ru@Plus2,,,,https://upload.wikimedia.org/wikipedia/commons/thumb/4/45/Russia-Cultura.svg/960px-Russia-Cultura.svg.png,Culture,,iptv-org-all.txt
Russia-K +4 (1080p),https://vgtrkregion-reg.cdnvideo.ru/vgtrk/4/kultura-hd/index.m3u8,,,,RussiaK.ru@Plus4,,,,https://upload.wikimedia.org/wikipedia/commons/thumb/4/45/Russia-Cultura.svg/960px-Russia-Cultura.svg.png,Culture,,iptv-org-all.txt
Russia-K +7 (1080p),https://vgtrkregion-reg.cdnvideo.ru/vgtrk/7/kultura-hd/index.m3u8,,,,RussiaK.ru@Plus7,,,,https://upload.wikimedia.org/wikipedia/commons/thumb/4/45/Russia-Cultura.svg/960px-Russia-Cultura.svg.png,Culture,,iptv-org-all.txt
Russia-K HD (1080p),https://stream.smotrim.ru/hls2/russia_k/playlist_5.m3u8,,,,RussiaK.ru@HD,,,,https://upload.wikimedia.org/wikipedia/commons/thumb/4/45/Russia-Cultura.svg/960px-Russia-Cultura.svg.png,Culture,,iptv-org-all.txt
Russian MusicBox (576p),http://stream.mcquack.net/319/index.m3u8,,,,RussianMusicBox.ru@SD,,,,https://i.imgur.com/ZkJ3Rh9.png,Music,,iptv-org-all.txt
Russkiy Bestseller (576p),http://stream.mcquack.net/208/index.m3u8,,,,RusskiyBestseller.ru@SD,,,,https://i.imgur.com/w0ZE9QJ.png,Movies,,iptv-org-all.txt
Russkiy Detektiv (576p),http://stream.mcquack.net/204/index.m3u8,,,,RusskiyDetektiv.ru@SD,,,,https://i.imgur.com/H3qhN8S.png,Movies,,iptv-org-all.txt
Rustavi 2,http://31.146.5.178:8087/play/a008/index.m3u8,,,,Rustavi2.ge@SD,,,,https://i.imgur.com/rPqd1Cx.png,Undefined,,iptv-org-all.txt
Rustic Retreats,https://jmp2.uk/plu-6565430c9d5ac4000822f508.m3u8,,,,,,,,,Undefined,,iptv-org-all.txt
Ruta 66 TV (1080p) [Not 24/7],https://edge.livestreaminggroup.info/ruta66tvlive/index.m3u8,,,,Ruta66TV.do@SD,,,,https://i.imgur.com/oY4Xfvq.png,General,,iptv-org-all.txt
RUTC TV (720p),http://d26sxnc75smwvh.cloudfront.net/livehttporigin/rutclive_720p2.stream/playlist.m3u8,,,,RUTCTV.kr@SD,,,,https://i.ibb.co/yPDhKBp/rutc-logo.jpg,Religious,,iptv-org-all.txt
RÚV (720p),https://ruv-web-live.akamaized.net/streymi/ruverl/ruverl.m3u8,,,,RUV.is@SD,,,,https://upload.wikimedia.org/wikipedia/commons/thumb/1/11/R%C3%9AV_ohf_2019_logo.svg/960px-R%C3%9AV_ohf_2019_logo.svg.png,General,,iptv-org-all.txt
RÚV 2 (1080p),https://ruvlive.akamaized.net/out/v1/2ff7673de40f419fa5164498fae89089/index.m3u8,,,,RUV2.is@SD,,,,https://upload.wikimedia.org/wikipedia/commons/thumb/5/55/R%C3%9AV_2_2019_logo.svg/960px-R%C3%9AV_2_2019_logo.svg.png,General,,iptv-org-all.txt
RVTV (1080p),https://rvtv-on-freecast.b-cdn.net/RVTV-on-Freecast/index.m3u8,,,,RVTV.us@HD,,,,https://i.imgur.com/pBBb0wx.png,Undefined,,iptv-org-all.txt
RVTV Civic (720p),https://livestream.telvue.com/roguevalleycmttv2/f7b44cfafd5c52223d5498196c8a2e7b.sdp/playlist.m3u8,,,,RVTVCivic.us@SD,,,,https://i.imgur.com/cTLhQjo.png,General,,iptv-org-all.txt
RVTV Grants Pass (720p),https://livestream.telvue.com/roguevalleycmttv4/f7b44cfafd5c52223d5498196c8a2e7b.sdp/playlist.m3u8,,,,RVTVGrantsPass.us@SD,,,,https://i.imgur.com/Vpv0P6t.png,General,,iptv-org-all.txt
RVTV Prime (720p),https://livestream.telvue.com/roguevalleycmttv1/f7b44cfafd5c52223d5498196c8a2e7b.sdp/playlist.m3u8,,,,RVTVPrime.us@SD,,,,https://i.imgur.com/0Qd9Ic7.png,General,,iptv-org-all.txt
RVTV Voices (720p),https://livestream.telvue.com/roguevalleycmttv3/f7b44cfafd5c52223d5498196c8a2e7b.sdp/playlist.m3u8,,,,RVTVVoices.us@SD,,,,https://i.imgur.com/kOGQBZj.png,General,,iptv-org-all.txt
Rwenzori TV,https://stream.rwenzoritv.com:3232/live/rwenzoritvlive.m3u8,,,,RwenzoriTV.ug@SD,,,,https://i.imgur.com/qo4QHfz.png,General,,iptv-org-all.txt
Ryan and Friends (1080p),https://ryanandfriends-samsungau.amagi.tv/playlist.m3u8,,,,RyanandFriends.us@SD,,,,https://i.imgur.com/jcIprmt.png,Kids,,iptv-org-all.txt
Rybalka (1080p),https://dash2.antik.sk/live/test_rybalka_tv_atktv/playlist.m3u8,,,,Rybalka.ua@SD,,,,https://i.imgur.com/NafW0xT.png,Outdoor,,iptv-org-all.txt
Rybolov (576p),http://stream.mcquack.net/264/index.m3u8,,,,Rybolov.ru@SD,,,,https://i.imgur.com/wJMTcFS.png,Outdoor,,iptv-org-all.txt
Ryongnamsan Television SD [Not 24/7],https://kctv.koryofront.org/stream/ryongnamsan/index.m3u8,,,,RyongnamsanTelevision.kp@SD,,,,https://i.imgur.com/1BHJjY4.png,Education,,iptv-org-all.txt
Ryzhiy (576i),https://stream8.cinerama.uz/1407/tracks-v1a1/mono.m3u8,,,,Ryzhiy.ru@SD,,,,https://i.imgur.com/acrU2IE.png,Kids,,iptv-org-all.txt
RΙΚ Sat (CYBC S) (720p) [Not 24/7],https://l3.cloudskep.com/cybcsat/abr/playlist.m3u8,,,,RIKSat.cy@SD,,,,https://i.imgur.com/BIKwFhD.png,Undefined,,iptv-org-all.txt
S4C (1080p) [Geo-blocked],https://v2.uk.live.s4c-cdn.co.uk/out/v1/S4C/UK_TX/uk_live/uk-tx-dvb.mpd,,,,S4C.uk@SD,,,,https://i.imgur.com/vrcbnBv.png,Undefined,,iptv-org-all.txt
S Premium! (360p),https://vodcdn.bamboo-cloud.com/livehls/68d0876e06304461862415b2/master.m3u8,,,,SPremium.us@HD,,,,https://i.postimg.cc/Mp1TTWq0/In-Shot-20260818-135217619.png,General,,iptv-org-all.txt
S Sport (720p),https://corestream.siteyaptim.live/s-sport/index.m3u8,,,,SSport.tr@SD,,,,https://upload.wikimedia.org/wikipedia/commons/a/a9/S_Sport_logo1.png,Sports,,iptv-org-all.txt
S Sport 2 (720p),https://corestream.siteyaptim.live/s-sport2/index.m3u8,,,,SSport2.tr@SD,,,,https://i.imgur.com/2jIItAy.png,Sports,,iptv-org-all.txt
S Tom Sings (1080p),https://vodcdn.bamboo-cloud.com/livehls/6a8408ae0630440c2f39aec3/master.m3u8,,,,STomSings.us@HD,,,,https://i.postimg.cc/5tfB3Ktv/In-Shot-20260818-133542271.png,Kids,,iptv-org-all.txt
Saab TV (576p),https://ap02.iqplay.tv:8082/iqb8002/s03btv/playlist.m3u8,,,,SaabTV.so@SD,,,,https://i.imgur.com/JEC1J89.png,General,,iptv-org-all.txt
Saam TV,https://cdn-3.pishow.tv/live/437/master.m3u8,,,,SaamTV.in@SD,,,,https://xstreamcp-assets-msp.streamready.in/assets/LIVETV/LIVECHANNEL/LIVETV_LIVETVCHANNEL_SAAM_TV/images/LOGO_HD/image.png,Undefined,,iptv-org-all.txt
Saarland Fernsehen 1 (1080p),https://saarland1.iptv-playoutcenter.de/saarland1/saarland1.stream_1/playlist.m3u8,,,,SaarlandFernsehen1.de@SD,,,,https://i.imgur.com/OodehFV.png,Undefined,,iptv-org-all.txt
Saarland Fernsehen 2 (720p) [Not 24/7],https://saarland2.iptv-playoutcenter.de/saarland2/saarland2.stream_2/playlist.m3u8,,,,SaarlandFernsehen2.de@SD,,,,https://i.imgur.com/Yv7j4ia.png,Undefined,,iptv-org-all.txt
SAB TV (1080p),https://ml-pull-dvc-myco.io:2096/SAB_ENTERTAINMENT/tracks-v1a1/mono.ts.m3u8,,,,SABTV.pk@SD,,,,https://i.imgur.com/hC7Sidr.png,Entertainment,,iptv-org-all.txt
Sabalan,https://ncdn.telewebion.ir/sabalan/live/playlist.m3u8,,,,SabalanTV.ir@SD,,,,https://upload.wikimedia.org/wikipedia/fa/f/f2/Ardabil_SABALAN.png,Undefined,,iptv-org-all.txt
SABC 1 (720p) [Geo-blocked],https://sabconeta.cdn.mangomolo.com/sabc1/smil:sabc1.stream.smil/master.m3u8,,,,SABC1.za@SD,,,,https://i.imgur.com/G8OXWe4.png,Undefined,,iptv-org-all.txt
SABC 2 [Geo-blocked],https://sabctwota.cdn.mangomolo.com/sabc2/smil:sabc2.stream.smil/master.m3u8,,,,SABC2.za@SD,,,,https://i.imgur.com/rj6i9sn.png,Undefined,,iptv-org-all.txt
SABC Lehae [Geo-blocked],https://sabctretalh.cdn.mangomolo.com/lehae/smil:lehae.stream.smil/master.m3u8,,,,SABCLehae.za@SD,,,,https://i.imgur.com/YhdnZHH.png,News,,iptv-org-all.txt
SABC News (720p) [Geo-blocked],https://sabconetanw.cdn.mangomolo.com/news/smil:news.stream.smil/master.m3u8,,,,SABCNews.za@SD,,,,https://i.imgur.com/liLta8j.png,News,,iptv-org-all.txt
Sabor TV (720p),https://v1.tustreaming.cl/sabortv/index.m3u8,,,,SaborTV.cl@SD,,,,https://cdn.m3u.cl/logo/416_Sabor_TV.png,Music,,iptv-org-all.txt
Sabrina The Teenage Witch,https://jmp2.uk/plu-66276091cee0d900085fe053.m3u8,,,,SabrinaTheTeenageWitch.de@GB,,,,https://images.pluto.tv/channels/66276091cee0d900085fe053/colorLogoPNG.png,Comedy,,iptv-org-all.txt
Sabrina the Teenage Witch,https://jmp2.uk/plu-6512ecf63a0d700008db506a.m3u8,,,,SabrinatheTeenageWitch.se@DK,,,,https://images.pluto.tv/channels/6512ecf63a0d700008db506a/colorLogoPNG.png,Comedy,,iptv-org-all.txt
Sabrina the Teenage Witch,https://jmp2.uk/plu-6512d3c96a84140008513ff5.m3u8,,,,SabrinatheTeenageWitch.se@NO,,,,https://images.pluto.tv/channels/6512ecf63a0d700008db506a/colorLogoPNG.png,Comedy,,iptv-org-all.txt
Sabrina the Teenage Witch,https://jmp2.uk/plu-6512d72b473a540008592be5.m3u8,,,,SabrinatheTeenageWitch.se@SE,,,,https://images.pluto.tv/channels/6512ecf63a0d700008db506a/colorLogoPNG.png,Comedy,,iptv-org-all.txt
Sabrina Total verhext!,https://jmp2.uk/plu-622f40c901d4b70007ad7609.m3u8,,,,SabrinaTotalverhext.de@DACH,,,,https://images.pluto.tv/channels/622f40c901d4b70007ad7609/colorLogoPNG.png,Comedy,,iptv-org-all.txt
Sabz,https://ncdn.telewebion.ir/sabz/live/playlist.m3u8,,,,SabzTV.ir@SD,,,,https://upload.wikimedia.org/wikipedia/commons/thumb/7/7d/Logo_Golestan.png/960px-Logo_Golestan.png,General,,iptv-org-all.txt
Sachsen Eins (1080p),https://sachsen1.iptv-playoutcenter.de/sachsen1/sachsen1.stream_1/playlist.m3u8,,,,SachsenEins.de@SD,,,,https://i.imgur.com/2EXNdd8.png,Undefined,,iptv-org-all.txt
Sada TV (1080p) [Not 24/7],http://cdn12.henico.net:8080/live/sadatv/index.m3u8,,,,SADATV.in@SD,,,,https://i.ibb.co/cXPzpGp/SADA-CHANNEL-HBN-global-Punjabi-Satellite-TV.png,Entertainment,,iptv-org-all.txt
Sadhna (720p),https://6n3yow8pl9ok-hls-live.5centscdn.com/sadhanalivetv/live.stream/playlist.m3u8,,,,Sadhna.in@SD,,,,https://xstreamcp-assets-msp.streamready.in/assets/LIVETV/LIVECHANNEL/LIVETV_LIVETVCHANNEL_SADHNA/images/LOGO_HD/image.png,Religious,,iptv-org-all.txt
Sadhna News Madhya Pradesh/Chhattisgarh (576p),https://mumt04.tangotv.in/m18aqlK4SADHNEWSPMRAJ/index.m3u8,,,,SadhnaNewsMadhyaPradeshChhattisgarh.in@SD,,,,https://i.imgur.com/799WMit.png,News,,iptv-org-all.txt
Sadhna Plus News (720p),https://6n3yow8pl9ok-hls-live.5centscdn.com/sadhananewstv/live.stream/playlist.m3u8,,,,SadhnaPlusNews.in@SD,,,,https://jiotvimages.cdn.jio.com/dare_images/images/Sadhna_News_Plus.png,News,,iptv-org-all.txt
Sadhna TV (576p),https://mumt05.tangotv.in/87NeALx2SADHNATV/index.m3u8,,,,SadhnaTV.in@SD,,,,https://dtil.tmsimg.com/assets/s143736_ld_h15_aa.png?lock=720x540,Religious,,iptv-org-all.txt
Safari TV (480p) [Not 24/7],https://j78dp346yq5r-hls-live.5centscdn.com/safari/live.stream/playlist.m3u8,,,,SafariTV.in@SD,,,,https://xstreamcp-assets-msp.streamready.in/assets/LIVETV/LIVECHANNEL/LIVETV_LIVETVCHANNEL_SAFARI_TV/images/LOGO_HD/image.png,Documentary,,iptv-org-all.txt
Safeer TV (1080p),https://cdn3.wowza.com/1/YStGZlJRdktzZkdK/VXROZWNW/hls/live/playlist.m3u8,,,,SafeerTV.uk@SD,,,,https://image.roku.com/developer_channels/prod/8389e15af8fe49ac7c36d201c24ebf62fbe5b22897c2879ca26ae936e0ed308d.png,Religious,,iptv-org-all.txt
Sahand,https://ncdn.telewebion.ir/sahand/live/playlist.m3u8,,,,SahandTV.ir@SD,,,,https://upload.wikimedia.org/wikipedia/fa/thumb/3/37/Tabriz_Sahand.svg/960px-Tabriz_Sahand.svg.png,Undefined,,iptv-org-all.txt
Sai TV (576p),https://mumt03.tangotv.in/Dsly5z3HSAITV/index.m3u8,,,,SaiTV.in@SD,,,,https://xstreamcp-assets-msp.streamready.in/assets/LIVETV/LIVECHANNEL/LIVETV_LIVETVCHANNEL_SAI_TV/images/LOGO_HD/image.png,Undefined,,iptv-org-all.txt
Sailor Moon,https://jmp2.uk/plu-637e55347427a40007fac703.m3u8,,,,,,,,,Undefined,,iptv-org-all.txt
Sairam TV,https://cdn-3.pishow.tv/live/1611/master.m3u8,,,,SairamTV.in@SD,,,,,Religious,,iptv-org-all.txt
Sakshi TV (576p),https://yuppmedtaorire.akamaized.net/v1/master/a0d007312bfd99c47f76b77ae26b1ccdaae76cb1/sakshi_nim_https/240122/sakshi/playlist.m3u8,,,,SakshiTV.in@SD,,,,https://xstreamcp-assets-msp.streamready.in/assets/LIVETV/LIVECHANNEL/LIVETV_LIVETVCHANNEL_SAKSHI_TV/images/LOGO_HD/image.png,News,,iptv-org-all.txt
Sala de Emergencias: Historias Inéditas,https://jmp2.uk/plu-66ba53cda4ee2700083fac09.m3u8,,,,,,,,,Undefined,,iptv-org-all.txt
Salaam TV (720p),https://d2o3r1shda7xvv.cloudfront.net/index_5.m3u8,,,,SalaamTV.in@SD,,,,https://dtil.tmsimg.com/assets/s144466_ld_h15_aa.png?lock=720x540,News,,iptv-org-all.txt
Salamat,https://ncdn.telewebion.ir/salamat/live/playlist.m3u8,,,,SalamatTV.ir@SD,,,,https://upload.wikimedia.org/wikipedia/fa/f/f0/IRIB_Salamat_Logo.png,Undefined,,iptv-org-all.txt
Salem News Channel (1080p),https://amg00732-salemmediagroup-snc-ono-ekp8j.amagi.tv/playlist/amg00732-salemmediagroup-snc-ono/playlist.m3u8,,,,SalemNewsChannel.us@SD,,,,https://i.imgur.com/aDbc64y.png,News,,iptv-org-all.txt
Salira TV (720p),https://live.salira.tv/p/3870/hybrid/play.m3u8,,,,SaliraTV.id@SD,,,,https://upload.wikimedia.org/wikipedia/commons/6/6b/Logo_Salira_TV.png,Culture;Lifestyle,,iptv-org-all.txt
Salon Line,https://jmp2.uk/plu-66a7d0e0cd0d310008448610.m3u8,,,,,,,,,Undefined,,iptv-org-all.txt
Salsa Gorda Television (1080p) [Not 24/7],https://live20.bozztv.com/akamaissh101/ssh101/qMUAZEy/playlist.m3u8,,,,SalsaGordaTelevision.co@SD,,,,https://i.imgur.com/3IhYd7G.jpg,Music,,iptv-org-all.txt
Salt TV (1080p) [Not 24/7],https://live.salttelevision.com/app/stream/abr.m3u8,,,,SaltTV.ug@SD,,,,https://i.imgur.com/AK9nE6Y.png,Religious,,iptv-org-all.txt
Salto 1 (720p),https://d11lnfpmek70tc.cloudfront.net/nlpo/clr-nlpo/2103d417/index.m3u8,,,,Salto1.nl@SD,,,,https://i.imgur.com/hyubvS5.png,Entertainment,,iptv-org-all.txt
Salto 2 (720p),https://d11lnfpmek70tc.cloudfront.net/nlpo/clr-nlpo/bad78523/index.m3u8,,,,Salto2.nl@SD,,,,https://i.imgur.com/6H3ycdL.png,Culture,,iptv-org-all.txt
Salto 4 (720p),https://salto-streams.nl/hls/sotv2.m3u8,,,,Salto4.nl@SD,,,,https://i.vimeocdn.com/portrait/31947989_640x640,Undefined,,iptv-org-all.txt
Salto ADE (720p),https://live.salto.nl/hls/at5.m3u8,,,,SaltoADE.nl@SD,,,,https://i.vimeocdn.com/portrait/31947989_640x640,Undefined,,iptv-org-all.txt
Salto Brasa Music (1080p),https://salto-streams.nl/hls/sotv1.m3u8,,,,SaltoBrasaMusic.nl@SD,,,,https://i.vimeocdn.com/portrait/31947989_640x640,Music,,iptv-org-all.txt
Salto MaLive (1080p),https://live.salto.nl/hls/malive_high.m3u8,,,,MaLive.nl@SD,,,,https://i.imgur.com/0Vzg2OR.png,Entertainment,,iptv-org-all.txt
Salvación TV (720p),https://stream.eleden.com/livesalvatv/ngrp:livesalvatv_all/playlist.m3u8,,,,SalvacionTV.pr@SD,,,,https://i.imgur.com/6HOViG9.png,Religious,,iptv-org-all.txt
Salvation TV (1080p),https://ktismaservers.in:3902/live/salvationtvlive.m3u8,,,,SalvationTV.in@SD,,,,https://content.jdmagicbox.com/comp/bangalore/l5/080pxx80.xx80.150207120517.e4l5/catalogue/salvation-tv-network-pvt-m-g-road-bangalore-religious-organizations-1sabn2d.jpg,Religious,,iptv-org-all.txt
Salvation TV (576p),https://viewmedia7219.bozztv.com/wmedia/viewmedia100/web_017/Stream/playlist.m3u8,,,,SalvationTV.ng@SD,,,,https://i.imgur.com/Nb08dfK.png,Undefined,,iptv-org-all.txt
Salve TV (720p),https://58de7a369a9c4.streamlock.net/salvetv/ngrp:stream_720p_web/playlist.m3u8,,,,SalveTV.de@SD,,,,https://i.imgur.com/GhKjHMG.png,Undefined,,iptv-org-all.txt
Samaa TV (576p),http://103.250.28.74:8000/play/a022/index.m3u8,,,,SamaaTV.pk@SD,,,,https://i.imgur.com/r3U4A1P.png,Undefined,,iptv-org-all.txt
Samachar Plus 24x7 (576p),https://mumt05.tangotv.in/87NeALx2VERTENTSAMACHARPLUS/index.m3u8,,,,SamacharPlus24x7.in@SD,,,,https://jiotvimages.cdn.jio.com/dare_images/images/Samachar_Plus.png,News,,iptv-org-all.txt
Samarra TV,https://live.bradosti.net/live/samaraweb_playlist.m3u8,,,,SamarraTV.iq@SD,,,,https://i.imgur.com/7uQoIXi.png,Undefined,,iptv-org-all.txt
Samay Kolkata (1080p),https://server.livelegitpro.in/samaykolkata/samaykolkata/index.m3u8,,,,SamayKolkata.in@SD,,,,https://jiotvimages.cdn.jio.com/dare_images/images/Samay_Kolkata.png,News,,iptv-org-all.txt
Samiaki TV (540p) [Not 24/7],http://live.cast-control.eu:1935/samiaki/samiaki/playlist.m3u8,,,,SamiakiTV.gr@SD,,,,https://i.imgur.com/9Pf1we6.png,Undefined,,iptv-org-all.txt
Sampit TV (720p) [Not 24/7],https://sampit-tv.siar.us/live/sampit-tv.m3u8,,,,SampitTV.id@SD,,,,https://i.imgur.com/8cFJa8G.png,General,,iptv-org-all.txt
Sams Bar,https://jmp2.uk/plu-63e3b2cba99571000887a6ce.m3u8,,,,,,,,,Undefined,,iptv-org-all.txt
Samsung Wild Life (720p) [Geo-blocked],https://pb-olm46bexcljjf.akamaized.net/Samsung_Wild_Life.m3u8,,,,SamsungWildlife.us@SD,,,,https://i.imgur.com/x06npU2.png,Undefined,,iptv-org-all.txt
San Ignacio TV (720p),https://amixtv.live:3753/live/sitvlive.m3u8,,,,SanIgnacioTV.hn@SD,,,,https://i.ibb.co/XJNGsv0/903784d2b8df3f29a43579b78d4341d3.png,General,,iptv-org-all.txt
San Isidro TV (720p) [Not 24/7],https://5790d294af2dc.streamlock.net/expresooriental/expresooriental/playlist.m3u8,,,,SanIsidroTV.do@SD,,,,https://i.imgur.com/pwmJrsm.jpg,General,,iptv-org-all.txt
San José TV (1080p),https://rtmp.info/sanjosetv/envivo/playlist.m3u8,,,,SanJoseTV.cr@SD,,,,https://i.ibb.co/mbB8hqL/blanco-crop.png,Religious,,iptv-org-all.txt
San Luis +,https://stream.radiosmundiales.com/hls/sanluismas/sanluismas.m3u8,,,,SanLuisPlus.ar@SD,,,,https://i.imgur.com/bGoGiry.png,General,,iptv-org-all.txt
San Marino RTV (720p),https://d2hrvno5bw6tg2.cloudfront.net/smrtv-ch01/smil:ch-01.smil/chunklist.m3u8,,,,SanMarinoRTV.sm@SD,,,,https://i.imgur.com/ZJSWusT.png,Undefined,,iptv-org-all.txt
San Marino RTV Sport (720p),https://d2hrvno5bw6tg2.cloudfront.net/smrtv-ch02/smil:ch-02.smil/master.m3u8,,,,SanMarinoRTVSport.sm@SD,,,,https://i.imgur.com/PGm944g.png,Sports,,iptv-org-all.txt
San Nicolas TV (720p),https://v4.tustreaming.cl/sannicolastv/index.m3u8,,,,SanNicolasTV.cl@SD,,,,https://i.imgur.com/z94YCpH.png,General,,iptv-org-all.txt
San Pedro TV (1080p) [Not 24/7],https://iptv.ixfo.com.ar:30443/live/sanpedrotv/playlist.m3u8,,,,SanPedroTV.ar@SD,,,,https://i.imgur.com/UkpXogr.png,Undefined,,iptv-org-all.txt
San Vito Television,https://stream.lamegatv.com/hls/sanvitotelevision/index.m3u8,,,,SanVitoTelevision.cr@SD,,,,https://i.imgur.com/Yd7JOxr.png,Undefined,,iptv-org-all.txt
Sana Plus (1080p),https://mumbai-edge.smartplaytv.in/SanaPlusHD/index.m3u8,,,,SanaPlus.in@SD,,,,https://i.imgur.com/N6tKUZv.png,Music,,iptv-org-all.txt
Sana TV (1080p),https://vglivessai.akamaized.net/us/v1/master/611d79b11b77e2f571934fd80ca1413453772ac7/b6d9e864-ec16-410a-804d-ccf8f720bfaa/index.m3u8,,,,SanaTV.in@SD,,,,https://i.imgur.com/CR7DGBv.png,Entertainment,,iptv-org-all.txt
Sanctuary,https://jmp2.uk/plu-63eb57d6c111bc0008fe2658.m3u8,,,,PlutoTVSanctuary.us@SD,,,,https://i.imgur.com/Fu2jn2t.png,Series,,iptv-org-all.txt
Sandzak TV (576p),https://streaming.iptv.nextfiber.rs/nxt004/master.m3u8,,,,SandzakTV.rs@SD,,,,https://i.imgur.com/lm9Fgsp.png,Undefined,,iptv-org-all.txt
Sangat TV (576p),https://mumt06.tangotv.in/qYyB8fXVSANGATTV/index.m3u8,,,,SangatTV.uk@SD,,,,https://upload.wikimedia.org/wikipedia/en/c/c3/Sangat_TV_logo.png,Undefined,,iptv-org-all.txt
Sangeet Bangla (720p),https://cdn-4.pishow.tv/live/1143/master.m3u8,,,,SangeetBangla.in@SD,,,,https://ltsk-cdn.s3.eu-west-1.amazonaws.com/jumpstart/Temp_Live/cdn/HLS/Channel/transparentImages/Sangeet%20Bangla.png,Music,,iptv-org-all.txt
Sangeet Bhojpuri (1080p),http://103.213.31.109:90/SangeetBhojpuri/playlist.m3u8,,,,SangeetBhojpuri.in@SD,,,,https://dtil.tmsimg.com/assets/s143757_ld_h15_aa.png?lock=720x540,Music,,iptv-org-all.txt
Sangeet Marathi (720p),https://cdn-3.pishow.tv/live/1229/master.m3u8,,,,SangeetMarathi.in@SD,,,,https://xstreamcp-assets-msp.streamready.in/assets/LIVETV/LIVECHANNEL/LIVETV_LIVETVCHANNEL_SANGEET_MARATHI/images/LOGO_HD/image.png,Music,,iptv-org-all.txt
Sangkem TV,https://live.sangkemtv.com/memfs/sangkem.m3u8,,,,SangkemTV.kh@SD,,,,https://i.imgur.com/728fAcC.png,Religious,,iptv-org-all.txt
Sankara TV (576p),https://mumt05.tangotv.in/87NeALx2SRISANKARA/index.m3u8,,,,SankaraTV.in@SD,,,,https://i.imgur.com/2z0bDRD.png,Religious,,iptv-org-all.txt
Sankhya TV (720p),https://5c59fd5680a05.streamlock.net/live/_definst_/ngrp:SANKHYATV.stream_all/playlist.m3u8,,,,SankhyaTV.tt@SD,,,,https://i.ibb.co/Dgv6PvM/STV-NEW-LOGO-WITH-WHITE-SHADOW.png,Religious,,iptv-org-all.txt
Sankt-Peterburg HD (720p),https://stream.smotrim.ru/hls2/ext_spbtv/playlist_5.m3u8,,,,SanktPeterburg.ru@HD,,,,https://i.imgur.com/9At4oG7.png,Undefined,,iptv-org-all.txt
Sansad TV 1 HD (1080p),https://d2lk5u59tns74c.cloudfront.net/out/v1/fff8f20221d5456e8922e689d71dedc3/index.m3u8,,,,SansadTV1.in@HD,,,,https://xstreamcp-assets-msp.streamready.in/assets/LIVETV/LIVECHANNEL/LIVETV_LIVETVCHANNEL_SANSAD_TV_SYMHYP_1_HD/images/LOGO_HD/LOGO_HD_image.png,Legislative,,iptv-org-all.txt
Sansad TV 2 (1080p),https://d2lk5u59tns74c.cloudfront.net/out/v1/e4182054dce340da9e0ff38b6b3658a4/index.m3u8,,,,SansadTV2.in@HD,,,,https://dtil.tmsimg.com/assets/s143761_ld_h15_aa.png?lock=720x540,Legislative,,iptv-org-all.txt
Sansad TV 2,https://cdn-2.pishow.tv/live/39/master.m3u8,,,,SansadTV2.in@SD,,,,https://dtil.tmsimg.com/assets/s143761_ld_h15_aa.png?lock=720x540,Legislative,,iptv-org-all.txt
Sanskar TV (1080p),https://d26idhjf0y1p2g.cloudfront.net/out/v1/cd66dd25b9774cb29943bab54bbf3e2f/index.m3u8,,,,SanskarTV.in@SD,,,,https://xstreamcp-assets-msp.streamready.in/assets/LIVETV/LIVECHANNEL/LIVETV_LIVETVCHANNEL_SANSKAR/images/LOGO_HD/image.png,Culture;Religious,,iptv-org-all.txt
Sanskar UK (1080p),https://d34z4embz0hjf6.cloudfront.net/out/v1/7ac2789ff9a544a49337d1ffc54ce61c/index.m3u8,,,,SanskarUK.in@SD,,,,https://i.imgur.com/AU5vSPF.png,Religious,,iptv-org-all.txt
Sanskar USA (1080p),https://d2netiedy8cz3x.cloudfront.net/out/v1/9bf6fa4ac8d6432cb98da13b121ba3c2/index.m3u8,,,,SanskarUSA.in@SD,,,,https://i.imgur.com/5WBWruX.png,Religious,,iptv-org-all.txt
Sanskar Web TV (1080p),https://deatfcv3xdvi3.cloudfront.net/out/v1/7a43dd2f64e34ec28da1b4bd6923251a/index.m3u8,,,,SanskarWebTV.in@SD,,,,https://i.imgur.com/mu2B6hw.png,Religious,,iptv-org-all.txt
Santa Cecilia TV (1080p),https://5fb29de4928ea.streamlock.net/2063/2063/playlist.m3u8,,,,SantaCeciliaTV.br@SD,,,,https://i.imgur.com/KxYsq1d.png,Education,,iptv-org-all.txt
Santa Cruz TV (1080p) [Not 24/7],https://host.streamingnation.live/p/3345/hybrid/play.m3u8,,,,SantaCruzTV.do@HD,,,,https://santacruztv8.com/assets/images/logo.png,General,,iptv-org-all.txt
Santa Maria Community Television Education Channel (720p),https://livestream.telvue.com/santamariactv2/f7b44cfafd5c52223d5498196c8a2e7b.sdp/playlist.m3u8,,,,SMCTVChannel24.us@SD,,,,https://i.imgur.com/4Autljp.png,Education,,iptv-org-all.txt
Santa Maria Community Television Government Channel (720p),https://livestream.telvue.com/santamariactv1/f7b44cfafd5c52223d5498196c8a2e7b.sdp/playlist.m3u8,,,,SMCTVChannel23.us@SD,,,,https://i.imgur.com/J2SKPoY.png,Legislative,,iptv-org-all.txt
Santa Maria Community Television Public Access Channel (720p),https://livestream.telvue.com/santamariactv3/f7b44cfafd5c52223d5498196c8a2e7b.sdp/playlist.m3u8,,,,SMCTVChannel25.us@SD,,,,https://i.imgur.com/5jBOsTc.png,General,,iptv-org-all.txt
Santa María Televisión (720p) [Not 24/7],https://pantera1-100gb-cl-movistar.dps.live/smtv/smtv.smil/playlist.m3u8,,,,SantaMariaTelevision.cl@SD,,,,https://i.imgur.com/SnbGpoK.png,Undefined,,iptv-org-all.txt
Santa Monica City TV 20 (Santa Monica CA) (360p) [Not 24/7],https://cdn3.wowza.com/5/bGZUOHp2TnhudnM2/santamonica/G0039_002/playlist.m3u8,,,,CityTV20SantaMonica.us@SD,,,,https://i.imgur.com/NY4fOLy.png,Legislative,,iptv-org-all.txt
Santel TV,https://tv3.bitstreaming.net:3540/live/santeltvlive.m3u8,,,,SantelTV.co@SD,,,,https://i.imgur.com/jmJx0jo.png,Religious,,iptv-org-all.txt
Santiago TV (720p) [Not 24/7],https://edge.essastream.com/telemilenio/playlist.m3u8,,,,SantiagoTV.do@SD,,,,https://i.imgur.com/10SUxGZ.png,General,,iptv-org-all.txt
Santvani Channel (576p),https://cdn-2.pishow.tv/live/475/master.m3u8,,,,SantvaniChannel.in@SD,,,,https://dtil.tmsimg.com/assets/s143763_ld_h15_aa.png?lock=720x540,Undefined,,iptv-org-all.txt
Saphire (1080p),http://77.232.131.211/Sapfir/manifest.m3u8,,,,Saphire.ru@SD,,,,https://i.imgur.com/NMOBvle.png,Series,,iptv-org-all.txt
Sarafan (576p),http://stream.mcquack.net/81/index.m3u8,,,,Sarafan.ru@SD,,,,https://i.imgur.com/u4q1rMT.png,Undefined,,iptv-org-all.txt
Saraounia TV,https://live20.bozztv.com/dvrfl06/astv/astv-saraouna/index.m3u8,,,,SaraouniaTV.ne@SD,,,,https://i.imgur.com/O8XIcpH.png,News,,iptv-org-all.txt
Sarapiqui TV (720p) [Not 24/7],http://tiquiciatv.com:1935/stv/web/playlist.m3u8,,,,SarapiquiTV.cr@SD,,,,https://i.imgur.com/obTnd32.png,General,,iptv-org-all.txt
Sarbedaran,https://ncdn.telewebion.ir/sarbedaran/live/playlist.m3u8,,,,SarbedaranTV.ir@SD,,,,https://static.telewebion.com/channelsLogo/ad6e035d-4215-4d88-a25e-da6ff8e0526f/default,Undefined,,iptv-org-all.txt
Sardari TV (1080p) [Not 24/7],http://158.69.124.9:1935/sardaritv/sardaritv/playlist.m3u8,,,,SardariTV.ca@SD,,,,,Undefined,,iptv-org-all.txt
Sarv Dharam Sangam (576p),http://103.72.101.252:8080/live/972.m3u8,,,,SarvDharamSangam.in@SD,,,,https://xstreamcp-assets-msp.streamready.in/assets/LIVETV/LIVECHANNEL/LIVETV_LIVETVCHANNEL_SARV_DHARAM_SANGAM/images/LOGO_HD/image.png,Undefined,,iptv-org-all.txt
Saryarqa (720p) [Not 24/7],https://stream.kaztrk.kz/regional/karagandytv/index.m3u8,,,,Saryarqa.kz@SD,,,,https://i.imgur.com/EIXwi1c.png,General,,iptv-org-all.txt
SAS TV (720p),https://cdn.streamhispanatv.net:3390/live/sastvgtlive.m3u8,,,,SASTV.gt@SD,,,,https://i.imgur.com/VShjB3o.png,Entertainment,,iptv-org-all.txt
Sat 7 Arabic (240p),https://svs.itworkscdn.net/sat7arabiclive/sat7arabic.smil/playlist_dvr.m3u8,,,,Sat7Arabic.cy@SD,,,,https://i.imgur.com/BzDjQeQ.png,Undefined,,iptv-org-all.txt
Sat 7 Kids (1080p),https://svs.itworkscdn.net/sat7kidslive/sat7kids.smil/playlist_dvr.m3u8,,,,Sat7Kids.cy@SD,,,,https://i.imgur.com/M0ik0i2.png,Kids;Religious,,iptv-org-all.txt
Sat7 Pars,https://sat7phls.wns.live/hls/stream.m3u8,,,,Sat7Pars.cy@SD,,,,https://i.imgur.com/VTLQeul.png,Religious,,iptv-org-all.txt
Sat7 Türk (1080p),https://live.artidijitalmedya.com/artidijital_sat7turk/sat7turk/playlist.m3u8,,,,Sat7Turk.cy@SD,,,,https://i.imgur.com/cKQIK4i.png,Undefined,,iptv-org-all.txt
SAT.1 Gold (576p),https://dash4.antik.sk/live/test_sat_eins_gold_tizen/playlist.m3u8,,,,SAT1Gold.de@SD,,,,https://upload.wikimedia.org/wikipedia/commons/thumb/6/6d/Sat.1_Gold_Logo_2019.svg/960px-Sat.1_Gold_Logo_2019.svg.png,Undefined,,iptv-org-all.txt
Satranç TV (480p) [Not 24/7],http://139.162.182.79/live/test/index.m3u8,,,,BricveSatrancTV.tr@SD,,,,https://i.imgur.com/TXDV1ty.png,Undefined,,iptv-org-all.txt
Satsang TV (1080p),https://d2vfwvjxwtwq1t.cloudfront.net/out/v1/6b24239d5517495b986e7705490c6e65/index.m3u8,,,,SatsangTV.in@SD,,,,https://xstreamcp-assets-msp.streamready.in/assets/LIVETV/LIVECHANNEL/LIVETV_LIVETVCHANNEL_SATSANG/images/LOGO_HD/image.png,Religious,,iptv-org-all.txt
Satsang Web TV (1080p),https://d1ji7e9jbzm5g8.cloudfront.net/out/v1/769f22f64d80442889306b9c4abea63c/index.m3u8,,,,SatsangWebTV.in@SD,,,,https://i.imgur.com/40kNu1w.png,Religious,,iptv-org-all.txt
Saudi Thaqafiya TV (1080p),https://shd-gcp-live.edgenextcdn.net/live/bitmovin-thaqafeyyah/28c0d2a20dbf1dc049ce15d3973f494b/index.m3u8,,,,SaudiThaqafiyaTV.sa@SD,,,,https://shahid.mbc.net/mediaObject/55f69983-5b4b-47c7-9c25-06ed5ad860a4?height=auto&width=512&croppingPoint=&version=1&type=jpeg,Culture,,iptv-org-all.txt
Saudia Radio (1080p),https://live.kwikmotion.com/sbrksasaudiaradiolive/srpksasaudiaradio/playlist.m3u8,,,,SaudiaRadio.sa@SD,,,,https://aloula.faulio.com/storage/mediagallery/32/f9/fullhd_4c7e170fe0169d36ed17d45a645d4e69fb961793.png,Undefined,,iptv-org-all.txt
Savane TV,https://savane24.tv:5443/LiveApp/streams/Y4fyif69Q0ll6MeH2190896734859843.m3u8,,,,SavaneTV.bf@SD,,,,https://i.imgur.com/mv3S1Zc.png,General,,iptv-org-all.txt
Saved by the Bell (1080p),https://xumo-xumoent-vc-111-0pd1g.fast.nbcuni.com/live/master.m3u8,,,,,,,,,Undefined,,iptv-org-all.txt
Saving Hope,https://jmp2.uk/plu-666fe4768768aa0008c31ddf.m3u8,,,,,,,,,Undefined,,iptv-org-all.txt
Sayare TV (720p) [Not 24/7],https://goliveafrica.media:9998/live/636dedfa327d7/index.m3u8,,,,SayareTV.ke@SD,,,,https://i.imgur.com/M2Fnxj7.png,Religious,,iptv-org-all.txt
SBB TV,https://cdn-th-vip2.livestreaming.in.th/watsanghathan/watsanghathan/playlist.m3u8,,,,SBBTV.th@SD,,,,https://i.imgur.com/B1tyK1Z.png,Undefined,,iptv-org-all.txt
SBC (1080p),https://shd-gcp-live.edgenextcdn.net/live/bitmovin-sbc/90e09c0c28db26435799b4a14892a167/index.m3u8,,,,SBC.sa@SD,,,,https://i.imgur.com/9JSQglj.png,General,,iptv-org-all.txt
SBC TV (720p) [Not 24/7],http://cdn.mediavisionuae.com:1935/live/sbctv.stream/playlist.m3u8,,,,SBCTV.so@SD,,,,https://i.imgur.com/VLhgTIA.png,General,,iptv-org-all.txt
SBN TV (720p),https://watch.sardius.media/channels/Ea867F3e1F56B06/site_c5402f016A/live.m3u8,,,,SBNTV.us@SD,,,,https://i.imgur.com/tspT2dF.png,Religious,,iptv-org-all.txt
SBN TV Global (720p),https://watch.sardius.media/channels/Ea867F3e1F56B06/site_8D363D13Eb/live.m3u8,,,,SBNTVGlobal.us@SD,,,,https://i.imgur.com/NJu6oYB.png,Religious,,iptv-org-all.txt
SBN TV International (720p),https://watch.sardius.media/channels/Ea867F3e1F56B06/site_09a4778E89/live.m3u8,,,,SBNTVInternational.us@SD,,,,https://i.imgur.com/NJu6oYB.png,Religious,,iptv-org-all.txt
SBS6 Classics (1080p) [Geo-blocked],https://sbs6classic.prd1.talpatvcdn.nl/v1/master/8ada1ed2ae3b9c3db6fc5e604cfa78fc7d2d745e/sbs6classic_ssai/fea54560ba684701a2143f33a9cf4489/index.m3u8,,,,SBS6Classics.nl@HD,,,,https://upload.wikimedia.org/wikipedia/commons/8/8d/SBS_6_logo_2013.png,Entertainment,,iptv-org-all.txt
SBS CJB (540p) [Not 24/7],http://1.222.207.80:1935/live/cjbtv/playlist.m3u8,,,,HLDRDTV.kr@SD,,,,https://i.imgur.com/zVunmpQ.png,General,,iptv-org-all.txt
SBS G1 (360p) [Not 24/7],http://61.82.49.4:1935/live/_definst_/tv.stream/playlist.m3u8,,,,HLCGDTV.kr@SD,,,,https://i.imgur.com/ABdmZMc.png,General,,iptv-org-all.txt
SBS JIBS (720p) [Not 24/7],http://123.140.197.22/stream/1/play.m3u8,,,,HLKJDTV.kr@SD,,,,https://i.imgur.com/iAz0Psw.png,General,,iptv-org-all.txt
SBS JTV (406p) [Not 24/7],http://61.85.197.53:1935/jtv_live/myStream/playlist.m3u8,,,,HLDQDTV.kr@SD,,,,https://i.imgur.com/byss0Ld.png,General,,iptv-org-all.txt
SBS KBC (1080p) [Not 24/7],https://vod.ikbc.co.kr/KBCTV/tv/playlist.m3u8,,,,HLDHDTV.kr@SD,,,,https://i.imgur.com/Srsw4Mi.png,General,,iptv-org-all.txt
SBS KNN (1080p) [Not 24/7],https://stream1.knn.co.kr/hls/9ly4534y7dm2xfa123r2_tv/index.m3u8,,,,HLDGDTV.kr@SD,,,,https://i.imgur.com/gaBq1Lz.png,General,,iptv-org-all.txt
SBS TBC (540p) [Geo-blocked] [Not 24/7],http://203.251.91.122:1935/on-air-Backup/tv/playlist.m3u8,,,,HLDEDTV.kr@SD,,,,https://i.imgur.com/jknoVmp.png,General,,iptv-org-all.txt
SBS UBC (540p) [Not 24/7],https://stream.ubc.co.kr/hls/ubctvstream/index.m3u8,,,,HLDPDTV.kr@SD,,,,https://i.imgur.com/BBCoqIf.png,General,,iptv-org-all.txt
SBS WorldWatch,http://44.32.200.142:5004/auto/v35,,,,SBSWorldWatch.au@Sydney,,,,https://i.imgur.com/gCKMxrW.png,News,,iptv-org-all.txt
SBT Cuiaba,https://video09.logicahost.com.br/sbtcuiaba/sbtcuiaba/playlist.m3u8,,,,SBTCuiaba.br@SD,,,,https://i.imgur.com/EZJWQ3i.png,General,,iptv-org-all.txt
SBT Interior (720p),https://cdn.jmvstream.com/w/LVW-10801/LVW10801_Xvg4R0u57n/playlist.m3u8,,,,SBTInterior.br@SD,,,,https://i.imgur.com/IkZfa4j.png,General,,iptv-org-all.txt
SBT Kids (1080p) [Geo-blocked],https://8994803e454548319ffc0775bc04e0c1.mediatailor.us-east-1.amazonaws.com/v1/master/215c0da80606fed29372070168106400a6ca7e1a/SSAI-TVZyn/index.m3u8,,,,SBTKids.br@SD,,,,https://upload.wikimedia.org/wikipedia/pt/1/19/SBTKids2026.png,Kids,,iptv-org-all.txt
SBT Nacional (720p),http://45.190.28.50/SBT_HD/index.m3u8,,,,SBTNacional.br@SD,,,,https://i.imgur.com/tc1ALuu.png,Undefined,,iptv-org-all.txt
SBT News (720p),https://dai.google.com/linear/hls/event/1XSOdtQ0SH2G8OEmEfGgjQ/master.m3u8,,,,SBTNews.br@SD,,,,https://upload.wikimedia.org/wikipedia/commons/4/42/SBT_News_2025.svg,News,,iptv-org-all.txt
SBT Nova Mutum,https://video09.logicahost.com.br/sbtmutum/sbtmutum/playlist.m3u8,,,,SBTNovaMutum.br@SD,,,,https://upload.wikimedia.org/wikipedia/pt/d/d0/Logotipo_do_SBT_Nova_Mutum.png,Undefined,,iptv-org-all.txt
SBT Rondonopolis,https://video09.logicahost.com.br/sbtroo/sbtroo/playlist.m3u8,,,,SBTRondonopolis.br@SD,,,,https://upload.wikimedia.org/wikipedia/pt/d/d5/Logotipo_do_SBT_Rondon%C3%B3polis.png,Undefined,,iptv-org-all.txt
SBT TV,http://122.155.12.107:1935/live/sbt_tv_aac_300/playlist.m3u8,,,,SBTTV.th@SD,,,,https://i.imgur.com/rmNDylW.png,Undefined,,iptv-org-all.txt
SBTV (1080p) [Not 24/7],https://live.leveex.hr/hls/live.m3u8,,,,SBTV.hr@SD,,,,https://i.imgur.com/MIampxZ.png,General,,iptv-org-all.txt
SC Currents,https://reflect-communitytv.cablecast.tv/live-5/live/stream-3/live.m3u8,,,,SCCurrents.us@SD,,,,https://i.imgur.com/8FZsNyK.png,News,,iptv-org-all.txt
Scare Tactics,https://jmp2.uk/plu-6874ad2f3484d60732267ba8.m3u8,,,,,,,,,Undefined,,iptv-org-all.txt
Scares by Shudder,https://amc-scaresbyshudder-1-us.xumo.wurl.tv/playlist.m3u8,,,,,,,,,Undefined,,iptv-org-all.txt
Schie TV (576i),https://d2n2i1jp4j20kw.cloudfront.net/nlpo/clr-nlpo/schietv/index.m3u8,,,,SchieTV.nl@SD,,,,https://i.imgur.com/kt4Aqvq.png,Undefined,,iptv-org-all.txt
Schitt’s Creek Channel (1080p) [Geo-blocked],https://amagi-streams.akamaized.net/hls/live/2120484/schittscreek/master.m3u8,,,,,,,,,Undefined,,iptv-org-all.txt
Schladming-Dachstein TV (720p),https://m317.video-stream-hosting.de/gzSoftware-live/_definst_/smil:livestream.smil/playlist.m3u8,,,,SchladmingDachsteinTV.at@SD,,,,https://i.ibb.co/VjnzhMM/Logo-Schl-Dachstein-TV-HP-JPG.jpg,Travel,,iptv-org-all.txt
Schlosshotel Orth,https://jmp2.uk/plu-69b01641a9b840a456a11c18.m3u8,,,,,,,,,Undefined,,iptv-org-all.txt
Schnell ermittelt,https://jmp2.uk/plu-69b968a58323ef2714d1aa36.m3u8,,,,,,,,,Undefined,,iptv-org-all.txt
Schwab Network (1080p),https://content.uplynk.com/channel/f9aafa1f132e40af9b9e7238bc18d128.m3u8,,,,SchwabNetwork.us@SD,,,,https://i.imgur.com/zmQnKV6.png,Business,,iptv-org-all.txt
Sci-Fi World (1080p),https://streams2.sofast.tv/v1/master/611d79b11b77e2f571934fd80ca1413453772ac7/a985e052-6868-4365-ac45-52afe9008b25/manifest.m3u8,,,,,,,,,Undefined,,iptv-org-all.txt
Scientology Network (1080p),https://stream6.scientology.org/master.m3u8,,,,ScientologyNetwork.us@SD,,,,https://i.imgur.com/HOYF8NA.png,Undefined,,iptv-org-all.txt
Scientology Network KSCN-DT1,https://stream-losangeles.scientology.org/master.m3u8,,,,KSCNTV221.us@HD,,,,https://i.imgur.com/HFmkjiR.png,Undefined,,iptv-org-all.txt
Scientology Network WFTT-DT1,https://stream-tampa.scientology.org/master.m3u8,,,,WFTTTV621.us@HD,,,,https://i.imgur.com/HFmkjiR.png,Undefined,,iptv-org-all.txt
SciFi (720p),http://41.205.93.154/SYFY/index.m3u8,,,,SciFi.fr@HD,,,,https://upload.wikimedia.org/wikipedia/commons/d/d1/SciFi_2026.svg,Entertainment,,iptv-org-all.txt
Scorch TV (1080p),https://w6oy7x7jlxrg-hls-live.5centscdn.com/MandETV/955ad3298db330b5ee880c2c9e6f23a0.sdp/playlist.m3u8,,,,ScorchTV.tt@SD,,,,https://i.imgur.com/CNszwj1.png,Music,,iptv-org-all.txt
Scorpion,https://jmp2.uk/plu-63d000ef4e83e700086e0d6c.m3u8,,,,Scorpion.de@GB,,,,https://images.pluto.tv/channels/63d000ef4e83e700086e0d6c/colorLogoPNG.png,Series,,iptv-org-all.txt
Scorpion,https://jmp2.uk/plu-63a1caefc8d285000799e8af.m3u8,,,,Scorpion.se@DK,,,,https://images.pluto.tv/channels/63a1caefc8d285000799e8af/colorLogoPNG.png,Series,,iptv-org-all.txt
Scorpion,https://jmp2.uk/plu-63a1c959d9dd51000825d659.m3u8,,,,Scorpion.se@NO,,,,https://images.pluto.tv/channels/63a1caefc8d285000799e8af/colorLogoPNG.png,Series,,iptv-org-all.txt
Scorpion,https://jmp2.uk/plu-63a1c9c2847a090007f248da.m3u8,,,,Scorpion.se@SE,,,,https://images.pluto.tv/channels/63a1caefc8d285000799e8af/colorLogoPNG.png,Series,,iptv-org-all.txt
Screen Dreams (720p),https://stream-us-east-1.getpublica.com/playlist.m3u8?network_id=2240,,,,ScreenDreams.us@SD,,,,https://i.imgur.com/AHIo9oz.png,Relax,,iptv-org-all.txt
Scripps News (1080p),https://aegis-cloudfront-1.tubi.video/7e1c26b7-7975-4240-9a4f-480eaa8f3ea4/playlist.m3u8,,,,ScrippsNews.us@SD,,,,https://i.imgur.com/W0Jvi5o.png,News,,iptv-org-all.txt
SCTV2 (720p),https://liveh12.vtvprime.vn/hls/SCTV2/index.m3u8,,,,SCTV2.vn@SD,,,,https://i.imgur.com/8i5DXIg.png,Undefined,,iptv-org-all.txt
SCTV3 (720p),https://vtvgolive-sctvdrm.vtvdigital.vn/bsod999cuteptgyoutuber/1234567890/manifest/sctv3/master.m3u8,,,,SCTV3.vn@SD,,,,https://i.imgur.com/tfk298I.png,Undefined,,iptv-org-all.txt
SCTV4 (720p),https://vtvgolive-sctvdrm.vtvdigital.vn/manifest/sctv4/master.m3u8,,,,SCTV4.vn@SD,,,,https://i.imgur.com/qkZhzQq.png,Undefined,,iptv-org-all.txt
SCTV5 (720p),https://liveh34.vtvprime.vn/hls/SCTV5/01.m3u8?note=TheWavesIPTV,,,,SCTV5.vn@HD,,,,https://i.imgur.com/FYLs4yu.png,Undefined,,iptv-org-all.txt
SCTV6 (1080p) [Geo-blocked],https://live.fptplay53.net/epzhd2/film360_vhls.smil/chunklist.m3u8,,,,SCTV6.vn@SD,,,,https://i.imgur.com/2oOVS42.png,Undefined,,iptv-org-all.txt
SCTV7 (720p),https://vtvgolive-sctvdrm.vtvdigital.vn/manifest/sctv7/master.m3u8,,,,SCTV7.vn@SD,,,,https://i.imgur.com/xbIUZYd.png,Undefined,,iptv-org-all.txt
SCTV9 (720p),https://vtvgolive-sctvdrm.vtvdigital.vn/manifest/sctv9/master.m3u8,,,,SCTV9.vn@SD,,,,https://i.imgur.com/OJMbhow.png,Undefined,,iptv-org-all.txt
SCTV11 (720p),https://vtvgolive-sctvdrm.vtvdigital.vn/manifest/sctv11/master.m3u8,,,,SCTV11.vn@SD,,,,https://i.imgur.com/ZmFfy9o.png,Undefined,,iptv-org-all.txt
SCTV12 (720p),https://vtvgolive-sctvdrm.vtvdigital.vn/manifest/sctv12/master.m3u8,,,,SCTV12.vn@SD,,,,https://i.imgur.com/5pDFkH0.png,Undefined,,iptv-org-all.txt
SCTV13 (720p),https://vtvgolive-sctvdrm.vtvdigital.vn/manifest/sctv13/master.m3u8,,,,SCTV13.vn@SD,,,,https://i.imgur.com/aoz1iDw.png,Undefined,,iptv-org-all.txt
SCTV14 (720p),https://vtvgolive-sctvdrm.vtvdigital.vn/manifest/sctv14/master.m3u8,,,,SCTV14.vn@SD,,,,https://i.imgur.com/rIqmRNK.png,Undefined,,iptv-org-all.txt
SCTV16 (720p),https://vtvgolive-sctvdrm.vtvdigital.vn/manifest/sctv16/master.m3u8,,,,SCTV16.vn@SD,,,,https://i.imgur.com/ldCYtvt.png,Undefined,,iptv-org-all.txt
SCTV18 (720p),https://vtvgolive-sctvdrm.vtvdigital.vn/manifest/sctv18/master.m3u8,,,,SCTV18.vn@SD,,,,https://i.imgur.com/FfUSlgI.png,Undefined,,iptv-org-all.txt
SCTV19 (720p),https://vtvgolive-sctvdrm.vtvdigital.vn/manifest/sctv19/master.m3u8,,,,SCTV19.vn@SD,,,,https://i.imgur.com/yBAFZRs.png,Undefined,,iptv-org-all.txt
SCTV20 (720p),https://vtvgolive-sctvdrm.vtvdigital.vn/manifest/sctv20/master.m3u8,,,,SCTV20.vn@SD,,,,https://i.imgur.com/7ABZhfZ.png,Undefined,,iptv-org-all.txt
SCVTV (Santa Clarita CA) (1080p),https://reflect-scvtv.cablecast.tv/live-2/live/live.m3u8,,,,SCVTV.us@SD,,,,https://i.imgur.com/qEsZbZz.png,General,,iptv-org-all.txt
Se og Hør – rød løber,https://jmp2.uk/plu-67334bed030a2c000805e414.m3u8,,,,,,,,,Undefined,,iptv-org-all.txt
Sea Patrol,https://jmp2.uk/plu-688735087b2cf33d01a2d411.m3u8,,,,,,,,,Undefined,,iptv-org-all.txt
Seaquest,https://jmp2.uk/plu-69b14863dd687227e1e4b6b2.m3u8,,,,,,,,,Undefined,,iptv-org-all.txt
SEATV (1080p),https://seatv.netlinkbroadcaster.com/hls/test.m3u8,,,,SEATV.kh@SD,,,,https://i.imgur.com/oZPorvg.png,Undefined,,iptv-org-all.txt
SEC Network (1080p),http://23.237.104.106:8080/USA_SEC_NETWORK/index.m3u8,,,,SECNetwork.us@SD,,,,https://upload.wikimedia.org/wikipedia/commons/thumb/b/b9/SEC_Network_logo.svg/960px-SEC_Network_logo.svg.png,Undefined,,iptv-org-all.txt
Seenluft24 (1080p),https://h056.video-stream-hosting.de/easycast7-live/_definst_/mp4:livestreamhd20/playlist.m3u8?ref=,,,,Seenluft24.de@SD,,,,https://i.imgur.com/3TgBg9v.jpg,Undefined,,iptv-org-all.txt
SelangorTV (1080p),https://live.mana2.my/SelangorTv/index.m3u8?auth_key=1745177902-0210d7bbc24749879b1c370bfbd2b512-0-1a02652c616fd55ef43edbcf07d9c7dd&token=1745177902-0210d7bbc24749879b1c370bfbd2b512-0-1a02652c616fd55ef43edbcf07d9c7dd,,,,SelangorTV.my@SD,,,,https://www.selangor.gov.my/selangor/resources/Image/LOGO/SelangorTV.png,General,,iptv-org-all.txt
Semarang TV (720p),http://116.254.112.74/hls/cakralive.m3u8,,,,SemarangTV.id@SD,,,,https://i.imgur.com/KFC2WSB.png,Undefined,,iptv-org-all.txt
Semerkand TV (1080p) [Not 24/7],https://b01c02nl.mediatriple.net/videoonlylive/mtisvwurbfcyslive/broadcast_58d915bd40efc.smil/playlist.m3u8,,,,SemerkandTV.tr@SD,,,,https://i.imgur.com/UVGGrQd.png,Undefined,,iptv-org-all.txt
Semillitas TV (576p),http://45.5.117.99:8000/play/a0g3/index.m3u8,,,,SemillitasTV.us@SD,,,,https://i.imgur.com/u3yujUd.png,Undefined,,iptv-org-all.txt
Semnan,https://ncdn.telewebion.ir/semnan/live/playlist.m3u8,,,,SemnanTV.ir@SD,,,,https://upload.wikimedia.org/wikipedia/fa/3/35/Semnan_TV.png,Undefined,,iptv-org-all.txt
Senal Colombia (1080p),http://209.14.115.253:8081/SENALCOLOMBIA/index.m3u8,,,,SenalColombia.co@SD,,,,https://i.imgur.com/Y9x16vl.png,General,,iptv-org-all.txt
Senal Digital TV [Not 24/7],https://soportedvb.click:3494/live/senaldigitaltvlive.m3u8,,,,SenalDigitalTV.do@HD,,,,https://imgur.com/KGqUu1X.jpg,General,,iptv-org-all.txt
Señal España (XHUNES-TDT) (720p),https://tv91.hostingnuclear.com:19360/xhunestv/xhunestv.m3u8,,,,XHUNESTDT.mx@SD,,,,https://i.imgur.com/LbZkdca.png,Education,,iptv-org-all.txt
Señal Perú TV (404p) [Not 24/7],https://livestream.perucast.com/hls/stream.m3u8,,,,SenalPeruTV.pe@SD,,,,https://i.imgur.com/1q0R6R9.png,Undefined,,iptv-org-all.txt
Senal U,https://live20.bozztv.com/giatv/giatv-canal30tda/canal30tda/chunks.m3u8,,,,SenalU.ar@SD,,,,https://i.ibb.co/yBYcKTj/Senal-U-Uncuyo-en-vivo-Online.png,Culture,,iptv-org-all.txt
Senales TV,https://live.dionelysterrero.com/senalestv/stream.m3u8,,,,SenalesTV.do@SD,,,,https://i.imgur.com/7Zr79F2.png,Lifestyle,,iptv-org-all.txt
Senato TV (1080p),https://senato-live.morescreens.com/SENATO_1_001/playlist.m3u8,,,,SenatoTV.it@SD,,,,https://i.imgur.com/h4NyN5d.png,Legislative,,iptv-org-all.txt
Sender Neu Jerusalem (576p),https://bild-und-ton.stream/snj-de/snj-de.smil/.m3u8,,,,SenderNeuJerusalem.de@SD,,,,,Undefined,,iptv-org-all.txt
Seneweb TV [Geo-blocked],https://vdo2.pro-fhi.net:3297/stream/play.m3u8,,,,SenewebTV.sn@SD,,,,https://i.imgur.com/i9P2qjs.png,General,,iptv-org-all.txt
Senillosa TV,https://player.videohost.click/senillosatv/senillosatv/playlist.m3u8,,,,SenillosaTV.ar@SD,,,,https://yt3.ggpht.com/ytc/AKedOLTrvk7gv0uCQ8QdGREqv6Rtzm4F6UMetdxKub6D=s400-c-k-c0x00ffffff-no-rj,Undefined,,iptv-org-all.txt
SenJeunes TV (480p) [Not 24/7],https://stream.sen-gt.com/senjeunestv/myStream/playlist.m3u8,,,,SenJeunesTV.sn@SD,,,,https://i.imgur.com/MeCSPsI.jpg,General,,iptv-org-all.txt
SensaCine TV x Pluto,https://jmp2.uk/plu-676e7b4a4bd636000819c6a7.m3u8,,,,SensaCineTVxPluto.de@ES,,,,https://images.pluto.tv/channels/676e7b4a4bd636000819c6a7/colorLogoPNG_1748957675934.png,Movies,,iptv-org-all.txt
Sensacion Costa,https://tvcosta.gleeze.com/memfs/4d48db09-0b1e-4803-8da7-22be388bdd7e.m3u8,,,,SensacionCosta.cl@SD,,,,https://i.imgur.com/oYQoWAB.png,Music,,iptv-org-all.txt
Senses TV (1080p),http://31.14.41.69:8080/hls/sensesonline/index.m3u8,,,,SensesTV.lb@SD,,,,https://i.imgur.com/hnTx8eK.png,Undefined,,iptv-org-all.txt
Sensical Jr (1080p),https://d1p10fe1a9f857.cloudfront.net/Sensical_Jr.m3u8,,,,,,,,,Undefined,,iptv-org-all.txt
Sensical Makers (1080p),https://d2dxg18pxtlgy0.cloudfront.net/Sensical_Makers.m3u8,,,,,,,,,Undefined,,iptv-org-all.txt
Sensing Murder,https://jmp2.uk/plu-5e9ed47c26ebb000074af566.m3u8,,,,SensingMurder.us@UK,,,,https://i.imgur.com/HYEABSt.png,Documentary,,iptv-org-all.txt
Sent TV Global Network Atlanta (SGTN-49) (720p),https://rpn.bozztv.com/gusa/gusa-stgn/index.m3u8,,,,SGTN49.us@SD,,,,https://i.imgur.com/4fbJRWW.png,General,,iptv-org-all.txt
Senzi (720p),http://lb.streaming.sk/senzi/stream/playlist.m3u8,,,,Senzi.sk@SD,,,,https://i.imgur.com/1qJMmBu.png,Undefined,,iptv-org-all.txt
Sepehr,https://ncdn.telewebion.ir/sepehr/live/playlist.m3u8,,,,SepehrTV.ir@SD,,,,https://upload.wikimedia.org/wikipedia/commons/thumb/5/59/Sepehrtv.png/960px-Sepehrtv.png,Undefined,,iptv-org-all.txt
Seraphim TV [Not 24/7],https://restream.churchtv247.co.za/Apostle/Hggc@24/1.m3u8,,,,SeraphimTV.za@SD,,,,https://i.imgur.com/MfeKk07.png,Religious,,iptv-org-all.txt
Sercano TV (720p) [Not 24/7],http://stream.grupoabchn.com:1935/SERCANOHD/SERCANOLive.smil/playlist.m3u8,,,,SercanoTV.hn@SD,,,,https://pbs.twimg.com/profile_images/972873782972076032/6cacahDX_400x400.jpg,Undefined,,iptv-org-all.txt
Sercem TV (1080p),https://canli.sercemtv.com.tr/hls/0/stream.m3u8,,,,SercemTV.tr@HD,,,,https://sercemtv.com.tr/sercemlogo.jpg,Culture;General;Religious,,iptv-org-all.txt
Serially Crime (720p),https://ixmediasrl-seriallycrime-1-it.rakuten.wurl.tv/playlist.m3u8,,,,,,,,,Undefined,,iptv-org-all.txt
Serie Club (720p),http://145.239.5.177/355/index.m3u8,,,,SerieClub.fr@SD,,,,https://i.imgur.com/V8wRRg5.png,Undefined,,iptv-org-all.txt
Serie Max,https://video1.getstreamhosting.com:1936/8330/8330/playlist.m3u8,,,,SerieMax.ci@SD,,,,https://i.imgur.com/GaRQXHT.png,Series,,iptv-org-all.txt
Series by Pluto TV,https://jmp2.uk/plu-5f8ed2d1c34c2300073bf02c.m3u8,,,,SeriesbyPlutoTV.de@FR,,,,https://images.pluto.tv/channels/5f8ed2d1c34c2300073bf02c/colorLogoPNG_1775048963457.png,Series,,iptv-org-all.txt
Series Classic (720p),https://cdn-tiva-video10-logicahost-com-br.smartbit.co/serieclassic/serieclassic/playlist.m3u8,,,,SeriesClassic.br@SD,,,,https://storage.googleapis.com/soultv-prod-media/media/img/mobile/featured/bg_mobile.jpg,Series,,iptv-org-all.txt
Series K Edge (1080p),https://d3mznj2vub522l.cloudfront.net/playlist.m3u8,,,,,,,,,Undefined,,iptv-org-all.txt
Series K Heart (1080p),https://d28efmnqar6ea8.cloudfront.net/playlist.m3u8,,,,,,,,,Undefined,,iptv-org-all.txt
Series K Legacy (1080p),https://d2uvezlpjwbhrx.cloudfront.net/playlist.m3u8,,,,,,,,,Undefined,,iptv-org-all.txt
Sertão TV (720p),http://wz4.dnip.com.br/sertaotv/sertaotv.sdp/playlist.m3u8,,,,SertaoTV.br@SD,,,,https://i.imgur.com/b5xOCsC.png,General,,iptv-org-all.txt
ServusTV (1080p) [Geo-blocked],https://stv-live.akamaized.net/hls/live/2031011/lingeoSTVATwebPri/master.m3u8,,,,ServusTV.at@SD,,,,https://i.imgur.com/6W637Gn.png,Movies,,iptv-org-all.txt
SESC TV (1080p),https://slbps-ml-sambatech.akamaized.net/samba-live/2472/7424/8a00fe7cc36ac263b2c3e9324497d5ff/video/93a9920d-1b24-4c5e-a7d2-63d5489f59b5_index.m3u8,,,,SESCTV.br@SD,,,,https://i.imgur.com/Mu8O6CV.png,Undefined,,iptv-org-all.txt
SET Televisión Canal 26.1 (720p) [Not 24/7],https://5d0d1d7a6be9e.streamlock.net/sicom/canal1/playlist.m3u8,,,,XHPBZCTDT1.mx@SD,,,,https://i.imgur.com/dbJKErB.png,Undefined,,iptv-org-all.txt
SET Televisión Canal 26.2 (720p) [Not 24/7],https://5d0d1d7a6be9e.streamlock.net/sicom/canal2/playlist.m3u8,,,,XHPBZCTDT2.mx@SD,,,,https://i.imgur.com/dbJKErB.png,Education,,iptv-org-all.txt
Setareh TV,https://setarehhls.wns.live/hls/stream.m3u8,,,,SetarehTV.uk@HD,,,,https://www.setareh.tv/images/logo/logo.webp,Undefined,,iptv-org-all.txt
Settimo Cielo,https://jmp2.uk/plu-6245d3792792150007e20634.m3u8,,,,,,,,,Undefined,,iptv-org-all.txt
Seven Channel (720p) [Not 24/7],https://xykt-fix.github.io/liveh42-syhtv-mn/7Channel_HD/03.m3u8,,,,SevenChannel.mn@SD,,,,https://i.imgur.com/9Ld5ATz.png,General,,iptv-org-all.txt
Sevilla FC TV (360p) [Not 24/7],https://open.http.mp.streamamg.com/p/3001314/sp/300131400/playManifest/entryId/0_ye0b8tc0/format/applehttp/protocol/https/uiConfId/30026292/a.m3u8,,,,SevillaFCTV.es@SD,,,,https://i.imgur.com/yujGVbm.png,Undefined,,iptv-org-all.txt
Sevimli TV (1080p),https://stream8.cinerama.uz/1017/tracks-v1a1/playlist.m3u8,,,,SevimliTV.uz@SD,,,,https://i.imgur.com/iMwzRlr.png,Family,,iptv-org-all.txt
Sextavision (1080p),https://5ff3d9babae13.streamlock.net/fzkqsdfray/fzkqsdfray/playlist.m3u8,,,,Sextavision.cl@SD,,,,https://i.imgur.com/mwUZBU9.png,Undefined,,iptv-org-all.txt
SF Commons Channel 29 (San Francisco CA) (480p),https://reflect-bayarea.cablecast.tv/live-5/live/live.m3u8,,,,SFCommons29.us@SD,,,,https://i.imgur.com/aVkJkgm.png,General,,iptv-org-all.txt
SF Commons Channel 76 (San Francisco CA) (480p),https://reflect-bayarea.cablecast.tv/live-6/live/live.m3u8,,,,SFCommons76.us@SD,,,,https://i.imgur.com/7L53Gju.png,General,,iptv-org-all.txt
Sfera TV (480p) [Not 24/7],https://stream.sferatv.pl/sferatvlive/live.m3u8,,,,SferaTV.pl@SD,,,,https://i.imgur.com/aK7xfKi.png,Undefined,,iptv-org-all.txt
SFGovTV2 San Francisco The City Channel (720p),https://cdn3.wowza.com/5/ZFdxUW9BQWt2UWRL/sanfrancisco/G0051_050/playlist.m3u8,,,,SFGovTV2.us@SD,,,,https://i.imgur.com/SOk5m5B.png,General,,iptv-org-all.txt
SFGovTV San Francisco The Government Channel (720p),https://cdn3.wowza.com/5/ZFdxUW9BQWt2UWRL/sanfrancisco/G0051_048/playlist.m3u8,,,,SFGovTV.us@SD,,,,https://i.imgur.com/uYXuwmV.png,Legislative,,iptv-org-all.txt
SFT Combat (720p),https://jmp2.uk/plu-6660b636cb3ea10008429c6a.m3u8,,,,,,,,,Undefined,,iptv-org-all.txt
SGTV (Seminole County FL) (1080p),https://live.seminolecountyfl.gov/live-2/live/stream-1/live.m3u8,,,,SGTV.us@SD,,,,https://i.imgur.com/rVyWa2A.png,Legislative,,iptv-org-all.txt
Shabab FM (720p) [Not 24/7],https://streaming.zaytonatube.com:8081/ShababFM/shabab/index.m3u8,,,,ShababFM.ps@SD,,,,https://i.imgur.com/4Cyz4Bn.png,Undefined,,iptv-org-all.txt
Shabakeh 7,https://sh7hls.wns.live/hls/stream.m3u8,,,,Shabakeh7.us@SD,,,,https://i.imgur.com/oHmh5Jb.png,Entertainment,,iptv-org-all.txt
Shades of Black (1080p) [Geo-blocked],https://pb-mn2nw2xfj5wcy.akamaized.net/Shades_of_Black.m3u8,,,,,,,,,Undefined,,iptv-org-all.txt
Shalom (1080p),https://d2c4zqo2rb5uf1.cloudfront.net/master.m3u8,,,,Shalom.in@SD,,,,https://dtil.tmsimg.com/assets/s143774_ld_h15_aa.png?lock=720x540,Religious,,iptv-org-all.txt
Shalom Global (1080p),https://d28xtgmk9tfk6b.cloudfront.net/master.m3u8,,,,Shalom.in@Global,,,,https://dtil.tmsimg.com/assets/s143774_ld_h15_aa.png?lock=720x540,Religious,,iptv-org-all.txt
Shalom TV (720p) [Not 24/7],https://livestreamcdn.net:444/ShalomTV/ShalomTV/playlist.m3u8,,,,ShalomAmerica.us@SD,,,,https://i.imgur.com/qUjsV79.png,Religious,,iptv-org-all.txt
Shalom TV (360p),https://media.streambrothers.com:1936/8400/8400/playlist.m3u8,,,,ShalomTV.sr@SD,,,,https://i.imgur.com/lJ4MLHn.png,Religious,,iptv-org-all.txt
Shalom World (1080p),https://broadcaster-1.cclouds.in/srt-2/channel2_abr/playlist.m3u8,,,,ShalomWorld.us@NorthAmerica,,,,https://i.imgur.com/wnNd3b8.png,Religious,,iptv-org-all.txt
Shalom World Australia (1080p) [Geo-blocked],https://broadcaster-1.cclouds.in/srt-3/channel3_abr/playlist.m3u8,,,,ShalomWorld.us@Australia,,,,https://i.imgur.com/wnNd3b8.png,Religious,,iptv-org-all.txt
Shalom World Europe (1080p),https://broadcaster-1.cclouds.in/srt/channel1_abr/playlist.m3u8,,,,ShalomWorld.us@Europe,,,,https://i.imgur.com/wnNd3b8.png,Religious,,iptv-org-all.txt
Shalom World Prayer (1080p),https://broadcaster-1.cclouds.in/srt-4/channel4_abr/playlist.m3u8,,,,ShalomWorldPrayer.us@SD,,,,https://i.imgur.com/uUrTto3.png,Religious,,iptv-org-all.txt
Shams TV,https://fflive-darya-educationtv.b-cdn.net/master.m3u8,,,,ShamsTV.af@SD,,,,https://i.imgur.com/Lsy31iZ.jpeg,Education,,iptv-org-all.txt
Shams TV (1080p),https://stream.shams.tv/hls/stream.m3u8,,,,ShamsTV.iq@SD,,,,https://www.semakurd.net/sites/default/files/imagecache/400xY/shemis-tv.jpg,News,,iptv-org-all.txt
Shamshad TV [Not 24/7],https://5a1178b42cc03.streamlock.net/shamshadtelevision/shamshadtelevision/playlist.m3u8,,,,ShamshadTV.af@SD,,,,https://upload.wikimedia.org/wikipedia/commons/2/28/Shamshad_tv_logo.jpg,Entertainment,,iptv-org-all.txt
Shanson TV (576p),http://catchup.videoline.ru/shanson/index.m3u8,,,,ShansonTV.ru@SD,,,,https://i.imgur.com/Fk4sd8t.png,Music,,iptv-org-all.txt
Shant TV (1080p),http://stream.mcquack.net/37/index.m3u8,,,,ShantTV.am@SD,,,,https://i.imgur.com/AyitGj7.png,Undefined,,iptv-org-all.txt
Sharjah 2 (1080p),https://svs.itworkscdn.net/smc2live/smc2tv.smil/playlist.m3u8,,,,Sharjah2.ae@SD,,,,https://i.imgur.com/Wd3Xvd1.png,Religious,,iptv-org-all.txt
Sharjah Radio (1080p),https://svs.itworkscdn.net/smcradiolive/smcradiolive/playlist.m3u8,,,,SharjahRadio.ae@SD,,,,https://i.imgur.com/q7GGALe.png,General,,iptv-org-all.txt
Sharjah Radio Quran (1080p),https://live.kwikmotion.com/smcquranlive/quranradiolive/playlist.m3u8,,,,SharjahRadioQuran.ae@SD,,,,https://i.imgur.com/MxZlOvc.png,Religious,,iptv-org-all.txt
Sharjah Sports (1080p) [Geo-blocked],https://svs.itworkscdn.net/smc4sportslive/smc4tv.smil/playlist.m3u8,,,,SharjahSports.ae@SD,,,,https://i.imgur.com/CsEElsJ.png,Sports,,iptv-org-all.txt
Sharjah TV (1080p),https://live.kwikmotion.com/smc1live/smc1tv.smil/playlist.m3u8,,,,SharjahTV.ae@SD,,,,https://i.imgur.com/Oz2bPOt.png,Religious,,iptv-org-all.txt
Sharnam TV (576p),https://mumt06.tangotv.in/qYyB8fXVSHARNAMTV/index.m3u8,,,,SharnamTV.in@SD,,,,https://papaji.freetvindia.com/media/channels/SarnamTV.png,Undefined,,iptv-org-all.txt
Sharq Radio TV (1080p),https://59nyqa5elwap-hls-live.5centscdn.com/Sharq/eec89088ee408b80387155272b113256.sdp/playlist.m3u8,,,,SharqRadioTV.af@SD,,,,https://upload.wikimedia.org/wikipedia/commons/thumb/7/70/Sharq_TV_Logo_2020.jpg/960px-Sharq_TV_Logo_2020.jpg,General,,iptv-org-all.txt
Shef (1080p),https://cdn-dvr.ntv.ru/Shef/index.m3u8,,,,Shef.ru@SD,,,,https://cdn2-static.ntv.ru/home/promo/24740/shef_llive.jpg,Series,,iptv-org-all.txt
Sheffield Live TV (360p) [Not 24/7],http://tv.sheffieldlive.org/hls/main.m3u8,,,,SheffieldLiveTV.uk@SD,,,,https://i.imgur.com/p0QzCFs.png,Undefined,,iptv-org-all.txt
Shekinah TV (1080p),https://livetv.timeiptv.in/ShekinahNewsIndia/955ad3298db330b5ee880c2c9e6f23a0.sdp/playlist.m3u8,,,,ShekinahTV.in@SD,,,,https://jiotvimages.cdn.jio.com/dare_images/images/Shekinah.png,Undefined,,iptv-org-all.txt
Shelanu TV (720p),https://1247634592.rsc.cdn77.org/1247634592/playlist.m3u8,,,,ShelanuTV.il@SD,,,,https://i.imgur.com/UVz2Ojq.png,Religious,,iptv-org-all.txt
Shemaroo Bollywood (1080p),https://cdn-uw2-prod.tsv2.amagi.tv/linear/amg00864-shemarooenterta-shemabollywood-ono/playlist.m3u8,,,,ShemarooBollywood.us@SD,,,,https://i.imgur.com/TFxLj80.png,Undefined,,iptv-org-all.txt
Shemaroo Filmi Gaane (1080p),http://103.213.31.109:90/ShemarooFilmiGaane/playlist.m3u8,,,,ShemarooFilmiGaane.in@HD,,,,https://jiotvimages.cdn.jio.com/dare_images/images/channel/0d5b07555b2d4415aa9f145273095ed7.png,Movies;Music,,iptv-org-all.txt
Shemaroo Josh (720p),http://103.213.31.109:90/ChumbakTv/playlist.m3u8,,,,ShemarooJosh.in@SD,,,,https://dtil.tmsimg.com/assets/GNLZZGG00297P3E.png?lock=720x540,Movies,,iptv-org-all.txt
Shemaroo Marathi Bana (720p),https://airtelapp.shemaroo.com/marathibana/smil:marathibanaadp.smil/playlist.m3u8],,,,ShemarooMarathiBana.in@SD,,,,https://xstreamcp-assets-msp.streamready.in/assets/LIVETV/LIVECHANNEL/LIVETV_LIVETVCHANNEL_SHEMAROO_MARATHIBANA/images/LOGO_HD/image.png,Undefined,,iptv-org-all.txt
Shemaroo TV (720p),https://airtelapp.shemaroo.com/shemarootv/smil:shemarootvadp.smil/playlist.m3u8,,,,ShemarooTV.in@SD,,,,https://xstreamcp-assets-msp.streamready.in/assets/LIVETV/LIVECHANNEL/LIVETV_LIVETVCHANNEL_SHEMAROO_TV/images/LOGO_HD/image.png,Entertainment,,iptv-org-all.txt
Shemaroo Umang (720p),https://airtelapp.shemaroo.com/shemarooumang/smil:shemarooumangadp.smil/playlist.m3u8,,,,ShemarooUmang.in@SD,,,,https://xstreamcp-assets-msp.streamready.in/assets/LIVETV/LIVECHANNEL/LIVETV_LIVETVCHANNEL_SHEMAROO_UMANG/images/LOGO_HD/image.png,Entertainment,,iptv-org-all.txt
Shenzhen Satellite TV (2160p),https://livepull-tcms.sztv.com.cn/live/sz4Kpgm.m3u8,,,,ShenzhenSatelliteTV.cn@SD,,,,,Undefined,,iptv-org-all.txt
Shift TV (1080p),https://hls.shift.tv/live/shifttv/playlist.m3u8,,,,ShiftTV.hr@SD,,,,https://i.imgur.com/mudXVT8.png,Auto,,iptv-org-all.txt
Shine Star TV (720p) [Not 24/7],https://f-tx-edge-87.christianworldmedia.com/shinetvpak2/mp4:shinetvpak2/playlist.m3u8,,,,ShineStarTV.pk@SD,,,,https://i.imgur.com/I3lTIeN.png,Undefined,,iptv-org-all.txt
Shinsegae Shopping TV (720p),https://liveout.catenoid.net/live-02-shinsegaetvshopping/shinsegaetvshopping_720p/playlist.m3u8,,,,ShinsegaeTVShopping.kr@SD,,,,https://i.imgur.com/Hq3yjqA.png,Shop,,iptv-org-all.txt
Shockwave (720p),https://jmp2.uk/plu-68b784d03e17b7676a0378f7.m3u8,,,,,,,,,Undefined,,iptv-org-all.txt
Shockwave (720p),https://jmp2.uk/plu-6981cc6a644861a57c3bd8ad.m3u8,,,,,,,,,Undefined,,iptv-org-all.txt
Shokiruyushchee HD (1080p),http://stream.mcquack.net/75/index.m3u8,,,,Shokiruyushchee.ru@HD,,,,https://i.imgur.com/UG63hZ0.png,Movies,,iptv-org-all.txt
Shooting Sports Life (1080p),https://linear-1312.frequency.stream/dist/stirr/1312/hls/master/playlist.m3u8,,,,,,,,,Undefined,,iptv-org-all.txt
Shooting Sports Life (720p),https://a-cdn.klowdtv.com/live2/ssl_720p/playlist.m3u8,,,,,,,,,Undefined,,iptv-org-all.txt
Shop Channel (1080p) [Not 24/7],https://stream3.shopch.jp/HLS/master.m3u8,,,,ShopChannel.jp@SD,,,,https://www.shopch.jp/com/images/common/logo_2021.png,Shop,,iptv-org-all.txt
Shop LC,https://jmp2.uk/plu-68ee9a999938143525bfc385.m3u8,,,,,,,,,Undefined,,iptv-org-all.txt
Shop LC (1080p),https://cdn-shop-lc-01.akamaized.net/Content/DASH_DASH/Live/channel(ott)/master.mpd,,,,ShopLC.us@SD,,,,https://upload.wikimedia.org/wikipedia/commons/b/bb/Shop_LC_Logo.svg,Shop,,iptv-org-all.txt
Shopping Live (720p),https://nonmirya7cc.a.trbcdn.net/livemaster/tzrz5_sazlypl5ot.smil/playlist.m3u8,,,,ShoppingLive.ru@SD,,,,https://i.imgur.com/EMmGnjV.png,Shop,,iptv-org-all.txt
Shopping NT (720p),https://live.shoppingntmall.com/live/10011.m3u8,,,,ShoppingNT.kr@SD,,,,https://i.imgur.com/BgbJp5X.png,Shop,,iptv-org-all.txt
Shot TV (576p),http://hls127.freeott.top:8080/SHOT_TV/video.m3u8,,,,ShotTV.ru@SD,,,,https://i.imgur.com/MLSG7tA.png,Movies,,iptv-org-all.txt
Shout! TV (1080p),https://d1s1wrpgemt9re.cloudfront.net/Shout_TV.m3u8,,,,ShoutFactoryTV.us@SD,,,,https://i.imgur.com/AgoGr6y.png,General,,iptv-org-all.txt
Show do Milhao (1080p) [Geo-blocked],https://d38s7rrdbnh4oy.cloudfront.net/v1/master/215c0da80606fed29372070168106400a6ca7e1a/SSAI-Saudades/index.m3u8,,,,ShowdoMilhao.br@SD,,,,https://upload.wikimedia.org/wikipedia/pt/b/b2/Show_do_Milh%C3%A3o_Logo_2024.webp,Entertainment,,iptv-org-all.txt
Show Turk (1080p),https://raw.githubusercontent.com/bnyusuf67-crypto/streams/refs/heads/main/streams/shturk.m3u8,,,,ShowTurk.tr@SD,,,,https://i.imgur.com/fdZpGDj.png,Undefined,,iptv-org-all.txt
Showtime Family Zone (720p),http://23.237.104.106:8080/USA_SHOWTIME_FAMILY/index.m3u8,,,,ShowtimeFamilyZone.us@East,,,,https://upload.wikimedia.org/wikipedia/commons/thumb/2/22/Showtime.svg/960px-Showtime.svg.png,Family,,iptv-org-all.txt
ShowVen TV (720p),https://cdnbarinas.tvzamora.com/showven/index.m3u8,,,,ShowVenTV.ve@SD,,,,https://i.imgur.com/AJIN8Dc.png,Culture;Music,,iptv-org-all.txt
Shraddha TV (480p),https://edge3-moblive.yuppcdn.net/drm1/smil:shraddhatvdrm.smil/index.m3u8,,,,ShraddhaTV.lk@SD,,,,https://i.imgur.com/sZ3fEMi.png,Undefined,,iptv-org-all.txt
Shubh Cinema TV (720p),https://d393sxaxig6bax.cloudfront.net/out/v1/589cf2cf44bf42bb941e817a2240d62e/index.m3u8,,,,ShubhCinemaTV.in@SD,,,,https://i.imgur.com/RQhorAG.png,Movies,,iptv-org-all.txt
Shubh TV (1080p),https://d2g1vdc6ozl2o8.cloudfront.net/out/v1/0a0dc7d7911b4fddbb4dfc963fdd4b9e/index.m3u8,,,,ShubhTV.in@SD,,,,https://xstreamcp-assets-msp.streamready.in/assets/LIVETV/LIVECHANNEL/LIVETV_LIVETVCHANNEL_SHUBH_TV/images/LOGO_HD/image.png,Undefined,,iptv-org-all.txt
Shubhsandesh TV (720p) [Not 24/7],https://6284rn2xr7xv-hls-live.wmncdn.net/shubhsandeshtv1/live123.stream/index.m3u8,,,,ShubhsandeshTV.in@SD,,,,https://xstreamcp-assets-msp.streamready.in/assets/LIVETV/LIVECHANNEL/LIVETV_LIVETVCHANNEL_SHUBHSANDESH_TV/images/LOGO_HD/image.png,Religious,,iptv-org-all.txt
Si près de chez vous,https://jmp2.uk/plu-697a34496f47f39d31ff8bde.m3u8,,,,,,,,,Undefined,,iptv-org-all.txt
Sí quiero ese vestido,https://jmp2.uk/plu-6578836cdfed030008ce5bdb.m3u8,,,,,,,,,Undefined,,iptv-org-all.txt
SIC Alta Definição (1080p),https://production-fast-sic.content.okast.tv/fa2e8c4385712f9aa54bbe52b1bd9b6b/channels/d9070446-8448-455e-8075-773b1ba12562/fc831b20-f252-4e7d-8cc5-2d05f4d43c1c/media_.m3u8,,,,SICAltaDefinicao.pt@SD,,,,https://i.imgur.com/VdPwyQv.png,Undefined,,iptv-org-all.txt
SIC Replay (1080p),https://production-fast-sic.content.okast.tv/fa2e8c4385712f9a7dce4ff2dcebac2e/channels/d9070446-8448-455e-8075-773b1ba12562/d47eae0f-ad77-414a-9a1d-2a6628ba18c3/media_.m3u8,,,,SICReplay.pt@SD,,,,https://i.imgur.com/fj84mXz.png,Undefined,,iptv-org-all.txt
SIC TV (720p),https://parecisfmlive.brasilstream.com.br/hls/parecisfmlive/index.m3u8,,,,SICTV.br@SD,,,,https://i.imgur.com/mHxQyB2.png,Undefined,,iptv-org-all.txt
Sicardi TV (720p),https://vivo.solumedia.com:19360/sicarditv/sicarditv.m3u8,,,,SicardiTV.ar@SD,,,,https://i.imgur.com/W2EUIL2.png,Undefined,,iptv-org-all.txt
Siembra TV (720p),https://streamunoapp.com:3809/live/siembratvlive.m3u8,,,,SiembraTV.do@SD,,,,https://www.vivalivetv.com/public/files/shows/0/1/3226-294x165-FFFFFF.jpg,Music,,iptv-org-all.txt
Siembra TV [Not 24/7],https://cloud2.streaminglivehd.com:1936/siembratv/siembratv/playlist.m3u8,,,,SiembraTV.ve@SD,,,,https://i.imgur.com/zRX91Xr.png,General,,iptv-org-all.txt
Sigma TV (576p) [Not 24/7],https://sl2.sigmatv.com/hls/live.m3u8,,,,SigmaTV.cy@SD,,,,https://i.imgur.com/DXKx102.png,Undefined,,iptv-org-all.txt
Sikh Spiritual Centre Rexdale (720p),https://cdn12.henico.net:8443/live/ssct/index.m3u8,,,,SikhSpiritualCentreRexdale.ca@SD,,,,https://i.imgur.com/YKXoIsr.png,Undefined,,iptv-org-all.txt
Silent Witness and New Tricks (720p),https://aegis-cloudfront-1.tubi.video/d37465d7-dfbc-45cd-98a2-8d47968b5fb5/playlist.m3u8,,,,,,,,,Undefined,,iptv-org-all.txt
Silk Way (1080p),https://hlspackager.akamaized.net/live/DB/SILKWAY/SILKWAY/SILKWAY.m3u8,,,,SilkWay.kz@SD,,,,https://i.imgur.com/SJNDksF.png,General,,iptv-org-all.txt
Silk Way Cinema (1080p) [Geo-blocked],https://stream.qazcdn.net/ex6r514/silkwaycinema/index.m3u8,,,,SilkWayCinema.kz@SD,,,,https://www.cableman.ru/sites/default/files/Silk-way-CINEMA.png,Movies,,iptv-org-all.txt
Silver Screen (576p),http://103.250.28.74:8000/play/a044/index.m3u8,,,,SilverScreen.pk@SD,,,,https://i.imgur.com/s4Rv6pK.png,Undefined,,iptv-org-all.txt
Silverbird News 24 (576p),https://viewmedia7219.bozztv.com/wmedia/viewmedia100/web_029/Stream/playlist.m3u8,,,,SilverbirdNews24.ng@SD,,,,https://i.imgur.com/9jcV9oG.png,News,,iptv-org-all.txt
Sima Vision TV (720p),https://soportedvb.click:3668/live/simavisiontvlive.m3u8,,,,SimavisionCanal18.do@SD,,,,https://i.imgur.com/io9o30K.jpg,General,,iptv-org-all.txt
Simaye Azadi (1080p),https://simaytv.akamaized.net/hls/live/2043550/simayhls/index.m3u8,,,,SimayeAzadi.uk@SD,,,,https://i.imgur.com/yXcczMq.png,General,,iptv-org-all.txt
Simba Prisen,https://jmp2.uk/plu-688a20c69034bd35f34aaa9e.m3u8,,,,,,,,,Undefined,,iptv-org-all.txt
Simon (720p) [Geo-blocked],https://hls.simon.ua/live-HD/live/playlist.m3u8,,,,Simon.ua@SD,,,,https://i.imgur.com/FfYVCJC.png,General,,iptv-org-all.txt
Simpang5 TV (360p) [Not 24/7],http://122.248.43.242:1935/SIMPANG5TV/_definst_/myStream/playlist.m3u8,,,,Simpang5TV.id@SD,,,,https://upload.wikimedia.org/wikipedia/commons/d/dc/Simpang5_TV.png,Undefined,,iptv-org-all.txt
Sin Tetas No Hay Paraíso,https://jmp2.uk/plu-604bdf4e6d0abc0007ba77ad.m3u8,,,,Sintetasnohayparaiso.us@Spain,,,,https://i.imgur.com/fpwU2IQ.png,Series,,iptv-org-all.txt
Sindh TV (1080p),http://103.250.28.74:8000/play/a00u/index.m3u8,,,,SindhTV.pk@SD,,,,https://i.imgur.com/izpeOsx.png,Undefined,,iptv-org-all.txt
Sindh TV News (1080p),http://103.250.28.74:8000/play/a00v/index.m3u8,,,,SindhTVNews.pk@SD,,,,https://i.imgur.com/Ap9K1lj.png,News,,iptv-org-all.txt
Siping TV,http://stream2.jlntv.cn/sptv/sd/live.m3u8?_upt=f27750421743154598,,,,SipingTV.cn@SD,,,,https://www.tvchinese.net/uploads/tv/sptv1.jpg,General,,iptv-org-all.txt
SIPSE TV 8.1 (1080p) [Not 24/7],https://webprod.sipse.com.mx:8080/show/merida.m3u8,,,,SIPSETV81.mx@SD,,,,https://i.imgur.com/123P7dV.png,General,,iptv-org-all.txt
SIPSE TVCUN 8.1 (1080p) [Not 24/7],https://webprod.sipse.com.mx:8080/show/tvcun.m3u8,,,,SIPSETVCUN81.mx@SD,,,,https://i.imgur.com/uiTgClU.png,General,,iptv-org-all.txt
Siri Kannada (576p),https://mumt03.tangotv.in/Dsly5z3HSIRIKANNADA/index.m3u8,,,,SiriKannada.in@SD,,,,https://dtil.tmsimg.com/assets/s143790_ld_h9_aa.png?lock=720x540,Entertainment,,iptv-org-all.txt
Siri Kannada All Time (576p),https://mumt07.tangotv.in/zHjX9OFlSIRIKANNADAALLTIME/index.m3u8,,,,SiriKannadaAllTime.in@SD,,,,https://i.imgur.com/IR0BrEX.jpeg,Entertainment,,iptv-org-all.txt
Sirippoli TV (576p),http://ptuf.ridsys.in/riptv/live/KALAIGNAR_SIRIPOLI/index.m3u8,,,,SirippoliTV.in@SD,,,,https://dtil.tmsimg.com/assets/s143791_ld_h9_aa.png?lock=720x540,Comedy,,iptv-org-all.txt
Siris TV (720p),https://cdn.streammy.events/siris/playout/playlist.m3u8,,,,SirisTV.nl@SD,,,,https://i.imgur.com/4qKe18X.png,Undefined,,iptv-org-all.txt
Siscom TV,https://video2.lhdserver.es/siscomtv/live.m3u8,,,,SiscomTV.pe@SD,,,,https://i.imgur.com/0JUlFZ4.png,General,,iptv-org-all.txt
Sistema Michoacano de TV (1080p) [Not 24/7],https://s5.mexside.net:1936/enlinea/enlinea/playlist.m3u8,,,,SistemaMichoacanodeTV.mx@SD,,,,https://i.imgur.com/7MXF4Fd.png,Undefined,,iptv-org-all.txt
Sister Sister,https://jmp2.uk/plu-6695294632e25300084bb61b.m3u8,,,,,,,,,Undefined,,iptv-org-all.txt
Sitcom Legends,https://jmp2.uk/plu-633354b63df9700007f6a1b7.m3u8,,,,SitcomLegends.us@SD,,,,https://images.pluto.tv/channels/633354b63df9700007f6a1b7/colorLogoPNG.png,Comedy,,iptv-org-all.txt
Sitel (480p),http://51.178.133.43:8081/tvstanici/s1/playlist.m3u8,,,,Sitel.mk@SD,,,,https://i.imgur.com/pdobwKt.png,Undefined,,iptv-org-all.txt
SiTV (1080p) [Not 24/7],http://190.122.104.210:5080/LiveApp/streams/sitv2.m3u8,,,,SiTV.do@SD,,,,https://i.imgur.com/f8bDccF.png,General,,iptv-org-all.txt
Sivan TV (1080p),http://sivantv.livebox.co.in/sivantvhls/sivan.m3u8,,,,SivanTV.ch@SD,,,,https://i.ibb.co/b3HG9wm/Logo-site.png,Religious,,iptv-org-all.txt
Six Million Dollar Man (720p),https://jmp2.uk/plu-68e38b005c876cf730fcbf0f.m3u8,,,,,,,,,Undefined,,iptv-org-all.txt
SIXO TV (360p),https://cloudfront44.lexanetwork.com:1344/relay01/HDE038.sdp/playlist.m3u8,,,,SIXOTV.hu@SD,,,,https://i.ibb.co/GTPs9Xy/9068.png,General,,iptv-org-all.txt
sixx,https://dash4.antik.sk/live/test_sixx_tizen/playlist.m3u8,,,,sixx.de@SD,,,,https://upload.wikimedia.org/wikipedia/commons/thumb/1/12/Sixx_Logo.svg/960px-Sixx_Logo.svg.png,Undefined,,iptv-org-all.txt
Siyatha TV (576p),https://rtmp01.voaplus.com/hls/6x6ik312qk4grfxocfcv.m3u8,,,,SiyathaTV.lk@SD,,,,https://i.imgur.com/9Zc8G7i.png,Undefined,,iptv-org-all.txt
SIZART Canal 24 (XHZHZ-TDT) (720p),https://5f2c1b0d880e5.streamlock.net/zacatecas/videozacatecas/playlist.m3u8,,,,XHZHZTDT.mx@SD,,,,https://i.imgur.com/RxhABeK.png,General,,iptv-org-all.txt
SK 1 (720p),http://cdn10.live-tv.od.ua:8081/sk1zt/sk1zt720p/playlist.m3u8,,,,SK1.ua@SD,,,,https://i.imgur.com/XiXwr5h.png,News,,iptv-org-all.txt
Skai TV (720p),http://skai-live-back.siliconweb.com/media/cambria4/index.m3u8,,,,SkaiTV.gr@SD,,,,https://i.imgur.com/mrKRFnf.png,General,,iptv-org-all.txt
Skål,https://jmp2.uk/plu-64188b8483f58900083bc954.m3u8,,,,,,,,,Undefined,,iptv-org-all.txt
Sketchy AF,https://jmp2.uk/plu-67882c1c7b11714b795c2008.m3u8,,,,SketchyAF.us@SD,,,,https://images.pluto.tv/channels/67882c1c7b11714b795c2008/colorLogoPNG.png,Comedy,,iptv-org-all.txt
SKI TV (1080p) [Not 24/7],https://d2xeo83q8fcni6.cloudfront.net/v1/master/9d062541f2ff39b5c0f48b743c6411d25f62fc25/SkiTV-SportsTribal/193.m3u8,,,,SKITV.ch@SD,,,,https://i.imgur.com/S6qgwLG.png,Sports,,iptv-org-all.txt
Skjønnhetsfellen Danmark,https://jmp2.uk/plu-643810f2e8a4aa0008ccf575.m3u8,,,,SkjonnhetsfellenDanmark.se@NO,,,,https://images.pluto.tv/channels/643810f2e8a4aa0008ccf575/colorLogoPNG.png,Series,,iptv-org-all.txt
Skönhetsfällan Danmark,https://jmp2.uk/plu-643808dce0789d00084797f6.m3u8,,,,SkonhetsfallanDanmark.se@SE,,,,https://images.pluto.tv/channels/643808dce0789d00084797f6/colorLogoPNG.png,Entertainment,,iptv-org-all.txt
Skønne ombygninger,https://jmp2.uk/plu-61c19d329b8260000744331b.m3u8,,,,Skonneombygninger.se@DK,,,,https://images.pluto.tv/channels/61c19d329b8260000744331b/colorLogoPNG.png,Cooking;Lifestyle,,iptv-org-all.txt
Skoraya pomoshch (1080p),https://cdn-dvr.ntv.ru/Skoraja_pomosh/index.m3u8,,,,Skorayapomoshch.ru@SD,,,,https://cdn2-static.ntv.ru/home/promo/24740/skoraya_pom_llive.jpg,Series,,iptv-org-all.txt
SKWAD (1080p),https://stream-us-east-1.getpublica.com/playlist.m3u8?network_id=71,,,,SkwadPlay.us@SD,,,,https://i.imgur.com/cP56PrG.png,Kids,,iptv-org-all.txt
Sky Folk TV (720p) [Not 24/7],https://eu.live.skyfolk.mk/live.m3u8,,,,SkyFolkTV.mk@SD,,,,https://i.imgur.com/ya5xpUL.png,Music,,iptv-org-all.txt
Sky Mix HD (720p),http://188.138.29.131/skymix/index.m3u8,,,,SkyMix.uk@HD,,,,https://i.imgur.com/hHEz5rq.png,Undefined,,iptv-org-all.txt
Sky Nature (576p),https://tvsen6.aynaott.com/skynature/index.m3u8,,,,SkyNature.uk@SD,,,,https://d2n0069hmnqmmx.cloudfront.net/epgdata/1.0/newchanlogos/512/512/skychb1194.png,Documentary,,iptv-org-all.txt
Sky News,https://jmp2.uk/plu-55b285cd2665de274553d66f.m3u8,,,,SkyNews.ie@SD,,,,https://d2n0069hmnqmmx.cloudfront.net/epgdata/1.0/newchanlogos/512/512/skychb1404.png,News,,iptv-org-all.txt
Sky News Arabia (1080p),https://live-stream.skynewsarabia.com/c-horizontal-channel/horizontal-stream/index.m3u8,,,,SkyNewsArabia.ae@HD,,,,https://i.imgur.com/SvjU4h6.png,News,,iptv-org-all.txt
Sky News Arabia (1080p) [Not 24/7],https://stream.skynewsarabia.com/ott/ott.m3u8,,,,SkyNewsArabia.ae@SD,,,,https://i.imgur.com/SvjU4h6.png,News,,iptv-org-all.txt
Sky News Arabia (Portrait) (1280p) [Not 24/7],https://stream.skynewsarabia.com/vertical/vertical.m3u8,,,,SkyNewsArabiaVertical.ae@SD,,,,https://i.imgur.com/FjtzQQs.png,News,,iptv-org-all.txt
Sky News Arabia Vertical (1080p),https://live-stream.skynewsarabia.com/c-vertical-channel/vertical-stream/index.m3u8,,,,SkyNewsArabiaVertical.ae@HD,,,,https://i.imgur.com/FjtzQQs.png,News,,iptv-org-all.txt
Sky News Extra 1 (540p),https://skynewsau-live.akamaized.net/hls/live/2002689/skynewsau-extra1/master.m3u8,,,,SkyNewsExtra1.au@SD,,,,https://i.imgur.com/ZsPb8nL.png,News,,iptv-org-all.txt
Sky News Extra 2 (540p) [Not 24/7],https://skynewsau-live.akamaized.net/hls/live/2002690/skynewsau-extra2/master.m3u8,,,,SkyNewsExtra2.au@SD,,,,https://i.imgur.com/ZsPb8nL.png,News,,iptv-org-all.txt
Sky News Extra 3 (1080p),https://skynewsau-live.akamaized.net/hls/live/2002691/skynewsau-extra3/master.m3u8,,,,SkyNewsExtra3.au@SD,,,,https://i.imgur.com/ZsPb8nL.png,News,,iptv-org-all.txt
Sky News HD (1080p),https://xemzi.short.gy/1000018,,,,SkyNews.ie@HD,,,,https://d2n0069hmnqmmx.cloudfront.net/epgdata/1.0/newchanlogos/512/512/skychb1404.png,News,,iptv-org-all.txt
Sky News Urdu (720p),https://lbgo.bozztv.com/ssh101/ssh101/skynews/playlist.m3u8,,,,SkyNewsUrdu.pk@SD,,,,https://raw.githubusercontent.com/songwenhui239/Songwenhui239/refs/heads/main/sky-news-urdu-pk.png,News,,iptv-org-all.txt
Sky News Weather (720p),https://distro001-gb-hls1-prd.delivery.skycdp.com/easel_cdn/ngrp:weather_loop.stream_all/playlist.m3u8,,,,SkyNewsWeather.uk@SD,,,,https://pbs.twimg.com/profile_images/1604994875459518464/lGt2wEqM_400x400.jpg,Weather,,iptv-org-all.txt
Sky Open (1080p) [Geo-blocked],https://primetv-prod.akamaized.net/v1/prime-freeview-aes128.m3u8,,,,SkyOpen.nz@SD,,,,https://i.imgur.com/eYyYojh.png,Undefined,,iptv-org-all.txt
Sky open +1 (576p) [Geo-blocked],https://linear-p.media.skyone.co.nz/primeplus1.clear.m3u8,,,,SkyOpen.nz@Plus1,,,,https://i.imgur.com/eYyYojh.png,Undefined,,iptv-org-all.txt
Sky Racing 1 (720p),https://636ffd31f0e12.streamlock.net/RacingStream1/RacingStream1/playlist.m3u8,,,,SkyRacing1.au@SD,,,,https://i.imgur.com/Hf0EiaW.png,Sports,,iptv-org-all.txt
Sky Racing 2 (720p),https://636ffd31f0e12.streamlock.net/RacingStream2/RacingStream2/playlist.m3u8,,,,SkyRacing2.au@SD,,,,https://i.imgur.com/TxQvFnQ.png,Sports,,iptv-org-all.txt
Sky Sports Cricket HD (1080p),https://xemzi.short.gy/2000006,,,,SkySportsCricket.uk@HD,,,,https://d2n0069hmnqmmx.cloudfront.net/epgdata/1.0/newchanlogos/512/512/skychb1302.png,Sports,,iptv-org-all.txt
Sky Sports F1 (1080p),https://xemzi.short.gy/2000005,,,,SkySportsF1.ie@SD,,,,https://d2n0069hmnqmmx.cloudfront.net/epgdata/1.0/newchanlogos/512/512/skychb1306.png,Sports,,iptv-org-all.txt
Sky Sports Football (720p),http://188.138.29.131/skyfootball/index.m3u8,,,,SkySportsFootball.ie@SD,,,,https://d2n0069hmnqmmx.cloudfront.net/epgdata/1.0/newchanlogos/512/512/skychb3838.png,Sports,,iptv-org-all.txt
Sky Thoroughbred Central (720p) [Geo-blocked],https://skylivetab-new.akamaized.net/hls/live/2038782/stcsd/index.m3u8,,,,SkyThoroughbredCentral.au@SD,,,,https://i.imgur.com/1SxIsnw.png,Sports,,iptv-org-all.txt
SL 1,https://slonehls.wns.live/hls/stream.m3u8,,,,SL1.ir@SD,,,,https://i.imgur.com/n9cuM2W.jpg,Movies,,iptv-org-all.txt
SL 2,https://sltwohls.wns.live/hls/stream.m3u8,,,,SL2.ir@SD,,,,https://i.imgur.com/BVuUx5R.jpg,Movies,,iptv-org-all.txt
Slager Muzika,https://stream-23.mazana.tv/slagrmuzika.m3u8s,,,,SlagerMuzika.cz@SD,,,,https://i.imgur.com/hKdXwrW.png,Music,,iptv-org-all.txt
Slager Original,https://stream-13.mazana.tv/slagroriginal.m3u8s,,,,SlagerOriginal.cz@SD,,,,https://i.imgur.com/0YjeWcq.png,Music,,iptv-org-all.txt
Sleutelstad TV (720p),https://video-eu1.streamerr.co/hls/s7fdeb27a49/live.m3u8,,,,SleutelstadTV.nl@SD,,,,https://i.imgur.com/ljVGMWV.png,General,,iptv-org-all.txt
Slime (576p) [Not 24/7],https://slime.x1co.com.br/hls/stream.m3u8,,,,,,,,,Undefined,,iptv-org-all.txt
SLO 1,https://streamer03.xploretv.si/__cl/cg:prod/__c/A1_SI_SLO1HD_ott/__op/dash-default/__dci/__f/index.m3u8?admin=xploreTv_test_user&redirect=true,,,,TVSLO1.si@SD,,,,https://i.imgur.com/E3YmlxF.png,Undefined,,iptv-org-all.txt
SLO 2,https://streamer03.xploretv.si/__cl/cg:prod/__c/A1_SI_SLO2HD_ott/__op/dash-default/__dci/__f/index.m3u8?admin=xploreTv_test_user&redirect=true,,,,TVSLO2.si@SD,,,,https://i.imgur.com/OPlzjjv.png,Undefined,,iptv-org-all.txt
SLO 3,https://streamer03.xploretv.si/__cl/cg:prod/__c/A1_SI_SLO3HD_ott/__op/dash-default/__dci/__f/index.m3u8?admin=xploreTv_test_user&redirect=true,,,,TVSLO3.si@SD,,,,https://i.imgur.com/yPb2FKg.png,Undefined,,iptv-org-all.txt
SLO County Channel 21 (360p),https://agp-nimble.streamguys1.com/SLOC/SLOC/playlist.m3u8,,,,SLOCountyChannel21.us@SD,,,,https://i.imgur.com/CyQ472C.png,Undefined,,iptv-org-all.txt
Slopes TV (720p),https://stream-us-east-1.getpublica.com/playlist.m3u8?network_id=2241,,,,SlopesTV.us@SD,,,,https://i.imgur.com/8bzAfgK.png,Sports,,iptv-org-all.txt
Slotstad TV (720p),https://d3eq9mufmyqgh4.cloudfront.net/nlpo/clr-nlpo/slotstadtv/index.m3u8,,,,SlotstadTV.nl@SD,,,,https://i.imgur.com/NXCUiuF.png,Undefined,,iptv-org-all.txt
Slugterra (720p),https://d19m5s4kmtxvps.cloudfront.net/master.m3u8,,,,,,,,,Undefined,,iptv-org-all.txt
SLVR (1080p),https://dnwqx9ivbd7ay.cloudfront.net/bbb/samshow/samshow.m3u8,,,,,,,,,Undefined,,iptv-org-all.txt
Smart Healthy Green Living (720p) [Geo-blocked],https://amg16109-shgliving-amg16109c1-klowdtv-us-2235.playouts.now.amagi.tv/playlist/amg16109-shglivingnetwork-smarthealthygreenliving-klowdtvus/playlist.m3u8,,,,,,,,,Undefined,,iptv-org-all.txt
Smash 7News [Geo-blocked],http://80.79.6.221:25461/smash/public/16,,,,,,,,,Undefined,,iptv-org-all.txt
Smash Arabija [Geo-blocked],http://80.79.6.221:25461/smash/public/18,,,,,,,,,Undefined,,iptv-org-all.txt
Smash Country [Geo-blocked],http://80.79.6.221:25461/smash/public/11,,,,,,,,,Undefined,,iptv-org-all.txt
Smash Explore [Geo-blocked],http://80.79.6.221:25461/smash/public/17,,,,,,,,,Undefined,,iptv-org-all.txt
Smash Food [Geo-blocked],http://80.79.6.221:25461/smash/public/9,,,,,,,,,Undefined,,iptv-org-all.txt
Smash House of Rock [Geo-blocked],http://80.79.6.221:25461/smash/public/12,,,,,,,,,Undefined,,iptv-org-all.txt
Smash Music [Geo-blocked],http://80.79.6.221:25461/smash/public/10,,,,,,,,,Undefined,,iptv-org-all.txt
Smash Radio 104.6FM [Geo-blocked],http://80.79.6.221:25461/smash/public/3,,,,,,,,,Undefined,,iptv-org-all.txt
Smash Talk [Geo-blocked],http://80.79.6.221:25461/smash/public/15,,,,,,,,,Undefined,,iptv-org-all.txt
Smash Teleshopping [Geo-blocked],http://80.79.6.221:25461/smash/public/2,,,,,,,,,Undefined,,iptv-org-all.txt
Smash TV (720p),https://stream.smashmalta.com:25463/live/webplayer/livestream/47.m3u8,,,,SmashTV.mt@SD,,,,https://i.imgur.com/Yg6ZWKu.png,General,,iptv-org-all.txt
Smile TV (720p),https://5d23269b3ec0c.streamlock.net/WEB_Smilik/ngrp:Smilik.stream-adaptive/playlist.m3u8,,,,SmileTV.ru@SD,,,,https://static.tildacdn.com/tild3936-3138-4234-b536-326531343933/-_13x.png,Kids,,iptv-org-all.txt
Smithsonian Channel Pluto TV,https://jmp2.uk/plu-6298bd10d88ef000073f16b7.m3u8,,,,SmithsonianChannelPlutoTV.us@BR,,,,https://images.pluto.tv/channels/6298bd10d88ef000073f16b7/colorLogoPNG.png,Documentary,,iptv-org-all.txt
Smithsonian Channel Pluto TV,https://jmp2.uk/plu-63a084934734f30007457b2c.m3u8,,,,SmithsonianChannelPlutoTV.us@LatAm,,,,https://images.pluto.tv/channels/6298bd10d88ef000073f16b7/colorLogoPNG.png,Documentary,,iptv-org-all.txt
Smithsonian Channel Selects,https://jmp2.uk/plu-61fb988e032c0100077d5252.m3u8,,,,SmithsonianChannelSelects.se@DK,,,,https://images.pluto.tv/channels/61fb988e032c0100077d5252/colorLogoPNG.png,Documentary,,iptv-org-all.txt
Smithsonian Channel Selects,https://jmp2.uk/plu-61fb9907b1b78d000717ed9f.m3u8,,,,SmithsonianChannelSelects.se@SE,,,,https://images.pluto.tv/channels/61fb988e032c0100077d5252/colorLogoPNG.png,Documentary,,iptv-org-all.txt
Smithsonian Channel Selects,https://jmp2.uk/plu-5f21ea08007a49000762d349.m3u8,,,,SmithsonianChannelSelects.us@SD,,,,https://i.imgur.com/Kt5j8Vr.png,Science,,iptv-org-all.txt
SMNI (720p),https://stream.kdlc.click/hls/0/stream.m3u8,,,,SMNI.ph@SD,,,,https://i.imgur.com/9QhVnqY.jpg,Undefined,,iptv-org-all.txt
Smølferne,https://jmp2.uk/plu-68adb066f7d7f0a9b9ff5d32.m3u8,,,,,,,,,Undefined,,iptv-org-all.txt
Smosh (1080p),https://d2awq8rdysdj3u.cloudfront.net/playlist.m3u8,,,,,,,,,Undefined,,iptv-org-all.txt
Smotrim 100% Detskoe (720p),https://stream.smotrim.ru/hls/fasttv05/playlist_3.m3u8,,,,Smotrim100Detskoe.ru@SD,,,,https://i.imgur.com/1hsNeTa.png,Kids,,iptv-org-all.txt
Smotrim 100% Fakty (720p),https://stream.smotrim.ru/hls/fasttv06/playlist_3.m3u8,,,,Smotrim100Fakty.ru@SD,,,,https://i.imgur.com/dB3cJzO.png,Documentary,,iptv-org-all.txt
Smotrim 100% Klassika (720p),https://stream.smotrim.ru/hls/fasttv03/playlist_3.m3u8,,,,Smotrim100Klassika.ru@SD,,,,https://i.imgur.com/aASNpKq.png,Classic;Movies,,iptv-org-all.txt
Smotrim 100% Lyubov (720p),https://stream.smotrim.ru/hls/fasttv01/playlist_2.m3u8,,,,Smotrim100Lyubov.ru@SD,,,,https://i.imgur.com/4EFh0nu.png,Series,,iptv-org-all.txt
Smotrim 100% Muzhskoe (720p),https://stream.smotrim.ru/hls/fasttv02/playlist_3.m3u8,,,,Smotrim100Muzhskoe.ru@SD,,,,https://i.imgur.com/UY3fjYU.png,Series,,iptv-org-all.txt
Smotrim 100% Prazdnik (720p),https://stream.smotrim.ru/hls/fasttv04/playlist_3.m3u8,,,,Smotrim100Prazdnik.ru@SD,,,,https://i.imgur.com/NEcqFse.png,Entertainment,,iptv-org-all.txt
Smurf TV (720p),https://d144py1prrd7ns.cloudfront.net/smrfe.m3u8,,,,,,,,,Undefined,,iptv-org-all.txt
Smurfarna,https://jmp2.uk/plu-68adb11bf84960586ad4aae4.m3u8,,,,,,,,,Undefined,,iptv-org-all.txt
Smurfene,https://jmp2.uk/plu-68adb0a9f84960586ad4a334.m3u8,,,,,,,,,Undefined,,iptv-org-all.txt
SNL Vault (1080p),https://d4whmvwm0rdvi.cloudfront.net/10007/99993017/hls/master.m3u8?ads.xumo_channelId=99993017,,,,SNLVault.us@SD,,,,https://provider-static.plex.tv/epg/cms/production/712dae9e-9111-4bbc-8ea4-242e891ab5b3/snl-vault-fclogo-72-dpi-1500-x-1000-3-2-channel-logo-dark-plex-1.png,Comedy,,iptv-org-all.txt
SNN TV [Not 24/7],https://live2.snn.ir/hls/snn2_hd720/index.m3u8,,,,SNNTV.ir@SD,,,,https://i.imgur.com/V8DYqMJ.png,News,,iptv-org-all.txt
SNT (480p),https://d3epa8orr2qy3m.cloudfront.net/ts:abr.m3u8,,,,SNT.py@SD,,,,https://upload.wikimedia.org/wikipedia/commons/a/af/SNT_LOGO.jpg,General,,iptv-org-all.txt
SNTV Daljir (576p),https://ap02.iqplay.tv:8082/iqb8002/s2tve/playlist.m3u8,,,,SNTVDaljir.so@SD,,,,https://i.imgur.com/zmVKI26.jpg,General,,iptv-org-all.txt
So… Real (720p),https://all3media-soreal-1-gb.samsung.wurl.tv/playlist.m3u8,,,,SoReal.us@UK,,,,https://i.imgur.com/wZ2uj9d.png,Lifestyle,,iptv-org-all.txt
Soap Latino (720p),https://fast-channels-network-soaplatino-1-it.rakuten.wurl.tv/playlist.m3u8,,,,,,,,,Undefined,,iptv-org-all.txt
Soap Turco (720p),https://fast-channels-network-soapturco-1-it.rakuten.wurl.tv/playlist.m3u8,,,,,,,,,Undefined,,iptv-org-all.txt
Sochi Live HD (720p) [Not 24/7],http://serv30.vintera.tv:8081/sochi/sochi_stream/playlist.m3u8,,,,SochiLive.ru@HD,,,,https://www.cableman.ru/sites/default/files/sochi_live.png,General,,iptv-org-all.txt
Sohail TV (1080p),https://iptv.sohailtv.com/sohail/playlist/index.m3u8,,,,SohailTV.ca@SD,,,,https://i.ibb.co/dtzjKfT/Sohail-TV.png,General,,iptv-org-all.txt
Soham TV (576p),https://mumt03.tangotv.in/Dsly5z3HSOHAMTV/index.m3u8,,,,SohamTV.in@SD,,,,https://i.imgur.com/cpedJ0L.png,Religious,,iptv-org-all.txt
SOL 2 (1080p),https://live.streamteam.eu:8443/sol2playout/sol2/live/playlist.m3u8,,,,SOL2.nl@SD,,,,https://i.imgur.com/VEbhJRA.png,General,,iptv-org-all.txt
Sol Música (720p),https://d2glyu450vvghm.cloudfront.net/v1/master/3722c60a815c199d9c0ef36c5b73da68a62b09d1/cc-21u4g5cjglv02/sm.m3u8,,,,SolMusica.es@SD,,,,https://i.imgur.com/rbJrmPw.png,Music,,iptv-org-all.txt
Sol TV (720p),http://190.211.140.91:8081/SVTranscoder/SOLTVabr.stream/playlist.m3u8,,,,SolTV.bo@SD,,,,https://i.imgur.com/2m8PVpA.png,General,,iptv-org-all.txt
Sol TV (720p),https://cdn.streamhispanatv.net:3409/live/soltvlive.m3u8,,,,SolTV.gt@SD,,,,https://i.ibb.co/YXYv8sf/logo-soltv2.png,General,,iptv-org-all.txt
Sol TV Morazán (1080p) [Not 24/7],http://rtmp.info:1935/soltv/envivo/playlist.m3u8,,,,SolTV.sv@SD,,,,https://i.imgur.com/jaBxxpt.png,General,,iptv-org-all.txt
Solar Television (720p),https://live-evg11.tv360.bitel.com.pe/bitel/solartvSRT/playlist.m3u8,,,,SolarTelevision.pe@SD,,,,https://i.imgur.com/ufnWpUf.png,Undefined,,iptv-org-all.txt
Solidaria TV (720p),https://canadaremar2.todostreaming.es/live/solidariatv-webhd.m3u8,,,,SolidariaTV.es@SD,,,,https://i.imgur.com/Bgm2iZY.png,Undefined,,iptv-org-all.txt
Solive TV,https://stmv6.voxtvhd.com.br/solivetv/solivetv/playlist.m3u8,,,,SoliveTV.ar@SD,,,,https://i.imgur.com/dyUxugT.png,Undefined,,iptv-org-all.txt
Solnce (576p),http://31.148.48.15/Solnce/index.m3u8,,,,Solnce.ru@SD,,,,https://i.imgur.com/HCefxaK.png,Animation;Kids,,iptv-org-all.txt
Solo TV,https://sproxy.solotv.cl/hls/live/fhd.m3u8,,,,SoloTV.cl@HD,,,,https://stream.making.cl/logo-solotv.png,General,,iptv-org-all.txt
SoloBáilalo (480p),https://5ff3d9babae13.streamlock.net/8000/8000/playlist.m3u8,,,,SoloBailalo.cl@SD,,,,https://i.imgur.com/SImJE7c.png,Music,,iptv-org-all.txt
Solovyov Live (1080p),https://stream.smotrim.ru/hls2/solovievlive/playlist_6.m3u8,,,,SolovyovLive.ru@SD,,,,https://images.iptv.rt.ru/images/d7efm08mifeaf9jacb30.png,Undefined,,iptv-org-all.txt
SolTV (720p),https://stream.solmediaeg.com/soltv/soltv.m3u8,,,,SolTV.gq@SD,,,,https://i.imgur.com/TJHk6Va.png,Entertainment,,iptv-org-all.txt
Soltvadkerti Televízió (720p),http://79.120.178.90:1935/soltvadkerttv/soltvlive/playlist.m3u8,,,,SoltvadkertiTelevizio.hu@SD,,,,https://i.imgur.com/ihdk45P.png,General,,iptv-org-all.txt
Somali National TV (576p),https://ap02.iqplay.tv:8082/iqb8002/s4ne/playlist.m3u8,,,,SomaliNationalTV.so@SD,,,,https://i.imgur.com/2y8gv7V.png,General,,iptv-org-all.txt
Somos Entre Rios (360p),https://live20.bozztv.com/akamaissh101/ssh101/somosentrerios/playlist.m3u8,,,,SomosEntreRios.ar@SD,,,,https://files.catbox.moe/ufv5z0.png,Culture;Family;General,,iptv-org-all.txt
Somos TV (720p) [Not 24/7],https://vcp3.myplaytv.com/somostv/somostv/playlist.m3u8,,,,SomosTV.ve@SD,,,,https://i.imgur.com/jOroeJZ.png,General,,iptv-org-all.txt
Son La TV (720p),https://kenhdp-vtvgo.vtvdigital.vn/kenhdp/sonla-720p.m3u8,,,,SonLaTV.vn@SD,,,,https://i.imgur.com/MxV9psR.png,Undefined,,iptv-org-all.txt
Songdew TV (576p),http://103.72.101.252:8080/live/1411.m3u8,,,,SongdewTV.in@SD,,,,https://dtil.tmsimg.com/assets/s142920_ld_h9_aa.png?lock=720x540,Music,,iptv-org-all.txt
SONGTV Russia,https://songtv.hls.iptvdc.com/web-russia/playlist.m3u8,,,,SONGTVRussia.ru@SD,,,,https://i.imgur.com/nM7LbmV.png,Music,,iptv-org-all.txt
Sonic The Hedgehog (720p),https://d2f1o3sb3u36tf.cloudfront.net/master.m3u8,,,,,,,,,Undefined,,iptv-org-all.txt
Sonic The Hedgehog (720p),https://dtwdcugadwtnw.cloudfront.net/master.m3u8,,,,,,,,,Undefined,,iptv-org-all.txt
Sonic TV (720p),https://stream-us-east-1.getpublica.com/playlist.m3u8?network_id=2260,,,,SonicTV.us@SD,,,,https://i.imgur.com/TKhRlrR.png,Animation,,iptv-org-all.txt
Sonnenklar TV (1080p),http://euvia.cdn.ses-ps.com/HLS-Live/index.m3u8,,,,SonnenklarTV.de@SD,,,,https://i.imgur.com/g4QeXwF.png,Undefined,,iptv-org-all.txt
Sono Onda TV (720p),https://live.obslivestream.com/sonoondatv/index.m3u8,,,,SonoOndaTV.ec@SD,,,,https://i.imgur.com/HWHeqWY.png,Undefined,,iptv-org-all.txt
Sonus FM TV (1080p) [Not 24/7],http://www.sonus.fm:1935/public/stream_source/playlist.m3u8,,,,SonusFM.de@SD,,,,https://i.imgur.com/h29rUcG.png,Undefined,,iptv-org-all.txt
Sony Canal Novelas,https://a89829b8dca2471ab52ea9a57bc28a35.mediatailor.us-east-1.amazonaws.com/v1/master/0fb304b2320b25f067414d481a779b77db81760d/CanelaTV_SonyCanalNovelas/playlist.m3u8,,,,SonyCanalNovelas.us@SD,,,,,Movies,,iptv-org-all.txt
Sony Channel (1080p),http://138.121.15.230:9002/SONY/index.m3u8,,,,SonyChannel.ar@SD,,,,https://upload.wikimedia.org/wikipedia/commons/thumb/b/b9/Sony_Channel_Logo.png/960px-Sony_Channel_Logo.png,Undefined,,iptv-org-all.txt
Sony Channel (720p),http://45.190.28.50/SONY_HD/index.m3u8,,,,SonyChannel.br@SD,,,,https://upload.wikimedia.org/wikipedia/commons/thumb/b/b9/Sony_Channel_Logo.png/960px-Sony_Channel_Logo.png,Undefined,,iptv-org-all.txt
Sony Channel Andes (1080p),http://15.204.246.24:8080/SonyHD/index.m3u8,,,,SonyChannelAndes.us@SD,,,,https://upload.wikimedia.org/wikipedia/commons/thumb/b/b9/Sony_Channel_Logo.png/960px-Sony_Channel_Logo.png,Undefined,,iptv-org-all.txt
Sony Entertainment Television HD (1080p),http://38.96.178.205/SONYHD/index.m3u8,,,,SonyEntertainmentTelevision.in@HD,,,,https://dtil.tmsimg.com/assets/s159096_ld_h15_aa.png?lock=720x540,Entertainment,,iptv-org-all.txt
Sony KAL Hindi (1080p),https://wurlsonypicturestv.global.transmit.live/hls/68deeb1c0238cda82df543dd/v1/spt_sonykal_1/lg_us/latest/main/hls/playlist.m3u8,,,,SonyKALHindi.us@SD,,,,https://i.imgur.com/9Qq8DKh.png,Undefined,,iptv-org-all.txt
Sony Marathi (1080p) [Geo-blocked],https://sl.vodep39240327.workers.dev/channel/SONY+MARATHI.m3u8,,,,SonyMarathi.in@SD,,,,https://xstreamcp-assets-msp.streamready.in/assets/LIVETV/LIVECHANNEL/LIVETV_LIVETVCHANNEL_SONY_MARATHI/images/LOGO_HD/image.png,Entertainment,,iptv-org-all.txt
Sony Max 1 (720p),http://103.159.180.34:5001/live/3418.m3u8,,,,SonyMax1.in@SD,,,,https://dtil.tmsimg.com/assets/s179440_ld_h15_aa.png?lock=720x540,Movies,,iptv-org-all.txt
Sony Max 2 (576p),http://149.71.34.166:8000/play/a00z/index.m3u8,,,,SonyMax2.in@SD,,,,https://i.imgur.com/gqUYk6C.png,Movies,,iptv-org-all.txt
Sony Movies (720p),http://45.162.64.114/SONY_MOVIES/index.m3u8,,,,SonyMovies.br@SD,,,,https://upload.wikimedia.org/wikipedia/commons/thumb/9/9b/Sony_Movies_Logo.svg/500px-Sony_Movies_Logo.svg.png,Movies,,iptv-org-all.txt
Sony Movies Latin America (720p),http://15.204.246.24:8080/SonyMoviesHD/index.m3u8,,,,SonyMoviesLatinAmerica.us@SD,,,,https://upload.wikimedia.org/wikipedia/commons/thumb/9/9b/Sony_Movies_Logo.svg/500px-Sony_Movies_Logo.svg.png,Movies,,iptv-org-all.txt
Sony One Blacklist (1080p),https://06cb85ad6ccb4a6b97f561e62d16ad3f.mediatailor.us-west-2.amazonaws.com/v1/master/ba62fe743df0fe93366eba3a257d792884136c7f/LINEAR-822-FR-SONYONETHEBLACKLIST-LG_FR/playlist.m3u8,,,,SonyOneBlacklist.fr@HD,,,,https://i.imgur.com/uJC8rXr.png,Series,,iptv-org-all.txt
Sony One Competencias (720p),https://d30n46zt9yce2k.cloudfront.net/playlist.m3u8,,,,,,,,,Undefined,,iptv-org-all.txt
Sony One Competencias,https://jmp2.uk/plu-662bf39756fc840008f25cb9.m3u8,,,,,,,,,Undefined,,iptv-org-all.txt
Sony One Favoris (1080p),https://49d735318d6b4c30a24a7997ea594e1b.mediatailor.us-west-2.amazonaws.com/v1/master/ba62fe743df0fe93366eba3a257d792884136c7f/LINEAR-820-FR-SONYONEFAVORIS-LG_FR/playlist.m3u8,,,,SonyOneFavoris.fr@HD,,,,https://i.imgur.com/RO4AM4b.png,Movies,,iptv-org-all.txt
Sony One Hits Action (1080p),https://5098a8b860504a3690fd2e7c0a18d68f.mediatailor.us-west-2.amazonaws.com/v1/master/ba62fe743df0fe93366eba3a257d792884136c7f/LINEAR-817-FR-SONYONEHITSACTION-LG_FR/playlist.m3u8,,,,SonyOneHitsAction.fr@HD,,,,https://i.imgur.com/pXsZEsR.png,Movies,,iptv-org-all.txt
Sony One Hits Comedie (1080p),https://7aa9671895264ec9a384dfed1b992171.mediatailor.us-west-2.amazonaws.com/v1/master/ba62fe743df0fe93366eba3a257d792884136c7f/LINEAR-818-FR-SONYONEHITSCOMDIE-LG_FR/playlist.m3u8,,,,SonyOneHitsComedie.fr@HD,,,,https://i.imgur.com/8sHuxxS.png,Movies,,iptv-org-all.txt
Sony One Novelas (720p),https://d2n3o8b1tdnc4w.cloudfront.net/playlist.m3u8,,,,,,,,,Undefined,,iptv-org-all.txt
Sony One Shark Tank Brasil (720p),https://jmp2.uk/plu-6647c0b91050b60008390de4.m3u8,,,,,,,,,Undefined,,iptv-org-all.txt
Sony One Shark Tank México (720p),https://jmp2.uk/plu-6647c02422494d000804b13a.m3u8,,,,,,,,,Undefined,,iptv-org-all.txt
Sony Pix HD (1080p) [Geo-blocked],https://sl.vodep39240327.workers.dev/channel/SONY+PIX+HD.m3u8,,,,SonyPix.in@HD,,,,https://i.postimg.cc/Z5G8j67L/PIX-HD-WHITE.png,Movies,,iptv-org-all.txt
Sony Wah (1080p) [Geo-blocked],https://sl.vodep39240327.workers.dev/channel/SONY+WAH.m3u8,,,,SonyWah.in@SD,,,,https://xstreamcp-assets-msp.streamready.in/assets/LIVETV/LIVECHANNEL/LIVETV_LIVETVCHANNEL_SONY_WAH/images/LOGO_HD/image.png,Movies,,iptv-org-all.txt
Soona TV,https://vs20.live.opencaster.com/soonatv_a1a564a9/index.m3u8,,,,SoonaTV.co@SD,,,,https://i.imgur.com/Pk8zzTL.jpeg,General,,iptv-org-all.txt
Sooriyan TV (1080p),https://live20.bozztv.com/giatv/giatv-Infinittyott/Infinittyott/playlist.m3u8,,,,SooriyanTV.ca@SD,,,,https://i.ibb.co/LSyydKj/Sooriyan-TV-Tamil.jpg,Entertainment,,iptv-org-all.txt
Sophia TV (720p),https://bild-und-ton.stream/sophiatv-en/smil:sophia-tv-en.smil/playlist.m3u8,,,,SophiaTV.de@SD,,,,https://i.imgur.com/1hNgHbB.png,Religious,,iptv-org-all.txt
Sophia TV Español (720p),https://bild-und-ton.stream/sophiatv-es/smil:sophia-tv-es.smil/playlist.m3u8,,,,SophiaTVEspanol.de@SD,,,,https://i.imgur.com/T2JPCq2.png,Undefined,,iptv-org-all.txt
Sophia TV Français (720p),https://bild-und-ton.stream/sophiatv-fr/smil:sophia-tv-fr.smil/playlist.m3u8,,,,SophiaTVFrancais.de@SD,,,,https://i.imgur.com/T2JPCq2.png,Religious,,iptv-org-all.txt
Sophia TV Italy (720p),https://bild-und-ton.stream/sophiatv-it/smil:sophia-tv-it.smil/playlist.m3u8,,,,SophiaTV.it@SD,,,,https://i.imgur.com/RPXusvS.png,Undefined,,iptv-org-all.txt
Sor TV (720p),http://188.237.212.16:8888/live/cameraFeed.m3u8,,,,SorTV.md@SD,,,,https://i.imgur.com/BcfZgD8.png,General,,iptv-org-all.txt
SOS Docteur TV (480p) [Not 24/7],https://wmoy82n4y2a7-hls-live.5centscdn.com/sostv/live.stream/playlist.m3u8,,,,SOSDocteurTV.tg@SD,,,,https://i.imgur.com/wQpooHw.png,Lifestyle,,iptv-org-all.txt
SOS Kanal Plus (720p),https://53be5ef2d13aa.streamlock.net/soskanalplus/soskanalplus.stream/playlist.m3u8,,,,SOSKanalPlus.rs@SD,,,,https://i.imgur.com/9SD40uH.png,Sports,,iptv-org-all.txt
SOU TV,https://video10.logicahost.com.br/soutv/soutv/playlist.m3u8,,,,SOUTV.br@SD,,,,https://i.ibb.co/8cKmCNm/ezgif-com-gif-maker.png,General,,iptv-org-all.txt
Sound View Community Media Education (480p),https://livestream.telvue.com/soundviewcmt2/f7b44cfafd5c52223d5498196c8a2e7b.sdp/playlist.m3u8,,,,SoundViewCommunityMedia.us@SD,,,,https://i.imgur.com/3gASzGc.png,General,,iptv-org-all.txt
Sound View Community Media Government (480p),https://livestream.telvue.com/soundviewcmt3/f7b44cfafd5c52223d5498196c8a2e7b.sdp/playlist.m3u8,,,,,,,,,Undefined,,iptv-org-all.txt
Soundcity TV,https://cs2.push2stream.com/SOUNDCITY/playlist.m3u8,,,,SoundcityTV.ng@SD,,,,https://i.imgur.com/fKtPcT4.png,Undefined,,iptv-org-all.txt
South Park,https://jmp2.uk/plu-628751bb7154a40007168843.m3u8,,,,SouthPark.de@ES,,,,https://images.pluto.tv/channels/628751bb7154a40007168843/colorLogoPNG_1748431640253.png,Animation;Comedy,,iptv-org-all.txt
South Park,https://jmp2.uk/plu-64edf6eaa7ec0d000812f58c.m3u8,,,,SouthPark.de@GB,,,,https://images.pluto.tv/channels/628751bb7154a40007168843/colorLogoPNG_1748431640253.png,Animation;Comedy,,iptv-org-all.txt
South Park,https://jmp2.uk/plu-62bc1f502b70e3000706298e.m3u8,,,,SouthPark.de@IT,,,,https://images.pluto.tv/channels/628751bb7154a40007168843/colorLogoPNG_1748431640253.png,Animation;Comedy,,iptv-org-all.txt
South Park,https://jmp2.uk/plu-61c098df897b9d00070375c8.m3u8,,,,SouthPark.se@DK,,,,https://images.pluto.tv/channels/61c098df897b9d00070375c8/colorLogoPNG_1754471522651.png,Animation;Comedy,,iptv-org-all.txt
South Park,https://jmp2.uk/plu-61c1e88cd168ea0007068133.m3u8,,,,SouthPark.se@NO,,,,https://images.pluto.tv/channels/61c098df897b9d00070375c8/colorLogoPNG_1754471522651.png,Animation;Comedy,,iptv-org-all.txt
South Park,https://jmp2.uk/plu-61c0b627e3ed94000793c18a.m3u8,,,,SouthPark.se@SE,,,,https://images.pluto.tv/channels/61c098df897b9d00070375c8/colorLogoPNG_1754471522651.png,Animation;Comedy,,iptv-org-all.txt
South Park,https://jmp2.uk/plu-62bdb1c5e25122000798ac79.m3u8,,,,SouthPark.us@CA,,,,https://images.pluto.tv/channels/62bdb1c5e25122000798ac79/colorLogoPNG.png,Animation;Comedy,,iptv-org-all.txt
South Park Armageddon,https://jmp2.uk/plu-660bff28516d260008479e23.m3u8,,,,SouthParkArmageddon.se@DK,,,,https://images.pluto.tv/channels/660bff28516d260008479e23/colorLogoPNG.png,Animation;Comedy,,iptv-org-all.txt
South Park Armageddon,https://jmp2.uk/plu-660bff5724e1d000085b7c07.m3u8,,,,SouthParkArmageddon.se@NO,,,,https://images.pluto.tv/channels/660bff28516d260008479e23/colorLogoPNG.png,Animation;Comedy,,iptv-org-all.txt
South Park Armageddon,https://jmp2.uk/plu-660bff7dc8311c0008b4bdb4.m3u8,,,,SouthParkArmageddon.se@SE,,,,https://images.pluto.tv/channels/660bff28516d260008479e23/colorLogoPNG.png,Animation;Comedy,,iptv-org-all.txt
South Park En Français,https://jmp2.uk/plu-62bdb919d36cbd0007e6ab8a.m3u8,,,,SouthParkEnFrancais.us@CA,,,,https://images.pluto.tv/channels/62bdb919d36cbd0007e6ab8a/colorLogoPNG.png,Animation;Comedy,,iptv-org-all.txt
South Park Rockin' Out,https://jmp2.uk/plu-664f132c8ea5560008ce4d86.m3u8,,,,SouthParkRockinOut.se@DK,,,,https://images.pluto.tv/channels/664f132c8ea5560008ce4d86/colorLogoPNG.png,Animation;Comedy,,iptv-org-all.txt
South Park Rockin' Out,https://jmp2.uk/plu-664f1370f78a8500092df452.m3u8,,,,SouthParkRockinOut.se@NO,,,,https://images.pluto.tv/channels/664f132c8ea5560008ce4d86/colorLogoPNG.png,Animation;Comedy,,iptv-org-all.txt
South Park Rockin' Out,https://jmp2.uk/plu-664f13aff9992200084a3532.m3u8,,,,SouthParkRockinOut.se@SE,,,,https://images.pluto.tv/channels/664f132c8ea5560008ce4d86/colorLogoPNG.png,Animation;Comedy,,iptv-org-all.txt
South Park Versión Original,https://jmp2.uk/plu-63d7a8e5a9957100086bfc23.m3u8,,,,SouthParkVersionOriginal.de@ES,,,,https://images.pluto.tv/channels/63d7a8e5a9957100086bfc23/colorLogoPNG.png,Animation;Comedy,,iptv-org-all.txt
South Park: Butters Collection,https://jmp2.uk/plu-646b14a0e94c3800082a8d3a.m3u8,,,,SouthParkButtersCollection.de@DACH,,,,https://images.pluto.tv/channels/646b14a0e94c3800082a8d3a/colorLogoPNG.png,Animation;Comedy,,iptv-org-all.txt
South Park: Butters Collection,https://jmp2.uk/plu-65d87a66ec9fda0008a5ac11.m3u8,,,,SouthParkButtersCollection.se@DK,,,,https://images.pluto.tv/channels/65d87a66ec9fda0008a5ac11/colorLogoPNG.png,Animation;Comedy,,iptv-org-all.txt
South Park: Butters Collection,https://jmp2.uk/plu-65d87fcb66eec8000887f4aa.m3u8,,,,SouthParkButtersCollection.se@NO,,,,https://images.pluto.tv/channels/65d87a66ec9fda0008a5ac11/colorLogoPNG.png,Animation;Comedy,,iptv-org-all.txt
South Park: Butters Collection,https://jmp2.uk/plu-65d881d566eec8000887f6bb.m3u8,,,,SouthParkButtersCollection.se@SE,,,,https://images.pluto.tv/channels/65d87a66ec9fda0008a5ac11/colorLogoPNG.png,Animation;Comedy,,iptv-org-all.txt
South Park: Cartman Collection,https://jmp2.uk/plu-646b14747cb4b1000875724d.m3u8,,,,SouthParkCartmanCollection.de@DACH,,,,https://images.pluto.tv/channels/646b14747cb4b1000875724d/colorLogoPNG.png,Animation;Comedy,,iptv-org-all.txt
South Park: Cartman Collection,https://jmp2.uk/plu-65d87a058145cb0008265c2e.m3u8,,,,SouthParkCartmanCollection.se@DK,,,,https://images.pluto.tv/channels/65d87a058145cb0008265c2e/colorLogoPNG.png,Animation;Comedy,,iptv-org-all.txt
South Park: Cartman Collection,https://jmp2.uk/plu-65d87fa0f7f0af0008b2358b.m3u8,,,,SouthParkCartmanCollection.se@NO,,,,https://images.pluto.tv/channels/65d87a058145cb0008265c2e/colorLogoPNG.png,Animation;Comedy,,iptv-org-all.txt
South Park: Cartman Collection,https://jmp2.uk/plu-65d881b1332fec000833a122.m3u8,,,,SouthParkCartmanCollection.se@SE,,,,https://images.pluto.tv/channels/65d87a058145cb0008265c2e/colorLogoPNG.png,Animation;Comedy,,iptv-org-all.txt
South Park: Cartman Collection,https://jmp2.uk/plu-65df4934f7f0af0008c32545.m3u8,,,,SouthParkCartmanCollection.us@CA,,,,https://images.pluto.tv/channels/65df4934f7f0af0008c32545/colorLogoPNG.png,Animation;Comedy,,iptv-org-all.txt
South Park: Coleção Cartman,https://jmp2.uk/plu-65df71008b24c80008f04281.m3u8,,,,SouthParkColecaoCartman.us@BR,,,,https://images.pluto.tv/channels/65df71008b24c80008f04281/colorLogoPNG.png,Animation;Comedy,,iptv-org-all.txt
South Park: Coleção Kenny,https://jmp2.uk/plu-65df704366eec8000898e32f.m3u8,,,,SouthParkColecaoKenny.us@BR,,,,https://images.pluto.tv/channels/65df704366eec8000898e32f/colorLogoPNG.png,Animation;Comedy,,iptv-org-all.txt
South Park: Coleção Kyle,https://jmp2.uk/plu-65df713dec9fda0008b7a81d.m3u8,,,,SouthParkColecaoKyle.us@BR,,,,https://images.pluto.tv/channels/65df713dec9fda0008b7a81d/colorLogoPNG.png,Animation;Comedy,,iptv-org-all.txt
South Park: Coleção Stan,https://jmp2.uk/plu-65df70b0f7f0af0008c3b316.m3u8,,,,SouthParkColecaoStan.us@BR,,,,https://images.pluto.tv/channels/65df70b0f7f0af0008c3b316/colorLogoPNG.png,Animation;Comedy,,iptv-org-all.txt
South Park: Colección Cartman,https://jmp2.uk/plu-65df731cec9fda0008b7aa8d.m3u8,,,,SouthParkColeccionCartman.us@LatAm,,,,https://images.pluto.tv/channels/65df731cec9fda0008b7aa8d/colorLogoPNG.png,Animation;Comedy,,iptv-org-all.txt
South Park: Colección Kenny,https://jmp2.uk/plu-65df7272ec9fda0008b7a970.m3u8,,,,SouthParkColeccionKenny.us@LatAm,,,,https://images.pluto.tv/channels/65df7272ec9fda0008b7a970/colorLogoPNG.png,Animation;Comedy,,iptv-org-all.txt
South Park: Colección Kyle,https://jmp2.uk/plu-65df73520d4561000817c29b.m3u8,,,,SouthParkColeccionKyle.us@LatAm,,,,https://images.pluto.tv/channels/65df73520d4561000817c29b/colorLogoPNG.png,Animation;Comedy,,iptv-org-all.txt
South Park: Colección Stan,https://jmp2.uk/plu-65df72db18036500081a8292.m3u8,,,,SouthParkColeccionStan.us@LatAm,,,,https://images.pluto.tv/channels/65df72db18036500081a8292/colorLogoPNG.png,Animation;Comedy,,iptv-org-all.txt
South Park: Into the Stars,https://jmp2.uk/plu-664f0eaa8ce31100088036bd.m3u8,,,,SouthParkIntotheStars.se@DK,,,,https://images.pluto.tv/channels/664f0eaa8ce31100088036bd/colorLogoPNG.png,Animation;Comedy,,iptv-org-all.txt
South Park: Into the Stars,https://jmp2.uk/plu-664f0ecc41af640008e37b43.m3u8,,,,SouthParkIntotheStars.se@NO,,,,https://images.pluto.tv/channels/664f0eaa8ce31100088036bd/colorLogoPNG.png,Animation;Comedy,,iptv-org-all.txt
South Park: Into the Stars,https://jmp2.uk/plu-664f0eea0120f40008bf97d6.m3u8,,,,SouthParkIntotheStars.se@SE,,,,https://images.pluto.tv/channels/664f0eaa8ce31100088036bd/colorLogoPNG.png,Animation;Comedy,,iptv-org-all.txt
South Park: Kenny Collection,https://jmp2.uk/plu-646b1404ee6a2f00082b5d66.m3u8,,,,SouthParkKennyCollection.de@DACH,,,,https://images.pluto.tv/channels/646b1404ee6a2f00082b5d66/colorLogoPNG.png,Animation;Comedy,,iptv-org-all.txt
South Park: Kenny Collection,https://jmp2.uk/plu-65d879bd0d4561000805d190.m3u8,,,,SouthParkKennyCollection.se@DK,,,,https://images.pluto.tv/channels/65d879bd0d4561000805d190/colorLogoPNG.png,Animation;Comedy,,iptv-org-all.txt
South Park: Kenny Collection,https://jmp2.uk/plu-65d87f53ec9fda0008a5b810.m3u8,,,,SouthParkKennyCollection.se@NO,,,,https://images.pluto.tv/channels/65d879bd0d4561000805d190/colorLogoPNG.png,Animation;Comedy,,iptv-org-all.txt
South Park: Kenny Collection,https://jmp2.uk/plu-65d880cea25d5e0008315b0a.m3u8,,,,SouthParkKennyCollection.se@SE,,,,https://images.pluto.tv/channels/65d879bd0d4561000805d190/colorLogoPNG.png,Animation;Comedy,,iptv-org-all.txt
South Park: Kenny Collection,https://jmp2.uk/plu-65df47f428730900089f83ac.m3u8,,,,SouthParkKennyCollection.us@CA,,,,https://images.pluto.tv/channels/65df47f428730900089f83ac/colorLogoPNG.png,Animation;Comedy,,iptv-org-all.txt
South Park: Kyle Collection,https://jmp2.uk/plu-646b14d0e1979c0008915a09.m3u8,,,,SouthParkKyleCollection.de@DACH,,,,https://images.pluto.tv/channels/646b14d0e1979c0008915a09/colorLogoPNG.png,Animation;Comedy,,iptv-org-all.txt
South Park: Kyle Collection,https://jmp2.uk/plu-65d87a908145cb0008265c6d.m3u8,,,,SouthParkKyleCollection.se@DK,,,,https://images.pluto.tv/channels/65d87a908145cb0008265c6d/colorLogoPNG.png,Animation;Comedy,,iptv-org-all.txt
South Park: Kyle Collection,https://jmp2.uk/plu-65d88004ec9fda0008a5b8b3.m3u8,,,,SouthParkKyleCollection.se@NO,,,,https://images.pluto.tv/channels/65d87a908145cb0008265c6d/colorLogoPNG.png,Animation;Comedy,,iptv-org-all.txt
South Park: Kyle Collection,https://jmp2.uk/plu-65d882394e01740008a36768.m3u8,,,,SouthParkKyleCollection.se@SE,,,,https://images.pluto.tv/channels/65d87a908145cb0008265c6d/colorLogoPNG.png,Animation;Comedy,,iptv-org-all.txt
South Park: Kyle Collection,https://jmp2.uk/plu-65df49b30d45610008172c5b.m3u8,,,,SouthParkKyleCollection.us@CA,,,,https://images.pluto.tv/channels/65df49b30d45610008172c5b/colorLogoPNG.png,Animation;Comedy,,iptv-org-all.txt
South Park: Original Version,https://jmp2.uk/plu-646b150a15939400089e2702.m3u8,,,,SouthParkOriginalVersion.de@DACH,,,,https://images.pluto.tv/channels/646b150a15939400089e2702/colorLogoPNG.png,Animation;Comedy,,iptv-org-all.txt
South Park: Stan Collection,https://jmp2.uk/plu-646b1438e94c3800082a8cff.m3u8,,,,SouthParkStanCollection.de@DACH,,,,https://images.pluto.tv/channels/646b1438e94c3800082a8cff/colorLogoPNG.png,Animation;Comedy,,iptv-org-all.txt
South Park: Stan Collection,https://jmp2.uk/plu-65d879e266eec8000887e91b.m3u8,,,,SouthParkStanCollection.se@DK,,,,https://images.pluto.tv/channels/65d879e266eec8000887e91b/colorLogoPNG.png,Animation;Comedy,,iptv-org-all.txt
South Park: Stan Collection,https://jmp2.uk/plu-65d87f7a28730900088e7fbf.m3u8,,,,SouthParkStanCollection.se@NO,,,,https://images.pluto.tv/channels/65d879e266eec8000887e91b/colorLogoPNG.png,Animation;Comedy,,iptv-org-all.txt
South Park: Stan Collection,https://jmp2.uk/plu-65d881914e01740008a36603.m3u8,,,,SouthParkStanCollection.se@SE,,,,https://images.pluto.tv/channels/65d879e266eec8000887e91b/colorLogoPNG.png,Animation;Comedy,,iptv-org-all.txt
South Park: Stan Collection,https://jmp2.uk/plu-65df48ba28730900089f8480.m3u8,,,,SouthParkStanCollection.us@CA,,,,https://images.pluto.tv/channels/65df48ba28730900089f8480/colorLogoPNG.png,Animation;Comedy,,iptv-org-all.txt
South Park: Welcome to Canada!,https://jmp2.uk/plu-663115d923e24f000843b49c.m3u8,,,,SouthParkWelcometoCanada.us@CA,,,,https://images.pluto.tv/channels/663115d923e24f000843b49c/colorLogoPNG.png,Animation;Comedy,,iptv-org-all.txt
South Station (1080p),https://cc-yw7ztecy8do3q.akamaized.net/v1/master/3722c60a815c199d9c0ef36c5b73da68a62b09d1/cc-yw7ztecy8do3q/SS_IN.m3u8,,,,SouthStation.in@HD,,,,https://tvpnlogopus.samsungcloud.tv/platform/image/sourcelogo/vc/00/02/34/IN3800008CX_20260325T012316SQUARE.png,Movies,,iptv-org-all.txt
Soweto TV (576p),https://cdn.freevisiontv.co.za/sttv/smil:soweto.stream.smil/playlist.m3u8,,,,SowetoTV.za@SD,,,,https://admango.cdn.mangomolo.com/analytics/uploads/188/654228e5b5.jpg,Entertainment;Family,,iptv-org-all.txt
SOY Plancha TV (720p),https://59ef525c24caa.streamlock.net/vmtv/soyplancha/playlist.m3u8,,,,SOYPlanchaTV.cr@SD,,,,https://i.ibb.co/P4kpMgk/1689344714578.jpg,Music,,iptv-org-all.txt
Soyuzny (480p),http://178.124.179.122:8080/TRO/index.m3u8,,,,Soyuzny.ru@SD,,,,https://www.mtis.by/upload/medialibrary/717/v07nk6rmf6m1mno8ujhbkcg8nstkfjgv/Slide%2016_9%20-%2050.png,General,,iptv-org-all.txt
Sozcu TV (1080p),http://5.178.103.239:55/yt1/szctv.m3u8,,,,SozcuTV.tr@SD,,,,https://i.imgur.com/BxpdvsG.png,General,,iptv-org-all.txt
Space Live powered by sen (1080p),https://linear-1224.frequency.stream/dist/lg-uk/1224/hls/master/playlist.m3u8,,,,SpaceLivepoweredbysen.uk@SD,,,,https://static.frequency.com/studio/itv/channels/1224-400x200.png,Relax;Travel,,iptv-org-all.txt
Space Series (1080p),https://streams2.sofast.tv/v1/master/611d79b11b77e2f571934fd80ca1413453772ac7/18d329ef-d478-413c-b68f-c123494ac434/manifest.m3u8,,,,,,,,,Undefined,,iptv-org-all.txt
Spacetoon Arabic (576p),https://live-uae-next.spacetoongo.com/ST_MENA_NEXT/hls/r9p2hjipmw2kl.m3u8,,,,SpacetoonArabic.ae@SD,,,,https://upload.wikimedia.org/wikipedia/en/2/2b/Spacetoon_logo.png,Animation;Kids,,iptv-org-all.txt
Spark TV (1080p),https://candlelightmedia-sparklightlove-4-us.roku.wurl.tv/playlist.m3u8,,,,SparkTV.uk@SD,,,,https://i.imgur.com/svc98Kg.png,Undefined,,iptv-org-all.txt
Spark TV Luz & Amor (1080p),https://candlelightmedia-sparklightlove-6-us.roku.wurl.tv/playlist.m3u8,,,,,,,,,Undefined,,iptv-org-all.txt
Sparkle Movies (720p),https://candlelightmedia-sparklemovies-1-gb.samsung.wurl.tv/playlist.m3u8,,,,,,,,,Undefined,,iptv-org-all.txt
Spas (576p),http://hls127.freeott.top:8080/Spas/video.m3u8,,,,Spas.ru@SD,,,,https://i.imgur.com/yY39nMg.png,Religious,,iptv-org-all.txt
SPC Canal 15 (720p),https://tv.centaurychile.com/magicatv/streams/22AdscM3Y6Un17Zo4747081346569358.m3u8,,,,SPCCanal15.bo@SD,,,,https://i.imgur.com/8GzjELt.jpeg,General,,iptv-org-all.txt
Speed Sport 1 (1080p),https://linear-599.frequency.stream/dist/stirr/599/hls/master/playlist.m3u8,,,,,,,,,Undefined,,iptv-org-all.txt
Speedline TV,https://cdn-us-east-prod-ingest-infra-dacast-com.akamaized.net/dbe59037-07a0-4f1c-82a2-7de94b4b62d2/index.m3u8,,,,SpeedlineTV.bj@SD,,,,https://i.imgur.com/1lXShsh.png,General,,iptv-org-all.txt
SpektraTV (720p),https://cloudvideo.servers10.com:8081/8026/tracks-v1a1/index.m3u8,,,,SpektraTV.es@SD,,,,https://i.imgur.com/0zCt8e4.png,Music,,iptv-org-all.txt
Spektrum,http://88.212.15.19/live/test_spektrum/playlist.m3u8,,,,Spektrum.cz@SD,,,,https://i.imgur.com/F5Uosum.png,Documentary,,iptv-org-all.txt
Spektrum Home,http://88.212.15.19/live/test_home_hevc/playlist.m3u8,,,,SpektrumHome.cz@SD,,,,https://i.imgur.com/VaVi65F.png,Entertainment,,iptv-org-all.txt
SperantaTV (1080p),https://jstre.am/live/jsl:2gNjpghXRLE.m3u8,,,,SperantaTV.ro@SD,,,,https://i.imgur.com/KUyqQCX.png,Religious,,iptv-org-all.txt
SPIEGEL TV (720p),https://jmp2.uk/plu-6576c20fb3801200084786c9.m3u8,,,,CuriosityChannel.de@SD,,,,https://upload.wikimedia.org/wikipedia/commons/thumb/e/ef/Curiosity_Channel_Logo_2023.svg/960px-Curiosity_Channel_Logo_2023.svg.png,Education,,iptv-org-all.txt
SPIEGEL TV Konflikte,https://jmp2.uk/plu-65b9268fc798e800085add89.m3u8,,,,,,,,,Undefined,,iptv-org-all.txt
Spike Outdoors,https://jmp2.uk/plu-5c393cad2de254456f7ef8c2.m3u8,,,,SpikeOutdoors.us@SD,,,,https://i.imgur.com/cdCD2A2.png,Outdoor,,iptv-org-all.txt
Spike Pluto TV,https://jmp2.uk/plu-5812bcc8237a6ff45d16c407.m3u8,,,,SpikePlutoTV.us@SD,,,,https://i.imgur.com/woY8Ecb.png,Documentary,,iptv-org-all.txt
Spirit TV (720p) [Not 24/7],https://cdnlive.myspirit.tv/LS-ATL-43240-2/index.m3u8,,,,SpiritTV.us@SD,,,,https://i.imgur.com/yCp6vXz.png,Music;Religious,,iptv-org-all.txt
Spondon (1080p),https://nktv.smartstream.video/smartstream-us/spondon/spondon/playlist.m3u8,,,,Spondon.in@SD,,,,https://www.spondontv.com/wp-content/uploads/2025/10/cropped-SPONDON_Blue-Violet_1-copy-300x100.png,Entertainment,,iptv-org-all.txt
SpongeBob Schwammkopf (720p),https://jmp2.uk/plu-5d00e8adaab96b5635b2a005.m3u8,,,,SpongeBobSchwammkopf.de@DACH,,,,https://images.pluto.tv/channels/5d00e8adaab96b5635b2a005/colorLogoPNG.png,Kids,,iptv-org-all.txt
SpongeBob SquarePants (720p),https://jmp2.uk/plu-63f87d057533d80008ab9549.m3u8,,,,SpongeBobSquarePants.us@CA,,,,https://images.pluto.tv/channels/63f87d057533d80008ab9549/colorLogoPNG.png,Kids,,iptv-org-all.txt
Sport,https://stream8.cinerama.uz/1004/tracks-v1a1/mono.m3u8,,,,Sport.uz@SD,,,,https://i.imgur.com/2WJE9CM.png,Sports,,iptv-org-all.txt
Sport Fishing TV (1080p),https://streams2.sofast.tv/v1/master/611d79b11b77e2f571934fd80ca1413453772ac7/eea68b79-bfe2-451e-a227-d637a5b9548a/manifest.m3u8,,,,,,,,,Undefined,,iptv-org-all.txt
Sport TV (1080p),http://178.124.179.122:8080/SportTV/mpegts,,,,SportTV.by@SD,,,,https://www.beltelecom.by/sites/default/files/styles/200200/public/tv-channels/2025-10/sporttv.png,Sports,,iptv-org-all.txt
Sportitalia (1080p),https://edge-001.streamup.eu/sportitalia/sihd_abr/playlist.m3u8,,,,Sportitalia.it@SD,,,,https://i.imgur.com/0CJGGgd.png,Sports,,iptv-org-all.txt
Sportitalia 24 (720p) [Geo-blocked],https://di-yx2saj20.vo.lswcdn.net/sportitalia/smil:silive24.smil/playlist.m3u8,,,,Sportitalia24.it@SD,,,,https://i.imgur.com/RSwnoLn.png,Sports,,iptv-org-all.txt
Sportitalia Motori (720p) [Geo-blocked],https://di-yx2saj20.vo.lswcdn.net/sportitalia/smil:simotori.smil/playlist.m3u8,,,,SportitaliaMotori.it@SD,,,,https://i.imgur.com/hu56Ya5.png,Sports,,iptv-org-all.txt
Sportitalia Solocalcio (1080p),https://distribution.sportitalialive.it/sportitalia/sisolocalcio_abr/playlist.m3u8,,,,SportitaliaSolocalcio.it@SD,,,,https://i.imgur.com/hu56Ya5.png,Sports,,iptv-org-all.txt
Sportivnyy (1080p),https://live-3.otcnet.ru/sportivny/index.m3u8,,,,Sportivnyy.ru@SD,,,,https://i.imgur.com/ujS6mMo.png,Sports,,iptv-org-all.txt
Sportoutdoor.tv,https://gto2000-sportoutdoortv-1-it.samsung.wurl.tv/playlist.m3u8,,,,,,,,,Undefined,,iptv-org-all.txt
Sports First (1080p),https://d4ddgdmj1cvnm.cloudfront.net/scheduler/scheduleMaster/409.m3u8,,,,,,,,,Undefined,,iptv-org-all.txt
Sports Television [Not 24/7],https://kctv.koryofront.org/stream/sports/index.m3u8,,,,SportsTelevision.kp@HD,,,,https://i.imgur.com/HvFpGeH.png,Sports,,iptv-org-all.txt
SportsGrid (1080p),https://sportsgrid-tribal.amagi.tv/playlist.m3u8,,,,SportsGrid.us@SD,,,,https://i.imgur.com/ulGKX30.png,Sports,,iptv-org-all.txt
SporTV 3 (720p),http://170.83.49.66:8083/SPORTV3HD/index.m3u8,,,,SporTV3.br@SD,,,,https://i.imgur.com/mWOR8pi.png,Sports,,iptv-org-all.txt
Sporty TV,https://dash2.antik.sk/live/sporty_tv/index.m3u8,,,,SportyTV.cz@SD,,,,https://i.imgur.com/Wz5bQKx.jpeg,Sports,,iptv-org-all.txt
Sqala TV (720p),https://live-evg8.tv360.bitel.com.pe/bitel/studiotvhuanta/playlist.m3u8,,,,SqalaTV.pe@SD,,,,https://i.imgur.com/DJ05m8s.png,Sports,,iptv-org-all.txt
SQCS Canal 4 (1080p),https://video0.rogohosting.com:19360/4982/4982.m3u8,,,,SQCSCanal4.mx@SD,,,,https://i.imgur.com/qnx8nBP.png,Undefined,,iptv-org-all.txt
Squadra Speciale Cobra 11,https://jmp2.uk/plu-625e6cc905e09f00073addee.m3u8,,,,,,,,,Undefined,,iptv-org-all.txt
SR Fernsehen (720p),https://srfs.akamaized.net/hls/live/689649/srfsgeo/index.m3u8,,,,SRFernsehen.de@SD,,,,https://upload.wikimedia.org/wikipedia/commons/thumb/9/9c/SR_Fernsehen_Logo_2023.svg/960px-SR_Fernsehen_Logo_2023.svg.png,Undefined,,iptv-org-all.txt
SRC TV (720p),http://highvolume155.streampartner.nl/adminsrc/adminsrc/playlist.m3u8,,,,SRCTV.nl@SD,,,,https://i.imgur.com/VSSbjrM.png,General,,iptv-org-all.txt
SRF (1080p),https://58de7a369a9c4.streamlock.net/srf/stream_720p/playlist.m3u8,,,,SRF.de@SD,,,,https://i.imgur.com/92XNBmr.png,General,,iptv-org-all.txt
St Lucie Public Schools,https://reflect-stlucie-ps-fl.cablecast.tv/live-1/live/stream-1/WIFI-1896k-720p.m3u8,,,,StLuciePublicSchools.us@SD,,,,https://i.imgur.com/wnB0fWG.png,Education,,iptv-org-all.txt
St. Pete TV (SPTV) (St Petersburg FL) (360p),https://cdn3.wowza.com/5/RXJNMFI3VlVkOEFP/stpete/G0187_003/playlist.m3u8,,,,SPTV.us@SD,,,,https://i.imgur.com/fl8I3cg.png,Legislative,,iptv-org-all.txt
Stadium (720p),https://wurl120sports.global.transmit.live/hls/679a907dce42a042c23ace37/v1/stadium_gracenote/samsung_us/latest/main/hls/playlist.m3u8,,,,Stadium.us@SD,,,,https://upload.wikimedia.org/wikipedia/en/thumb/5/53/Stadium_%28sports_network%29_logo.svg/960px-Stadium_%28sports_network%29_logo.svg.png,Sports,,iptv-org-all.txt
Stand-up Comedy (720p),https://jmp2.uk/plu-663e09b341af640008c1b68c.m3u8,,,,,,,,,Undefined,,iptv-org-all.txt
Star 101 FM (KNUT Guam) [Not 24/7],https://live2.tensila.com/knut-v-1.choice/hls/master.m3u8,,,,Star101FM.gu@SD,,,,https://star101.gu/images/fb_icon.jpg,Music,,iptv-org-all.txt
Star Asia (720p),http://103.250.28.74:8000/play/a010/index.m3u8,,,,StarAsia.pk@SD,,,,https://i.imgur.com/9coLhX8.png,Undefined,,iptv-org-all.txt
Star Bharat (576p),http://103.253.18.58:8000/play/a00u,,,,StarBharat.in@SD,,,,https://i.imgur.com/Q8ajPij.png,News,,iptv-org-all.txt
Star Channel (720p),http://138.121.15.230:9002/STAR-CHANNEL/index.m3u8,,,,StarChannel.cl@SD,,,,https://upload.wikimedia.org/wikipedia/commons/thumb/8/89/Star_Channel_2020.svg/960px-Star_Channel_2020.svg.png,Movies;Series,,iptv-org-all.txt
STAR Channel (Finland) (720p),https://live-fi.tvkaista.net/star-channel/live.m3u8,,,,STARChannel.fi@SD,,,,https://upload.wikimedia.org/wikipedia/commons/thumb/8/89/Star_Channel_2020.svg/960px-Star_Channel_2020.svg.png,Undefined,,iptv-org-all.txt
Star Channel Latin America (1080p),http://15.204.246.24:8080/STARCHANNELHD/index.m3u8,,,,StarChannelLatinAmerica.us@Panregional,,,,https://upload.wikimedia.org/wikipedia/commons/thumb/8/89/Star_Channel_2020.svg/960px-Star_Channel_2020.svg.png,Movies;Series,,iptv-org-all.txt
Star Channel Latin America Central America (1080p),https://streamer.metronethn.com/StarChannel/index.m3u8,,,,StarChannelLatinAmerica.us@CentralAmerica,,,,https://upload.wikimedia.org/wikipedia/commons/thumb/8/89/Star_Channel_2020.svg/960px-Star_Channel_2020.svg.png,Movies;Series,,iptv-org-all.txt
Star Cinema,https://dash2.antik.sk/live/test_star_cinema_atktv/playlist.m3u8,,,,StarCinema.ru@SD,,,,https://i.imgur.com/5sis895.png,Movies,,iptv-org-all.txt
Star Family (576p) [Not 24/7],http://c0.cdn.trinity-tv.net/stream/zfmjgma9zn46fa797ez9fgkw7msh9mj4tppspg23gey6mmx5fqiy7ky3jqx4uhgsfsrd8r76si8ykb2anw9442g4qkq5fzpdvwdqf5te24ixu9zrx3aesm9fzt59q5y2s8qwgbqhvf6d3z5bjy3qb2t4.m3u8,,,,,,,,,Undefined,,iptv-org-all.txt
Star Family (1080p),https://dash2.antik.sk/live/test_star_family_atktv/playlist.m3u8,,,,StarFamily.ru@SD,,,,https://i.imgur.com/eGuGHnZ.png,Movies,,iptv-org-all.txt
Star Gold Select HD (1080p),http://149.71.34.166:8000/play/a01d/index.m3u8,,,,StarGoldSelect.in@HD,,,,https://i.imgur.com/U7eiuqv.png,Movies,,iptv-org-all.txt
STAR HD (1080p) [Non geo blocked],http://livestar.siliconweb.com/starvod/star4/star4.m3u8,,,,StarChannel.gr@SD,,,,https://i.imgur.com/6NUpxhr.png,Entertainment,,iptv-org-all.txt
STAR International (720p),https://livestar.siliconweb.com/starvod/star_int/star_int.m3u8,,,,StarChannelInternational.gr@HD,,,,https://i.imgur.com/6NUpxhr.png,Entertainment,,iptv-org-all.txt
Star Jalsha HD (720p),https://da86m1sqpm3o0.cloudfront.net/28072023/smil:starjalsha.smil/chunklist_b1928000.m3u8,,,,StarJalsha.in@HD,,,,https://i.imgur.com/IlufzR5.png,Entertainment,,iptv-org-all.txt
Star Kentrikis Elladas (1080p),https://telmaco-cdn.akamaized.net/starcgr/default/index.m3u8,,,,StarKentrikisElladas.gr@SD,,,,https://i.imgur.com/ZBt6beo.png,General;News,,iptv-org-all.txt
Star Maa HD (720p),https://da86m1sqpm3o0.cloudfront.net/28072023/smil:starmaa1.smil/chunklist_b2628000.m3u8,,,,StarMaa.in@HD,,,,https://i.imgur.com/5c9PVS0.png,Entertainment,,iptv-org-all.txt
Star Maa Movies HD (720p),https://da86m1sqpm3o0.cloudfront.net/28072023/smil:maamovies.smil/chunklist_b2628000.m3u8,,,,StarMaaMovies.in@HD,,,,https://dtil.tmsimg.com/assets/s143826_ld_h15_aa.png?lock=720x540,Movies,,iptv-org-all.txt
Star Plus Music (1080p) [Not 24/7],https://live.muzickatv.mk/live/StarMusic2.m3u8,,,,StarPlusTelevizija.mk@SD,,,,https://i.imgur.com/01yz22a.png,Music,,iptv-org-all.txt
Star Pravah HD (720p),https://da86m1sqpm3o0.cloudfront.net/28072023/smil:starpravah.smil/chunklist_b1928000.m3u8,,,,StarPravah.in@HD,,,,https://i.imgur.com/ZT0u7AK.png,Entertainment,,iptv-org-all.txt
Star Sports 1 Hindi (576p),http://103.253.18.58:8000/play/a03o,,,,StarSports1Hindi.in@SD,,,,https://xstreamcp-assets-msp.streamready.in/assets/LIVETV/LIVECHANNEL/LIVETV_LIVETVCHANNEL_STAR_SPORTS_1_HINDI/images/LOGO_HD/image.png,Sports,,iptv-org-all.txt
Star Sports 1 Hindi HD,http://103.253.18.58:8000/play/a00t,,,,StarSports1Hindi.in@HD,,,,https://xstreamcp-assets-msp.streamready.in/assets/LIVETV/LIVECHANNEL/LIVETV_LIVETVCHANNEL_STAR_SPORTS_1_HD_HINDI/images/LOGO_HD/image.png,Sports,,iptv-org-all.txt
Star Sports 2 HD (720p),http://tvsen5.aynascope.net/cXPB2LKkErN9/index.m3u8,,,,StarSports2.in@HD,,,,https://xstreamcp-assets-msp.streamready.in/assets/LIVETV/LIVECHANNEL/LIVETV_LIVETVCHANNEL_STAR_SPORTS_2/images/LOGO_HD/image.png,Sports,,iptv-org-all.txt
Star Sports 2 Hindi (720p),https://tvsen5.aynaott.com/cXPB2LKkErN9/index.m3u8,,,,StarSports2Hindi.in@SD,,,,https://i.imgur.com/kHerF19.png,Sports,,iptv-org-all.txt
Star Sports 2 Hindi HD (1080p),http://103.157.248.140:8000/play/a01m/index.m3u8,,,,StarSports2Hindi.in@HD,,,,https://i.imgur.com/kHerF19.png,Sports,,iptv-org-all.txt
Star Sports Select 1 HD (720p),http://tvsen7.aynascope.net/sspts1/index.m3u8,,,,StarSportsSelect1.in@HD,,,,https://i.imgur.com/Mh9tKPx.png,Sports,,iptv-org-all.txt
Star Sports Select 2 HD (720p),http://tvsen7.aynascope.net/ssport2hd/index.m3u8,,,,StarSportsSelect2.in@HD,,,,https://i.imgur.com/FtRT73R.png,Sports,,iptv-org-all.txt
Star Tamil Television (360p),https://edge4-moblive.yuppcdn.net/trans1sd/smil:strtml19.smil/playlist.m3u8?dvr=,,,,StarTamilTelevision.lk@SD,,,,https://i.imgur.com/fjHcr9z.jpg,Movies,,iptv-org-all.txt
Star Trek,https://jmp2.uk/plu-5efbd39f8c4ce900075d7698.m3u8,,,,StarTrek.us@US,,,,https://images.pluto.tv/channels/5efbd39f8c4ce900075d7698/colorLogoPNG.png,Series,,iptv-org-all.txt
Star Trek Movies,https://jmp2.uk/plu-6400c281dff38e00083f59da.m3u8,,,,StarTrekMovies.se@DK,,,,https://images.pluto.tv/channels/6400c281dff38e00083f59da/colorLogoPNG.png,Movies,,iptv-org-all.txt
Star Trek Movies,https://jmp2.uk/plu-6400c228498393000878a9b7.m3u8,,,,StarTrekMovies.se@NO,,,,https://images.pluto.tv/channels/6400c281dff38e00083f59da/colorLogoPNG.png,Movies,,iptv-org-all.txt
Star Trek Movies,https://jmp2.uk/plu-6400c2a6cb41a40008dbe5bc.m3u8,,,,StarTrekMovies.se@SE,,,,https://images.pluto.tv/channels/6400c281dff38e00083f59da/colorLogoPNG.png,Movies,,iptv-org-all.txt
Star Trek: Deep Space Nine,https://jmp2.uk/plu-65c69bbfd77d450008c7ffee.m3u8,,,,StarTrekDeepSpaceNine.us@SD,,,,https://images.pluto.tv/channels/65c69bbfd77d450008c7ffee/colorLogoPNG_1758310416057.png,Movies;Series,,iptv-org-all.txt
Star Trek: The Next Generation,https://jmp2.uk/plu-69776ce979545c21a1220bff.m3u8,,,,StarTrekTheNextGeneration.de@DACH,,,,https://images.pluto.tv/channels/69776ce979545c21a1220bff/colorLogoPNG_1769434849537.png,Movies;Series,,iptv-org-all.txt
Star Trek: The Next Generation,https://jmp2.uk/plu-695c32e61ca20bb8ca802eb9.m3u8,,,,StarTrekTheNextGeneration.us@SD,,,,https://images.pluto.tv/channels/695c32e61ca20bb8ca802eb9/colorLogoPNG_1768440087394.png,Movies;Series,,iptv-org-all.txt
Star Trek: The Original Series,https://jmp2.uk/plu-69776b58036e883f39e5ab8a.m3u8,,,,StarTrekTheOriginalSeries.de@DACH,,,,https://images.pluto.tv/channels/69776b58036e883f39e5ab8a/colorLogoPNG_1769434091096.png,Movies;Series,,iptv-org-all.txt
Star Trek: The Original Series,https://jmp2.uk/plu-693add137e308621c051e733.m3u8,,,,StarTrekTheOriginalSeries.se@DK,,,,https://images.pluto.tv/channels/693add137e308621c051e733/colorLogoPNG_1765465486347.png,Movies;Series,,iptv-org-all.txt
Star Trek: The Original Series,https://jmp2.uk/plu-693addd62bf6cf7414c4b2fc.m3u8,,,,StarTrekTheOriginalSeries.se@NO,,,,https://images.pluto.tv/channels/693add137e308621c051e733/colorLogoPNG_1765465486347.png,Movies;Series,,iptv-org-all.txt
Star Trek: The Original Series,https://jmp2.uk/plu-693ade4d569386f93f235bb6.m3u8,,,,StarTrekTheOriginalSeries.se@SE,,,,https://images.pluto.tv/channels/693add137e308621c051e733/colorLogoPNG_1765465486347.png,Movies;Series,,iptv-org-all.txt
Star Trek: Voyager,https://jmp2.uk/plu-65787f2eb228b7000843fa5c.m3u8,,,,StarTrekVoyager.de@ES,,,,https://images.pluto.tv/channels/65787f2eb228b7000843fa5c/colorLogoPNG.png,Movies;Series,,iptv-org-all.txt
Star Trek: Voyager,https://jmp2.uk/plu-65cb73d33ba51e00084cabad.m3u8,,,,StarTrekVoyager.de@IT,,,,https://images.pluto.tv/channels/65787f2eb228b7000843fa5c/colorLogoPNG.png,Movies;Series,,iptv-org-all.txt
Star Trek: Voyager,https://jmp2.uk/plu-634dacf51d90320007fcd5fa.m3u8,,,,StarTrekVoyager.us@SD,,,,https://images.pluto.tv/channels/634dacf51d90320007fcd5fa/colorLogoPNG_1758310287876.png,Movies;Series,,iptv-org-all.txt
Star TV,http://forever.megogo.xyz/iptv/QGB4M3H62GC7E3/2465/index.m3u8,,,,StarTV.md@SD,,,,https://i.imgur.com/6BBnG6f.png,Entertainment,,iptv-org-all.txt
Star TV (720p),https://dogus.daioncdn.net/startv/startv_720p.m3u8?app=a20ac41e-bdc3-4aa1-934d-26b484480ac9&ce=3&sid=8l4w3lst4co5,,,,StarTV.tr@SD,,,,https://i.imgur.com/9O3DHRB.png,Undefined,,iptv-org-all.txt
Star Utsav Movies (576p),http://149.71.34.166:8000/play/a059/index.m3u8,,,,StarUtsavMovies.in@SD,,,,https://i.imgur.com/k5QHfH2.png,Movies,,iptv-org-all.txt
Star Vijay (396p),https://da86m1sqpm3o0.cloudfront.net/28072023/smil:starvijayuk.smil/playlist.m3u8,,,,StarVijay.in@UK,,,,https://i.imgur.com/dZtJHAe.png,Entertainment,,iptv-org-all.txt
Star Vijay HD (1080p),http://149.71.34.166:8000/play/a06i/index.m3u8,,,,StarVijay.in@HD,,,,https://i.imgur.com/dZtJHAe.png,Entertainment,,iptv-org-all.txt
Stargate,https://jmp2.uk/plu-693bf37b75432d022c85ef01.m3u8,,,,,,,,,Undefined,,iptv-org-all.txt
Stargate,https://jmp2.uk/plu-620bfa7df72827000703ddb1.m3u8,,,,,,,,,Undefined,,iptv-org-all.txt
Starke Frauen (1080p),https://mainstreamstarkefrauen-rakuten.amagi.tv/playlist.m3u8,,,,,,,,,Undefined,,iptv-org-all.txt
Starnet (480p),https://5a1178b42cc03.streamlock.net/8220/8220/playlist.m3u8,,,,Starnet.in@SD,,,,https://i.imgur.com/J3jB7Kr.png,General,,iptv-org-all.txt
StarPlus HD (1080i),http://202.70.146.135:8000/play/a009/index.m3u8,,,,StarPlus.in@HD,,,,https://i.imgur.com/xWxNy3L.png,Entertainment,,iptv-org-all.txt
START Air (576p),http://stream.mcquack.net/128/index.m3u8,,,,STARTAir.ru@SD,,,,https://images.iptv.rt.ru/images/d60qp8omife4gis72tk0.png,Movies,,iptv-org-all.txt
Start TV (480p),https://live.cast-control.eu/StartMedia/StartMedia/playlist.m3u8,,,,StartTV.gr@SD,,,,https://i.ibb.co/4PrPG5j/Start-TV-Corfu-Radio-100-1-www-startmedia-gr-1.jpg,News,,iptv-org-all.txt
Starz (1080p),http://23.237.104.106:8080/USA_STARZ/index.m3u8,,,,Starz.us@East,,,,https://i.imgur.com/N7oSm4d.png,Undefined,,iptv-org-all.txt
Starz Cinema (720p),http://23.237.104.106:8080/USA_STARZ_CINEMA/index.m3u8,,,,StarzCinema.us@East,,,,https://i.imgur.com/ghzzKoT.png,Movies,,iptv-org-all.txt
Starz Comedy (1080p),http://23.237.104.106:8080/USA_STARZ_COMEDY/index.m3u8,,,,StarzComedy.us@East,,,,https://i.imgur.com/JpKvjZe.png,Comedy,,iptv-org-all.txt
Starz Edge (720p),http://168.228.44.241:9998/play/a0e0/index.m3u8,,,,StarzEdge.us@East,,,,https://i.imgur.com/MvH3Cz2.png,Undefined,,iptv-org-all.txt
Starz Encore Spanish (720p),http://168.228.44.241:9998/play/a0e1/index.m3u8,,,,StarzEncoreSpanish.us@East,,,,https://i.imgur.com/5aibRWY.png,Undefined,,iptv-org-all.txt
Starz Kids & Family (1080p),http://23.237.104.106:8080/USA_STARZ_FAMILY/index.m3u8,,,,StarzKidsFamily.us@East,,,,https://i.imgur.com/eE9FzEP.png,Kids,,iptv-org-all.txt
StashTV Black Stories (720p) [Geo-blocked],https://amg01720-amg01720c1-klowdtv-us-4664.playouts.now.amagi.tv/playlist/amg01720-filmhub-stashtvblackstories-klowdtvus/playlist.m3u8,,,,,,,,,Undefined,,iptv-org-all.txt
StashTV The Classics (720p) [Geo-blocked],https://amg01720-amg01720c2-klowdtv-us-4689.playouts.now.amagi.tv/playlist/amg01720-filmhub-stashtvtheclassics-klowdtvus/playlist.m3u8,,,,,,,,,Undefined,,iptv-org-all.txt
Steelbird Music (720p) [Not 24/7],https://cdn2.in/SteelbirdMusicTVhls/live.m3u8,,,,SteelbirdMusic.in@SD,,,,https://jiotvimages.cdn.jio.com/dare_images/images/Steelbird_Music.png,Music,,iptv-org-all.txt
Steiermark TV (1080p),https://h056.video-stream-hosting.de/easycast8-live/_definst_/mp4:livestreamhd4/playlist.m3u8?ref=,,,,SteiermarkTV.at@SD,,,,https://i.imgur.com/AJrUPze.png,General,,iptv-org-all.txt
Stereo 5 TV (720p),https://stream1.aswifi.it/stereo5/live/index.m3u8,,,,Stereo5TV.it@SD,,,,https://i.imgur.com/sCDcYFW.png,Undefined,,iptv-org-all.txt
Sterk TV (1080p),https://hlspackager.akamaized.net/live/DB/STERK_TV/HLS/STERK_TV.m3u8,,,,SterkTV.be@SD,,,,https://i.imgur.com/bIheNAI.png,News,,iptv-org-all.txt
Stingray Christian Hits (1080p),https://lotus.stingray.com/manifest/ose-144ads-montreal/samsungtvplus/master.m3u8,,,,,,,,,Undefined,,iptv-org-all.txt
Stingray Cityscapes (1080p),https://aka-live1050.delivery.roku.com/7572d640-7373-4137-8b14-a3afff395349/t2-origin/out/v1/live.m3u8,,,,StingrayCityscapes.ca@HD,,,,https://encrypted-tbn0.gstatic.com/images?q=tbn:ANd9GcRZlXPCl4ze9lr2DnadYazKxuyyEEWmgO1O1Q&s,Music,,iptv-org-all.txt
Stingray Classic Rock (1080p),https://lotus.stingray.com/manifest/ose-101ads-montreal/samsungtvplus/master.m3u8,,,,StingrayClassicRock.ca@SD,,,,https://i.imgur.com/FBgu8yB.png,Music,,iptv-org-all.txt
Stingray Classica (1080p),https://lotus.stingray.com/manifest/classica-cla008-montreal/samsungtvplus/master.m3u8,,,,StingrayClassica.ca@SD,,,,https://i.imgur.com/nh1k5RC.png,Music,,iptv-org-all.txt
Stingray Country Greats (1080p),https://lotus.stingray.com/manifest/ose-109ads-montreal/samsungtvplus/master.m3u8,,,,,,,,,Undefined,,iptv-org-all.txt
Stingray Cozy Cafe (1080p),https://aka-live1050.delivery.roku.com/372c813e-1fb9-41d4-a4d0-5fbd803659c5/t2-origin/out/v1/live.m3u8,,,,StingrayCozyCafe.ca@HD,,,,https://encrypted-tbn0.gstatic.com/images?q=tbn:ANd9GcT-PtqqxxfI0SgHcNO5YJqxdufqnVtPFwpDvQ&s,Music,,iptv-org-all.txt
Stingray DJAZZ (1080p),https://lotus.stingray.com/manifest/djazz-djaads-montreal/samsungtvplus/master.m3u8,,,,StingrayDJAZZ.ca@SD,,,,https://upload.wikimedia.org/wikipedia/commons/thumb/1/14/Stingray_Djazz.png/960px-Stingray_Djazz.png,Music,,iptv-org-all.txt
Stingray Easy Listening (1080p),https://lotus.stingray.com/manifest/ose-137ads-montreal/samsungtvplus/master.m3u8,,,,StingrayEasyListening.ca@SD,,,,https://upload.wikimedia.org/wikipedia/commons/thumb/5/5b/Stingray_Music_logo.svg/960px-Stingray_Music_logo.svg.png,Music,,iptv-org-all.txt
Stingray Epoca Dorada Del Cine Mexicano (1080p),https://lotus.stingray.com/manifest/ose-219ads-montreal/samsungtvplus/master.m3u8,,,,,,,,,Undefined,,iptv-org-all.txt
Stingray Euro Hits (1080p),https://lotus.stingray.com/manifest/ose-214ads-montreal/samsungtvplus/master.m3u8,,,,,,,,,Undefined,,iptv-org-all.txt
Stingray Exitos Regional Mexicanos (1080p),https://lotus.stingray.com/manifest/ose-226ads-montreal/samsungtvplus/master.m3u8,,,,,,,,,Undefined,,iptv-org-all.txt
Stingray Fado Classics (1080p),https://lotus.stingray.com/manifest/ose-346ads-montreal/samsungtvplus/master.m3u8,,,,,,,,,Undefined,,iptv-org-all.txt
Stingray Flashback 70s (1080p),https://lotus.stingray.com/manifest/ose-115ads-montreal/samsungtvplus/master.m3u8,,,,StingrayFlashback70s.ca@SD,,,,https://i.imgur.com/jf5C9QF.png,Music,,iptv-org-all.txt
Stingray Franco Country (1080p),https://lotus.stingray.com/manifest/ose-010ads-montreal/samsungtvplus/master.m3u8,,,,,,,,,Undefined,,iptv-org-all.txt
Stingray Franco Pop (1080p),https://lotus.stingray.com/manifest/ose-013ads-montreal/samsungtvplus/master.m3u8,,,,,,,,,Undefined,,iptv-org-all.txt
Stingray Franco Retro (1080p),https://lotus.stingray.com/manifest/ose-043ads-montreal/samsungtvplus/master.m3u8,,,,,,,,,Undefined,,iptv-org-all.txt
Stingray Greatest Hits (1080p),https://lotus.stingray.com/manifest/ose-455ads-montreal/samsungtvplus/master.m3u8,,,,,,,,,Undefined,,iptv-org-all.txt
Stingray Greatest Hits (1080p),https://d39g1vxj2ef6in.cloudfront.net/v1/master/3fec3e5cac39a52b2132f9c66c83dae043dc17d4/prod-rakuten-stitched/master.m3u8?ads.xumo_channelId=88883053,,,,StingrayGreatestHits.ca@Poland,,,,,Music,,iptv-org-all.txt
Stingray Greatest Holiday Hits,https://d39g1vxj2ef6in.cloudfront.net/v1/manifest/3fec3e5cac39a52b2132f9c66c83dae043dc17d4/prod-rakuten-stitched/54947915-6504-4548-aaef-eabd451f8607/1.m3u8,,,,StingrayGreatestHolidayHits.us@SD,,,,https://i.imgur.com/Hz2d6og.png,Music,,iptv-org-all.txt
Stingray Green Noise (1080p),https://lotus.stingray.com/manifest/ose-815ads-montreal/samsungtvplus/master.m3u8,,,,,,,,,Undefined,,iptv-org-all.txt
Stingray Hip Hop R&B (1080p),https://lotus.stingray.com/manifest/ose-133ads-montreal/samsungtvplus/master.m3u8,,,,,,,,,Undefined,,iptv-org-all.txt
Stingray Hit List (1080p),https://lotus.stingray.com/manifest/ose-107ads-montreal/samsungtvplus/master.m3u8,,,,StingrayHitList.ca@SD,,,,https://i.imgur.com/lgpIwId.png,Music,,iptv-org-all.txt
Stingray Hitlist (1080p),https://d39g1vxj2ef6in.cloudfront.net/v1/master/3fec3e5cac39a52b2132f9c66c83dae043dc17d4/prod-rakuten-stitched/master.m3u8?ads.xumo_channelId=88883054,,,,StingrayHitList.ca@Poland,,,,https://i.imgur.com/lgpIwId.png,Music,,iptv-org-all.txt
Stingray Holiday Hits (1080p),https://lotus.stingray.com/manifest/ose-155ads-montreal/samsungtvplus/master.m3u8,,,,StingrayHolidayHits.ca@SD,,,,https://i.imgur.com/4xVVKH8.png,Music,,iptv-org-all.txt
Stingray Holidayscapes (1080p),https://d10cyxntpn0bwm.cloudfront.net/master.m3u8,,,,StingrayHolidayscapes.ca@HD,,,,https://images.plex.tv/photo?size=large-1920&scale=1&url=https%3A%2F%2Fprovider-static.plex.tv%2Fepg%2Fcms%2Fproduction%2F9cb4b15c-8244-4499-ae2c-9a92d4cdff6d%2F13895_SHS_Plex_Logos_Holidays_1500x1000_Dark-Background.png,Music,,iptv-org-all.txt
Stingray Hot Country (1080p),https://lotus.stingray.com/manifest/ose-108ads-montreal/samsungtvplus/master.m3u8,,,,StingrayHotCountry.ca@SD,,,,https://i.imgur.com/PZhxyIT.png,Music,,iptv-org-all.txt
Stingray iConcerts HD,https://dash4.antik.sk/live/test_stingray_iconcerts_hd_hevc50/playlist.m3u8,,,,StingrayiConcerts.ca@HD,,,,https://i.imgur.com/GKc7RFz.png,Music,,iptv-org-all.txt
Stingray Italo Disco (1080p),https://lotus.stingray.com/manifest/ose-311ads-montreal/samsungtvplus/master.m3u8,,,,,,,,,Undefined,,iptv-org-all.txt
Stingray Jukebox Oldies (1080p),https://lotus.stingray.com/manifest/ose-021ads-montreal/samsungtvplus/master.m3u8,,,,StingrayJukeboxOldies.ca@SD,,,,https://upload.wikimedia.org/wikipedia/commons/thumb/5/5b/Stingray_Music_logo.svg/960px-Stingray_Music_logo.svg.png,Music,,iptv-org-all.txt
Stingray Karaoke (1080p),https://lotus.stingray.com/manifest/karaoke-kar000-montreal/samsungtvplus/master.m3u8,,,,StingrayKaraoke.ca@SD,,,,https://i.imgur.com/9TLTLS3.png,Music,,iptv-org-all.txt
Stingray le Palmares (1080p),https://lotus.stingray.com/manifest/ose-060ads-montreal/samsungtvplus/master.m3u8,,,,,,,,,Undefined,,iptv-org-all.txt
Stingray Movie Music (1080p),https://lotus.stingray.com/manifest/cmusic-cme004-montreal/samsungtvplus/master.m3u8,,,,MovieMusicbyStingray.ca@HD,,,,https://encrypted-tbn0.gstatic.com/images?q=tbn:ANd9GcQ2CSpCdAxnLpqebMLZh6h7vMPk6LYpdqkVHA&s,Music,,iptv-org-all.txt
Stingray MPB (1080p),https://lotus.stingray.com/manifest/ose-204ads-montreal/samsungtvplus/master.m3u8,,,,,,,,,Undefined,,iptv-org-all.txt
Stingray Music For Focus (1080p),https://lotus.stingray.com/manifest/ose-814ads-montreal/samsungtvplus/master.m3u8,,,,,,,,,Undefined,,iptv-org-all.txt
Stingray Naturescape (1080p),https://d39g1vxj2ef6in.cloudfront.net/v1/master/3fec3e5cac39a52b2132f9c66c83dae043dc17d4/prod-rakuten-stitched/master.m3u8?ads.xumo_channelId=88883056,,,,StingrayNaturescape.ca@Poland,,,,https://i.imgur.com/882kd90.png,Music,,iptv-org-all.txt
Stingray Naturescape (1080p),https://lotus.stingray.com/manifest/naturescape-a003-montreal/samsungtvplus/master.m3u8,,,,StingrayNaturescape.ca@SD,,,,https://i.imgur.com/882kd90.png,Music,,iptv-org-all.txt
Stingray Nostalgie (1080p),https://lotus.stingray.com/manifest/ose-014ads-montreal/samsungtvplus/master.m3u8,,,,,,,,,Undefined,,iptv-org-all.txt
Stingray Nothin' But 90s (1080p),https://lotus.stingray.com/manifest/ose-142ads-montreal/samsungtvplus/master.m3u8,,,,StingrayNothinBut90s.ca@SD,,,,https://i.imgur.com/Tq3I0po.png,Music,,iptv-org-all.txt
Stingray Peaceful Piano (1080p),https://lotus.stingray.com/manifest/ose-807ads-montreal/samsungtvplus/master.m3u8,,,,,,,,,Undefined,,iptv-org-all.txt
Stingray Pop Adult (1080p),https://lotus.stingray.com/manifest/ose-104ads-montreal/samsungtvplus/master.m3u8,,,,StingrayPopAdult.ca@SD,,,,https://i.imgur.com/H2ugC9L.png,Music,,iptv-org-all.txt
Stingray Pop Mexicano 80s (1080p),https://lotus.stingray.com/manifest/ose-218ads-montreal/samsungtvplus/master.m3u8,,,,,,,,,Undefined,,iptv-org-all.txt
Stingray Reggaeton (1080p),https://lotus.stingray.com/manifest/ose-176ads-montreal/samsungtvplus/master.m3u8,,,,,,,,,Undefined,,iptv-org-all.txt
Stingray Remember the 80s (1080p),https://lotus.stingray.com/manifest/ose-128ads-montreal/samsungtvplus/master.m3u8,,,,StingrayEverything80s.ca@SD,,,,https://i.imgur.com/6E3wYrb.png,Music,,iptv-org-all.txt
Stingray Remember the 80s (1080p),https://d39g1vxj2ef6in.cloudfront.net/v1/master/3fec3e5cac39a52b2132f9c66c83dae043dc17d4/prod-rakuten-stitched/master.m3u8?ads.xumo_channelId=88883071,,,,StingrayRememberthe80s.ca@Poland,,,,https://i.imgur.com/duwc8E8.png,Music,,iptv-org-all.txt
Stingray Remember the 80s,https://d39g1vxj2ef6in.cloudfront.net/v1/manifest/3fec3e5cac39a52b2132f9c66c83dae043dc17d4/prod-rakuten-stitched/68cc5f97-cf6c-4ff7-9125-f56f272dbcb6/1.m3u8,,,,StingrayRememberthe80s.ca@SD,,,,https://i.imgur.com/duwc8E8.png,Music,,iptv-org-all.txt
Stingray Rock Alternative (1080p),https://lotus.stingray.com/manifest/ose-102ads-montreal/samsungtvplus/master.m3u8,,,,StingrayRockAlternative.ca@SD,,,,https://i.imgur.com/mt8ulVX.png,Music,,iptv-org-all.txt
Stingray Romance Latino (1080p),https://lotus.stingray.com/manifest/ose-202ads-montreal/samsungtvplus/master.m3u8,,,,StingrayRomanceLatino.ca@SD,,,,https://upload.wikimedia.org/wikipedia/commons/thumb/5/5b/Stingray_Music_logo.svg/960px-Stingray_Music_logo.svg.png,Music,,iptv-org-all.txt
Stingray Smooth Jazz (1080p),https://lotus.stingray.com/manifest/ose-140ads-montreal/samsungtvplus/master.m3u8,,,,StingraySmoothJazz.ca@SD,,,,https://i.imgur.com/h1DsOzH.png,Music,,iptv-org-all.txt
Stingray Soccer Anthems (1080p),https://lotus.stingray.com/manifest/ose-347ads-montreal/samsungtvplus/master.m3u8,,,,,,,,,Undefined,,iptv-org-all.txt
Stingray Soft Hits (1080p),https://lotus.stingray.com/manifest/ose-237ads-montreal/samsungtvplus/master.m3u8,,,,,,,,,Undefined,,iptv-org-all.txt
Stingray Soul Storm (1080p),https://lotus.stingray.com/manifest/ose-134ads-montreal/samsungtvplus/master.m3u8,,,,StingraySoulStorm.ca@SD,,,,https://i.imgur.com/dU1KC3f.png,Music,,iptv-org-all.txt
Stingray Souvenirs (1080p),https://lotus.stingray.com/manifest/ose-012ads-montreal/samsungtvplus/master.m3u8,,,,,,,,,Undefined,,iptv-org-all.txt
Stingray Thai Pop (1080p),https://lotus.stingray.com/manifest/ose-314ads-montreal/samsungtvplus/master.m3u8,,,,,,,,,Undefined,,iptv-org-all.txt
Stingray The Spa (1080p),https://lotus.stingray.com/manifest/ose-122ads-montreal/samsungtvplus/master.m3u8,,,,StingrayTheSpa.ca@SD,,,,https://i.imgur.com/ywAN923.png,Music,,iptv-org-all.txt
Stingray TikTok Radio (1080p),https://lotus.stingray.com/manifest/ose-185ads-montreal/samsungtvplus/master.m3u8,,,,,,,,,Undefined,,iptv-org-all.txt
Stingray Today's KPOP (1080p),https://lotus.stingray.com/manifest/ose-317ads-montreal/samsungtvplus/master.m3u8,,,,StingrayTodaysKPop.ca@SD,,,,https://i.imgur.com/mMbntB5.png,Music,,iptv-org-all.txt
Stingray Today's Latin Pop (1080p),https://lotus.stingray.com/manifest/ose-190ads-montreal/samsungtvplus/master.m3u8,,,,StingrayTodaysLatinPop.ca@SD,,,,https://i.imgur.com/Os3kRRP.png,Music,,iptv-org-all.txt
Stingray Y2K (1080p),https://lotus.stingray.com/manifest/ose-232ads-montreal/samsungtvplus/master.m3u8,,,,,,,,,Undefined,,iptv-org-all.txt
Stingray ZenLIFE (1080p),https://lotus.stingray.com/manifest/zenlife-zen001-montreal/samsungtvplus/master.m3u8,,,,ZenLIFEbyStingray.ca@HD,,,,https://www.stingray.com/wp-content/uploads/2023/12/stingray_zenlifebystingray_white.svg,Relax,,iptv-org-all.txt
Stockton GovTV (Stockton CA) (720p),https://cdn3.wowza.com/5/dk84U1p2UUdoMGxT/stockton/G0044_008/playlist.m3u8,,,,StocktonGovTV.us@SD,,,,https://i.imgur.com/Ko4m4iw.png,Legislative,,iptv-org-all.txt
Storage Wars by A&E (720p),https://jmp2.uk/plu-6887aaf4e3703b7d42b71a1e.m3u8,,,,PlutoTVStorageWars.us@SD,,,,https://i.imgur.com/mnHRLlg.png,Series,,iptv-org-all.txt
Storage Wars LA (720p) [Geo-blocked],https://pb-312sgyls2cddh.akamaized.net/v1/aenetworks_storagewarsla_1/samsungheadend_us/latest/main/hls/playlist.m3u8,,,,,,,,,Undefined,,iptv-org-all.txt
Storie Criminali,https://jmp2.uk/plu-66177d18c8311c0008d077d0.m3u8,,,,StorieCriminali.es@IT,,,,https://images.pluto.tv/channels/66177d18c8311c0008d077d0/colorLogoPNG.png,Documentary,,iptv-org-all.txt
Stories by AMC,https://jmp2.uk/plu-62f2ce24f328e00007e7f55a.m3u8,,,,StoriesbyAMC.us@PlutoTV,,,,https://i.imgur.com/QJtwJoS.png,Entertainment,,iptv-org-all.txt
Stories by AMC,https://amc-amcpresents-1-us.xumo.wurl.tv/playlist.m3u8,,,,StoriesbyAMC.us@SD,,,,https://i.imgur.com/QJtwJoS.png,Entertainment,,iptv-org-all.txt
Storm Vibes (1080p),https://d23gs0zonql31y.cloudfront.net/playlist.m3u8,,,,,,,,,Undefined,,iptv-org-all.txt
Story Television,https://2-fss-1.streamhoster.com/pl_122/206858-4412976-1/chunklist.m3u8,,,,WCIUTV265.us@SD,,,,https://upload.wikimedia.org/wikipedia/en/e/e1/Story_television_logo.png,Undefined,,iptv-org-all.txt
StoryChannel TV (720p),https://136044159.r.cdnsun.net/storychannel.m3u8,,,,StoryChannelTV.ma@SD,,,,https://i.imgur.com/ZBV6xph.png,Culture,,iptv-org-all.txt
STOU Channel (720p),https://stream1.stou.ac.th/live/stou_720p/playlist.m3u8,,,,STOUChannel.th@SD,,,,https://i.imgur.com/L3T2QZz.png,Undefined,,iptv-org-all.txt
Strawberry Shortcake (720p),https://d10c3fwb9yju0h.cloudfront.net/master.m3u8,,,,,,,,,Undefined,,iptv-org-all.txt
Strawberry Shortcake (720p),https://d2tdny619yw5x1.cloudfront.net/master.m3u8,,,,,,,,,Undefined,,iptv-org-all.txt
Strawberry Shortcake and Friends,https://jmp2.uk/plu-667f393836a2f90008fd17c0.m3u8,,,,,,,,,Undefined,,iptv-org-all.txt
Streek TV (720p) [Not 24/7],http://cdn22.streampartner.nl/streektv/streektv/playlist.m3u8,,,,StreekTV.nl@SD,,,,https://i.imgur.com/48lkh57.png,Undefined,,iptv-org-all.txt
Streekstad Alkmaar Centraal (1080p),https://videostreams.streekstadcentraal.nl/hls/streekstad_alkmaar/streekstad_alkmaar.m3u8,,,,StreekstadCentral.nl@SD,,,,https://i.imgur.com/9gM6rPb.png,General,,iptv-org-all.txt
Stromberg,https://jmp2.uk/plu-686cff3224918d4300fa542b.m3u8,,,,,,,,,Undefined,,iptv-org-all.txt
Strongman (720p),https://rightsboosterltd-scl-1-eu.rakuten.wurl.tv/playlist.m3u8,,,,Strongman.us@UK,,,,https://i.imgur.com/bVQBF6R.png,Sports,,iptv-org-all.txt
Strongman Champions League (720p),https://rightsboosterltd-scl-2-eu.rakuten.wurl.tv/playlist.m3u8,,,,Strongman.us@Germany,,,,https://i.imgur.com/bVQBF6R.png,Sports,,iptv-org-all.txt
Strongman Champions League (720p),https://rightsboosterltd-scl-1-be.samsung.wurl.tv/playlist.m3u8,,,,StrongmanChampionsLeague.uk@SD,,,,https://images-0.rakuten.tv/storage/global-live-channel/translation/artwork/30ccc088-dca7-4458-ad5a-328fef06e1ca-width200-quality90.png,Sports,,iptv-org-all.txt
Stryk TV (1080p),https://fffffff110156200.tvustream.com:8298/ryfy.m3u8,,,,StrykTV.us@HD,,,,https://i.imgur.com/rKkHhkX.png,Music,,iptv-org-all.txt
STS (576p),http://tshift-1.telecoma.tv/sts/index.m3u8,,,,STS.ru@SD,,,,https://i.imgur.com/ilUzAeb.png,Family,,iptv-org-all.txt
STS HD (1080p),http://stream.mcquack.net/138/index.m3u8,,,,STS.ru@HD,,,,https://i.imgur.com/ilUzAeb.png,Family,,iptv-org-all.txt
STS International (576p),http://178.134.1.158:8081/CTC/index.m3u8,,,,STSInternational.ru@SD,,,,https://i.imgur.com/mwiC0RG.png,Undefined,,iptv-org-all.txt
STS kids (1080p),http://31.148.48.15/STS_Kids_HD/index.m3u8,,,,STSkids.ru@SD,,,,https://i.imgur.com/o9kLpAL.png,Kids,,iptv-org-all.txt
StuBru (1080p),https://live.vrtcdn.be/groupb/live/450aa9d1-7173-47f3-aaaa-9701426f8ddd/live.isml/.m3u8,,,,StuBru.be@SD,,,,https://i.ibb.co/y0TcsXw/512px-VRT-Stu-Bru-logo-svg.png,Music,,iptv-org-all.txt
Studio040 TV (720p),https://d591ovpa48r6h.cloudfront.net/nlpo/clr-nlpo/studio040tv/index.m3u8,,,,Studio040TV.nl@SD,,,,https://i.imgur.com/NBludRL.png,General,,iptv-org-all.txt
Studio + TV (720p),https://cloudvideo.servers10.com:8081/8184/index.m3u8,,,,StudioPlusTV.ec@SD,,,,https://carjocosa.space/studio/logo.png,General,,iptv-org-all.txt
