频道名,地址,回播地址,回播类型,回播天数,tvg-id,tvg-name,国家分组,语言分组,图标,原分组,分辨率,来源文件
W14DK-D 14.1,https://2-fss-2.streamhoster.com/pl_118/amlst:204972-1949480/playlist.m3u8,,,,W14DKD141.us@HD,,,,https://i.imgur.com/TjQP7kS.png,Religious,,iptv-org-all.txt
W14DK-D 14.2,https://2-fss-2.streamhoster.com/pl_118/204972-1954106-1/playlist.m3u8,,,,W14DKD142.us@SD,,,,https://upload.wikimedia.org/wikipedia/commons/9/98/NewsNetLogo2022.png,News,,iptv-org-all.txt
W24 (720p) [Not 24/7],https://ms01.w24.at/W24/smil:liveevent.smil/playlist.m3u8,,,,W24.at@SD,,,,https://i.imgur.com/FpVNrxk.png,Undefined,,iptv-org-all.txt
W Polsce PL (720p),https://str.onnetwork.tv/hls/onnet-358726_hi/index.m3u8,,,,WPolscePL.pl@SD,,,,https://i.imgur.com/HQ8UyhL.png,Undefined,,iptv-org-all.txt
W Shopping (720p),https://liveout.catenoid.net/live-05-wshopping/wshopping_1500k/playlist.m3u8,,,,WShopping.kr@SD,,,,https://i.imgur.com/hfXjVJd.png,Shop,,iptv-org-all.txt
Waar TV (1080p),https://hlspackager.akamaized.net/live/DB/WAAR_HD/HLS/WAAR_HD.m3u8,,,,WaarTV.iq@SD,,,,https://i.imgur.com/rK0y02d.png,Undefined,,iptv-org-all.txt
WACX 55.1 (720p),https://6305c8676ce84.streamlock.net/live/live/playlist.m3u8,,,,WACX551.us@SD,,,,https://upload.wikimedia.org/wikipedia/commons/thumb/b/bc/WACX_logo_2021.png/960px-WACX_logo_2021.png,Undefined,,iptv-org-all.txt
Waffi TV (240p),https://oqgdro3xd4rm-hls-live.5centscdn.com/waffiitvstreaminglivetfmediacast/e0885d428bea69e372309657f3bd895f.sdp/playlist.m3u8,,,,WaffiTV.ng@SD,,,,https://i.imgur.com/3uEuzVH.jpeg,General,,iptv-org-all.txt
Wah Punjabi (576p),http://51.75.127.199:3141/wahpunjabi/index.m3u8,,,,WahPunjabi.in@SD,,,,https://jiotvimages.cdn.jio.com/dare_images/images/Wah_Punjabi.png,Music,,iptv-org-all.txt
Wairarapa TV (1080p) [Not 24/7],https://stream1.np.co.nz/WAITVABR/WAITVABR/playlist.m3u8,,,,WairarapaTV.nz@SD,,,,https://i.imgur.com/xm4KBwE.png,Undefined,,iptv-org-all.txt
Waldivision Internacional,https://media.streambrothers.com:19360/8308/8308.m3u8,,,,WaldivisionInternacional.hn@SD,,,,https://i.imgur.com/NB8pfpb.png,General,,iptv-org-all.txt
Walker Texas Ranger,https://jmp2.uk/plu-635659445b4c4700076d2ad1.m3u8,,,,WalkerTexasRanger.us@France,,,,https://i.imgur.com/0N7EhuD.png,Series,,iptv-org-all.txt
Wan Luo TV (576p),https://stream.hydeinnovations.com/luotv-flussonic/index.m3u8,,,,WanLuoTV.ug@SD,,,,https://i.imgur.com/4PUUp3E.png,General,,iptv-org-all.txt
Wanted: Dead or Alive (720p),https://aegis-cloudfront-1.tubi.video/d5171dc7-f8c6-469c-81eb-e1ffaaed5721/playlist.m3u8,,,,WantedDeadorAlive.us@SD,,,,https://i.imgur.com/vaSXaFp.png,Classic,,iptv-org-all.txt
Wap TV (720p) [Not 24/7],https://newproxy3.vidivu.tv/waptv/index.m3u8,,,,WapTV.ng@SD,,,,https://i.imgur.com/Djng8pI.png,Undefined,,iptv-org-all.txt
WAPA-TV 4.1 (1080p) [Not 24/7],https://wapa-updater.onrender.com/WAPA-TV-4-1.m3u8,,,,WAPATV41.pr@HD,,,,https://i.imgur.com/kqq7tD9.png,General,,iptv-org-all.txt
Wapp (720p),https://stream.wapptv.cl/video/index.m3u8,,,,Wapp.cl@SD,,,,https://i.imgur.com/Bv1yJ1d.png,Lifestyle,,iptv-org-all.txt
Waseb TV (576p),http://103.250.28.74:8000/play/a04k/index.m3u8,,,,WasebTV.pk@SD,,,,https://i.imgur.com/RsF5yVA.png,Undefined,,iptv-org-all.txt
Wata Vision,https://live20.bozztv.com/giatv/giatv-watavision/watavision/chunks.m3u8,,,,WataVision.ve@SD,,,,https://qtrypzzcjebvfcihiynt.supabase.co/storage/v1/object/public/base44-prod/public/6957c378f20b5c77b1942a25/240b9ab5a_IMG_1222.jpeg,General,,iptv-org-all.txt
Watan TV (1080p),https://rp.tactivemedia.com/watantv_source/live/playlist.m3u8,,,,WatanTV.eg@SD,,,,https://i.imgur.com/pZyKaUH.png,General,,iptv-org-all.txt
Watar Radio (1080p),https://svs.itworkscdn.net/smcwatarlive/smcwatar/playlist.m3u8,,,,WatarRadio.ae@SD,,,,https://sbauae.faulio.com/storage/mediagallery/d2/ad/fullhd_48adf2291d08266c05ed1b0c24f326c86b1095b7.png,Undefined,,iptv-org-all.txt
Watar TV (720p) [Not 24/7],http://htvint.mada.ps:8889/orient/index.m3u8,,,,WatarTV.ps@SD,,,,https://i.imgur.com/jdr22Sk.jpeg,General,,iptv-org-all.txt
WATC-DT 57.1 (1080p),https://tgn2.bozztv.com/watc57/watc57-1/watc57-1/index.m3u8,,,,WATCDT571.us@HD,,,,https://i.imgur.com/FhIRe7O.png,Undefined,,iptv-org-all.txt
WATC-DT 57.2 (720p),https://uni01rtmp.tulix.tv/watc57-2/watc57-2/playlist.m3u8,,,,WATCDT572.us@HD,,,,https://i.imgur.com/RAfuLul.png,Undefined,,iptv-org-all.txt
Watch it KID! (720p),https://stream-us-east-1.getpublica.com/playlist.m3u8?network_id=2245,,,,WatchitKID.us@SD,,,,https://i.imgur.com/YNx0j1b.png,Kids,,iptv-org-all.txt
Watch it Scream! (720p),https://stream-us-east-1.getpublica.com/playlist.m3u8?network_id=2246,,,,WatchitScream.us@SD,,,,https://i.imgur.com/bz3Caum.png,Movies,,iptv-org-all.txt
WaterBear (1080p),https://amg01415-waterbearnetwor-waterbear-samsunguk-1h0y8.amagi.tv/playlist/amg01415-waterbearnetwor-waterbear-samsunguk/playlist.m3u8,,,,WaterBear.ch@SD,,,,https://framerusercontent.com/images/41VQQ7F0fYlp1MX1N4Ixog5QnPI.png,Documentary;Outdoor,,iptv-org-all.txt
Wattan TV,https://htvmada.mada.ps:4443/wattan/index.m3u8,,,,WattanTV.ps@SD,,,,https://i.imgur.com/sf2A9vT.png,Undefined,,iptv-org-all.txt
Wavez FM,https://media.streambrothers.com:1936/uszqnhpjpa/uszqnhpjpa/playlist.m3u8,,,,WavezFM.aw@SD,,,,https://i.imgur.com/uyROZSS.png,Music,,iptv-org-all.txt
Waypoint TV (1080p),https://waypoint-waypointtv-firetv.amagi.tv/playlist.m3u8,,,,WaypointTV.us@SD,,,,https://i.imgur.com/9vvlJN9.png,Outdoor,,iptv-org-all.txt
Wayra TV (720p),https://live-evg11.tv360.bitel.com.pe/bitel/wayratv/playlist.m3u8,,,,WayraTV.pe@SD,,,,https://i.imgur.com/eQLRVFp.png,General,,iptv-org-all.txt
Wazobia Max TV Nigeria (720p),https://wazobia.live:8333/channel/wmax.m3u8,,,,WazobiaMaxTVNigeria.ng@SD,,,,https://i.imgur.com/IeioxBp.png,Undefined,,iptv-org-all.txt
Wazobia Max TV Port-Harcourt (720p),https://wazobia.live:8333/channel/wmaxph.m3u8,,,,WazobiaMaxTVPortHarcourt.ng@SD,,,,https://rndcdn.dstv.com/dstvcms/2016/10/20/WazobiaMaz_new4-4logo_001_xlrg.png,Undefined,,iptv-org-all.txt
WBTV 64.1 (720p),https://d2ugl2g2gz1giy.cloudfront.net/index.m3u8,,,,WBTV641.us@HD,,,,https://upload.wikimedia.org/wikipedia/commons/thumb/e/ee/CBS_logo_%282020%29.svg/960px-CBS_logo_%282020%29.svg.png,Undefined,,iptv-org-all.txt
WCETV Digital Channel 31.8,https://h5cul1yar48um3t.wcetv.com/hls/wcetv318.m3u8,,,,WCETVDigitalChannel318.us@SD,,,,https://i.imgur.com/l0UO27k.png,General,,iptv-org-all.txt
WCOT (720p),https://stream.talgov.net/WCOT/smil:WCOT.smil/playlist.m3u8,,,,WCOT.us@SD,,,,https://i.imgur.com/WMUBDzY.jpg,General,,iptv-org-all.txt
WDR 1 Live (720p),https://wdrfs247.akamaized.net/hls/live/681509/wdr_msl4_fs247/index.m3u8,,,,WDR1Live.de@SD,,,,https://i.imgur.com/RbqDMYx.png,Entertainment,,iptv-org-all.txt
WDR Fernsehen (720p),https://wdr-live.ard-mcdn.de/wdr/live/hls/de/master.m3u8,,,,WDRFernsehen.de@Koln,,,,https://upload.wikimedia.org/wikipedia/commons/thumb/2/22/WDR_Fernsehen_Logo_2018.svg/960px-WDR_Fernsehen_Logo_2018.svg.png,General,,iptv-org-all.txt
WDR Fernsehen Aachen (720p) [Geo-blocked],https://wdrlokalzeit.akamaized.net/hls/live/2018019-b/wdrlz_aachen/master.m3u8,,,,WDRFernsehen.de@Aachen,,,,https://upload.wikimedia.org/wikipedia/commons/thumb/2/22/WDR_Fernsehen_Logo_2018.svg/960px-WDR_Fernsehen_Logo_2018.svg.png,General,,iptv-org-all.txt
WDR Fernsehen Bielefeld (720p) [Geo-blocked],https://wdrlokalzeit.akamaized.net/hls/live/2018026-b/wdrlz_bielefeld/master.m3u8,,,,WDRFernsehen.de@Bielefeld,,,,https://upload.wikimedia.org/wikipedia/commons/thumb/2/22/WDR_Fernsehen_Logo_2018.svg/960px-WDR_Fernsehen_Logo_2018.svg.png,General,,iptv-org-all.txt
WDR Fernsehen Bonn (720p) [Geo-blocked],https://wdrlokalzeit.akamaized.net/hls/live/2018021-b/wdrlz_bonn/master.m3u8,,,,WDRFernsehen.de@Bonn,,,,https://upload.wikimedia.org/wikipedia/commons/thumb/2/22/WDR_Fernsehen_Logo_2018.svg/960px-WDR_Fernsehen_Logo_2018.svg.png,General,,iptv-org-all.txt
WDR Fernsehen Dortmund (720p) [Geo-blocked],https://wdrlokalzeit.akamaized.net/hls/live/2018022-b/wdrlz_dortmund/master.m3u8,,,,WDRFernsehen.de@Dortmund,,,,https://upload.wikimedia.org/wikipedia/commons/thumb/2/22/WDR_Fernsehen_Logo_2018.svg/960px-WDR_Fernsehen_Logo_2018.svg.png,General,,iptv-org-all.txt
WDR Fernsehen Duisburg (720p) [Geo-blocked],https://wdrlokalzeit.akamaized.net/hls/live/2018024-b/wdrlz_duisburg/master.m3u8,,,,WDRFernsehen.de@Duisburg,,,,https://upload.wikimedia.org/wikipedia/commons/thumb/2/22/WDR_Fernsehen_Logo_2018.svg/960px-WDR_Fernsehen_Logo_2018.svg.png,General,,iptv-org-all.txt
WDR Fernsehen Dusseldorf (720p) [Geo-blocked],https://wdrlokalzeit.akamaized.net/hls/live/2018023-b/wdrlz_duesseldorf/master.m3u8,,,,WDRFernsehen.de@Dusseldorf,,,,https://upload.wikimedia.org/wikipedia/commons/thumb/2/22/WDR_Fernsehen_Logo_2018.svg/960px-WDR_Fernsehen_Logo_2018.svg.png,General,,iptv-org-all.txt
WDR Fernsehen Essen (720p) [Geo-blocked],https://wdrlokalzeit.akamaized.net/hls/live/2018027-b/wdrlz_essen/master.m3u8,,,,WDRFernsehen.de@Essen,,,,https://upload.wikimedia.org/wikipedia/commons/thumb/2/22/WDR_Fernsehen_Logo_2018.svg/960px-WDR_Fernsehen_Logo_2018.svg.png,General,,iptv-org-all.txt
WDR Fernsehen Munster (720p) [Geo-blocked],https://wdrlokalzeit.akamaized.net/hls/live/2018025-b/wdrlz_muensterland/master.m3u8,,,,WDRFernsehen.de@Munster,,,,https://upload.wikimedia.org/wikipedia/commons/thumb/2/22/WDR_Fernsehen_Logo_2018.svg/960px-WDR_Fernsehen_Logo_2018.svg.png,General,,iptv-org-all.txt
WDR Fernsehen Siegen (720p) [Geo-blocked],https://wdrlokalzeit.akamaized.net/hls/live/2018020-b/wdrlz_siegen/master.m3u8,,,,WDRFernsehen.de@Siegen,,,,https://upload.wikimedia.org/wikipedia/commons/thumb/2/22/WDR_Fernsehen_Logo_2018.svg/960px-WDR_Fernsehen_Logo_2018.svg.png,General,,iptv-org-all.txt
WDR Fernsehen Wuppertal (720p) [Geo-blocked],https://wdrlokalzeit.akamaized.net/hls/live/2018028-b/wdrlz_wuppertal/master.m3u8,,,,WDRFernsehen.de@Wuppertal,,,,https://upload.wikimedia.org/wikipedia/commons/thumb/2/22/WDR_Fernsehen_Logo_2018.svg/960px-WDR_Fernsehen_Logo_2018.svg.png,General,,iptv-org-all.txt
WDWL 58.1 (720p) [Not 24/7],https://67acccf130420.streamlock.net/enlacepr1/enlacepr1/playlist.m3u8,,,,WDWL581.pr@HD,,,,https://i.imgur.com/B7lqYZe.png,Religious,,iptv-org-all.txt
We Sport TV,http://forever.megogo.xyz/iptv/QGB4M3H62GC7E3/2471/index.m3u8,,,,WeSportTV.md@SD,,,,https://i.imgur.com/vJZgpOb.png,Sports,,iptv-org-all.txt
We TV (1080p),http://23.237.104.106:8080/USA_WE_TV/index.m3u8,,,,WeTV.us@East,,,,https://upload.wikimedia.org/wikipedia/commons/thumb/d/db/We_TV_logo_2014.svg/960px-We_TV_logo_2014.svg.png,Series,,iptv-org-all.txt
WeatherNation (1080p),https://d2ferbiwcx1539.cloudfront.net/v1/master/3722c60a815c199d9c0ef36c5b73da68a62b09d1/cc-8zd06wicndthf-ssai-prd/WNNationalSamsung/WNNationalSamsung.m3u8,,,,WeatherNation.us@SD,,,,https://upload.wikimedia.org/wikipedia/commons/thumb/d/de/WeatherNation_Logo.svg/960px-WeatherNation_Logo.svg.png,Weather,,iptv-org-all.txt
Weathernews (720p),https://rch01e-alive-hls.akamaized.net/38fb45b25cdb05a1/out/v1/4e907bfabc684a1dae10df8431a84d21/index.m3u8,,,,Weathernews.jp@SD,,,,https://i.imgur.com/A8uRSTS.png,Weather,,iptv-org-all.txt
WeatherSpy (Australia) (720p),https://jukin-weatherspy-2-au.samsung.wurl.tv/playlist.m3u8,,,,WeatherSpy.au@SD,,,,https://i.imgur.com/GTxN2nH.png,Weather,,iptv-org-all.txt
WeatherSpy (India),https://jukin-weatherspy-2-in.samsung.wurl.tv/playlist.m3u8,,,,WeatherSpy.in@SD,,,,https://i.imgur.com/KIEKOt1.png,Weather,,iptv-org-all.txt
WeatherSpy (Mexico) (720p),https://jukin-weatherspy-2-mx.samsung.wurl.tv/playlist.m3u8,,,,WeatherSpy.mx@SD,,,,https://i.imgur.com/KIEKOt1.png,Weather,,iptv-org-all.txt
WeatherSpy (United States) (720p),https://d12gab6t5iutxf.cloudfront.net/playlist.m3u8,,,,WeatherSpy.us@SD,,,,https://i.imgur.com/yHUUIIz.png,Weather,,iptv-org-all.txt
WECN (720p),https://59825a54e4454.streamlock.net:8443/pastorairisn394/pastorairisn394/chunklist_w239411719.m3u8,,,,WECN.pr@SD,,,,https://i.imgur.com/NYBZBY0.png,Religious,,iptv-org-all.txt
Wedding TV,https://stream.cp.ets-sistemi.it:1936/profservtv/profservtv/playlist.m3u8,,,,WeddingTV.it@SD,,,,https://i.imgur.com/dFCrfbk.png,Culture,,iptv-org-all.txt
Wedo Big Stories (1080p),https://amg00735-videosolutionsa-wedobigdocs-ono-0urlz.amagi.tv/playlist/amg00735-videosolutionsa-wedobigdocs-ono/playlist.m3u8,,,,WedoBigStories.ch@SD,,,,https://provider-static.plex.tv/epg/cms/production/49cf6309-0a4a-4d39-bdcc-fa48e4ef84a7/WEDOBIGSTORIES_LIGHTTHEME_-_Sorin_Stoian.png,Documentary,,iptv-org-all.txt
Wedo TV Amor (1080p),https://amg00735-videosolutions-amg00735c15-wedotv-eu-1915.playouts.now.amagi.tv/playlist/amg00735-videosolutionsagfast-wedoamor-wedotveu/playlist.m3u8,,,,WedoTVAmor.ch@SD,,,,https://cdn-01.watch4.com/01/1720621000_wedo-amor_white_logo.png,General,,iptv-org-all.txt
wedotv Auta (480p),https://amg00735-amg00735c57-rakuten-de-10677.playouts.now.amagi.tv/ts-eu-w1-n2/playlist/amg00735-videosolutionsagfast-wedotvauta-rakutende/cb553d1e726c678e9cd43d67d3ef42a0df2416fc087a8d6933fb4b926bc10f41f4e2a581b212bb785d9914ce1c553f080132c0099c3a0bc6da73b6512d6c6021c9c3ed64d89d1b17b2c8797368e62c4119e10f11d93b53309dbb1858dd68ec2b005ebb0d6f577fdcec0fac6b5ac58402967a7c82fc8e68312f5e56cd543fa29a7c9b1f0f5d65e94693d1605aa34f1abbd31c9df63d81b2a13ebedf52bbc33eabe7b5c98c50d7acad5b3ef4ac466f6f236f8a816ed1b835750fce1b5bcd2552213354fcac85f74f76ee2d250ca9b29fe635ad50a6fd540358406cb1d865a44989e5902bf9691a80e7d6fa575336b4c1145626b2f6a19dc1d352d742d6adf3d47f7098b94136178925f92c2f2a9ff4cf54d5954ed69b2c87bd651863808353c1cce6daa1e0c40abb20c9ccfbd76c16172d5442a054b09f6bd4319229fc975d712e202ecabb5bc094d65734102dd7d6249b797c8cd5808dd01935b0163c5fe665cb52062ced3a686eea24fdda11638b2f06807751d65737894ef9f81cfda8d5e00c58e48e91a29ebd7f4ba5b486210eed8f29b009af85251fe39768f8/106/426x240_611520/index.m3u8,,,,wedotvAuta.pl@FAST,,,,https://images-3.rakuten.tv/storage/global-live-channel/translation/artwork/0ba18c3b-b319-4ea9-bdad-dfba2c348ce3-width200-quality90.jpeg,Auto,,iptv-org-all.txt
Weeds & Nurse Jackie (720p),https://jmp2.uk/plu-688a44cf5d73ec0a3f49718b.m3u8,,,,WeedsNurseJackie.us@SD,,,,https://images.pluto.tv/channels/688a44cf5d73ec0a3f49718b/colorLogoPNG_1756145413989.png,Series,,iptv-org-all.txt
WeertFM TV (720p),https://ms2.mx-cd.net/tv/151-573495/WeertFM_TV.smil/playlist.m3u8,,,,WeertFMTV.nl@SD,,,,https://i.imgur.com/8bt6xt2.png,General,,iptv-org-all.txt
WeHoTV (360p),https://cdn3.wowza.com/5/M0lyamVmM2JWcjhQ/weho/G0161_004/playlist.m3u8,,,,WeHoTV.us@SD,,,,https://i.imgur.com/p3L2vSL.png,Undefined,,iptv-org-all.txt
Welat TV (1080i),https://stream.badinan.xyz/welat/tv/playlist.m3u8,,,,WelatTV.sy@HD,,,,https://avatars.githubusercontent.com/u/213803648?s=400&u=e27c09d39f813b9698de9c6559cbf7f196bf6fce&v=4,News,,iptv-org-all.txt
WELT,https://dash4.antik.sk/live/test_welt_tizen/playlist.m3u8,,,,WELT.de@SD,,,,https://i.imgur.com/s4TZoxx.png,News,,iptv-org-all.txt
Welt der Wunder TV (576p),https://wdw.iptv-playoutcenter.de/wdw/wdw1/playlist.m3u8,,,,WeltderWunderTV.de@SD,,,,https://i.imgur.com/DLXssJe.png,Undefined,,iptv-org-all.txt
WELU 8.1 (480p) [Not 24/7],https://video1.getstreamhosting.com:1936/8226/8226/playlist.m3u8,,,,WELU81.pr@HD,,,,https://i.imgur.com/42UdwD0.png,Religious,,iptv-org-all.txt
WEST (1080p),https://cablered.iptvperu.tv:1936/cablered/west/playlist.m3u8,,,,WEST.pe@SD,,,,https://aptcperu.org/wp-content/uploads/2026/04/logoMesa-de-trabajo-1-copia-5.png,Entertainment,,iptv-org-all.txt
West Azerbaijan TV,https://ncdn.telewebion.ir/azarbayjangharbi/live/playlist.m3u8,,,,WestAzerbaijanTV.ir@SD,,,,https://upload.wikimedia.org/wikipedia/fa/thumb/2/21/Urmia_TV.svg/960px-Urmia_TV.svg.png,General,,iptv-org-all.txt
Western TV,https://jmp2.uk/plu-5e8df4bc16e34700077e77d3.m3u8,,,,WesternTV.us@SD,,,,https://i.imgur.com/nNy9oTx.png,Classic,,iptv-org-all.txt
Westerns 4U (1080p),http://181.224.255.210:8001/play/a0rq/index.m3u8,,,,Westerns4U.us@SD,,,,,Classic,,iptv-org-all.txt
WGGS-TV 16.1,https://wggstv16.ddns.net:9953/hls/WGGS1.m3u8,,,,WGGSTV161.us@HD,,,,https://i.imgur.com/Btw83JA.png,Undefined,,iptv-org-all.txt
Whakaata Maori (1080p),https://i.mjh.nz/.r/maori-tv.m3u8,,,,WhakaataMaori.nz@SD,,,,https://i.imgur.com/oT3PrHZ.png,Undefined,,iptv-org-all.txt
Whiplash (720p),https://cdn.whiplash.cc/whiplash/index.m3u8,,,,Whiplash.us@HD,,,,https://whiplash.cc/assets/img/channels/whiplash.png,General,,iptv-org-all.txt
Whiplash Cinema (480p),https://cdn.whiplash.cc/whiplash-cinema/index.m3u8,,,,WhiplashCinema.us@SD,,,,https://whiplash.cc/assets/img/channels/whiplashcinema.png,Movies,,iptv-org-all.txt
Whiplash II (480p),https://cdn.whiplash.cc/whiplash-2/index.m3u8,,,,WhiplashII.us@SD,,,,https://whiplash.cc/assets/img/channels/whiplash2.png,General,,iptv-org-all.txt
White Channel (1080p),http://symc-cdn.violin.co.th:1935/tndedge/whitechannel/chunklist.m3u8,,,,WhiteChannel.th@SD,,,,https://i.imgur.com/Chx0AV9.png,Undefined,,iptv-org-all.txt
White Plains Community Media (360p),https://stream.swagit.com/live-edge/whiteplainsny/smil:std-4x3-1-b/playlist.m3u8,,,,WhitePlainsCommunityMedia.us@SD,,,,https://i.imgur.com/XGQfBbW.png,Undefined,,iptv-org-all.txt
WHOH-TV (360p),https://stream.swagit.com/live-edge/hastingsonhudsonny/smil:std-4x3-1-a/playlist.m3u8,,,,WHOHTV.us@SD,,,,https://i.imgur.com/jTD9nLE.png,General,,iptv-org-all.txt
Whole Word TV (720p),https://mn-nl.mncdn.com/wholewordtv/wholewordtv/index.m3u8,,,,WholeWordTV.ng@SD,,,,https://i.imgur.com/71MRtuK.png,Religious,,iptv-org-all.txt
Wiki TV (720p),https://stream.wikitv.asia/live/ngrp:myStream_all/playlist.m3u8,,,,WikiTV.kh@SD,,,,https://i.imgur.com/rnV0Ui1.png,Education,,iptv-org-all.txt
Wild 'N Out,https://jmp2.uk/plu-5d48678d34ceb37d3c458a55.m3u8,,,,WildNOut.us@SD,,,,https://www.samsung.com/us/smg/content/dam/s7/home/televisions-and-home-theater/tvs/tv-plus/all-channels/08182020/Wild%20N%20Out_190x190.png?raw=true,Series,,iptv-org-all.txt
Wild at Heart,https://jmp2.uk/plu-60817936fd2d70000763d2b2.m3u8,,,,WildatHeart.us@UK,,,,https://i.imgur.com/kyVB8Ik.png,Series,,iptv-org-all.txt
Wild TV (1080p),https://dfhsahpa45kk2.cloudfront.net/scheduler/scheduleMaster/476.m3u8,,,,WildTV.ca@SD,,,,https://upload.wikimedia.org/wikipedia/en/thumb/a/a7/Wild_TV_logo_2020.png/960px-Wild_TV_logo_2020.png,Undefined,,iptv-org-all.txt
WildEarth (1080p),https://dqga3jatxofgx.cloudfront.net/WildEarth.m3u8,,,,WildEarth.za@SD,,,,https://i.imgur.com/Vhv5gjN.png,Documentary;Education;Outdoor;Relax,,iptv-org-all.txt
Wildfire,https://jmp2.uk/plu-62beb0de371e6c000775930c.m3u8,,,,Wildfire.se@SE,,,,https://images.pluto.tv/channels/62b9b63d3bbe9000073c0a2d/colorLogoPNG.png,Series,,iptv-org-all.txt
Wildfire DK,https://jmp2.uk/plu-62b9b63d3bbe9000073c0a2d.m3u8,,,,Wildfire.se@DK,,,,https://images.pluto.tv/channels/62b9b63d3bbe9000073c0a2d/colorLogoPNG.png,Series,,iptv-org-all.txt
Wildfire NO,https://jmp2.uk/plu-62beb7d7fbf54600076abc7b.m3u8,,,,Wildfire.se@NO,,,,https://images.pluto.tv/channels/62b9b63d3bbe9000073c0a2d/colorLogoPNG.png,Series,,iptv-org-all.txt
Willax TV (1080p),http://190.93.224.42/WILLAX/index.m3u8,,,,WillaxTV.pe@SD,,,,https://i.imgur.com/bZnDDPH.png,General,,iptv-org-all.txt
Williams TV (480p),http://79.120.178.90:1935/williams/williamstv/playlist.m3u8,,,,WilliamsTV.hu@SD,,,,https://i.imgur.com/vysX07C.png,General,,iptv-org-all.txt
Willow (720p),http://tvsen5.aynascope.net/willowhd/index.m3u8,,,,Willow.us@SD,,,,https://cricket.willow.tv/_nuxt/img/willow_blue_logo.362ed8e.png,Sports,,iptv-org-all.txt
Willow Sports (1080p),https://d36r8jifhgsk5j.cloudfront.net/Willow_TV.m3u8,,,,WillowSports.us@SD,,,,https://provider-static.plex.tv/epg/cms/production/acf3d1d8-c53e-49ca-86e9-0d9410b106b4/Willow_Sports_dark_Background_1500_1000_color.png,Sports,,iptv-org-all.txt
Win Sports (1080p),http://138.121.15.230:9002/WIN-SPORT/index.m3u8,,,,WinSports.co@SD,,,,https://i.imgur.com/DuSSrHV.png,Sports,,iptv-org-all.txt
Win TV (576p),https://mumt06.tangotv.in/qYyB8fXVWINTV/index.m3u8,,,,WinTV.in@SD,,,,https://jiotvimages.cdn.jio.com/dare_images/images/Win_TV.png,Undefined,,iptv-org-all.txt
Win+ Futbol (1080p),http://181.78.12.119:16123/play/ch19/index.m3u8,,,,WinPlusFutbol.co@SD,,,,https://i.imgur.com/0UN87vB.png,Sports,,iptv-org-all.txt
Window TV (720p),https://cdn.whiplash.cc/whiplash-windowtv/index.m3u8,,,,WindowTV.us@SD,,,,https://whiplash.cc/assets/img/channels/windowtv.png,Undefined,,iptv-org-all.txt
Wine Watches & Whiskey (1080p),https://www-on-freecast.b-cdn.net/WWW-on-Freecast/index.m3u8,,,,WineWatchesWhiskey.us@HD,,,,https://i.imgur.com/MN89dfS.png,Undefined,,iptv-org-all.txt
WION (1080p),http://vg-zeefta.akamaized.net/ptnr-yupptv/title-wion/v1/master/611d79b11b77e2f571934fd80ca1413453772ac7/20c3c0d9-0256-43fe-bca6-70fdd490b957/main.m3u8,,,,WION.in@SD,,,,https://i.imgur.com/Wc5Z3iS.png,News,,iptv-org-all.txt
Wipeout Xtra (1080p),https://amg00627-banijaygroup-wipeoutxtraau-samsungau-ashbl.amagi.tv/playlist/amg00627-banijaygroup-wipeoutxtraau-samsungau/playlist.m3u8,,,,WipeoutXtra.us@SD,,,,https://i.imgur.com/UDeCRW1.png,Entertainment,,iptv-org-all.txt
WIPR-TV 6.1 (1080p),https://streamwipr.pr/hls/stream/index.m3u8,,,,WIPRTV61.pr@HD,,,,https://i.imgur.com/MGJaxFO.png,Undefined,,iptv-org-all.txt
Wired2FishTV (720p) [Geo-blocked],https://wire2fish-klowdtv.amagi.tv/playlist.m3u8,,,,Wired2FishTV.us@SD,,,,https://i.imgur.com/zAtt7oq.png,Undefined,,iptv-org-all.txt
WiseHumanTv (1080p),https://avr.host247.net/live/WiseHumanTv/playlist.m3u8,,,,WiseHumanTv.ir@HD,,,,https://i.imgur.com/BT7EtfB.png,Religious,,iptv-org-all.txt
WITN22 (1080p) [Not 24/7],https://witn.cablecast.tv/live-4/live/live.m3u8,,,,WITN22.us@SD,,,,https://i.imgur.com/Esu8PyB.png,General,,iptv-org-all.txt
WKAQ-TV 2.2 (1080p),https://nbculocallive.akamaized.net/hls/live/2037499/puertorico/stream2/master_720.m3u8,,,,WKAQTV22.pr@HD,,,,https://i.imgur.com/TL6xy4y.png,Undefined,,iptv-org-all.txt
WLMB (1080p),https://rpn.bozztv.com/wlmb/wlmb/wlmb/index.m3u8,,,,WLMB.us@SD,,,,https://i.imgur.com/KeELZ1Y.png,Religious,,iptv-org-all.txt
WLNG Radio (410p) [Not 24/7],http://wlngstudiowebcam.srfms.com:1935/wlngstudiowebcam/livestream/playlist.m3u8,,,,WLNGRadio.us@SD,,,,,Undefined,,iptv-org-all.txt
Women's Sports Network (1080p),https://d39accvx65hq9o.cloudfront.net/Womens_Sports_Network.m3u8,,,,WomensSportsNetwork.us@SD,,,,https://i.imgur.com/rhIwUcQ.png,Undefined,,iptv-org-all.txt
Wonder (1080p),https://lds-wonder-rakuten.amagi.tv/playlist.m3u8,,,,Wonder.uk@SD,,,,https://i.imgur.com/LquGNbh.png,Science,,iptv-org-all.txt
WooHoo (720p),http://45.162.64.114/WOOHOO/index.m3u8,,,,WooHoo.br@SD,,,,https://i.imgur.com/me622pa.png,Undefined,,iptv-org-all.txt
Workpoint TV,https://lb1-live-mv.v2h-cdn.com/hls/ffcb/gbinrvp/gbinrvp.m3u8,,,,WorkpointTV.th@SD,,,,https://i.imgur.com/zq6Xshf.png,Undefined,,iptv-org-all.txt
World Billiards,https://9a81dd4ee3884d0dbcacafaf0d81327a.mediatailor.us-east-1.amazonaws.com/v1/master/04fd913bb278d8775298c26fdca9d9841f37601f/RakutenTV-eu_BilliardsTV/playlist.m3u8,,,,WorldBilliards.pl@SD,,,,https://images-3.rakuten.tv/storage/global-live-channel/translation/artwork/80af06f2-a12e-4406-bd13-b932fd69fffe-width200-quality90.png,Undefined,,iptv-org-all.txt
World Channel (1080p),https://world.lls.pbs.org/index.m3u8,,,,WorldChannel.us@SD,,,,https://worldchannel.org/static/images/logo-world-channel.png,Education,,iptv-org-all.txt
World Channel WGTV (1080p),https://wgtvdt3.lls.pbs.org/wgtvdt3-cmaf-hls.m3u8,,,,WorldChannel.us@WGTV,,,,https://worldchannel.org/static/images/logo-world-channel.png,Education,,iptv-org-all.txt
World Entertainment TV 42,http://3bb.engatetv.com:25461/hstn/line/147,,,,WorldEntertainmentTV42.th@SD,,,,https://i.imgur.com/03bcq49.png,Entertainment,,iptv-org-all.txt
World Harvest TV (360p),https://597865f6e4114.streamlock.net/live/leseaorigin.stream/playlist.m3u8,,,,WorldHarvestTV.us@SD,,,,https://i.imgur.com/xtbkDDN.png,Undefined,,iptv-org-all.txt
World of Freesports (1080p),https://mainstreammedia-worldoffreesportsintl-rakuten.amagi.tv/playlist.m3u8,,,,WorldofFreesports.de@SD,,,,https://i.imgur.com/lta5Mog.png,Sports,,iptv-org-all.txt
World Poker Tour (1080p),https://d2e00kr7m9coe4.cloudfront.net/scheduler/scheduleMaster/406.m3u8,,,,WorldPokerTour.us@US,,,,https://i.imgur.com/98kLMjj.png,Sports,,iptv-org-all.txt
World Poker Tour Germany,https://jmp2.uk/plu-5ad9b7aae738977e2c312132.m3u8,,,,WorldPokerTour.us@Germany,,,,https://i.imgur.com/98kLMjj.png,Sports,,iptv-org-all.txt
World Poker Tour Poland (1080p),https://d39g1vxj2ef6in.cloudfront.net/v1/master/3fec3e5cac39a52b2132f9c66c83dae043dc17d4/prod-rakuten-stitched/playlist.m3u8?ads.xumo_channelId=88883102,,,,WorldPokerTour.us@Poland,,,,https://i.imgur.com/98kLMjj.png,Sports,,iptv-org-all.txt
World Poker Tour UK (1080p),https://amg00477-samsungelectron-worldpokertour-samsunguk-81igb.amagi.tv/playlist/amg00477-samsungelectron-worldpokertour-samsunguk/playlist.m3u8,,,,WorldPokerTour.us@UK,,,,https://i.imgur.com/98kLMjj.png,Sports,,iptv-org-all.txt
World Punjabi TV (1080p),https://live1.ottlive.co.in/worldpunjabitv/worldpunjabitv/index.m3u8,,,,WorldPunjabiTV.in@SD,,,,https://papaji.freetvindia.com/media/World_Punjabi_TV.png,News,,iptv-org-all.txt
World TV Guatemala (720p),https://183.bozztv.com/giatv/giatv-worldtvgt/worldtvgt/playlist.m3u8,,,,WorldTVGuatemala.gt@HD,,,,https://i.ibb.co/G4cTmRgz/World-Tv-Guatemala.png,General,,iptv-org-all.txt
WOS (1080p),https://ms2.mx-cd.net/dtv-11/99-660295/WOS.smil/playlist.m3u8,,,,WOS.nl@SD,,,,https://i.imgur.com/L7MUBIo.png,Undefined,,iptv-org-all.txt
WOW Kidz (720p),https://yuppparoriglin.akamaized.net/181224/smil:wowkidzhindi.smil/playlist.m3u8?hdnts=st=1735898689~exp=1835898688~acl=*~hmac=f5fe24724fe05481e3841f9eb5ab8efdee0a3dd83645ae9dcf45703f525bab7b,,,,WOWKidz.in@Hindi,,,,https://d229kpbsb5jevy.cloudfront.net/yupptvnew/content/common/channel/logos/mjvezt.png,Animation;Kids,,iptv-org-all.txt
WOW Kidz Tamil (720p),https://yuppparoriglin.akamaized.net/181224/smil:wowkidztam.smil/playlist.m3u8?hdnts=st=1735898689~exp=1835898688~acl=*~hmac=f5fe24724fe05481e3841f9eb5ab8efdee0a3dd83645ae9dcf45703f525bab7b,,,,WOWKidz.in@Tamil,,,,https://d229kpbsb5jevy.cloudfront.net/yupptvnew/content/common/channel/logos/mjvezt.png,Animation;Kids,,iptv-org-all.txt
WOW Kidz Telugu (720p),https://yuppparoriglin.akamaized.net/181224/smil:wowkidztelgu.smil/playlist.m3u8?hdnts=st=1735898689~exp=1835898688~acl=*~hmac=f5fe24724fe05481e3841f9eb5ab8efdee0a3dd83645ae9dcf45703f525bab7b,,,,WOWKidz.in@Telugu,,,,https://d229kpbsb5jevy.cloudfront.net/yupptvnew/content/common/channel/logos/mjvezt.png,Animation;Kids,,iptv-org-all.txt
WOW TV (1080p),https://cdn-edge1.cef-technology.com/wow/wow_tv/playlist.m3u8,,,,WOWTV.sv@SD,,,,https://i.imgur.com/dHxaWyp.png,General,,iptv-org-all.txt
WPLG 10.1 (720p),https://pubads.g.doubleclick.net/ssai/event/tQD6w9OJQVOobcyV3Dammw/master.m3u8,,,,WPLG101.us@HD,,,,https://upload.wikimedia.org/wikipedia/commons/thumb/d/dd/WPLG_Local_10_%282014%2C_without_ABC_logo%29.svg/500px-WPLG_Local_10_%282014%2C_without_ABC_logo%29.svg.png,News,,iptv-org-all.txt
WPS-TV (360p),https://2-fss-2.streamhoster.com/pl_120/amlst:203530-1426406/playlist.m3u8,,,,WPSTV.us@SD,,,,https://i.imgur.com/zwzmwse.jpg,Education,,iptv-org-all.txt
WSOC Now (1080p) [Geo-blocked],https://amg00327-coxmediagroup-wsocbreaking-plex-t51et.amagi.tv/playlist/amg00327-coxmediagroup-wsocbreaking-plex/playlist.m3u8,,,,WSOCNow.us@SD,,,,https://i.imgur.com/tUb1mdc.png,News,,iptv-org-all.txt
WTV,https://wtvlive.b-cdn.net/playlist.m3u8,,,,WTV.be@SD,,,,https://i.imgur.com/wvKe8mi.png,Undefined,,iptv-org-all.txt
Wtv (720p),https://live-evg7.tv360.bitel.com.pe/bitel/ncanalSRT/playlist.m3u8,,,,Wtv.pe@SD,,,,https://i.imgur.com/V10iVeh.png,General,,iptv-org-all.txt
WTV Canal 20 (1080p),https://cootv.cootel.com.ni:8095/Canal40_WTV/playlist.m3u8,,,,WTVCanal20.ni@SD,,,,https://i.imgur.com/nb81xeU.png,Entertainment,,iptv-org-all.txt
Wu Tang Collection (720p),https://dbrb49pjoymg4.cloudfront.net/10001/99991745/hls/master.m3u8?ads.xumo_channelId=99991745,,,,WuTangCollection.us@SD,,,,https://i.imgur.com/sz55sBl.png,Movies,,iptv-org-all.txt
Wuan+,https://7.innovatestream.pe:19360/ecuadortest/ecuadortest.m3u8,,,,WuanPlus.ec@SD,,,,https://i.imgur.com/pJNx1za.png,General,,iptv-org-all.txt
WVCU-LP (1080p),https://video1.getstreamhosting.com:1936/8152/8152/playlist.m3u8,,,,WVCULP.us@SD,,,,https://upload.wikimedia.org/wikipedia/en/0/0f/WVCU-LP_2015.PNG,Music,,iptv-org-all.txt
WVVH-CD 18.1 (720p),https://2-fss-2.streamhoster.com/pl_138/amlst:207282-6094500/playlist.m3u8,,,,WVVHCD181.us@HD,,,,https://upload.wikimedia.org/wikipedia/en/3/3f/WVVH-CD_logo.png,Undefined,,iptv-org-all.txt
WWON-TV Channel 48,https://tv2.fastcast4u.com:3943/stream/play.m3u8,,,,WWONTVChannel48.us@SD,,,,https://i.imgur.com/l4qHAq6.png,Entertainment,,iptv-org-all.txt
WXTV (480p),https://mobile.ccdntech.com/transcoder/_definst_/vod164_Live/live/chunklist_w1177047531.m3u8,,,,WXTV.tw@SD,,,,https://i.imgur.com/s8tiTeb.png,Religious,,iptv-org-all.txt
WXWZ-LD 23.1 (720p),https://5bf8041cb3fed.streamlock.net/mastvpr/mastvpr/playlist.m3u8,,,,WXWZLD231.pr@HD,,,,https://i.imgur.com/rjmGc9p.png,Undefined,,iptv-org-all.txt
X 102.7 FM,https://live2.tensila.com/onair-v-1.xfm1027/hls/master.m3u8,,,,X1027FM.aw@SD,,,,https://i.imgur.com/28b810Y.png,Music,,iptv-org-all.txt
X Level Media (1080p),https://tuvideoonline.com.ar:3332/live/xlevelmedialive.m3u8,,,,XLevelMedia.ar@SD,,,,https://i.imgur.com/BGwQdQW.jpeg,Music,,iptv-org-all.txt
Xama TV,https://srs.unsj.edu.ar/live/xama/xama.flv,,,,XamaTV.ar@SD,,,,https://i.imgur.com/dcNzVNN.png,Undefined,,iptv-org-all.txt
XEJ-TDT (614p),https://stream.oursnetworktv.com/latin/juarez50/playlist.m3u8,,,,XEJTDT.mx@SD,,,,https://i.imgur.com/iOYlKpF.png,General,,iptv-org-all.txt
Xezer TV (720p),https://www.xezerxeber.az/stream/index.m3u8,,,,XezerTV.az@SD,,,,,General,,iptv-org-all.txt
XFC TV (720p),https://stream-us-east-1.getpublica.com/playlist.m3u8?network_id=2247,,,,XFCTV.us@SD,,,,https://i.imgur.com/LcfzmG0.png,Sports,,iptv-org-all.txt
XHBZC-TDT (1080p) [Not 24/7],https://s5.mexside.net:1936/xhbzc81/xhbzc81/playlist.m3u8,,,,XHBZCTDT.mx@SD,,,,https://i.imgur.com/R3icGuG.png,General,,iptv-org-all.txt
XHFGL-TDT (1080p),https://stream.ontvmx.com/ontv/Wn3jgo4UYNSmwRDIev/playlist.m3u8,,,,XHFGLTDT.mx@SD,,,,https://i.imgur.com/9ZXCQvy.png,General,,iptv-org-all.txt
XHGV-TDT (360p) [Not 24/7],https://5ca9af4645e15.streamlock.net/rtv/videortv/playlist.m3u8,,,,XHGVTDT.mx@SD,,,,https://i.imgur.com/15kcNRb.png,Undefined,,iptv-org-all.txt
XHIJ-TDT (720p) [Not 24/7],https://5e50264bd6766.streamlock.net/canal44/videocanal44/playlist.m3u8,,,,XHIJTDT.mx@SD,,,,https://i.imgur.com/oRudPXX.png,General,,iptv-org-all.txt
XHTTG-TDT (720p),https://5ca9af4645e15.streamlock.net/chiapas/videochiapas/playlist.m3u8,,,,XHTTGTDT.mx@SD,,,,https://i.imgur.com/dw6puHC.png,General,,iptv-org-all.txt
XHUNES-TDT (720p),https://tv91.hostingnuclear.com:19360/xhunestv/xhunestv.m3u8,,,,XHUNESTDT.mx@SD,,,,https://i.imgur.com/LbZkdca.png,Education,,iptv-org-all.txt
XHZHZ-TDT (720p),https://5f2c1b0d880e5.streamlock.net/zacatecas/videozacatecas/playlist.m3u8,,,,XHZHZTDT.mx@SD,,,,https://i.imgur.com/RxhABeK.png,General,,iptv-org-all.txt
Xi'an Business Information Channel (180p) [Not 24/7],http://stream2.xiancity.cn/xatv3/playlist.m3u8,,,,XianBusinessInformationChannel.cn@SD,,,,https://i.imgur.com/dzdiY4O.png,Business,,iptv-org-all.txt
Xi'an Silk Road Channel (404p) [Not 24/7],http://stream2.xiancity.cn/xatv5/playlist.m3u8,,,,XianSilkRoadChannel.cn@SD,,,,https://i.imgur.com/52i1Qnz.png,Undefined,,iptv-org-all.txt
Xinjiang TV 1,https://klmysjtzb.rcsxzx.com/hls/klmy2.m3u8,,,,XinjiangTV1.cn@SD,,,,https://i.imgur.com/VLaQYn4.png,Undefined,,iptv-org-all.txt
Xinjiang TV 8,http://120.70.60.179:9901/tsfile/live/1002_1.m3u8?authid=0&key=txiptv&playlive=1,,,,XinjiangTV8.cn@SD,,,,https://i.imgur.com/JJw1Ndc.png,Undefined,,iptv-org-all.txt
XITE 90's Throwback (1080p),https://d284aawtm5vi48.cloudfront.net/v1/master/3722c60a815c199d9c0ef36c5b73da68a62b09d1/cc-fjdfi2br1jtq7/XITE_90s_Throwback.m3u8,,,,XITE90sThrowback.us@SD,,,,https://i.imgur.com/vwpOzuz.png,Music,,iptv-org-all.txt
XITE (720p),https://xite-rakuten.amagi.tv/playlist.m3u8,,,,XITE.nl@SD,,,,https://i.imgur.com/jxuwGRi.png,Music,,iptv-org-all.txt
XITE Classic Country (720p),https://jmp2.uk/plu-623b92a2ccefed0007b1db48.m3u8,,,,XITEClassicCountry.nl@SD,,,,https://i.imgur.com/XQrMCkT.png,Music,,iptv-org-all.txt
XITE Hits (1080p),https://d726x48n2pd5h.cloudfront.net/XITE_Hits.m3u8,,,,XITEHits.nl@NL,,,,https://i.imgur.com/N51Rp7E.png,Music,,iptv-org-all.txt
XITE Hits Germany (1080p),https://d726x48n2pd5h.cloudfront.net/v1/master/3722c60a815c199d9c0ef36c5b73da68a62b09d1/cc-skxr1pazhltvp/XITE_Hits.m3u8,,,,XITEHits.nl@Germany,,,,https://i.imgur.com/N51Rp7E.png,Music,,iptv-org-all.txt
XITE Hits UK (1080p),https://amg01243-xitenetworksint-hitsuk-samsunguk-mvovq.amagi.tv/playlist/amg01243-xitenetworksint-hitsuk-samsunguk/playlist.m3u8,,,,XITEHits.nl@UK,,,,https://i.imgur.com/N51Rp7E.png,Music,,iptv-org-all.txt
XITE Just Chill (1080p),https://dvnftgdlbnemm.cloudfront.net/XITE_Just_Chill.m3u8,,,,XITEJustChill.nl@US,,,,https://provider-static.plex.tv/epg/cms/production/927dd614-017d-49dd-9eb9-0ed79d09084e/xitejustchill_logo_light_-_Arlette_FiranRDX.png,Music,,iptv-org-all.txt
XITE Nuevo Latino (1080p),https://d3bsgqzbpkrvbb.cloudfront.net/v1/master/3722c60a815c199d9c0ef36c5b73da68a62b09d1/cc-w288eaw03izg1/XITE_Nuevo_Latino.m3u8,,,,XITENuevoLatino.us@SD,,,,https://i.imgur.com/2qyl2y3.png,Music,,iptv-org-all.txt
XITE Reggae Vibes (1080p),https://dw2m7yrngfg8c.cloudfront.net/XITE_Reggae_Vibes.m3u8,,,,XITEReggaeVibes.nl@HD,,,,https://provider-static.plex.tv/epg/cms/production/c7506335-967f-46a9-917a-2a35475cd96c/xitereggaevibes_logo_light_-_Arlette_FiranRDX.png,Music,,iptv-org-all.txt
XITE Rock x Metal (1080p),https://d198ro05q94rc4.cloudfront.net/XITE_Rock_On.m3u8,,,,XITERockxMetal.nl@US,,,,https://i.imgur.com/uIIUIuN.png,Music,,iptv-org-all.txt
XITE Siempre Latino (1080p),https://d1xc25jm9e0l4b.cloudfront.net/v1/master/3722c60a815c199d9c0ef36c5b73da68a62b09d1/cc-xplkt8i7m24dc/XITE_Siempre_Latino.m3u8,,,,XITESiempreLatino.us@SD,,,,https://i.imgur.com/bwmIEgG.png,Music,,iptv-org-all.txt
Xizang TV Tibetan (720p) [Not 24/7],http://php.jdshipin.com:8880/xztv.php?id=zy,,,,XizangTVTibetan.cn@SD,,,,https://i.imgur.com/NtvfnVV.png,Undefined,,iptv-org-all.txt
XON (480p) [Not 24/7],http://ms2.mx-cd.net/tv/EdeTV.smil/playlist.m3u8,,,,XON.nl@SD,,,,https://i.imgur.com/xEUHgMj.png,Undefined,,iptv-org-all.txt
Xplore (714p) [Geo-blocked],http://web.onair-radio.eu:1935/explorecy/explorecy/playlist.m3u8,,,,Xplore.gr@SD,,,,https://i.imgur.com/8oy62fX.png,Undefined,,iptv-org-all.txt
Xplore TV (1080p),https://cdn-uw2-prod.tsv2.amagi.tv/linear/amg00111-hearstmediaprod-xploreintlnl-samsungnl/playlist.m3u8,,,,XploreTV.us@SD,,,,https://i.imgur.com/WaGRlFO.png,Entertainment,,iptv-org-all.txt
XPTV1 (720p),https://janus.xpbroadcasting.com:8443/hls/xptv1.m3u8,,,,XPTV1.es@SD,,,,https://i.imgur.com/Ty7GkoN.png,Music,,iptv-org-all.txt
XPTV2 (720p),https://janus.xpbroadcasting.com:8443/hls/xptv2.m3u8,,,,XPTV2.es@SD,,,,https://i.imgur.com/74Z8ATB.png,Entertainment,,iptv-org-all.txt
XPTV US (720p),https://janus.xpbroadcasting.com:8443/hls/xptvUS.m3u8,,,,XPTVUS.es@SD,,,,https://i.imgur.com/1m7kDmc.png,Series,,iptv-org-all.txt
XTOTV (720p),https://www.sccbolivia.com/dash/720p.mpd,,,,XTOTV.bo@SD,,,,https://i.imgur.com/MLwLlWl.png,Undefined,,iptv-org-all.txt
Xtra Tv (720p) [Not 24/7],https://edge.essastream.com/xtratv/index.m3u8,,,,XtraTv.do@HD,,,,https://xtratvrd.com/logo512.png,General,,iptv-org-all.txt
Xtremo Channel (720p) [Geo-blocked],https://ss2.tvrdomi.com:1936/xtremochannel/xtremochannel/playlist.m3u8,,,,XtremoChannel.do@SD,,,,https://i.imgur.com/bvPh0Uq.png,General,,iptv-org-all.txt
Xuzhou Economic Life Channel (1080p),http://223.110.245.167/ott.js.chinamobile.com/PLTV/3/224/3221225947/index.m3u8,,,,XuzhouEconomicLifeChannel.cn@SD,,,,,Business,,iptv-org-all.txt
XV TV (480p),https://cloudfront44.lexanetwork.com:1344/relay01/HDE051.sdp/playlist.m3u8,,,,XVTV.hu@SD,,,,https://i.ibb.co/hH2KF6W/4792.png,General,,iptv-org-all.txt
Y'a que la verite qui compte,https://jmp2.uk/plu-612e044c970e6f00083bcf3b.m3u8,,,,Yaquelaveritequicompte.us@France,,,,https://i.imgur.com/MDHN2Vc.png,Entertainment,,iptv-org-all.txt
YAAAS! (720p) [Geo-blocked],https://d3knqoaufvjug3.cloudfront.net/yas.m3u8,,,,YAAAS.uk@HD,,,,https://www.freeview.co.uk/sites/default/files/styles/255_wide/public/2019-12/yaas-logo250x144.png,Kids,,iptv-org-all.txt
Yachting TV (1080p),https://streams2.sofast.tv/vglive-sk-461164/index.m3u8,,,,YachtingTV.cz@SD,,,,https://i.imgur.com/YxO60B1.png,Lifestyle,,iptv-org-all.txt
Yadah TV (576p) [Not 24/7],https://viewmedia7219.bozztv.com/wmedia/viewmedia100/web_018/Stream/playlist.m3u8,,,,YadahTV.zw@SD,,,,https://i.imgur.com/4BNVhoC.png,Religious,,iptv-org-all.txt
Yahoo! Finance (1080p),https://d1ewctnvcwvvvu.cloudfront.net/playlist.m3u8,,,,YahooFinance.us@SD,,,,https://i.imgur.com/43oHsHL.png,Business,,iptv-org-all.txt
Yalta TV (480p) [Geo-blocked],http://195.26.83.96:7029/play/a006,,,,YaltaTV.ru@SD,,,,https://img.cataloxy.ru/fl/97/e3/808131.gif,Undefined,,iptv-org-all.txt
Yam Tichoni (1080p),http://stream.mcquack.net/46/index.m3u8,,,,YamTichoni.il@SD,,,,https://upload.wikimedia.org/wikipedia/he/thumb/5/58/YamTichoniChannel.svg/1280px-YamTichoniChannel.svg.png,Series,,iptv-org-all.txt
Yanbian Satellite TV (576p),http://223.110.245.139/PLTV/4/224/3221227008/index.m3u8,,,,YanbianSatelliteTV.cn@SD,,,,https://i.imgur.com/UKKsnhD.png,Undefined,,iptv-org-all.txt
YaPervyy (1080p),https://yaroslavl.mediacdn.ru/cdn/pervyaroslavsk/playlist.m3u8,,,,YaPervyy.ru@HD,,,,https://yarreg.ru/gallery/news/2025/03/293241/3.jpeg,General,,iptv-org-all.txt
Yaslyk (406p) [Not 24/7],https://alpha.tv.online.tm/hls/ch002.m3u8,,,,Yaslyk.tm@SD,,,,https://i.imgur.com/QVWBNGM.png,Education,,iptv-org-all.txt
Yazd TV,https://ncdn.telewebion.ir/taban/live/playlist.m3u8,,,,YazdTV.ir@SD,,,,https://upload.wikimedia.org/wikipedia/commons/thumb/2/21/Yazd_taban.svg/960px-Yazd_taban.svg.png,Undefined,,iptv-org-all.txt
Yemen Today TV (480p),https://video.yementdy.tv/hls/yementoday.m3u8,,,,YemenTodayTV.ye@SD,,,,https://i.imgur.com/8TzcJu5.png,Undefined,,iptv-org-all.txt
YES,https://customer-ujex1meek7koqd9x.cloudflarestream.com/4f0b316cdb0fbb7f8ca93860ed11d38b/manifest/video.m3u8,,,,YES.mv@SD,,,,https://i.imgur.com/HARIGQl.png,Culture;Entertainment;Sports,,iptv-org-all.txt
Yes Network (720p),http://23.237.104.106:8080/USA_YES_NETWORK/index.m3u8,,,,YesNetwork.us@SD,,,,https://upload.wikimedia.org/wikipedia/commons/thumb/b/be/YES_Network_logo.svg/960px-YES_Network_logo.svg.png,Undefined,,iptv-org-all.txt
YET Max (720p),https://live.yettelevision.com:5443/LiveApp/streams/yettv2.m3u8,,,,YETMax.in@HD,,,,https://yettelevision.com/assets/images/logo/channel_11847.png,Music,,iptv-org-all.txt
YET TV (720p),https://live.yettelevision.com:5443/LiveApp/streams/yettv.m3u8,,,,YETTV.in@HD,,,,https://yettelevision.com/assets/images/logo/channel_1.png,Entertainment,,iptv-org-all.txt
Yle Teema & Fem (1080p) [Not 24/7],https://yletvworld.akamaized.net/hls/live/622547/yletvteemafemw/index.m3u8,,,,YleTeemaFem.fi@SD,,,,https://upload.wikimedia.org/wikipedia/commons/thumb/0/04/Yle_Teema_%26_Fem.svg/960px-Yle_Teema_%26_Fem.svg.png,Undefined,,iptv-org-all.txt
Yle TV1 (1080p) [Not 24/7],https://yletvworld.akamaized.net/hls/live/622540/yletv1w/index.m3u8,,,,YleTV1.fi@SD,,,,https://i.imgur.com/6yXZwUL.png,Undefined,,iptv-org-all.txt
Yle TV2 (1080p) [Not 24/7],https://yletvworld.akamaized.net/hls/live/622541/yletv2w/index.m3u8,,,,YleTV2.fi@SD,,,,https://i.imgur.com/4xkc6PL.png,Undefined,,iptv-org-all.txt
YleX (720p),https://ylestudiolive.akamaized.net/hls/live/2007826/ylestudiolive-YleX/master.m3u8,,,,YleX.fi@SD,,,,https://upload.wikimedia.org/wikipedia/commons/thumb/c/cf/YleX.svg/960px-YleX.svg.png,Music,,iptv-org-all.txt
Yo! MTV (1080p),https://jmp2.uk/plu-5d14fc31252d35decbc4080b.m3u8,,,,YoMTV.us@SD,,,,https://images.pluto.tv/channels/654102ed770cf1000866c307/colorLogoPNG.png,Music,,iptv-org-all.txt
Yo! MTV CA (1080p),https://jmp2.uk/plu-654102ed770cf1000866c307.m3u8,,,,YoMTV.us@CA,,,,https://images.pluto.tv/channels/654102ed770cf1000866c307/colorLogoPNG.png,Music,,iptv-org-all.txt
Yobe TV (720p),https://oqgdro3xd4rm-hls-live.5centscdn.com/tfmediacastlivestream24/60414fd886a863e5851f4559fb86e7f6.sdp/playlist.m3u8,,,,YobeTV.ng@SD,,,,https://ytv.ng/images/yobe/ytv-logo.jpg,General,,iptv-org-all.txt
YOL TV,https://live.yoltv.com/hls/stream.m3u8,,,,YOLTV.de@SD,,,,https://i.imgur.com/rTBX6lS.png,General,,iptv-org-all.txt
Yoshlar (1080p),https://stream8.cinerama.uz/1002/tracks-v1a1/playlist.m3u8,,,,Yoshlar.uz@SD,,,,https://i.imgur.com/s4xfUSx.png,General,,iptv-org-all.txt
You Man Cartoon Channel (576p),http://183.207.249.15/PLTV/4/224/3221225933/index.m3u8,,,,YouManCartoonChannel.cn@SD,,,,https://i.imgur.com/GZInf2W.png,Animation;Kids,,iptv-org-all.txt
YouDotGov,https://reflect-communitytv.cablecast.tv/live-3/live/stream-1/live.m3u8,,,,YouDotGov.us@SD,,,,https://i.imgur.com/4Mc7baR.png,Legislative,,iptv-org-all.txt
Young Hollywood (720p),https://younghollywood-rakuten-samsung.amagi.tv/playlist.m3u8,,,,YoungHollywood.us@SD,,,,https://i.imgur.com/X27MGHd.png,Entertainment,,iptv-org-all.txt
YOUNIB Media TV (720p) [Not 24/7],https://goliveafrica.media:9998/live/6257fbe7383d6/index.m3u8,,,,YOUNIBMediaTV.ke@SD,,,,https://i.imgur.com/LtiPOYG.jpg,Religious,,iptv-org-all.txt
YourTime TV,https://hls.yourtime.live/hls/stream.m3u8,,,,YourTimeTV.ir@SD,,,,https://i.imgur.com/X38vWJ1.png,Entertainment,,iptv-org-all.txt
Youtoo America KVVB-LD (1080p) [Not 24/7],https://2-fss-2.streamhoster.com/pl_138/amlst:201950-1309230/playlist.m3u8,,,,YoutooAmerica.us@KVVBLD,,,,https://i.imgur.com/IXC8PXf.png,Entertainment,,iptv-org-all.txt
YOY International (576p),https://gist.githubusercontent.com/iptvonlinetv/8a6b2f12e5e968537378f1245cea02c9/raw/78bf84476f8e24cc8ea9d5ac24855078c61b18db/udp305.575.530:3030.m3u8,,,,YOYInternational.id@HD,,,,https://hosting.renderforestsites.com/35126779/1657983/media/3ed50b4273b16759c16450206bec0196.png,General,,iptv-org-all.txt
YRF Music (1080p),https://cdn-uw2-prod.tsv2.amagi.tv/linear/amg01412-xiaomiasia-yrfmusic-xiaomi/playlist.m3u8,,,,YRFMusic.in@SD,,,,https://jiotvimages.cdn.jio.com/dare_images/images/YRF_Music.png,Music,,iptv-org-all.txt
YTA TV (720p),https://stream-us-east-1.getpublica.com/playlist.m3u8?network_id=16767,,,,YTATV.us@SD,,,,https://i.imgur.com/UDpDJ7v.png,Entertainment,,iptv-org-all.txt
YTN (720p),http://202.60.106.14:8080/214/playlist.m3u8,,,,YTN.kr@SD,,,,https://upload.wikimedia.org/wikipedia/commons/thumb/b/b4/YTN_logo_2014.svg/960px-YTN_logo_2014.svg.png,General,,iptv-org-all.txt
Yu-Gi-Oh! (1080p),https://amg01796-amg01796c19-rakuten-gb-7486.playouts.now.amagi.tv/playlist/amg01796-fastmediafast-yugioh2en-rakutengb/playlist.m3u8,,,,YuGiOh.us@SD,,,,https://i.imgur.com/Tl6aW2u.png,Animation,,iptv-org-all.txt
Yu-Gi-Oh! en espanol (1080p),https://amg01796-amg01796c18-rakuten-es-7491.playouts.now.amagi.tv/playlist/amg01796-fastmediafast-yugiohees-rakutenes/playlist.m3u8,,,,YuGiOhenespanol.us@SD,,,,https://i.imgur.com/VH8RiHg.png,Undefined,,iptv-org-all.txt
Yuma77,https://securestream10.champds.com/LIVE/YumaCoAZLIVE/YumaCoAZLIVE.m3u8,,,,Yuma77.us@SD,,,,https://i.imgur.com/KBriwwj.png,Legislative,,iptv-org-all.txt
Yuma Channel 72 (1080p),https://livestream.telvue.com/yumaaz1/f7b44cfafd5c52223d5498196c8a2e7b.sdp/playlist.m3u8,,,,YumaChannel72.us@SD,,,,https://i.imgur.com/QsFBCWv.png,Legislative,,iptv-org-all.txt
Yuma Channel 73 (1080p),https://livestream.telvue.com/yumaaz2/f7b44cfafd5c52223d5498196c8a2e7b.sdp/playlist.m3u8,,,,YumaChannel73.us@SD,,,,https://i.imgur.com/QsFBCWv.png,Legislative,,iptv-org-all.txt
Yunavision (720p) [Not 24/7],https://tele-stream.telecasa.net/live/st1/yunavision-hd/index.m3u8,,,,Yunavision.do@SD,,,,https://i.imgur.com/YjceEv5.png,Entertainment,,iptv-org-all.txt
Yunnan Satellite TV (1080p),https://hwapi.yunshicloud.com/8xughf/e0bx15.m3u8,,,,YunnanSatelliteTV.cn@SD,,,,https://www.tvchinese.net/uploads/tv/yunnantv.jpg,General,,iptv-org-all.txt
Yurimaguas TV (720p),https://live-evg7.tv360.bitel.com.pe/bitel/yurimaguastvSRT/playlist.m3u8,,,,YurimaguasTV.pe@SD,,,,https://i.imgur.com/VWC6Pt1.png,General,,iptv-org-all.txt
Yurivision (720p),https://live-evg5.tv360.bitel.com.pe/bitel/yurivisionSRT/playlist.m3u8,,,,Yurivision.pe@SD,,,,https://i.imgur.com/VhWuaER.jpeg,General,,iptv-org-all.txt
Yuvelirochka (576p),https://live-uvelirochka.cdnvideo.ru/uvelirochka/uvelirochka_720p3/playlist.m3u8,,,,Yuvelirochka.ru@SD,,,,https://i.imgur.com/IcWtXCZ.png,Shop,,iptv-org-all.txt
Z (1080p),https://stream.ztv.zp.ua/hls/live.m3u8,,,,Z.ua@SD,,,,https://i.imgur.com/E5aV5aa.png,Undefined,,iptv-org-all.txt
Za! TV,https://streaming.televizor-24-tochka.ru/live/25.m3u8,,,,ZaTV.ru@SD,,,,https://i.imgur.com/pVPTl8J.png,General,,iptv-org-all.txt
Zabb Channel (720p),https://vdo.plathong.net/flash7057/flash7057/playlist.m3u8,,,,ZabbChannel.th@SD,,,,https://i.imgur.com/4TMtUjW.png,Undefined,,iptv-org-all.txt
Zagorodnaya Zhizn (576p),http://185.57.68.33/40/index.m3u8,,,,ZagorodnayaZhizn.ru@SD,,,,https://i.imgur.com/RoYd5pz.png,Undefined,,iptv-org-all.txt
Zagros TV (Iran),https://ncdn.telewebion.ir/zagros/live/playlist.m3u8,,,,ZagrosTV.ir@SD,,,,https://upload.wikimedia.org/wikipedia/fa/thumb/e/e4/Kermanshah_Zaghros.svg/960px-Kermanshah_Zaghros.svg.png,General,,iptv-org-all.txt
Zagros TV (Iraq) (1080p),https://hlspackager.akamaized.net/live/DB/ZAGROS_TV/HLS/ZAGROS_TV.m3u8,,,,ZagrosTV.iq@SD,,,,https://i.imgur.com/9Mspf32.png,General,,iptv-org-all.txt
Zainabia Channel,https://zainabia.livebox.co.in/ZainabiaChannelhls/channel.m3u8,,,,ZainabiaChannel.in@SD,,,,,Religious,,iptv-org-all.txt
Zalaegerszegi TV (360p),https://cloudfront44.lexanetwork.com:1344/freerelay/zegtv.sdp/playlist.m3u8,,,,ZalaegerszegiTV.hu@SD,,,,https://i.imgur.com/MLVPf0i.png,Undefined,,iptv-org-all.txt
Zapad 24 (1080p),https://vgtrkregion-reg.cdnvideo.ru/vgtrk/kaliningrad/zapad24-hd/index.m3u8,,,,Zapad24.ru@SD,,,,https://i.imgur.com/HerCP0u.png,General,,iptv-org-all.txt
Zapadoslovenska TV,https://dash2.antik.sk/live/test_zapadoslovenska/playlist.m3u8,,,,ZapadoslovenskaTV.sk@SD,,,,https://i.imgur.com/D72Y1IB.png,General,,iptv-org-all.txt
Zaracay TV (1080p) [Not 24/7],https://video2.makrodigital.com/zaracay/zaracay/playlist.m3u8,,,,ZaracayTV.ec@SD,,,,https://i.imgur.com/6q0Gp9R.png,General,,iptv-org-all.txt
Zarin TV (1080p),https://fl1002.bozztv.com/gf-zarintv/index.m3u8,,,,ZarinTV.us@SD,,,,,General,,iptv-org-all.txt
Zarok TV (720p),https://zindikurmanci.zaroktv.com.tr/hls/stream.m3u8,,,,ZarokTV.tr@SD,,,,https://i.imgur.com/o0eevnb.png,Undefined,,iptv-org-all.txt
ZAS TV,https://cloud5.zastv.net/hls/zastv.m3u8,,,,ZASTV.do@HD,,,,https://www.vivalivetv.com/public/files/shows/0/1/4058-294x165-FFFFFF.jpg,General,,iptv-org-all.txt
ZAZ (1080p),https://cloud.fastchannel.es/mic/manifiest/hls/zaztv/zaztv.m3u8,,,,ZAZ.mx@SD,,,,,Entertainment,,iptv-org-all.txt
ZB Bhakti (720p),https://server.zillarbarta.com/zbbhakti/index.m3u8,,,,ZBBhakti.in@HD,,,,https://jiotvimages.cdn.jio.com/dare_images/images/zbbhakti.png,Religious,,iptv-org-all.txt
ZB Cartoon (1080p),https://server.zillarbarta.com/zbcatun/video.m3u8,,,,ZBCartoon.in@HD,,,,https://jiotvimages.cdn.jio.com/dare_images/images/zbcatun.png,Kids,,iptv-org-all.txt
ZB Music (720p),https://server.zillarbarta.com/zbmusic/index.m3u8,,,,ZBMusic.in@HD,,,,https://jiotvimages.cdn.jio.com/dare_images/images/zbmusic.png,Music,,iptv-org-all.txt
ZDF,https://dash4.antik.sk/live/test_zdf_avc_25p/playlist.m3u8,,,,ZDF.de@SD,,,,https://i.imgur.com/rtLb6m9.png,Undefined,,iptv-org-all.txt
ZDFinfo (720p) [Geo-blocked],https://zdf-hls-17.akamaized.net/hls/live/2016500/de/high/master.m3u8,,,,ZDFinfo.de@SD,,,,https://i.imgur.com/vtq1IWp.png,Undefined,,iptv-org-all.txt
ZDFneo,http://178.27.12.3:9981/stream/channelid/1351813628?profile=pass,,,,ZDFneo.de@SD,,,,https://i.imgur.com/1JIIGgL.png,Undefined,,iptv-org-all.txt
Zdorovoe TV (576p),https://stream8.cinerama.uz/1428/tracks-v1a1/mono.m3u8,,,,ZdorovoeTV.ru@SD,,,,https://i.imgur.com/jedtE5l.png,Lifestyle,,iptv-org-all.txt
Zee 24 Ghanta (576p),https://tvsen6.aynaott.com/DpPnXP9r/index.m3u8,,,,Zee24Ghanta.in@SD,,,,https://dtil.tmsimg.com/assets/GNLZZGG0022KGXP.png?lock=720x540,News,,iptv-org-all.txt
Zee 24 Kalak (720p),https://vg-zeefta.akamaized.net/ptnr-yupptv/title-zee24kalak/v1/manifest/611d79b11b77e2f571934fd80ca1413453772ac7/497f7199-758d-495d-9d2f-a5489231c428/14b7c8ec-16da-47f2-8d7e-5bbaec67b3e2/3.m3u8,,,,Zee24Kalak.in@SD,,,,https://dtil.tmsimg.com/assets/GNLZZGG00230P1R.png?lock=720x540,News,,iptv-org-all.txt
Zee 24 Taas (720p),https://dgrvlduwztkd4.cloudfront.net/index_5.m3u8,,,,Zee24Taas.in@SD,,,,https://dtil.tmsimg.com/assets/GNLZZGG00230LKE.png?lock=720x540,News,,iptv-org-all.txt
Zee Action (576p),http://107.167.16.138/zeeaction/index.m3u8?token=test,,,,ZeeAction.in@SD,,,,https://dtil.tmsimg.com/assets/GNLZZGG0022K5ZV.png?lock=720x540,Movies,,iptv-org-all.txt
Zee Bangla HD (1080p),http://51.75.127.199:3141/zeebanglahd/index.m3u8,,,,ZeeBangla.in@HD,,,,https://xstreamcp-assets-msp.streamready.in/assets/LIVETV/LIVECHANNEL/LIVETV_LIVETVCHANNEL_ZEE_BANGLA/images/LOGO_HD/LOGO_HD_image.png,Entertainment,,iptv-org-all.txt
Zee Bangla Sonar (576p),https://d1g8wgjurz8via.cloudfront.net/bpk-tv/ColorsHD/default/ColorsHD.m3u8,,,,ZeeBanglaSonar.in@SD,,,,https://dtil.tmsimg.com/assets/GNLZZGG00287G7K.png?lock=720x540,Entertainment,,iptv-org-all.txt
Zee Bharat (720p),https://vg-zeefta.akamaized.net/ptnr-yupptv/title-zeehindustan/v1/master/611d79b11b77e2f571934fd80ca1413453772ac7/96bbab12-582e-4540-af70-510ab6824581/main.m3u8,,,,ZeeBharat.in@SD,,,,https://dtil.tmsimg.com/assets/GNLZZGG00230QBL.png?lock=720x540,News,,iptv-org-all.txt
Zee Bihar Jharkhand (720p),https://raw.githubusercontent.com/amazeyourself/adaptive-streams/refs/heads/main/streams/in/YuppTV/ZeeBiharJharkhand.m3u8,,,,ZeeBiharJharkhand.in@SD,,,,https://dtil.tmsimg.com/assets/GNLZZGG00230Y44.png?lock=720x540,News,,iptv-org-all.txt
Zee Business (720p),https://dwby15d04agvq.cloudfront.net/index_5.m3u8,,,,ZeeBusiness.in@SD,,,,https://dtil.tmsimg.com/assets/GNLZZGG00230YYJ.png?lock=720x540,Business,,iptv-org-all.txt
Zee Cine Classic (1080p),https://amg00862-amg00862c8-amgplt0173.playout.now3.amagi.tv/playlist/amg00862-amg00862c8-amgplt0173/playlist.m3u8,,,,ZeeCineClassic.in@SD,,,,https://i.imgur.com/QCRhS1n.png,Classic,,iptv-org-all.txt
Zee Cinema (576p),https://d1g8wgjurz8via.cloudfront.net/bpk-tv/NGCHD/default/NGCHD.m3u8,,,,ZeeCinema.in@SD,,,,https://xstreamcp-assets-msp.streamready.in/assets/LIVETV/LIVECHANNEL/LIVETV_LIVETVCHANNEL_ZEE_CINEMA/images/LOGO_HD/LOGO_HD_image.png,Movies,,iptv-org-all.txt
Zee Cinema APAC (720p),https://raw.githubusercontent.com/amazeyourself/adaptive-streams/refs/heads/main/streams/sg/YuppTV/ZeeCinemaAPAC.m3u8,,,,ZeeCinema.in@APAC,,,,https://xstreamcp-assets-msp.streamready.in/assets/LIVETV/LIVECHANNEL/LIVETV_LIVETVCHANNEL_ZEE_CINEMA/images/LOGO_HD/LOGO_HD_image.png,Movies,,iptv-org-all.txt
Zee Cinemalu HD (1080p),http://51.75.127.199:3141/zeecinemaluhd/index.m3u8,,,,ZeeCinemalu.in@HD,,,,https://dtil.tmsimg.com/assets/GNLZZGG0022ZEQ9.png?lock=720x540,Movies,,iptv-org-all.txt
Zee Classic (576p),http://107.167.16.138/zeeclassic/index.m3u8?token=test,,,,ZeeClassic.in@SD,,,,https://xstreamcp-assets-msp.streamready.in/assets/LIVETV/LIVECHANNEL/LIVETV_LIVETVCHANNEL_ZEE_CLASSIC/images/LOGO_HD/LOGO_HD_image.png,Classic,,iptv-org-all.txt
Zee Comedy Nation (1080p),https://amg00862-amg00862c5-amgplt0173.playout.now3.amagi.tv/playlist/amg00862-amg00862c5-amgplt0173/playlist.m3u8,,,,ZeeComedyNation.in@HD,,,,https://tvpnlogopus.samsungcloud.tv/platform/image/sourcelogo/vc/00/02/34/IN2100002GD_20260325T012327SQUARE.png,Comedy,,iptv-org-all.txt
Zee Delhi NCR Haryana (720p),https://vg-zeefta.akamaized.net/ptnr-yupptv/title-zeedelhincr/v1/master/611d79b11b77e2f571934fd80ca1413453772ac7/cc483a15-1b39-4642-872d-5d08d362ed01/main.m3u8,,,,ZeeDelhiNCRHaryana.in@SD,,,,https://dtil.tmsimg.com/assets/GNLZZGG0023166M.png?lock=720x540,News,,iptv-org-all.txt
Zee Dil Se (1080p),https://amg00862-amg00862c6-amgplt0173.playout.now3.amagi.tv/playlist/amg00862-amg00862c6-amgplt0173/playlist.m3u8,,,,ZeeDilSe.in@HD,,,,https://d2mxb63djushzm.cloudfront.net/images/Zee_Dil_Se.png,Entertainment,,iptv-org-all.txt
Zee Horror Nights (1080p),https://amg00862-amg00862c7-amgplt0173.playout.now3.amagi.tv/playlist/amg00862-amg00862c7-amgplt0173/playlist.m3u8,,,,ZeeHorrorNights.in@HD,,,,https://d3bd0tgyk368z1.cloudfront.net/zeelg/LG%20logo%20artwork/400x200/zhornights.png,Entertainment,,iptv-org-all.txt
Zee Kannada HD (1080p),https://yuppnimresmum.akamaized.net/28072023/smil:zeekannadahd.smil/playlist.m3u8?hdnts=st=1735898689~exp=1835898688~acl=*~hmac=f5fe24724fe05481e3841f9eb5ab8efdee0a3dd83645ae9dcf45703f525bab7b,,,,ZeeKannada.in@HD,,,,https://xstreamcp-assets-msp.streamready.in/assets/LIVETV/LIVECHANNEL/LIVETV_LIVETVCHANNEL_ZEE_KANNADA_HD/images/LOGO_HD/LOGO_HD_image.png,Entertainment,,iptv-org-all.txt
Zee Kannada News (720p),https://d3vzwoqcbpfm8p.cloudfront.net/index_4.m3u8,,,,ZeeKannadaNews.in@SD,,,,https://jiotvimages.cdn.jio.com/dare_images/images/Zee_Kannada_News.png,News,,iptv-org-all.txt
Zee Keralam HD (1080p),http://51.75.127.199:3141/zeekeralamhd/index.m3u8,,,,ZeeKeralam.in@HD,,,,https://xstreamcp-assets-msp.streamready.in/assets/LIVETV/LIVECHANNEL/LIVETV_LIVETVCHANNEL_ZEE_KERALAM/images/LOGO_HD/LOGO_HD_image.png,Entertainment,,iptv-org-all.txt
Zee Madhya Pradesh Chhattisgarh (720p),https://vg-zeefta.akamaized.net/ptnr-yupptv/title-zeemadhyachhattisgarh/v1/master/611d79b11b77e2f571934fd80ca1413453772ac7/2ab17056-6187-4f0e-a34d-f436ac479d6c/main.m3u8,,,,ZeeMadhyaPradeshChhattisgarh.in@SD,,,,https://dtil.tmsimg.com/assets/GNLZZGG002316X5.png?lock=720x540,News,,iptv-org-all.txt
Zee Marathi HD (1080p),http://51.75.127.199:3141/zeemarathihd/index.m3u8,,,,ZeeMarathi.in@HD,,,,https://xstreamcp-assets-msp.streamready.in/assets/LIVETV/LIVECHANNEL/LIVETV_LIVETVCHANNEL_ZEE_MARATHI/images/LOGO_HD/LOGO_HD_image.png,Entertainment,,iptv-org-all.txt
Zee News (1080p),https://dknttpxmr0dwf.cloudfront.net/index_57.m3u8,,,,ZeeNews.in@SD,,,,https://dtil.tmsimg.com/assets/GNLZZGG0023VWYC.png?lock=720x540,News,,iptv-org-all.txt
Zee Nung (1080p) [Geo-blocked],https://amg17931-zee-amg17931c4-samsung-th-5592.playouts.now.amagi.tv/playlist/amg17931-asiatvusaltdfast-zeenung-samsungth/playlist.m3u8,,,,ZeeNung.th@SD,,,,https://i.imgur.com/OqlxU7t.png,Undefined,,iptv-org-all.txt
Zee One (1080p),https://amg17931-zee-amg17931c6-samsung-au-8872.playouts.now.amagi.tv/playlist/amg17931-asiatvusaltdfast-zeeworld-samsungau/playlist.m3u8,,,,ZeeOne.uk@UK,,,,https://upload.wikimedia.org/wikipedia/commons/2/24/Zee_One_Logo_2025.png,Entertainment,,iptv-org-all.txt
Zee One French (720p),https://7689426c.wurl.com/master/f36d25e7e52f1ba8d7e56eb859c636563214f541/U2Ftc3VuZy1mcl9aZWVNYWdpY19ITFM/playlist.m3u8,,,,ZeeOne.uk@French,,,,https://upload.wikimedia.org/wikipedia/commons/2/24/Zee_One_Logo_2025.png,Entertainment,,iptv-org-all.txt
Zee One German (720p),https://e4955b54.wurl.com/master/f36d25e7e52f1ba8d7e56eb859c636563214f541/U2Ftc3VuZy1kZV9aZWVPbmVfSExT/playlist.m3u8,,,,ZeeOne.uk@German,,,,https://upload.wikimedia.org/wikipedia/commons/2/24/Zee_One_Logo_2025.png,Entertainment,,iptv-org-all.txt
Zee Power HD (1080p),http://51.75.127.199:3141/zeepowerhd/index.m3u8,,,,ZeePower.in@HD,,,,https://dtil.tmsimg.com/assets/GNLZZGG0028ZJ97.png?lock=720x540,Entertainment,,iptv-org-all.txt
Zee Punjab Haryana Himachal (720p),https://vg-zeefta.akamaized.net/ptnr-yupptv/title-zeepunjabharyanahima/v1/master/611d79b11b77e2f571934fd80ca1413453772ac7/65eed269-2f3a-4dd0-ac89-d18959af28e3/main.m3u8,,,,ZeePunjabHaryanaHimachal.in@SD,,,,https://dtil.tmsimg.com/assets/GNLZZGG0022KHKS.png?lock=720x540,News,,iptv-org-all.txt
Zee Punjabi (576p),http://51.75.127.199:3141/zeepunjabi/index.m3u8,,,,ZeePunjabi.in@SD,,,,https://xstreamcp-assets-msp.streamready.in/assets/LIVETV/LIVECHANNEL/LIVETV_LIVETVCHANNEL_ZEE_PUNJABI/images/LOGO_HD/LOGO_HD_image.png,Entertainment,,iptv-org-all.txt
Zee Rajasthan (720p),https://vg-zeefta.akamaized.net/ptnr-yupptv/title-zeerajashthannews/v1/master/611d79b11b77e2f571934fd80ca1413453772ac7/8e864b9a-1681-41a0-99a6-387490bc5b24/main.m3u8,,,,ZeeRajasthan.in@SD,,,,https://dtil.tmsimg.com/assets/GNLZZGG00231732.png?lock=720x540,News,,iptv-org-all.txt
Zee South Flix (1080p),https://amg00862-amg00862c9-amgplt0173.playout.now3.amagi.tv/playlist/amg00862-amg00862c9-amgplt0173/playlist.m3u8,,,,ZeeSouthFlix.in@HD,,,,https://d3bd0tgyk368z1.cloudfront.net/zeelg/LG%20logo%20artwork/400x200/zsouthflix.png,Movies,,iptv-org-all.txt
Zee Talkies (576p),http://107.167.16.138/zeetalkies/index.m3u8?token=test,,,,ZeeTalkies.in@SD,,,,https://xstreamcp-assets-msp.streamready.in/assets/LIVETV/LIVECHANNEL/LIVETV_LIVETVCHANNEL_ZEE_TALKIES/images/LOGO_HD/LOGO_HD_image.png,Movies,,iptv-org-all.txt
Zee Talkies HD (1080p),http://51.75.127.199:3141/zeetalkieshd/index.m3u8,,,,ZeeTalkies.in@HD,,,,https://xstreamcp-assets-msp.streamready.in/assets/LIVETV/LIVECHANNEL/LIVETV_LIVETVCHANNEL_ZEE_TALKIES/images/LOGO_HD/LOGO_HD_image.png,Movies,,iptv-org-all.txt
Zee Tamil HD (720p),https://da86m1sqpm3o0.cloudfront.net/28072023/smil:zeetamil1.smil/playlist.m3u8,,,,ZeeTamil.in@HD,,,,https://dtil.tmsimg.com/assets/GNLZZGG00233WCL.png?lock=720x540,Entertainment,,iptv-org-all.txt
Zee Tamil News (720p),https://raw.githubusercontent.com/amazeyourself/adaptive-streams/refs/heads/main/streams/in/ZMCL/ZeeTamilNews.m3u8,,,,ZeeTamilNews.in@SD,,,,https://english.cdn.zeenews.com/images/logo/zee-tamil-logo-20.svg,News,,iptv-org-all.txt
Zee Telugu HD (1080p),http://51.75.127.199:3141/zeeteluguhd/index.m3u8,,,,ZeeTelugu.in@HD,,,,https://xstreamcp-assets-msp.streamready.in/assets/LIVETV/LIVECHANNEL/LIVETV_LIVETVCHANNEL_ZEE_TELUGU/images/LOGO_HD/LOGO_HD_image.png,Entertainment,,iptv-org-all.txt
Zee Telugu News (720p),https://d116gfrn8orazi.cloudfront.net/index.m3u8?akes=eyJ0eXAiOiJKV1QiLCJhbGciOiJIUzI1NiJ9.eyJleHAiOjE3NjcxOTc5NzJ9.O4qmdMPbHwKrCg6hFXvD70vjSPWKQd0a7NrjmFdeMB8,,,,ZeeTeluguNews.in@SD,,,,https://dtil.tmsimg.com/assets/GNLZZGG0023178R.png?lock=720x540,News,,iptv-org-all.txt
Zee TV (576p),http://51.75.127.199:3141/zeetv/index.m3u8,,,,ZeeTV.in@SD,,,,https://xstreamcp-assets-msp.streamready.in/assets/LIVETV/LIVECHANNEL/LIVETV_LIVETVCHANNEL_ZEE_TV/images/LOGO_HD/LOGO_HD_image.png,Entertainment,,iptv-org-all.txt
Zee TV HD (720p) [Geo-blocked],http://41.205.93.154/ZEE-TV/index.m3u8,,,,ZeeTV.in@HD,,,,https://xstreamcp-assets-msp.streamready.in/assets/LIVETV/LIVECHANNEL/LIVETV_LIVETVCHANNEL_ZEE_TV/images/LOGO_HD/LOGO_HD_image.png,Entertainment,,iptv-org-all.txt
Zee TV Asia Pacific (720p),https://raw.githubusercontent.com/amazeyourself/adaptive-streams/refs/heads/main/streams/sg/YuppTV/ZeeTVHDAPAC.m3u8,,,,ZeeTVAsiaPacific.sg@SD,,,,https://upload.wikimedia.org/wikipedia/commons/thumb/a/a2/Zee_TV_Logo_2025.svg/960px-Zee_TV_Logo_2025.svg.png,Undefined,,iptv-org-all.txt
Zee Uttar Pradesh/Uttarakhand (720p),https://duw35ict5q7th.cloudfront.net/index_3.m3u8,,,,ZeeUttarPradeshUttarakhand.in@SD,,,,https://dtil.tmsimg.com/assets/GNLZZGG002317GQ.png?lock=720x540,News,,iptv-org-all.txt
Zee Zest HD (1080p),http://103.72.101.252:8080/live/2757.m3u8,,,,ZeeZest.in@HD,,,,https://xstreamcp-assets-msp.streamready.in/assets/LIVETV/LIVECHANNEL/LIVETV_LIVETVCHANNEL_ZEE_ZEST/images/LOGO_HD/LOGO_HD_image.png,Lifestyle,,iptv-org-all.txt
Zeleve TV (720p),https://live-evg11.tv360.bitel.com.pe/bitel/zeleve/playlist.m3u8,,,,ZeleveTV.pe@SD,,,,https://i.imgur.com/CGWaunJ.jpeg,General,,iptv-org-all.txt
zenith (1080p),https://live.azenagroup.com/zenith/index.ll.m3u8,,,,zenith.fr@HD,,,,https://znth.tv/images/logo.png,Culture;General,,iptv-org-all.txt
ZenLIFE by Stingray (1080p),https://lotus.stingray.com/manifest/zenlife-zen001-montreal/samsungtvplus/master.m3u8,,,,ZenLIFEbyStingray.ca@HD,,,,https://www.stingray.com/wp-content/uploads/2023/12/stingray_zenlifebystingray_white.svg,Relax,,iptv-org-all.txt
ZFM Zoetermeer TV (720p),https://zfmzoetermeer.nl/live/master.m3u8,,,,ZFMZoetermeerTV.nl@SD,,,,https://i.imgur.com/vrjACvy.png,Music,,iptv-org-all.txt
Zhejiang International Channel,https://ali-m-l.cztv.com/channels/lantian/channel10/1080p.m3u8,,,,ZhejiangInternationalChannel.cn@SD,,,,https://i.imgur.com/XOL1Hph.png,Undefined,,iptv-org-all.txt
Zhejiang Satellite TV (1080p),http://39.134.115.163:8080/PLTV/88888910/224/3221225703/index.m3u8,,,,ZhejiangSatelliteTV.cn@SD,,,,https://i.imgur.com/NFFQNhq.png,Undefined,,iptv-org-all.txt
Zhivaya Planeta (576p),https://stream8.cinerama.uz/1250/tracks-v1a1/mono.m3u8,,,,ZhivayaPlaneta.ru@SD,,,,https://i.imgur.com/onNv1tM.png,Undefined,,iptv-org-all.txt
Zhivaya priroda (1080p),http://stream.mcquack.net/83/index.m3u8,,,,Zhivayapriroda.ru@SD,,,,https://i.imgur.com/9lHQPdN.png,Undefined,,iptv-org-all.txt
Zhivaya priroda HD (1080p),http://stream.mcquack.net/225/index.m3u8,,,,Zhivayapriroda.ru@HD,,,,https://i.imgur.com/9lHQPdN.png,Undefined,,iptv-org-all.txt
Zhivi! (1080p),http://31.148.48.15/Zhivi/index.m3u8,,,,Zhivi.ru@SD,,,,https://i.imgur.com/LPqySGk.png,Lifestyle,,iptv-org-all.txt
ZICO TV (720p),https://gjirafa-video-live.gjirafa.net/gjvideo-live/j3a-n14-2pf-g3s/index.m3u8,,,,ZICOTV.rs@SD,,,,https://i.imgur.com/8wbTnNW.png,Music,,iptv-org-all.txt
Ziggo Sport 5 (1080p),http://145.239.5.177/349/index.m3u8,,,,ZiggoSport5.nl@HD,,,,https://upload.wikimedia.org/wikipedia/commons/thumb/0/0e/Ziggo_Sport_logo.svg/960px-Ziggo_Sport_logo.svg.png,Sports,,iptv-org-all.txt
ZillarBarta News,https://server.zillarbarta.com/zillarbarta/index.m3u8,,,,ZillarBartaNews.in@HD,,,,https://jiotvimages.cdn.jio.com/dare_images/images/zillarbarta.png,Classic;News,,iptv-org-all.txt
Zinc Nombre TV (720p) [Not 24/7],https://5790d294af2dc.streamlock.net/zincnombretv/live/playlist.m3u8,,,,ZincNombreTV.do@HD,,,,https://www.vivalivetv.com/public/files/shows/0/1/3751-294x165-FFFFFF.jpg,General,,iptv-org-all.txt
Zindagi TV (576p) [Not 24/7],https://5ad386ff92705.streamlock.net/live_transcoder/ngrp:zindagitv.stream_all/chunklist.m3u8,,,,ZindagiTV.pk@SD,,,,https://i.imgur.com/XBHvR5J.png,Undefined,,iptv-org-all.txt
Zing! (576p),http://107.167.16.138/zing/index.m3u8?token=test,,,,Zing.in@SD,,,,https://dtil.tmsimg.com/assets/GNLZZGG0025L26R.png?lock=720x540,Music,,iptv-org-all.txt
Zitata TV,https://live.zitata.tv/direct-hls/playlist.m3u8,,,,ZitataTV.mq@SD,,,,https://i.imgur.com/KJmefse.png,General,,iptv-org-all.txt
ZIZ TV (720p),https://media.slactech.com:1936/ZIZDirect/ZIZDirect/playlist.m3u8,,,,ZIZTV.kn@SD,,,,https://i.imgur.com/fB09i6X.png,General,,iptv-org-all.txt
Zjarr TV (360p),https://zjarr.future.al/hls/playlist.m3u8,,,,ZjarrTV.al@SD,,,,https://i.imgur.com/hNuWZWe.png,General,,iptv-org-all.txt
ZNS-TV (1080p),https://zns-edge1.streamcomedia.cloud/znstv13/zns1080p_stream/playlist.m3u8,,,,ZNSTV.bs@SD,,,,https://i.imgur.com/h6nC8fe.png,General,,iptv-org-all.txt
ZO!34 (720p),https://video.uitzending.tv:19360/zo34/zo34.m3u8,,,,ZO34.nl@SD,,,,https://i.imgur.com/yiihDg6.png,Undefined,,iptv-org-all.txt
Zo'r TV (576p),https://stream8.cinerama.uz/1016/tracks-v1a1/mono.m3u8,,,,ZorTV.uz@SD,,,,https://i.imgur.com/NuzyhVM.png,Entertainment;Music,,iptv-org-all.txt
Zodiak TV (1080p),https://ranacable.duckdns.org/ZodiakTv/index.m3u8,,,,ZodiakTV.in@SD,,,,https://i.imgur.com/gE166hZ.jpeg,Entertainment,,iptv-org-all.txt
Zona Latina (720p),http://45.162.193.35/ZONALATINA/index.m3u8,,,,ZonaLatina.cl@SD,,,,https://i.imgur.com/lMyZZtk.png,Undefined,,iptv-org-all.txt
Zona M,http://forever.megogo.xyz/iptv/QGB4M3H62GC7E3/2470/index.m3u8,,,,ZonaM.md@SD,,,,https://i.imgur.com/a6Dy3ao.png,Music,,iptv-org-all.txt
Zona Music TV (1080p),https://acceso.radiosportstv.online:3022/stream/play.m3u8,,,,ZonaMusicTV.cr@SD,,,,https://i.imgur.com/TJ5l9iI.png,Music,,iptv-org-all.txt
Zona Play TV (720p),https://tv1.mediacp.eu:3131/live/dilxbgxylive.m3u8,,,,ZonaPlayTV.cl@SD,,,,https://i.imgur.com/GewcpHv.png,Entertainment,,iptv-org-all.txt
Zona Sur TV (1080p),http://170.79.235.133:8002/play/a063/index.m3u8,,,,ZonaSurTV.cl@SD,,,,https://i.imgur.com/b1OtwDg.png,General,,iptv-org-all.txt
Zonavision TV [Not 24/7],https://ds.tvabierta.net/memfs/b295f254-7af9-45e4-bfc6-7e0bba41929d.m3u8,,,,ZonavisionTV.do@SD,,,,https://imgur.com/B3PrrMH.png,General,,iptv-org-all.txt
Zoo TV (576p),http://31.148.48.15/Zoo_TV/index.m3u8,,,,ZooTV.ru@SD,,,,https://i.imgur.com/p7WzqGS.png,Undefined,,iptv-org-all.txt
Zoom (Colombia) (1080p),http://138.121.15.230:9002/ZOOM/index.m3u8,,,,Zoom.co@SD,,,,https://i.imgur.com/euy5zp6.png,Education,,iptv-org-all.txt
Zoom (India) (720p),https://dai.google.com/linear/hls/event/JCAm25qkRXiKcK1AJMlvKQ/master.m3u8,,,,Zoom.in@SD,,,,https://xstreamcp-assets-msp.streamready.in/assets/LIVETV/LIVECHANNEL/LIVETV_LIVETVCHANNEL_ZOOM/images/LOGO_HD/image.png,Music,,iptv-org-all.txt
Zoom Tecnologico Plus (720p),https://5f700d5b2c46f.streamlock.net/zoomtec/zoomtec/playlist.m3u8,,,,ZoomTecnologicoPlus.cl@SD,,,,https://cdn.m3u.cl/logo/1617_Zoom_Tecnologico_Plus.png,General,,iptv-org-all.txt
ZooMoo (1080p),https://zoomoo-samsungau.amagi.tv/playlist.m3u8,,,,ZooMoo.sg@SD,,,,https://i.imgur.com/ciTJrnl.png,Kids,,iptv-org-all.txt
Zoopark (576i),https://stream8.cinerama.uz/1417/tracks-v1a1/mono.m3u8,,,,Zoopark.ru@SD,,,,https://i.imgur.com/IO5jegK.png,Undefined,,iptv-org-all.txt
ZTV (1080p),http://45.70.201.81:8000/play/a00u/index.m3u8,,,,ZTV.us@SD,,,,https://zplay.cl/img/ztv.png,General,,iptv-org-all.txt
Zuglo TV (360p),https://cloudfront44.lexanetwork.com:1344/freerelay/zuglotv.sdp/playlist.m3u8,,,,ZugloTV.hu@SD,,,,https://i.imgur.com/wPqCtwR.png,Entertainment,,iptv-org-all.txt
Zuraca TV (720p),https://tv3.bitstreaming.net:3680/live/zuracatvlive.m3u8,,,,ZuracaTV.bo@SD,,,,https://i.imgur.com/NsNytWD.jpeg,Business,,iptv-org-all.txt
Zurqui TV (720p),https://videoserver.tmcreativos.com:19360/gesfnvpamn/gesfnvpamn.m3u8,,,,ZurquiTV.cr@SD,,,,https://i.imgur.com/XvktUBB.jpg,General,,iptv-org-all.txt
Zvezda (1080p),http://51.158.144.33:2021/zvezda/index.m3u8,,,,Zvezda.ru@SD,,,,https://i.imgur.com/4PAcpfM.png,General,,iptv-org-all.txt
Zvezda HD (1080p),http://str2.iptvhd.ru:8080/Zvezda/index.m3u8,,,,Zvezda.ru@HD,,,,https://i.imgur.com/4PAcpfM.png,General,,iptv-org-all.txt
Zvezda Plus (576p),http://45.145.32.13:20440/zvezdaplus/index.m3u8?token=test,,,,ZvezdaPlus.ru@SD,,,,https://i.imgur.com/NNmjD9Z.png,Undefined,,iptv-org-all.txt
Zvezda Plus HD (1080p),http://tvzvezda.bonus-tv.ru/cdn/zvezdaplus/playlist.m3u8,,,,ZvezdaPlus.ru@HD,,,,https://i.imgur.com/NNmjD9Z.png,Undefined,,iptv-org-all.txt
Zwei Music Television,https://zweiapp.b-cdn.net/1080p/index.m3u8,,,,ZweiMusicTelevision.de@SD,,,,https://i.imgur.com/RbdpCNf.png,Music,,iptv-org-all.txt
1987年春晚,https://txmov2.a.kwimgs.com/bs3/video-hls/5195746663405928031_hlsb.m3u8,,,,,1987年春晚,,,,,,TianmuTNT.txt
1988年春晚,https://txmov2.a.kwimgs.com/bs3/video-hls/5216575810935394655_hlsb.m3u8,,,,,1988年春晚,,,,,,TianmuTNT.txt
1989年春晚,https://txmov2.a.kwimgs.com/bs3/video-hls/5194620763762726260_hlsb.m3u8,,,,,1989年春晚,,,,,,TianmuTNT.txt
1993年春晚,https://alimov2.a.kwimgs.com/upic/2023/01/13/22/BMjAyMzAxMTMyMjEwMDNfNDAzMDAxOTlfOTM1MTIzMzYwODJfMF8z_b_B647d10e431b4cc5e48e6c77347d69021.mp4,,,,,1993年春晚,,,,,,TianmuTNT.txt
1994年春晚,https://alimov2.a.kwimgs.com/upic/2023/01/13/22/BMjAyMzAxMTMyMjEwMDNfNDAzMDAxOTlfOTM1MTIzMzYxMjNfMF8z_b_B3dde97f36273f04403d4dc5eec611a35.mp4,,,,,1994年春晚,,,,,,TianmuTNT.txt
1995年春晚,https://alimov2.a.kwimgs.com/upic/2023/01/13/20/BMjAyMzAxMTMyMDA5MjJfNDAzMDAxOTlfOTM0OTkwNDQwNzVfMF8z_b_B811c0dec6b9a3d3074a18522c185010a.mp4,,,,,1995年春晚,,,,,,TianmuTNT.txt
1996年春晚,https://alimov2.a.kwimgs.com/upic/2023/01/13/22/BMjAyMzAxMTMyMjEwMDNfNDAzMDAxOTlfOTM1MTIzMzYxNTJfMF8z_b_Bd841eae10ab1c9955ef55fbedfae6c45.mp4,,,,,1996年春晚,,,,,,TianmuTNT.txt
2000年春晚,https://alimov2.a.kwimgs.com/upic/2023/01/13/21/BMjAyMzAxMTMyMTE4MzRfNDAzMDAxOTlfOTM1MDY4ODIxMTNfMF8z_b_Bdddf4e7ef0ff6cfd477857bb40e78419.mp4,,,,,2000年春晚,,,,,,TianmuTNT.txt
2001年春晚,https://alimov2.a.kwimgs.com/upic/2023/01/13/20/BMjAyMzAxMTMyMDA5MjJfNDAzMDAxOTlfOTM0OTkwNDQyMDFfMF8z_b_B70592cb7c4054e9cabb675e849bbf4bd.mp4,,,,,2001年春晚,,,,,,TianmuTNT.txt
2002年春晚,https://alimov2.a.kwimgs.com/upic/2023/01/13/21/BMjAyMzAxMTMyMTE4MzRfNDAzMDAxOTlfOTM1MDY4ODIxNDdfMF8z_b_Ba6271d10b7e6cfae83759033a091f257.mp4,,,,,2002年春晚,,,,,,TianmuTNT.txt
2003年春晚,https://alimov2.a.kwimgs.com/upic/2023/01/14/23/BMjAyMzAxMTQyMzQxNDdfNDAzMDAxOTlfOTM2MTU0MTk1NDFfMF8z_b_B182749d2cd2ea9323639254af385f24b.mp4,,,,,2003年春晚,,,,,,TianmuTNT.txt
2004年春晚,https://alimov2.a.kwimgs.com/upic/2023/01/13/21/BMjAyMzAxMTMyMTE4MzRfNDAzMDAxOTlfOTM1MDY4ODIxOTVfMF8z_b_B86c4430b82ff5a7f4e8132f6ee558536.mp4,,,,,2004年春晚,,,,,,TianmuTNT.txt
2005年春晚,https://alimov2.a.kwimgs.com/upic/2023/01/13/20/BMjAyMzAxMTMyMDA5MjJfNDAzMDAxOTlfOTM0OTkwNDQyMzhfMF8z_b_B35ad7cc86aec8fc9e5ddfb31fc7bed63.mp4,,,,,2005年春晚,,,,,,TianmuTNT.txt
2006年春晚,https://alimov2.a.kwimgs.com/upic/2023/01/13/20/BMjAyMzAxMTMyMDA5MjJfNDAzMDAxOTlfOTM0OTkwNDQyNzlfMF8z_b_Bbc3703fc331dc994c50859c19aad28ff.mp4,,,,,2006年春晚,,,,,,TianmuTNT.txt
2007年春晚,https://alimov2.a.kwimgs.com/upic/2023/01/13/20/BMjAyMzAxMTMyMDA5MjJfNDAzMDAxOTlfOTM0OTkwNDQzMjNfMF8z_b_B00b069c7899976459ceeaa99353dfefe.mp4,,,,,2007年春晚,,,,,,TianmuTNT.txt
2009年春晚,https://alimov2.a.kwimgs.com/upic/2023/01/13/20/BMjAyMzAxMTMyMDA5MjJfNDAzMDAxOTlfOTM0OTkwNDQzOTBfMF8z_b_B29a36a85e0277f6c2a1f033ef7c10708.mp4,,,,,2009年春晚,,,,,,TianmuTNT.txt
2010年春晚,https://alimov2.a.kwimgs.com/upic/2023/01/13/20/BMjAyMzAxMTMyMDA5MjJfNDAzMDAxOTlfOTM0OTkwNDQ0MjlfMF8z_b_B8818807a00eed329a69fb494f405bd43.mp4,,,,,2010年春晚,,,,,,TianmuTNT.txt
2013年春晚,https://alimov2.a.kwimgs.com/upic/2023/01/13/20/BMjAyMzAxMTMyMDA5MjJfNDAzMDAxOTlfOTM0OTkwNDQ1NjNfMF8z_b_B4fea55408dca4471a68a963ae096be59.mp4,,,,,2013年春晚,,,,,,TianmuTNT.txt
2014年春晚,https://alimov2.a.kwimgs.com/upic/2023/01/06/16/BMjAyMzAxMDYxNjMxMTNfNDAzMDAxOTlfOTI4OTY2ODAzNjlfMF8z_b_Bdee65c77f9e7b2120a185c919dad81d2.mp4,,,,,2014年春晚,,,,,,TianmuTNT.txt
2018年春晚,https://alimov2.a.kwimgs.com/upic/2023/01/06/16/BMjAyMzAxMDYxNjMxMTRfNDAzMDAxOTlfOTI4OTY2ODE2MTBfMF8z_b_B11a778e34390a21de42d407e94f45b91.mp4,,,,,2018年春晚,,,,,,TianmuTNT.txt
2024年春晚,https://p2.bdstatic.com/rtmp.liveshow.lss-user.baidubce.com/live/stream_bduid_6488563992_8982723413/merged_1707497046297_88536_25144_41936.m3u8,,,,,2024年春晚,,,,,,TianmuTNT.txt
2025年春晚,https://svip.high24-playback.com/20250129/17159_7bca93c4/2000k/hls/mixed.m3u8,,,,,2025年春晚,,,,,,TianmuTNT.txt
2026-09-25 18:28:23,https://vd2.bdstatic.com/mda-sctj0f96cn79js4n/1080p/cae_h264/1774710384405617311/mda-sctj0f96cn79js4n.mp4,,,,,2026-09-25 18:28:23,,,,,,TianmuTNT.txt
AMC音乐,https://AMChls.wns.live/hls/stream.m3u8,,,,,AMC音乐,,,,,,TianmuTNT.txt
CCTV-8K 超高清,https://tv.cry33.com/ys4k.php?id=8k,,,,,CCTV-8K 超高清,,,,,,TianmuTNT.txt
CCTV1,http://101.66.194.125:9901/tsfile/live/0001_1.m3u8?key=txiptv&playlive=0&authid=0,,,,,CCTV1,,,,,,TianmuTNT.txt
CCTV1,http://1.197.250.140:9901/tsfile/live/0001_1.m3u8?key=txiptv&playlive=1&authid=0,,,,,CCTV1,,,,,,TianmuTNT.txt
CCTV10,http://101.66.194.125:9901/tsfile/live/0010_1.m3u8?key=txiptv&playlive=0&authid=0,,,,,CCTV10,,,,,,TianmuTNT.txt
CCTV10,http://1.197.250.140:9901/tsfile/live/0010_1.m3u8?key=txiptv&playlive=1&authid=0,,,,,CCTV10,,,,,,TianmuTNT.txt
CCTV11,http://101.66.194.125:9901/tsfile/live/0011_1.m3u8?key=txiptv&playlive=0&authid=0,,,,,CCTV11,,,,,,TianmuTNT.txt
CCTV11,http://1.197.250.140:9901/tsfile/live/0011_1.m3u8?key=txiptv&playlive=1&authid=0,,,,,CCTV11,,,,,,TianmuTNT.txt
CCTV12,http://124.165.251.82:85/tsfile/live/0012_1.m3u8?key=txiptv&playlive=1&authid=0,,,,,CCTV12,,,,,,TianmuTNT.txt
CCTV12,http://101.66.194.125:9901/tsfile/live/0012_1.m3u8?key=txiptv&playlive=0&authid=0,,,,,CCTV12,,,,,,TianmuTNT.txt
CCTV13,http://ali-m-l.cztv.com/channels/lantian/channel21/1080p.m3u8,,,,,CCTV13,,,,,,TianmuTNT.txt
CCTV13,http://101.66.194.125:9901/tsfile/live/0013_1.m3u8?key=txiptv&playlive=0&authid=0,,,,,CCTV13,,,,,,TianmuTNT.txt
CCTV13,http://1.197.250.140:9901/tsfile/live/0013_1.m3u8?key=txiptv&playlive=1&authid=0,,,,,CCTV13,,,,,,TianmuTNT.txt
CCTV14,http://101.66.194.125:9901/tsfile/live/0014_1.m3u8?key=txiptv&playlive=0&authid=0,,,,,CCTV14,,,,,,TianmuTNT.txt
CCTV14,http://1.197.250.140:9901/tsfile/live/0014_1.m3u8?key=txiptv&playlive=1&authid=0,,,,,CCTV14,,,,,,TianmuTNT.txt
CCTV15,http://101.66.194.125:9901/tsfile/live/0015_1.m3u8?key=txiptv&playlive=0&authid=0,,,,,CCTV15,,,,,,TianmuTNT.txt
CCTV15,http://gmxw.7766.org:808/hls/102/index.m3u8,,,,,CCTV15,,,,,,TianmuTNT.txt
CCTV16,http://gmxw.7766.org:808/hls/169/index.m3u8,,,,,CCTV16,,,,,,TianmuTNT.txt
CCTV17,http://1.197.250.140:9901/tsfile/live/0007_2.m3u8?key=txiptv&playlive=1&authid=0,,,,,CCTV17,,,,,,TianmuTNT.txt
CCTV17,https://live.264788.xyz/channel/cctv17?streamid=348c8c0c04a6d2b900e5a3bcb4af8ce1&livekey=01WgOR41rriMmMkzNsd0UoaxJRwetZdxIvtVk,,,,,CCTV17,,,,,,TianmuTNT.txt
CCTV17,https://live.264788.xyz/channel/cctv17?streamid=f9c36f1e95b5b35eac89cc89583e7c0a&livekey=01WgOR41rriMmMkzNsd0UoaxJRwetZdxIvtVk,,,,,CCTV17,,,,,,TianmuTNT.txt
CCTV2,http://101.66.194.125:9901/tsfile/live/0002_1.m3u8?key=txiptv&playlive=0&authid=0,,,,,CCTV2,,,,,,TianmuTNT.txt
CCTV3,http://112.30.73.119:229/tsfile/live/0003_2.m3u8?key=txiptv&playlive=0&authid=0,,,,,CCTV3,,,,,,TianmuTNT.txt
CCTV3,http://101.66.194.125:9901/tsfile/live/0003_1.m3u8?key=txiptv&playlive=0&authid=0,,,,,CCTV3,,,,,,TianmuTNT.txt
CCTV4,http://1.197.250.140:9901/tsfile/live/0004_1.m3u8?key=txiptv&playlive=1&authid=0,,,,,CCTV4,,,,,,TianmuTNT.txt
CCTV5,http://101.66.194.125:9901/tsfile/live/0005_1.m3u8?key=txiptv&playlive=0&authid=0,,,,,CCTV5,,,,,,TianmuTNT.txt
CCTV5,http://112.30.73.119:9901/tsfile/live/0005_2.m3u8?key=txiptv&playlive=0&authid=0,,,,,CCTV5,,,,,,TianmuTNT.txt
CCTV5,http://1.197.250.140:9901/tsfile/live/0005_1.m3u8?key=txiptv&playlive=1&authid=0,,,,,CCTV5,,,,,,TianmuTNT.txt
CCTV5,http://gmxw.7766.org:808/hls/93/index.m3u8,,,,,CCTV5,,,,,,TianmuTNT.txt
CCTV6,http://101.66.194.125:9901/tsfile/live/0006_1.m3u8?key=txiptv&playlive=0&authid=0,,,,,CCTV6,,,,,,TianmuTNT.txt
CCTV6,http://1.197.250.140:9901/tsfile/live/0006_1.m3u8?key=txiptv&playlive=1&authid=0,,,,,CCTV6,,,,,,TianmuTNT.txt
CCTV7,http://101.66.194.125:9901/tsfile/live/0007_1.m3u8?key=txiptv&playlive=0&authid=0,,,,,CCTV7,,,,,,TianmuTNT.txt
CCTV7,http://1.197.250.140:9901/tsfile/live/0007_1.m3u8?key=txiptv&playlive=1&authid=0,,,,,CCTV7,,,,,,TianmuTNT.txt
CCTV8,http://101.66.194.125:9901/tsfile/live/0008_1.m3u8?key=txiptv&playlive=0&authid=0,,,,,CCTV8,,,,,,TianmuTNT.txt
CCTV8,http://124.165.251.82:85/tsfile/live/0008_1.m3u8?key=txiptv&playlive=1&authid=0,,,,,CCTV8,,,,,,TianmuTNT.txt
CCTV8,http://1.197.250.140:9901/tsfile/live/0008_1.m3u8?key=txiptv&playlive=1&authid=0,,,,,CCTV8,,,,,,TianmuTNT.txt
CCTV8,http://gmxw.7766.org:808/hls/96/index.m3u8,,,,,CCTV8,,,,,,TianmuTNT.txt
CCTV9,http://101.66.194.125:9901/tsfile/live/0009_1.m3u8?key=txiptv&playlive=0&authid=0,,,,,CCTV9,,,,,,TianmuTNT.txt
CCTV怀旧剧场,https://live.264788.xyz/channel/huaijiujuchang?streamid=7e5d1abdddde08f588234f3f640f75ff&livekey=01WgOR41rriMmMkzNsd0UoaxJRwetZdxIvtVk,,,,,CCTV怀旧剧场,,,,,,TianmuTNT.txt
CCTV文化精品,https://live.264788.xyz/channel/yangshiwenhuajingpin?streamid=bc185d1ef1e528922e83efd845006277&livekey=01WgOR41rriMmMkzNsd0UoaxJRwetZdxIvtVk,,,,,CCTV文化精品,,,,,,TianmuTNT.txt
CCTV第一剧场,https://live.264788.xyz/channel/diyijuchang?streamid=e9b0fb1ca135a4aeae12944494883794&livekey=01WgOR41rriMmMkzNsd0UoaxJRwetZdxIvtVk,,,,,CCTV第一剧场,,,,,,TianmuTNT.txt
CCTV第一剧场,https://live.264788.xyz/channel/diyijuchang?streamid=d81e188b59ece96b7e8f1ce34aea3ef8&livekey=01WgOR41rriMmMkzNsd0UoaxJRwetZdxIvtVk,,,,,CCTV第一剧场,,,,,,TianmuTNT.txt
CGTN,http://english-livetx.cgtn.com/hls/yypdyyctzb_hd.m3u8,,,,,CGTN,,,,,,TianmuTNT.txt
CGTN,https://0472.org/hls/cgtn.m3u8,,,,,CGTN,,,,,,TianmuTNT.txt
CGTN法语,http://espanol-liveali.cgtn.com/hls/LSveOGBaBw41Ea7ukkVAUdKQ220802LSTexu6xAuFH8VZNBLE1ZNEa220802cd.m3u8,,,,,CGTN法语,,,,,,TianmuTNT.txt
CGTN纪录,https://0472.org/hls/cgtnd.m3u8,,,,,CGTN纪录,,,,,,TianmuTNT.txt
CGTN纪录,https://english-livetx.cgtn.com/hls/yypdjlctzb_hd.m3u8,,,,,CGTN纪录,,,,,,TianmuTNT.txt
CGTN西语,https://0472.org/hls/cgtnx.m3u8,,,,,CGTN西语,,,,,,TianmuTNT.txt
CGTN阿语,https://0472.org/hls/cgtna.m3u8,,,,,CGTN阿语,,,,,,TianmuTNT.txt
CHC电影,http://183.237.95.108:9901/tsfile/live/1008_1.m3u8?key=txiptv&playlive=0&authid=0,,,,,CHC电影,,,,,,TianmuTNT.txt
七台河新闻综合,http://live.qthnews.org.cn:1935/live/live1/800k/tzwj_video.m3u8,,,,,七台河新闻综合,,,,,,TianmuTNT.txt
七龙珠,https://live.metshop.top/huya/11601966,,,,,七龙珠,,,,,,TianmuTNT.txt
万荣综合,http://60.222.246.220:19433/hls1.m3u8,,,,,万荣综合,,,,,,TianmuTNT.txt
三明新闻综合,https://ls.qingting.fm/live/5022100/64k.m3u8,,,,,三明新闻综合,,,,,,TianmuTNT.txt
三明新闻综合,http://ls.qingting.fm/live/4885.m3u8,,,,,三明新闻综合,,,,,,TianmuTNT.txt
上海第一财经,https://satellitepull.cnr.cn/live/wx32dycjgb/playlist.m3u8,,,,,上海第一财经,,,,,,TianmuTNT.txt
上虞文化影院,http://l.cztvcloud.com/channels/lantian/SXshangyu2/720p.m3u8?zzhed,,,,,上虞文化影院,,,,,,TianmuTNT.txt
上虞新商都,http://l.cztvcloud.com/channels/lantian/SXshangyu3/720p.m3u8?zzhed,,,,,上虞新商都,,,,,,TianmuTNT.txt
上虞新闻综合,http://l.cztvcloud.com/channels/lantian/SXshangyu1/720p.m3u8?zzhed,,,,,上虞新闻综合,,,,,,TianmuTNT.txt
东丰,http://stream5.jlntv.cn/df/sd/live.m3u8?zjild,,,,,东丰,,,,,,TianmuTNT.txt
东丰综合,http://stream3.jlntv.cn:80/aac_dfgb/playlist.m3u8,,,,,东丰综合,,,,,,TianmuTNT.txt
东南卫视,http://live.zohi.tv/video/s10001-fztv-3/index.m3u8,,,,,东南卫视,,,,,,TianmuTNT.txt
东南卫视,http://101.66.194.125:9901/tsfile/live/0137_1.m3u8?key=txiptv&playlive=0&authid=0,,,,,东南卫视,,,,,,TianmuTNT.txt
东方卫视,http://bp-resource-dfl.bestv.cn/155/3/video.m3u8,,,,,东方卫视,,,,,,TianmuTNT.txt
东方卫视,http://bp-resource-dfl.bestv.cn/148/3/video.m3u8,,,,,东方卫视,,,,,,TianmuTNT.txt
东方卫视,http://101.66.194.125:9901/tsfile/live/0018_1.m3u8?key=txiptv&playlive=0&authid=0,,,,,东方卫视,,,,,,TianmuTNT.txt
东方卫视,http://1.197.250.140:9901/tsfile/live/0107_1.m3u8?key=txiptv&playlive=1&authid=0,,,,,东方卫视,,,,,,TianmuTNT.txt
东方卫视4K,https://bp-resource-dfl.bestv.cn/148/3/video.m3u8,,,,,东方卫视4K,,,,,,TianmuTNT.txt
东莞新闻综合,https://stream.sun0769.com/dgrtv1/mp4tv1_800/index.m3u8,,,,,东莞新闻综合,,,,,,TianmuTNT.txt
东莞生活资讯,https://stream.sun0769.com/dgrtv1/mp4tv2_800/index.m3u8,,,,,东莞生活资讯,,,,,,TianmuTNT.txt
东阳影视生活,http://l.cztvcloud.com/channels/lantian/SXdongyang1/720p.m3u8,,,,,东阳影视生活,,,,,,TianmuTNT.txt
中华小当家,https://live.metshop.top/huya/11342413,,,,,中华小当家,,,,,,TianmuTNT.txt
中国交通,http://drive.mxmy.net:8888/udp/239.3.1.188:8001,,,,,中国交通,,,,,,TianmuTNT.txt
中国村庄,http://newcntv.qcloudcdn.com/asp/hls/4000/0303000a/3/default/93fc12dbf14241c18c23da104fbade23/4000.m3u8,,,,,中国村庄,,,,,,TianmuTNT.txt
中国蓝新闻,http://ali-m-l.cztv.com/channels/lantian/channel009/1080p.m3u8,,,,,中国蓝新闻,,,,,,TianmuTNT.txt
中央电视塔东,https://gcalic.v.myalicdn.com/gc/ztd_1/index.m3u8,,,,,中央电视塔东,,,,,,TianmuTNT.txt
中央电视塔南,https://gcalic.v.myalicdn.com/gc/ztn_1/index.m3u8,,,,,中央电视塔南,,,,,,TianmuTNT.txt
丽江古城万古楼遥望玉龙雪山,https://gcalic.v.myalicdn.com/gc/ljgcwglytylxs_1/index.m3u8,,,,,丽江古城万古楼遥望玉龙雪山,,,,,,TianmuTNT.txt
丽江古城大水车,https://gcalic.v.myalicdn.com/gc/ljgcdsc_1/index.m3u8,,,,,丽江古城大水车,,,,,,TianmuTNT.txt
丽江古城大研花巷观景,https://gcalic.v.myalicdn.com/gc/ljgcdyhxgjt_1/index.m3u8,,,,,丽江古城大研花巷观景,,,,,,TianmuTNT.txt
义乌新闻综合,https://44911.hlsplay.aodianyun.com/tv_radio_44911/tv_channel_1796.m3u8?auth_key=4830573978-0-0-92824c2c03f95906a3c49a4aa28f1709&extra_key=Yc1XsmxOKy2UBoPM4Wy5vCPsEYqnj06taCR2SRB2Xrg2w28NPilH03KdIbbM5wgSql-VBohSnoO9AOKl94q2t2DWMftz-XB-2qUX-UjXcS80StcSZahBFjrKLivXaRjiY5r2NOMKWMKFbv-S0Bz2G6iEXgCK8yGjtrFHDcPfAQEE0pvXq0Bwy34b7We8zARN&ali_ffmpeg_version=mpengine,,,,,义乌新闻综合,,,,,,TianmuTNT.txt
之江纪录,http://ali-m-l.cztv.com/channels/lantian/channel012/1080p.m3u8,,,,,之江纪录,,,,,,TianmuTNT.txt
之江纪录,https://ali-m-l.cztv.com/channels/lantian/channel12/720p.m3u8,,,,,之江纪录,,,,,,TianmuTNT.txt
之江纪录,https://ali-m-l.cztv.com/channels/lantian/channel012/1080p.m3u8,,,,,之江纪录,,,,,,TianmuTNT.txt
乌镇全景,https://gcalic.v.myalicdn.com/gc/zjwzblt_1/index.m3u8,,,,,乌镇全景,,,,,,TianmuTNT.txt
乌镇蓝印花布,https://gcalic.v.myalicdn.com/gc/zjwzlyhb_1/index.m3u8,,,,,乌镇蓝印花布,,,,,,TianmuTNT.txt
乌镇西市河,https://gcalic.v.myalicdn.com/gc/zjwzbblh_1/index.m3u8,,,,,乌镇西市河,,,,,,TianmuTNT.txt
乌镇龙形田,https://gcalic.v.myalicdn.com/gc/zjwzlxt_1/index.m3u8,,,,,乌镇龙形田,,,,,,TianmuTNT.txt
乐山大佛全景,https://gcalic.v.myalicdn.com/gc/lsdfgfl_1/index.m3u8,,,,,乐山大佛全景,,,,,,TianmuTNT.txt
乐至综合,http://175.155.106.72:89/live1/live1.m3u8?zsicd,,,,,乐至综合,,,,,,TianmuTNT.txt
九台,http://stream10.jlntv.cn/jiutaitv/sd/live.m3u8?zjild,,,,,九台,,,,,,TianmuTNT.txt
云南丽江冰川,https://gcalic.v.myalicdn.com/gc/hkylxs05_1/index.m3u8,,,,,云南丽江冰川,,,,,,TianmuTNT.txt
云南丽江印象实景,https://gcalic.v.myalicdn.com/gc/hkylxs01_1/index.m3u8,,,,,云南丽江印象实景,,,,,,TianmuTNT.txt
云南丽江玉龙雪山,https://gcalic.v.myalicdn.com/gc/ylxs11_1/index.m3u8,,,,,云南丽江玉龙雪山,,,,,,TianmuTNT.txt
云南丽江玉龙雪山草甸,https://gcalic.v.myalicdn.com/gc/hkylxs06_1/index.m3u8,,,,,云南丽江玉龙雪山草甸,,,,,,TianmuTNT.txt
云南丽江蓝月谷,https://gcalic.v.myalicdn.com/gc/ylxs12_1/index.m3u8,,,,,云南丽江蓝月谷,,,,,,TianmuTNT.txt
云南卫视,http://101.66.194.125:9901/tsfile/live/0119_1.m3u8?key=txiptv&playlive=0&authid=0,,,,,云南卫视,,,,,,TianmuTNT.txt
云南卫视,http://1.197.250.140:9901/tsfile/live/0119_1.m3u8?key=txiptv&playlive=1&authid=0,,,,,云南卫视,,,,,,TianmuTNT.txt
云南大理崇圣寺三塔中景,https://gcalic.v.myalicdn.com/gc/dlst03_1/index.m3u8,,,,,云南大理崇圣寺三塔中景,,,,,,TianmuTNT.txt
云南大理崇圣寺三塔远景,https://gcalic.v.myalicdn.com/gc/dlst01_1/index.m3u8,,,,,云南大理崇圣寺三塔远景,,,,,,TianmuTNT.txt
云南娱乐,https://hwapi.yntv.net/62hdvf/q9vs1b.m3u8,,,,,云南娱乐,,,,,,TianmuTNT.txt
云南白沙远眺玉龙雪山,https://gcalic.v.myalicdn.com/gc/hkylxs03_1/index.m3u8,,,,,云南白沙远眺玉龙雪山,,,,,,TianmuTNT.txt
云南都市,https://hwapi.yntv.net/62hdvf/rjwt14.m3u8,,,,,云南都市,,,,,,TianmuTNT.txt
云和新闻综合,http://l.cztvcloud.com/channels/lantian/SXyunhe1/720p.m3u8?zzhed,,,,,云和新闻综合,,,,,,TianmuTNT.txt
云霄综合,https://live.zzyxxw.com:2443/live/xwzh.m3u8,,,,,云霄综合,,,,,,TianmuTNT.txt
云霄综合,http://live.zzyxxw.com:85/live/xwzh.m3u8,,,,,云霄综合,,,,,,TianmuTNT.txt
云霄综合,http://live.zzyxxw.com:85/live/xwzh.m3u8?fujian,,,,,云霄综合,,,,,,TianmuTNT.txt
五彩池,https://gcalic.v.myalicdn.com/gc/hlwcc_1/index.m3u8,,,,,五彩池,,,,,,TianmuTNT.txt
井研综合,http://tvfile.jyrmt.cn/nmip-media/channellive/channel104452/playlist.m3u8,,,,,井研综合,,,,,,TianmuTNT.txt
亳州农村,http://zbbf2.ahbztv.com/live/418.m3u8?zanhd,,,,,亳州农村,,,,,,TianmuTNT.txt
人与自然,http://newcntv.qcloudcdn.com/asp/hls/1200/0303000a/3/default/1425e1d505654cb48ba82b807b221193/1200.m3u8,,,,,人与自然,,,,,,TianmuTNT.txt
人在囧途,https://vip.ffzy-play.com/20221018/1953_2d6ba500/index.m3u8,,,,,人在囧途,,,,,,TianmuTNT.txt
人在囧途之泰囧,https://vip.ffzy-play.com/20221018/1951_47e1adc8/index.m3u8,,,,,人在囧途之泰囧,,,,,,TianmuTNT.txt
人在囧途之港囧,https://vip.ffzy-play7.com/20230112/11082_fde1a94d/index.m3u8,,,,,人在囧途之港囧,,,,,,TianmuTNT.txt
人间卫视,https://5ddce30eb4b55.streamlock.net/bltvhd/bltv1/chunklist_w511254805.m3u8,,,,,人间卫视,,,,,,TianmuTNT.txt
人间卫视,http://61.216.67.119:1935/bltvhd/bltv1/chunklist_w1266569526.m3u,,,,,人间卫视,,,,,,TianmuTNT.txt
仁寿综合,https://play.scrstv.com.cn/DT/live.m3u8?auth_key=60001724663204-0-0-c1cc4ded9841ac34f63cdbd3aec647ef,,,,,仁寿综合,,,,,,TianmuTNT.txt
伊犁哈萨克,http://110.153.180.106:55555/out_3/index.m3u8?zxinjd,,,,,伊犁哈萨克,,,,,,TianmuTNT.txt
伊犁经济法制,http://110.153.180.106:55555/out_4/index.m3u8?zxinjd,,,,,伊犁经济法制,,,,,,TianmuTNT.txt
伊犁维吾尔,http://110.153.180.106:55555/out_2/index.m3u8?zxinjd,,,,,伊犁维吾尔,,,,,,TianmuTNT.txt
余姚姚江文化,http://l.cztvcloud.com/channels/lantian/SXyuyao3/720p.m3u8?zzhed,,,,,余姚姚江文化,,,,,,TianmuTNT.txt
余姚姚江文化,https://l.cztvcloud.com/channels/lantian/SXyuyao3/720p.m3u8,,,,,余姚姚江文化,,,,,,TianmuTNT.txt
余姚新闻综合,http://l.cztvcloud.com/channels/lantian/SXyuyao1/720p.m3u8?zzhed,,,,,余姚新闻综合,,,,,,TianmuTNT.txt
余姚新闻综合,http://l.cztvcloud.com/channels/lantian/SXyuyao1/720p.m3u8?cWlkPSZzPTg3OWMwYmMyZDMzYTFhZGY3NDQxMjgyYTg1MmUzNTY0JmVzPTE3MDY2Nzc4NzMmdXVpZD0yMjdiY2MzNGNiNGY0MThlYjRiY2IxYzcwNmZjODNkMS02NzQ3NDY2NyZ2PTImYXM9MCZjZG5leF9pZD10eF9waG9uZV9saXZl,,,,,余姚新闻综合,,,,,,TianmuTNT.txt
余姚综合,https://l.cztvcloud.com/channels/lantian/SXyuyao1/720p.m3u8,,,,,余姚综合,,,,,,TianmuTNT.txt
余姚综合,http://l.cztvcloud.com/channels/lantian/SXyuyao1/720p.m3u8?,,,,,余姚综合,,,,,,TianmuTNT.txt
余杭未来E,http://l.cztvcloud.com/channels/lantian/SXyuhang3/720p.m3u8?zzhed,,,,,余杭未来E,,,,,,TianmuTNT.txt
余杭综合,http://l.cztvcloud.com/channels/lantian/SXyuhang1/720p.m3u8?zzhed,,,,,余杭综合,,,,,,TianmuTNT.txt
倚天屠龙记,https://live.metshop.top/huya/23734246,,,,,倚天屠龙记,,,,,,TianmuTNT.txt
倩女幽魂人间道,http://jsmov2.a.yximgs.com/bs3/video-hls/5250634317044855747_hlsb.m3u8,,,,,倩女幽魂人间道,,,,,,TianmuTNT.txt
倩女幽魂妖魔道,http://jsmov2.a.yximgs.com/bs3/video-hls/5232901391302199073_hlsb.m3u8,,,,,倩女幽魂妖魔道,,,,,,TianmuTNT.txt
倩女幽魂道道道,http://jsmov2.a.yximgs.com/bs3/video-hls/5216294367991385255_hlsb.m3u8,,,,,倩女幽魂道道道,,,,,,TianmuTNT.txt
八里沟风景区天界山玻璃栈道,https://gcalic.v.myalicdn.com/gc/blg03_1/index.m3u8,,,,,八里沟风景区天界山玻璃栈道,,,,,,TianmuTNT.txt
八里沟风景区桃花湾瀑布,https://gcalic.v.myalicdn.com/gc/blg05_1/index.m3u8,,,,,八里沟风景区桃花湾瀑布,,,,,,TianmuTNT.txt
六安公共,http://ls.qingting.fm/live/1794199.m3u8,,,,,六安公共,,,,,,TianmuTNT.txt
六安新闻综合,http://ls.qingting.fm/live/267.m3u8,,,,,六安新闻综合,,,,,,TianmuTNT.txt
六盘山红军长征景区,https://gcalic.v.myalicdn.com/gc/lpsgmjng01_1/index.m3u8,,,,,六盘山红军长征景区,,,,,,TianmuTNT.txt
兰溪新闻综合,http://l.cztvcloud.com/channels/lantian/SXlanxi1/720p.m3u8?zzhed,,,,,兰溪新闻综合,,,,,,TianmuTNT.txt
兵器科技,https://live.264788.xyz/channel/bingqikeji?streamid=530cb4e58bbc48b7fc26f5e0a2e47966&livekey=01WgOR41rriMmMkzNsd0UoaxJRwetZdxIvtVk,,,,,兵器科技,,,,,,TianmuTNT.txt
兵器科技,https://live.264788.xyz/channel/bingqikeji?streamid=6fc55a0966bdad1e1cdf39a4d37dd776&livekey=01WgOR41rriMmMkzNsd0UoaxJRwetZdxIvtVk,,,,,兵器科技,,,,,,TianmuTNT.txt
兵团五师双河影,https://liveout.btzx.com.cn/62ds9e/6o77s4.m3u8?zxinjd,,,,,兵团五师双河影,,,,,,TianmuTNT.txt
兵团五师双河新闻综合,http://liveout.btzx.com.cn/62ds9e/4nxdih.m3u8?fbl=,,,,,兵团五师双河新闻综合,,,,,,TianmuTNT.txt
兵团八师石河子新闻综合,http://124.88.144.73:1935/live/xwzh/playlist.m3u8?zxinjd,,,,,兵团八师石河子新闻综合,,,,,,TianmuTNT.txt
内蒙古卫视,http://play1-qk.nmtv.cn/live/1769652018126032.m3u8,,,,,内蒙古卫视,,,,,,TianmuTNT.txt
内蒙古卫视,https://live.264788.xyz/channel/neimengguweishi?streamid=81a015dbecf3031d7d847b7a9b059f67&livekey=01WgOR41rriMmMkzNsd0UoaxJRwetZdxIvtVk,,,,,内蒙古卫视,,,,,,TianmuTNT.txt
内蒙古卫视,https://live.264788.xyz/channel/neimengguweishi?streamid=3e7340acf8869ac1c7dad1bb836dcd35&livekey=01WgOR41rriMmMkzNsd0UoaxJRwetZdxIvtVk,,,,,内蒙古卫视,,,,,,TianmuTNT.txt
凤凰中文,http://play-flive.ifeng.com/live/06OLEGEGM4G.m3u8,,,,,凤凰中文,,,,,,TianmuTNT.txt
凤凰资讯,http://play-flive.ifeng.com/live/06OLEEWQKN4.m3u8,,,,,凤凰资讯,,,,,,TianmuTNT.txt
刑事侦缉档案,https://live.metshop.top/huya/29465856,,,,,刑事侦缉档案,,,,,,TianmuTNT.txt
刘德华电影,https://live.metshop.top/huya/11342424,,,,,刘德华电影,,,,,,TianmuTNT.txt
创世纪,https://live.metshop.top/huya/29465852,,,,,创世纪,,,,,,TianmuTNT.txt
剑阁综合,https://m3u8.channel.dzsm.com/nmip-media/channellive/channel105549/playlist.m3u8,,,,,剑阁综合,,,,,,TianmuTNT.txt
功夫电影,https://live.metshop.top/huya/11352941,,,,,功夫电影,,,,,,TianmuTNT.txt
北京卫视,http://101.66.194.125:9901/tsfile/live/0016_1.m3u8?key=txiptv&playlive=0&authid=0,,,,,北京卫视,,,,,,TianmuTNT.txt
北京卫视,http://1.197.250.140:9901/tsfile/live/0122_1.m3u8?key=txiptv&playlive=1&authid=0,,,,,北京卫视,,,,,,TianmuTNT.txt
北京新闻,https://satellitepull.cnr.cn/live/wxbjxwgb/playlist.m3u8,,,,,北京新闻,,,,,,TianmuTNT.txt
南京教科,http://nklive.nbs.cn/hls/75b3c462-b831-4de7-a34b-5d3221db2069/index.m3u8,,,,,南京教科,,,,,,TianmuTNT.txt
南京新闻综合,http://nklive.nbs.cn/hls/d511bc9d-a694-4453-b3a2-4fc842cc97a1/index.m3u8,,,,,南京新闻综合,,,,,,TianmuTNT.txt
南京玄武湖公园,https://gcalic.v.myalicdn.com/gc/xwh01_1/index.m3u8,,,,,南京玄武湖公园,,,,,,TianmuTNT.txt
南国都市,https://tencentplay.gztv.com/live/nanguodushi.m3u8?txSecret=550af55c0ea34ce492748481415b6dfa&txTime=1903e7b17de,,,,,南国都市,,,,,,TianmuTNT.txt
南国都市,http://tencentplay.gztv.com/live/nanguodushi.m3u8?txSecret=140110ae3d6c936a77f94c4f4d85b0d3&txTime=18d57929bd4,,,,,南国都市,,,,,,TianmuTNT.txt
南宁影视娱乐,http://hls.nntv.cn/nnlive/YSYL_244.m3u8,,,,,南宁影视娱乐,,,,,,TianmuTNT.txt
南宁都市生活,http://615bbf179ba53515dccad7b1da5d1ad9.livehwc3.cn/hls.nntv.cn/nnlive/WLSH_24.m3u8?sub_m3u8=true&edge_slice=true&user_session_id=2598844eaee8a4265e706fc14b3fc11d,,,,,南宁都市生活,,,,,,TianmuTNT.txt
厦门鼓浪屿,https://gcalic.v.myalicdn.com/gc/gly01_1/index.m3u8,,,,,厦门鼓浪屿,,,,,,TianmuTNT.txt
双辽,http://stream5.jlntv.cn/sl/sd/live.m3u8?zjild,,,,,双辽,,,,,,TianmuTNT.txt
双辽综合,http://stream3.jlntv.cn:80/aac_slgb/playlist.m3u8,,,,,双辽综合,,,,,,TianmuTNT.txt
古县综合,https://l2fpdktp.live.sxmty.com/live/hls/e4c3b363cc4549788e2d983f403e07db/d99ce1eb686e41b9afc888110bd95aa7.m3u8?zshanxd,,,,,古县综合,,,,,,TianmuTNT.txt
古天乐电影,https://live.metshop.top/huya/29982675,,,,,古天乐电影,,,,,,TianmuTNT.txt
句容党建,http://jrlive.jrntv.com/live/_definst_/dangjians/playlist.m3u8?%E5%85%B3%E6%B3%A8%E5%BE%AE%E4%BF%A1%E5%85%AC%E4%BC%97%E5%8F%B7[%E6%99%B4%E5%9B%AD],,,,,句容党建,,,,,,TianmuTNT.txt
句容影院,http://jrlive.jrntv.com/live/_definst_/yingshis/chunklist_w1994429382.m3u8?zjiangsd,,,,,句容影院,,,,,,TianmuTNT.txt
句容生活,http://jrlive.jrntv.com/live/_definst_/shenghuos/playlist.m3u8?%E5%85%B3%E6%B3%A8%E5%BE%AE%E4%BF%A1%E5%85%AC%E4%BC%97%E5%8F%B7[%E6%99%B4%E5%9B%AD],,,,,句容生活,,,,,,TianmuTNT.txt
可克达拉综合,http://file.loulannews.cn/nmip-media/channellive/channel103824/playlist.m3u8,,,,,可克达拉综合,,,,,,TianmuTNT.txt
吉林乡村,https://satellitepull.cnr.cn/live/wxjlxcgb/playlist.m3u8,,,,,吉林乡村,,,,,,TianmuTNT.txt
吉林卫视,http://101.66.194.125:9901/tsfile/live/0116_1.m3u8?key=txiptv&playlive=0&authid=0,,,,,吉林卫视,,,,,,TianmuTNT.txt
名山综合,https://m3u8channel-bx.yunxya.com/nmip-media/channellive/channel104666/playlist.m3u8,,,,,名山综合,,,,,,TianmuTNT.txt
周星驰电影,https://live.metshop.top/huya/11342412,,,,,周星驰电影,,,,,,TianmuTNT.txt
哈尔滨娱乐,https://stream.hrbtv.net/ylpd/sd/live.m3u8,,,,,哈尔滨娱乐,,,,,,TianmuTNT.txt
哈尔滨娱乐,http://stream.hrbtv.net/ylpd/sd/live.m3u8?zheild,,,,,哈尔滨娱乐,,,,,,TianmuTNT.txt
哈尔滨影视,http://stream.hrbtv.net/yspd/sd/live.m3u8?zheild,,,,,哈尔滨影视,,,,,,TianmuTNT.txt
哈尔滨新闻综合,http://stream.hrbtv.net/xwzh/sd/live.m3u8?zheild,,,,,哈尔滨新闻综合,,,,,,TianmuTNT.txt
哈尔滨生活,http://stream.hrbtv.net/shpd/sd/live.m3u8?zheild,,,,,哈尔滨生活,,,,,,TianmuTNT.txt
哈尔滨资讯,http://stream.hrbtv.net/zxpd/sd/live.m3u8,,,,,哈尔滨资讯,,,,,,TianmuTNT.txt
哈尔滨都市咨询,http://stream.hrbtv.net/zxpd/sd/live.m3u8?zheild,,,,,哈尔滨都市咨询,,,,,,TianmuTNT.txt
嘉兴新闻综合,http://live.zohi.tv/video/s10001-fztv-1/index.m3u8,,,,,嘉兴新闻综合,,,,,,TianmuTNT.txt
嘉兴新闻综合,http://tvfile.jyrmt.cn:80/nmip-media/channellive/channel104452/playlist.m3u8,,,,,嘉兴新闻综合,,,,,,TianmuTNT.txt
嘉峪关综合,http://play.kankanlive.com/live/1720583434627241.m3u8,,,,,嘉峪关综合,,,,,,TianmuTNT.txt
四川卫视,http://101.66.194.125:9901/tsfile/live/0123_1.m3u8?key=txiptv&playlive=0&authid=0,,,,,四川卫视,,,,,,TianmuTNT.txt
四川卫视,http://1.197.250.140:9901/tsfile/live/0123_1.m3u8?key=txiptv&playlive=1&authid=0,,,,,四川卫视,,,,,,TianmuTNT.txt
四川卫视,https://live.264788.xyz/channel/sichuanweishi4k?streamid=21be5901ee81559c827dc84e46f26452&livekey=01WgOR41rriMmMkzNsd0UoaxJRwetZdxIvtVk,,,,,四川卫视,,,,,,TianmuTNT.txt
四川卫视,https://live.264788.xyz/channel/sichuanweishi4k?streamid=401bf692a1a8b91298f26077d53316d6&livekey=01WgOR41rriMmMkzNsd0UoaxJRwetZdxIvtVk,,,,,四川卫视,,,,,,TianmuTNT.txt
四川四姑娘山隆珠措,https://gcalic.v.myalicdn.com/gc/sgns02_1/index.m3u8,,,,,四川四姑娘山隆珠措,,,,,,TianmuTNT.txt
四川峨眉山云海日出,https://gcalic.v.myalicdn.com/gc/emsarm_1/index.m3u8,,,,,四川峨眉山云海日出,,,,,,TianmuTNT.txt
四川峨眉山普贤菩萨铜像,https://gcalic.v.myalicdn.com/gc/emspxps_1/index.m3u8,,,,,四川峨眉山普贤菩萨铜像,,,,,,TianmuTNT.txt
四川峨眉山远眺万佛顶,https://gcalic.v.myalicdn.com/gc/emswfs_1/index.m3u8,,,,,四川峨眉山远眺万佛顶,,,,,,TianmuTNT.txt
四川峨眉山远眺贡嘎雪山,https://gcalic.v.myalicdn.com/gc/emsyh_1/index.m3u8,,,,,四川峨眉山远眺贡嘎雪山,,,,,,TianmuTNT.txt
四川科教,http://182.150.115.21:8030/pcgacg/pcgacg_0.m3u8,,,,,四川科教,,,,,,TianmuTNT.txt
固镇新闻,http://www.guzhenm.com:7001/hls/hd-live.m3u8?%E5%85%B3%E6%B3%A8%E5%BE%AE%E4%BF%A1%E5%85%AC%E4%BC%97%E5%8F%B7[%E6%99%B4%E5%9B%AD],,,,,固镇新闻,,,,,,TianmuTNT.txt
地理中国,http://newcntv.qcloudcdn.com/asp/hls/1200/0303000a/3/default/c6baf6f74bb944aeacee1065ea72c798/1200.m3u8,,,,,地理中国,,,,,,TianmuTNT.txt
大唐双龙传,https://live.metshop.top/huya/29465850,,,,,大唐双龙传,,,,,,TianmuTNT.txt
大宁综合,http://live.daningtv.com/aac_dngb/playlist.m3u8,,,,,大宁综合,,,,,,TianmuTNT.txt
大时代,https://live.metshop.top/huya/23865161,,,,,大时代,,,,,,TianmuTNT.txt
大湾区卫视,http://222.128.55.152:9080/live/dwq.m3u8,,,,,大湾区卫视,,,,,,TianmuTNT.txt
天涯石,https://gcalic.v.myalicdn.com/gc/tyhjtys_1/index.m3u8,,,,,天涯石,,,,,,TianmuTNT.txt
天祝综合,https://play.kankanlive.com/live/1656487214793905.m3u8,,,,,天祝综合,,,,,,TianmuTNT.txt
太谷新闻综合,https://p2.vzan.com/slowlive/596867413819827251/live.m3u8?zbid=1725814272&tpid=1516989100&type=0,,,,,太谷新闻综合,,,,,,TianmuTNT.txt
太谷新闻综合,https://p2.vzan.com/slowlive/596867413819827251/live.m3u8?zbid=1725814272&amp;amp;tpid=1516989100&amp;amp;type=0,,,,,太谷新闻综合,,,,,,TianmuTNT.txt
夹江新闻综合,http://tvfile.jjrm.org.cn/nmip-media/channellive/channel106282/playlist.m3u8?zsicd,,,,,夹江新闻综合,,,,,,TianmuTNT.txt
奎屯哈萨克语,http://218.84.12.186:8002/hls/main/playlist.m3u8?zxinjd,,,,,奎屯哈萨克语,,,,,,TianmuTNT.txt
奎屯汉语,http://218.84.12.186:8001/hls/main/playlist.m3u8?zxinjd,,,,,奎屯汉语,,,,,,TianmuTNT.txt
妙手仁心,https://live.metshop.top/huya/29465853,,,,,妙手仁心,,,,,,TianmuTNT.txt
宁夏卫视,https://live.264788.xyz/channel/ningxiaweishi?streamid=e1236348f815c36a0429357e5b5c5f10&livekey=01WgOR41rriMmMkzNsd0UoaxJRwetZdxIvtVk,,,,,宁夏卫视,,,,,,TianmuTNT.txt
宁夏卫视,https://live.264788.xyz/channel/ningxiaweishi?streamid=551474d02bee1c160e1692e22c45ddba&livekey=01WgOR41rriMmMkzNsd0UoaxJRwetZdxIvtVk,,,,,宁夏卫视,,,,,,TianmuTNT.txt
宁夏卫视,https://live.264788.xyz/channel/ningxiaweishi?streamid=1b2952717a920173e66d4a348f9dcb5c&livekey=01WgOR41rriMmMkzNsd0UoaxJRwetZdxIvtVk,,,,,宁夏卫视,,,,,,TianmuTNT.txt
宇宙科幻合集,https://live.metshop.top/huya/11342428,,,,,宇宙科幻合集,,,,,,TianmuTNT.txt
安徽卫视,http://101.66.194.125:9901/tsfile/live/0130_1.m3u8?key=txiptv&playlive=0&authid=0,,,,,安徽卫视,,,,,,TianmuTNT.txt
安徽卫视,http://1.197.250.140:9901/tsfile/live/0130_1.m3u8?key=txiptv&playlive=1&authid=0,,,,,安徽卫视,,,,,,TianmuTNT.txt
安徽卫视,http://gmxw.7766.org:808/hls/40/index.m3u8,,,,,安徽卫视,,,,,,TianmuTNT.txt
安徽导视,http://dspdhls.appcoo.com:8888/live/dspd/index.m3u8,,,,,安徽导视,,,,,,TianmuTNT.txt
安徽池州九华山风景区九华山,https://gcalic.v.myalicdn.com/gc/jhs05_1/index.m3u8,,,,,安徽池州九华山风景区九华山,,,,,,TianmuTNT.txt
安徽黟县芦村远眺,https://gcalic.v.myalicdn.com/gc/yxlcyt_1/index.m3u8,,,,,安徽黟县芦村远眺,,,,,,TianmuTNT.txt
安徽黟县西递牌坊,https://gcalic.v.myalicdn.com/gc/yxxdpf_1/index.m3u8,,,,,安徽黟县西递牌坊,,,,,,TianmuTNT.txt
定襄综合,http://lbyzztfe.live.sxmty.com/live/hls/645ff4c60e0a49f0a203abbd73dd8be9/0720e665f10f48e98c9639f4f492fb4a-1.m3u8?zshanxd,,,,,定襄综合,,,,,,TianmuTNT.txt
寒战,https://vip.ffzy-play6.com/20221019/157_bf0740ee/index.m3u8,,,,,寒战,,,,,,TianmuTNT.txt
寻秦记,https://live.metshop.top/huya/29465848,,,,,寻秦记,,,,,,TianmuTNT.txt
封神榜,https://live.metshop.top/huya/29465849,,,,,封神榜,,,,,,TianmuTNT.txt
射雕英雄传,https://live.metshop.top/huya/23824164,,,,,射雕英雄传,,,,,,TianmuTNT.txt
山东卫视,http://101.66.194.125:9901/tsfile/live/0131_1.m3u8?key=txiptv&playlive=0&authid=0,,,,,山东卫视,,,,,,TianmuTNT.txt
山东卫视,http://1.197.250.140:9901/tsfile/live/0131_1.m3u8?key=txiptv&playlive=1&authid=0,,,,,山东卫视,,,,,,TianmuTNT.txt
山东教育,https://test1.live.sdetv.com.cn/live/dianshizhibo/playlist.m3u8,,,,,山东教育,,,,,,TianmuTNT.txt
山东生活,http://ls.qingting.fm/live/60260.m3u8,,,,,山东生活,,,,,,TianmuTNT.txt
山西卫视,http://liveflash.sxrtv.com/live/sxwshd.m3u8?sub_m3u8=true&edge_slice=true,,,,,山西卫视,,,,,,TianmuTNT.txt
山西卫视,http://119.39.9.8:9901/tsfile/live/0118_1.m3u8,,,,,山西卫视,,,,,,TianmuTNT.txt
山西卫视,https://live.264788.xyz/channel/shanxiweishi?streamid=eeb7d60ca6e0db131ea7a092a3cd28d2&livekey=01WgOR41rriMmMkzNsd0UoaxJRwetZdxIvtVk,,,,,山西卫视,,,,,,TianmuTNT.txt
山西卫视,https://live.264788.xyz/channel/shanxiweishi?streamid=69e002ac7467d661ff7ad0671ed43f16&livekey=01WgOR41rriMmMkzNsd0UoaxJRwetZdxIvtVk,,,,,山西卫视,,,,,,TianmuTNT.txt
嵊州新闻综合,http://l.cztvcloud.com/channels/lantian/SXshengzhou1/720p.m3u8?zzhed,,,,,嵊州新闻综合,,,,,,TianmuTNT.txt
嵊州新闻综合,http://l.cztvcloud.com/channels/lantian/SXshengzhou1/720p.m3u8?zzhed#http://l.cztvcloud.com/channels/lantian/SXshengzhou1/720p.m3u8,,,,,嵊州新闻综合,,,,,,TianmuTNT.txt
常熟民生,http://3gvod.zjgonline.com.cn:1935/live/_definst_/shehuishenghuo_app/chunklist.m3u8,,,,,常熟民生,,,,,,TianmuTNT.txt
平湖新闻综合,http://l.cztvcloud.com/channels/lantian/SXpinghu1/720p.m3u8?zzhed,,,,,平湖新闻综合,,,,,,TianmuTNT.txt
平湖民生休闲,http://l.cztvcloud.com/channels/lantian/SXpinghu2/720p.m3u8?zzhed,,,,,平湖民生休闲,,,,,,TianmuTNT.txt
平遥新闻综合,https://tntgjhjb.live.sxmty.com/live/hls/3a4585ac11ec4e1bb07b419101b370c3/baf63e2b313440c2a25d7859f9b73b05-1.m3u8?zshanxd,,,,,平遥新闻综合,,,,,,TianmuTNT.txt
广东卫视,https://txmov2.a.kwimgs.com/upic/2023/01/26/09/BMjAyMzAxMjYwOTE3NDVfNzM5MzQzNzIyXzk0NjI1OTUwNTA3XzBfMw==_b_B81ddda927d33445d544befd008e60109.mp4,,,,,广东卫视,,,,,,TianmuTNT.txt
广东卫视,http://101.66.194.125:9901/tsfile/live/0125_1.m3u8?key=txiptv&playlive=0&authid=0,,,,,广东卫视,,,,,,TianmuTNT.txt
广东民生,http://183.11.239.36:808/hls/18/index.m3u8,,,,,广东民生,,,,,,TianmuTNT.txt
广元公共,https://m3u8.channel.dzsm.com/nmip-media/channellive/channel101257/playlist.m3u8,,,,,广元公共,,,,,,TianmuTNT.txt
广元综合,https://m3u8.channel.dzsm.com/nmip-media/channellive/channel100999/playlist.m3u8,,,,,广元综合,,,,,,TianmuTNT.txt
广安公共,http://live1.gatv.com.cn:85/live/GGPD.m3u8,,,,,广安公共,,,,,,TianmuTNT.txt
广安公共,http://live1.gatv.com.cn:85/live/GGPD_ggpdzm.m3u8?zsicd,,,,,广安公共,,,,,,TianmuTNT.txt
广州新闻,http://tencentplay.gztv.com/live/xinwen.m3u8?txSecret=d2c2db0b598c02ec1b5623728434d367&txTime=18d57929bd3,,,,,广州新闻,,,,,,TianmuTNT.txt
广州综合,https://tencentplay.gztv.com/live/zonghes.m3u8?txSecret=439b0fd2cf766b363c93a59cbcbe1370&txTime=18d00acf488,,,,,广州综合,,,,,,TianmuTNT.txt
广州综合,https://tencentplay.gztv.com/live/zonghes.m3u8?txSecret=f0147ae6453a80f5989f382368b72aad&txTime=18d00acf487,,,,,广州综合,,,,,,TianmuTNT.txt
广州综合,http://tencentplay.gztv.com/live/zonghes.m3u8?txSecret=c8dbe86d6f86eb1a21999ab479fd5667&txTime=18d3c4690e8,,,,,广州综合,,,,,,TianmuTNT.txt
广德生活,https://live.gdtv.ah.cn/live/newsTV.m3u8,,,,,广德生活,,,,,,TianmuTNT.txt
广西卫视,http://101.66.194.125:9901/tsfile/live/0113_1.m3u8?key=txiptv&playlive=0&authid=0,,,,,广西卫视,,,,,,TianmuTNT.txt
广西国际,https://hlscdn.liangtv.cn/live/0234c48e0bc24fe1b41b9999a253e581/1075ee38e04f490690f6a36a16e09c79.m3u8,,,,,广西国际,,,,,,TianmuTNT.txt
广西桂林漓江景区,https://gcalic.v.myalicdn.com/gc/gllj01_1/index.m3u8,,,,,广西桂林漓江景区,,,,,,TianmuTNT.txt
广西玉林大容山莲花山顶,https://gcalic.v.myalicdn.com/gc/drs01_1/index.m3u8,,,,,广西玉林大容山莲花山顶,,,,,,TianmuTNT.txt
庆元新闻综合,http://l.cztvcloud.com/channels/lantian/SXqingyuan1/720p.m3u8?fbl=,,,,,庆元新闻综合,,,,,,TianmuTNT.txt
庆元综合,http://l.cztvcloud.com/channels/lantian/SXqingyuan1/720p.m3u8?zzhed?,,,,,庆元综合,,,,,,TianmuTNT.txt
延边2,http://stream5.jlntv.cn/wq/playlist.m3u8,,,,,延边2,,,,,,TianmuTNT.txt
延边卫视,https://srs.iyb983.cn:443/video/CYS/index.m3u8,,,,,延边卫视,,,,,,TianmuTNT.txt
延边卫视,http://l.cztvcloud.com/channels/lantian/SXxinchang2/720p.m3u8#,,,,,延边卫视,,,,,,TianmuTNT.txt
延边卫视,https://srs.iyb983.cn/video/CYS/index.m3u8,,,,,延边卫视,,,,,,TianmuTNT.txt
开化国家公园,http://l.cztvcloud.com/channels/lantian/SXkaihua2/720p.m3u8?zzhed#http://l.cztvcloud.com/channels/lantian/SXkaihua2/720p.m3u8zzhed#http://l.cztvcloud.com/channels/lantian/SXkaihua2/720p.m3u8,,,,,开化国家公园,,,,,,TianmuTNT.txt
开化国家公园,http://l.cztvcloud.com/channels/lantian/SXkaihua2/720p.m3u8?zzhed,,,,,开化国家公园,,,,,,TianmuTNT.txt
开化国家公园,http://l.cztvcloud.com/channels/lantian/SXkaihua2/720p.m3u8zzhed,,,,,开化国家公园,,,,,,TianmuTNT.txt
开化新闻综合,http://l.cztvcloud.com/channels/lantian/SXkaihua1/720p.m3u8?zzhed,,,,,开化新闻综合,,,,,,TianmuTNT.txt
张掖七彩丹霞,https://gcalic.v.myalicdn.com/gc/zyqcdx01_1/index.m3u8,,,,,张掖七彩丹霞,,,,,,TianmuTNT.txt
张掖新闻综合,https://play.kankanlive.com/live/1720583434627241.m3u8,,,,,张掖新闻综合,,,,,,TianmuTNT.txt
强森电影,https://live.metshop.top/huya/21059581,,,,,强森电影,,,,,,TianmuTNT.txt
快乐垂钓,http://drive.mxmy.net:8888/udp/239.3.1.164:8001,,,,,快乐垂钓,,,,,,TianmuTNT.txt
怀仁综合,https://1yp7hc5p.live.sxmty.com/live/hls/bff8529922344209985b6e49baa9555a/efa2543628fc4a7ea93d3d6c975f77dc-1.m3u8,,,,,怀仁综合,,,,,,TianmuTNT.txt
怪兽电影,https://live.metshop.top/huya/21059577,,,,,怪兽电影,,,,,,TianmuTNT.txt
恒山悬空寺全景,https://gcalic.v.myalicdn.com/gc/hsxksqj_1/index.m3u8,,,,,恒山悬空寺全景,,,,,,TianmuTNT.txt
成龙电影,https://live.metshop.top/huya/11342386,,,,,成龙电影,,,,,,TianmuTNT.txt
我不是药神,https://vip.ffzy-play1.com/20221018/478_c3afed66/index.m3u8,,,,,我不是药神,,,,,,TianmuTNT.txt
战争电影,https://live.metshop.top/huya/21059574,,,,,战争电影,,,,,,TianmuTNT.txt
扫黄先锋,https://live.metshop.top/huya/29465855,,,,,扫黄先锋,,,,,,TianmuTNT.txt
拆弹专家1,https://vip.ffzy-online.com/20221015/719_80ff87c2/index.m3u8,,,,,拆弹专家1,,,,,,TianmuTNT.txt
拆弹专家2,https://vip.ffzy-online.com/20221015/722_e32c42bc/index.m3u8,,,,,拆弹专家2,,,,,,TianmuTNT.txt
敦化一套,http://stream8.jlntv.cn/dhtv/playlist.m3u8?zjild,,,,,敦化一套,,,,,,TianmuTNT.txt
文成综合,http://l.cztvcloud.com/channels/lantian/SXwencheng1/720p.m3u8?zzhed?,,,,,文成综合,,,,,,TianmuTNT.txt
文成综合,http://l.cztvcloud.com/channels/lantian/SXwencheng1/720p.m3u8?zzhed,,,,,文成综合,,,,,,TianmuTNT.txt
新昌新闻综合,https://l.cztvcloud.com/channels/lantian/SXxinchang1/720p.m3u8,,,,,新昌新闻综合,,,,,,TianmuTNT.txt
新昌生活,http://l.cztvcloud.com/channels/lantian/SXxinchang2/720p.m3u8,,,,,新昌生活,,,,,,TianmuTNT.txt
新沂生活,http://live.xysrmt.cn/shpd/sd/live.m3u8?zjiangsd,,,,,新沂生活,,,,,,TianmuTNT.txt
新疆卫视,http://218.84.12.186:8001/hls/main/playlist.m3u8?zxinjd;http://218.84.12.186:8001/hls/main/playlist.m3u8zxinjd,,,,,新疆卫视,,,,,,TianmuTNT.txt
新疆卫视,https://live.264788.xyz/channel/xinjiangweishi?streamid=4f481f56ae39ce5d24203471de9df635&livekey=01WgOR41rriMmMkzNsd0UoaxJRwetZdxIvtVk,,,,,新疆卫视,,,,,,TianmuTNT.txt
新野综合,http://tvpull.dxhmt.cn:9081/tv/11329-1.m3u8?zhend,,,,,新野综合,,,,,,TianmuTNT.txt
新野综合,http://tvpull.dxhmt.cn:9081/tv/11329-1.m3u8?zhend?,,,,,新野综合,,,,,,TianmuTNT.txt
新闻综合,https://m3u8channel.yunxya.com/nmip-media/channellive/channel100028/playlist.m3u8,,,,,新闻综合,,,,,,TianmuTNT.txt
无心法师,https://live.metshop.top/huya/30080233,,,,,无心法师,,,,,,TianmuTNT.txt
旺苍新闻综合,http://channel.wcrmt.cn:80/nmip-media/channellive/channel105268/playlist.m3u8,,,,,旺苍新闻综合,,,,,,TianmuTNT.txt
旺苍新闻综合,http://live.spccmc.com:90/live/spxwzh.m3u8?%E5%85%B3%E6%B3%A8%E5%BE%AE%E4%BF%A1%E5%85%AC%E4%BC%97%E5%8F%B7[%E6%99%B4%E5%9B%AD],,,,,旺苍新闻综合,,,,,,TianmuTNT.txt
易门综合,https://zb-live.ynurl.com/yimen/3b75a2f9-7941-46b7-992d-a9796fbca5fe.m3u8,,,,,易门综合,,,,,,TianmuTNT.txt
晋江电视台,http://stream.jinjiang.tv/1/sd/live.m3u8?zfud,,,,,晋江电视台,,,,,,TianmuTNT.txt
普陀山,https://gcalic.v.myalicdn.com/gc/pts01_1/index.m3u8,,,,,普陀山,,,,,,TianmuTNT.txt
普陀电视台,https://l.cztvcloud.com/channels/lantian/SXputuo1/720p.m3u8,,,,,普陀电视台,,,,,,TianmuTNT.txt
月牙泉,https://gcalic.v.myalicdn.com/gc/dhyyqsm_1/index.m3u8,,,,,月牙泉,,,,,,TianmuTNT.txt
望乡台,https://gcalic.v.myalicdn.com/gc/hlwxt_1/index.m3u8,,,,,望乡台,,,,,,TianmuTNT.txt
朝天综合,https://m3u8.channel.dzsm.com/nmip-media/channellive/channel104601/playlist.m3u8,,,,,朝天综合,,,,,,TianmuTNT.txt
李连杰电影,https://live.metshop.top/huya/11342390,,,,,李连杰电影,,,,,,TianmuTNT.txt
来宾综合,http://zb.gxlbamc.com:1935/live/lbzh.stream/playlist.m3u8,,,,,来宾综合,,,,,,TianmuTNT.txt
松潘新闻综合,http://live.spccmc.com:90/live/spxwzh.m3u8?zsicd,,,,,松潘新闻综合,,,,,,TianmuTNT.txt
松阳综合,http://l.cztvcloud.com/channels/lantian/SXsongyang1/720p.m3u8?zzhed?,,,,,松阳综合,,,,,,TianmuTNT.txt
林正英电影,https://live.metshop.top/huya/11342421,,,,,林正英电影,,,,,,TianmuTNT.txt
枪战电影,https://live.metshop.top/huya/21059579,,,,,枪战电影,,,,,,TianmuTNT.txt
柳河,http://stream5.jlntv.cn/lh/sd/live.m3u8?zjild,,,,,柳河,,,,,,TianmuTNT.txt
柳河综合,http://stream3.jlntv.cn:80/aac_lhgb/sd/live.m3u8,,,,,柳河综合,,,,,,TianmuTNT.txt
桦甸,http://stream10.jlntv.cn/huadian/sd/live.m3u8?zjild,,,,,桦甸,,,,,,TianmuTNT.txt
桦甸综合,http://stream9.jlntv.cn:80/aac_huadiangb/playlist.m3u8,,,,,桦甸综合,,,,,,TianmuTNT.txt
梅河口综合,http://stream3.jlntv.cn:80/aac_mhkgb/playlist.m3u8,,,,,梅河口综合,,,,,,TianmuTNT.txt
梨园,https://dxtx.hntv.tv/live/lypd.m3u8?txSecret=10c771842a0be59e8b575d765173ec96&txTime=7B923E0A&wsSecret=41543190cdf375f1c73207222bb96542&wsTime=1769313549,,,,,梨园,,,,,,TianmuTNT.txt
楚汉骄雄,https://live.metshop.top/huya/29465854,,,,,楚汉骄雄,,,,,,TianmuTNT.txt
武义新闻综合,http://l.cztvcloud.com/channels/lantian/SXwuyi1/720p.m3u8?zzhed,,,,,武义新闻综合,,,,,,TianmuTNT.txt
武侠电影,https://live.metshop.top/huya/11342427,,,,,武侠电影,,,,,,TianmuTNT.txt
武汉一台新闻综合,https://ls.qingting.fm/live/20198/64k.m3u8,,,,,武汉一台新闻综合,,,,,,TianmuTNT.txt
武进生活,http://live.wjyanghu.com/live/CH2.m3u8,,,,,武进生活,,,,,,TianmuTNT.txt
永昌综合,https://play.kankanlive.com/live/1652755738635915.m3u8,,,,,永昌综合,,,,,,TianmuTNT.txt
江夏新闻综合,http://59.175.226.142:280/gb28181/xwzh.m3u8?zhubd,,,,,江夏新闻综合,,,,,,TianmuTNT.txt
江津新闻,http://222.179.155.21:1935/ch1.m3u8?zzhongqd,,,,,江津新闻,,,,,,TianmuTNT.txt
江苏南京牛首山,https://gcalic.v.myalicdn.com/gc/nss01_1/index.m3u8,,,,,江苏南京牛首山,,,,,,TianmuTNT.txt
江苏卫视,http://101.66.194.125:9901/tsfile/live/0017_1.m3u8?key=txiptv&playlive=0&authid=0,,,,,江苏卫视,,,,,,TianmuTNT.txt
江苏徐州云龙湖风景区云龙山观景台西,https://gcalic.v.myalicdn.com/gc/ylh04_1/index.m3u8,,,,,江苏徐州云龙湖风景区云龙山观景台西,,,,,,TianmuTNT.txt
江西卫视,http://101.66.194.125:9901/tsfile/live/0138_1.m3u8?key=txiptv&playlive=0&authid=0,,,,,江西卫视,,,,,,TianmuTNT.txt
江西卫视,http://112.27.5.218:9901/tsfile/live/faacts/0138_1.m3u8?key=txiptv&playlive=1&authid=0,,,,,江西卫视,,,,,,TianmuTNT.txt
江西卫视,http://1.197.250.140:9901/tsfile/live/0138_1.m3u8?key=txiptv&playlive=1&authid=0,,,,,江西卫视,,,,,,TianmuTNT.txt
江西卫视,https://live.264788.xyz/channel/jiangxiweishi?streamid=555198f31caa33506ac6abb70d788959&livekey=01WgOR41rriMmMkzNsd0UoaxJRwetZdxIvtVk,,,,,江西卫视,,,,,,TianmuTNT.txt
汪清,http://stream5.jlntv.cn/wq/sd/live.m3u8?zjild,,,,,汪清,,,,,,TianmuTNT.txt
汶川新闻综合,http://live.iwcmt.cn:90/live/zhxw.m3u8?zsicd,,,,,汶川新闻综合,,,,,,TianmuTNT.txt
汶川新闻综合,http://file.ysxtv.cn/cms/videos/nmip-media/channellive/channel4/playlist.m3u8?zsicd#rtmp://tv.mcrm.org.cn:1935/channellive/tv01,,,,,汶川新闻综合,,,,,,TianmuTNT.txt
汾西综合,https://qmmqvzoz.live.sxmty.com/live/hls/f24f8a390c084386a564074c9260100c/be3fdf07606145739ab2c4b80fe0136a.m3u8?zshanxd,,,,,汾西综合,,,,,,TianmuTNT.txt
沈腾电影,https://live.metshop.top/huya/11601968,,,,,沈腾电影,,,,,,TianmuTNT.txt
沐川综合,http://file.ysxtv.cn/cms/videos/nmip-media/channellive/channel4/playlist.m3u8?zsicd,,,,,沐川综合,,,,,,TianmuTNT.txt
河北农民,https://jwcdnqx.hebyun.com.cn/live/clzhpd/1500k/tzwj_video.m3u8?zhebd,,,,,河北农民,,,,,,TianmuTNT.txt
河北农民,https://ls.qingting.fm/live/1650/64k.m3u8,,,,,河北农民,,,,,,TianmuTNT.txt
河北农民,http://ls.qingting.fm/live/1650.m3u8,,,,,河北农民,,,,,,TianmuTNT.txt
河北卫视,http://101.66.194.125:9901/tsfile/live/0117_1.m3u8?key=txiptv&playlive=0&authid=0,,,,,河北卫视,,,,,,TianmuTNT.txt
河北卫视,http://1.197.250.140:9901/tsfile/live/0117_1.m3u8?key=txiptv&playlive=1&authid=0,,,,,河北卫视,,,,,,TianmuTNT.txt
河北都市,https://radio.pull.hebtv.com/live/hebnczx.m3u8,,,,,河北都市,,,,,,TianmuTNT.txt
河南卫视,http://111.59.139.82:11888/tsfile/live/0139_1.m3u8?key=txiptv&playlive=1&authid=0,,,,,河南卫视,,,,,,TianmuTNT.txt
河南卫视,http://101.66.194.125:9901/tsfile/live/0139_1.m3u8?key=txiptv&playlive=0&authid=0,,,,,河南卫视,,,,,,TianmuTNT.txt
河南卫视,http://1.197.250.140:9901/tsfile/live/0139_1.m3u8?key=txiptv&playlive=1&authid=0,,,,,河南卫视,,,,,,TianmuTNT.txt
法政先锋,https://live.metshop.top/huya/23863804,,,,,法政先锋,,,,,,TianmuTNT.txt
泗洪新闻综合,http://live1.habctv.com/ggpdsl/sd/live.m3u8?zjiangsd#http://live1.habctv.com/ggpdsl/sd/live.m3u8,,,,,泗洪新闻综合,,,,,,TianmuTNT.txt
泰山主峰,https://gcalic.v.myalicdn.com/gc/taishan01_1/index.m3u8,,,,,泰山主峰,,,,,,TianmuTNT.txt
泰山十八盘,https://gcalic.v.myalicdn.com/gc/taishan05_1/index.m3u8,,,,,泰山十八盘,,,,,,TianmuTNT.txt
泰山南天门,https://gcalic.v.myalicdn.com/gc/hkts07_1/index.m3u8,,,,,泰山南天门,,,,,,TianmuTNT.txt
泰山大观峰,https://gcalic.v.myalicdn.com/gc/taishan03_1/index.m3u8,,,,,泰山大观峰,,,,,,TianmuTNT.txt
泰山太平岭,https://gcalic.v.myalicdn.com/gc/hkts09_1/index.m3u8,,,,,泰山太平岭,,,,,,TianmuTNT.txt
泰山望人松,https://gcalic.v.myalicdn.com/gc/taishan02_1/index.m3u8,,,,,泰山望人松,,,,,,TianmuTNT.txt
泰山玉皇顶,https://gcalic.v.myalicdn.com/gc/taishan06_1/index.m3u8,,,,,泰山玉皇顶,,,,,,TianmuTNT.txt
泰山白云亭悬崖,https://gcalic.v.myalicdn.com/gc/hkts02_1/index.m3u8,,,,,泰山白云亭悬崖,,,,,,TianmuTNT.txt
泰山碧霞祠,https://gcalic.v.myalicdn.com/gc/hkts03_1/index.m3u8,,,,,泰山碧霞祠,,,,,,TianmuTNT.txt
泸县新闻综合,http://lxfile.lxxcb.cn:80/nmip-media/channellive/channel103799/playlist.m3u8,,,,,泸县新闻综合,,,,,,TianmuTNT.txt
泸县新闻综合,https://m3u8channel.ganzitv.com/nmip-media/channellive/channel1/playlist.m3u8,,,,,泸县新闻综合,,,,,,TianmuTNT.txt
泸县新闻综合,http://lxfile.lxxcb.cn/nmip-media/channellive/channel103799/playlist.m3u8?zsicd,,,,,泸县新闻综合,,,,,,TianmuTNT.txt
洗冤录,https://live.metshop.top/huya/29465851,,,,,洗冤录,,,,,,TianmuTNT.txt
洞头综合,http://l.cztvcloud.com/channels/lantian/SXdongtou1/720p.m3u8?zzhed?,,,,,洞头综合,,,,,,TianmuTNT.txt
津南一套,http://play.jinnantv.top/live/JNTV1.m3u8?ztianjd,,,,,津南一套,,,,,,TianmuTNT.txt
活佛济公3,https://live.metshop.top/huya/23903123,,,,,活佛济公3,,,,,,TianmuTNT.txt
浙江休闲台,http://ali-m-l.cztv.com/channels/lantian/channel006/720p.m3u8,,,,,浙江休闲台,,,,,,TianmuTNT.txt
浙江公共新闻,http://ali-m-l.cztv.com/channels/lantian/channel007/1080p.m3u8,,,,,浙江公共新闻,,,,,,TianmuTNT.txt
浙江公共新闻,http://ali-m-l.cztv.com/channels/lantian/channel07/1080p.m3u8,,,,,浙江公共新闻,,,,,,TianmuTNT.txt
浙江卫视,http://ali-m-l.cztv.com/channels/lantian/channel001/1080p.m3u8,,,,,浙江卫视,,,,,,TianmuTNT.txt
浙江卫视,https://ali-m-l.cztv.com/channels/lantian/channel001/1080p.m3u8,,,,,浙江卫视,,,,,,TianmuTNT.txt
浙江卫视,https://ali-m-l.cztv.com/channels/lantian/channel001/1080p.m3u8?,,,,,浙江卫视,,,,,,TianmuTNT.txt
浙江卫视,http://ali-m-l.cztv.com/channels/lantian/channel01/1080p.m3u8,,,,,浙江卫视,,,,,,TianmuTNT.txt
浙江卫视,http://ali-vl.cztv.com/channels/lantian/channel001/360p.m3u8,,,,,浙江卫视,,,,,,TianmuTNT.txt
浙江国际,http://ali-m-l.cztv.com/channels/lantian/channel010/1080p.m3u8,,,,,浙江国际,,,,,,TianmuTNT.txt
浙江国际,https://ali-m-l.cztv.com/channels/lantian/channel010/1080p.m3u8?,,,,,浙江国际,,,,,,TianmuTNT.txt
浙江国际,http://ali-m-l.cztv.com/channels/lantian/channel010/720p.m3u8,,,,,浙江国际,,,,,,TianmuTNT.txt
浙江国际,http://ali-vl.cztv.com/channels/lantian/channel010/360p.m3u8,,,,,浙江国际,,,,,,TianmuTNT.txt
浙江国际,https://ali-m-l.cztv.com/channels/lantian/channel010/1080p.m3u8,,,,,浙江国际,,,,,,TianmuTNT.txt
浙江少儿,http://ali-m-l.cztv.com/channels/lantian/channel008/1080p.m3u8,,,,,浙江少儿,,,,,,TianmuTNT.txt
浙江少儿,https://ali-m-l.cztv.com/channels/lantian/channel008/1080p.m3u8,,,,,浙江少儿,,,,,,TianmuTNT.txt
浙江少儿,https://ali-m-l.cztv.com/channels/lantian/channel008/1080p.m3u8?,,,,,浙江少儿,,,,,,TianmuTNT.txt
浙江少儿,http://ali-vl.cztv.com/channels/lantian/channel008/360p.m3u8,,,,,浙江少儿,,,,,,TianmuTNT.txt
浙江教科,http://ali-m-l.cztv.com/channels/lantian/channel004/1080p.m3u8,,,,,浙江教科,,,,,,TianmuTNT.txt
浙江教科影视,https://ali-m-l.cztv.com/channels/lantian/channel004/1080p.m3u8,,,,,浙江教科影视,,,,,,TianmuTNT.txt
浙江教科影视,http://ali-vl.cztv.com/channels/lantian/channel004/360p.m3u8,,,,,浙江教科影视,,,,,,TianmuTNT.txt
浙江教科影视,http://ali-m-l.cztv.com/channels/lantian/channel04/1080p.m3u8,,,,,浙江教科影视,,,,,,TianmuTNT.txt
浙江教育,http://ali-m-l.cztv.com/channels/lantian/channel04/720p.m3u8,,,,,浙江教育,,,,,,TianmuTNT.txt
浙江数码时代,http://ali-m-l.cztv.com/channels/lantian/channel12/720p.m3u8,,,,,浙江数码时代,,,,,,TianmuTNT.txt
浙江数码时代,http://ali-m-l.cztv.com/channels/lantian/channel12/720p.m3u8?zzhed,,,,,浙江数码时代,,,,,,TianmuTNT.txt
浙江新闻,http://ali-m-l.cztv.com/channels/lantian/channel007/720p.m3u8,,,,,浙江新闻,,,,,,TianmuTNT.txt
浙江新闻,https://ali-m-l.cztv.com/channels/lantian/channel007/1080p.m3u8?,,,,,浙江新闻,,,,,,TianmuTNT.txt
浙江新闻,http://ali-vl.cztv.com/channels/lantian/channel007/360p.m3u8,,,,,浙江新闻,,,,,,TianmuTNT.txt
浙江新闻,http://ali-m-l.cztv.com/channels/lantian/channel07/720p.m3u8,,,,,浙江新闻,,,,,,TianmuTNT.txt
浙江新闻,https://ali-m-l.cztv.com/channels/lantian/channel007/1080p.m3u8,,,,,浙江新闻,,,,,,TianmuTNT.txt
浙江民生,https://ali-m-l.cztv.com/channels/lantian/channel006/1080p.m3u8?,,,,,浙江民生,,,,,,TianmuTNT.txt
浙江民生,http://ali-m-l.cztv.com/channels/lantian/channel006/1080p.m3u8,,,,,浙江民生,,,,,,TianmuTNT.txt
浙江民生,http://ali-m-l.cztv.com/channels/lantian/channel06/1080p.m3u8,,,,,浙江民生,,,,,,TianmuTNT.txt
浙江民生,http://ali-m-l.cztv.com/channels/lantian/channel06/720p.m3u8,,,,,浙江民生,,,,,,TianmuTNT.txt
浙江民生休闲,https://ali-m-l.cztv.com/channels/lantian/channel006/1080p.m3u8,,,,,浙江民生休闲,,,,,,TianmuTNT.txt
浙江民生休闲,http://ali-vl.cztv.com/channels/lantian/channel006/360p.m3u8,,,,,浙江民生休闲,,,,,,TianmuTNT.txt
浙江生活,http://ls.qingting.fm/live/1099.m3u8,,,,,浙江生活,,,,,,TianmuTNT.txt
浙江留学,http://ali-vl.cztv.com/channels/lantian/channel009/360p.m3u8,,,,,浙江留学,,,,,,TianmuTNT.txt
浙江经济,http://ali-m-l.cztv.com/channels/lantian/channel03/720p.m3u8,,,,,浙江经济,,,,,,TianmuTNT.txt
浙江经济,http://ali-m-l.cztv.com/channels/lantian/channel003/1080p.m3u8,,,,,浙江经济,,,,,,TianmuTNT.txt
浙江经济,https://ali-m-l.cztv.com/channels/lantian/channel003/1080p.m3u8?,,,,,浙江经济,,,,,,TianmuTNT.txt
浙江经济生活,http://ali-m-l.cztv.com/channels/lantian/channel03/1080p.m3u8,,,,,浙江经济生活,,,,,,TianmuTNT.txt
浙江经济生活,http://ali-m-l.cztv.com/channels/lantian/channel03/1080p.m3u8#https://ali-m-l.cztv.com/channels/lantian/channel003/1080p.m3u8#http://ali-m-l.cztv.com/channels/lantian/channel003/1080p.m3u8,,,,,浙江经济生活,,,,,,TianmuTNT.txt
浙江经济生活,https://ali-m-l.cztv.com/channels/lantian/channel003/1080p.m3u8,,,,,浙江经济生活,,,,,,TianmuTNT.txt
浙江经济生活,http://ali-vl.cztv.com/channels/lantian/channel003/360p.m3u8,,,,,浙江经济生活,,,,,,TianmuTNT.txt
浙江经视,http://ali-m-l.cztv.com/channels/lantian/channel003/720p.m3u8,,,,,浙江经视,,,,,,TianmuTNT.txt
浙江舟山东极岛,https://gcalic.v.myalicdn.com/gc/djd01_1/index.m3u8,,,,,浙江舟山东极岛,,,,,,TianmuTNT.txt
浙江钱江,https://ali-m-l.cztv.com/channels/lantian/channel002/1080p.m3u8?,,,,,浙江钱江,,,,,,TianmuTNT.txt
浙江钱江,http://l.cztvcloud.com/channels/lantian/SXyuyao2/720p.m3u8,,,,,浙江钱江,,,,,,TianmuTNT.txt
浙江钱江都市,http://ali-m-l.cztv.com/channels/lantian/channel002/1080p.m3u8,,,,,浙江钱江都市,,,,,,TianmuTNT.txt
浙江钱江都市,http://ali-xwl.cztv.com/live/channel021080Plxw.m3u8,,,,,浙江钱江都市,,,,,,TianmuTNT.txt
浙江钱江都市,http://ali-xwl.cztv.com/live/channel02720Plxw.m3u8,,,,,浙江钱江都市,,,,,,TianmuTNT.txt
浙江钱江频道,http://ali-m-l.cztv.com/channels/lantian/channel02/1080p.m3u8,,,,,浙江钱江频道,,,,,,TianmuTNT.txt
海南新闻,http://ls.qingting.fm/live/1861.m3u8,,,,,海南新闻,,,,,,TianmuTNT.txt
海宁新闻综合,https://p2hs.vzan.com/slowlive/317913155078575177/live.m3u8,,,,,海宁新闻综合,,,,,,TianmuTNT.txt
海绵宝宝,https://live.metshop.top/douyu/3949681,,,,,海绵宝宝,,,,,,TianmuTNT.txt
涟水电视台综合,http://live1.habctv.com/ggpdsl/sd/live.m3u8,,,,,涟水电视台综合,,,,,,TianmuTNT.txt
涟水电视台综合,http://live1.habctv.com/ggpdsl/sd/live.m3u8?zjiangsd,,,,,涟水电视台综合,,,,,,TianmuTNT.txt
淮安影院娱乐,http://live1.habctv.com/ysylsl/sd/live.m3u8,,,,,淮安影院娱乐,,,,,,TianmuTNT.txt
淮安影院娱乐,http://live1.habctv.com/ysylsl/sd/live.m3u8?zjiangsd,,,,,淮安影院娱乐,,,,,,TianmuTNT.txt
深圳卫视,http://38.64.72.148:80/hls/modn/list/4007/playlist.m3u8,,,,,深圳卫视,,,,,,TianmuTNT.txt
深圳卫视,http://gmxw.7766.org:808/hls/45/index.m3u8,,,,,深圳卫视,,,,,,TianmuTNT.txt
渭源新闻,http://play.kankanlive.com/live/1720408280309109.m3u8,,,,,渭源新闻,,,,,,TianmuTNT.txt
湖北卫视,http://101.66.194.125:9901/tsfile/live/0132_1.m3u8?key=txiptv&playlive=0&authid=0,,,,,湖北卫视,,,,,,TianmuTNT.txt
湖南卫视,https://txmov2.a.kwimgs.com/bs3/video-hls/5199687338554291078_hlsb.m3u8,,,,,湖南卫视,,,,,,TianmuTNT.txt
湖南卫视,http://101.66.194.125:9901/tsfile/live/0019_1.m3u8?key=txiptv&playlive=0&authid=0,,,,,湖南卫视,,,,,,TianmuTNT.txt
湖南卫视,http://1.197.250.140:9901/tsfile/live/0128_1.m3u8?key=txiptv&playlive=1&authid=0,,,,,湖南卫视,,,,,,TianmuTNT.txt
湖南卫视,http://hlsal-ldvt.qing.mgtv.com/nn_live/nn_x64/Y2RuZXhfaWQ9YWxfaGxzX2xkdnQmZT02OTE0NjA0JnY9MSZpZD1ITldTWkdTVCZzPTcwN2RiYTc2YzJjNmJmMTQ4MmUyZGYzOWU2NWM3YWFi/HNWSZGST.m3u8,,,,,湖南卫视,,,,,,TianmuTNT.txt
湖南张家界天门山西线玻璃栈道,https://gcalic.v.myalicdn.com/gc/tms05_1/index.m3u8,,,,,湖南张家界天门山西线玻璃栈道,,,,,,TianmuTNT.txt
湖南张家界宝峰湖,https://gcalic.v.myalicdn.com/gc/zjjbfh_1/index.m3u8,,,,,湖南张家界宝峰湖,,,,,,TianmuTNT.txt
湖南张家界御笔峰,https://gcalic.v.myalicdn.com/gc/zjjybf_1/index.m3u8,,,,,湖南张家界御笔峰,,,,,,TianmuTNT.txt
湖南张家界水绕四门,https://gcalic.v.myalicdn.com/gc/zjjsrsm_1/index.m3u8,,,,,湖南张家界水绕四门,,,,,,TianmuTNT.txt
湖州公共民生,http://hzcm-live.media.hugd.com/1e6b554b9ab74513958c0e1ffe664d22/9acaa7634309494cb29a85eb12136607.m3u8?auth_key=2272900830-9a2389b8bf4e49d580d4ad807423d326-0-ea78a5c7a678c436263582d368f5009e,,,,,湖州公共民生,,,,,,TianmuTNT.txt
湖州文化娱乐,http://hzcm-live.media.hugd.com/613c47f0ab0d4eaa98b21378d0db6ded/0051d31c9dd543a7825eea4e49675b2a.m3u8?auth_key=2277598059-0a5ebfa1c0dc4671b42a60810fc37039-0-fa625b7d1feab612062453c12e3c8887,,,,,湖州文化娱乐,,,,,,TianmuTNT.txt
湖州新闻综合,http://hzcm-live.media.hugd.com/3f5fa7d64c7c46a38c6bd8ad35e836cc/65128273761b4731ae53729ea6dcf932.m3u8?auth_key=2277598215-9d21c15111244bea8d298c361d31a72e-0-d031198f58d44b0e91ba2e3f3b188865,,,,,湖州新闻综合,,,,,,TianmuTNT.txt
滦平新闻,http://jwplay.hebyun.com.cn/live/LPTV001/1500k/tzwj_video.m3u8,,,,,滦平新闻,,,,,,TianmuTNT.txt
滨海新闻综合,http://traffic.jbh.tjbh.com/live/bhtv10/playlist.m3u8,,,,,滨海新闻综合,,,,,,TianmuTNT.txt
灌阳新闻综合,https://ls.qingting.fm/live/5043/64k.m3u8,,,,,灌阳新闻综合,,,,,,TianmuTNT.txt
熊猫直播,https://gcwbndali.v.myalicdn.com/gcwbnd/ipanda1000_2/index.m3u8,,,,,熊猫直播,,,,,,TianmuTNT.txt
狄仁杰电影,https://live.metshop.top/huya/30080229,,,,,狄仁杰电影,,,,,,TianmuTNT.txt
狮子山鸟瞰丽江古城,https://gcalic.v.myalicdn.com/gc/ljgcszsnkgc_1/index.m3u8,,,,,狮子山鸟瞰丽江古城,,,,,,TianmuTNT.txt
猫和老鼠,https://live.metshop.top/huya/11352879,,,,,猫和老鼠,,,,,,TianmuTNT.txt
玄幻电影,https://live.metshop.top/huya/11342414,,,,,玄幻电影,,,,,,TianmuTNT.txt
王晶电影,https://live.metshop.top/huya/11602058,,,,,王晶电影,,,,,,TianmuTNT.txt
玛纳斯,http://218.84.127.245:1026/hls/main1/playlist.m3u8?zxinjd,,,,,玛纳斯,,,,,,TianmuTNT.txt
珲春新闻,http://stream8.jlntv.cn/hctv/sd/live.m3u8?zjild,,,,,珲春新闻,,,,,,TianmuTNT.txt
甄子丹电影,https://live.metshop.top/huya/11352935,,,,,甄子丹电影,,,,,,TianmuTNT.txt
甘南县综合,https://stream.hrbtv.net/zxpd/sd/live.m3u8,,,,,甘南县综合,,,,,,TianmuTNT.txt
甘肃卫视,http://218.13.170.98:9901/tsfile/live/0141_1.m3u8,,,,,甘肃卫视,,,,,,TianmuTNT.txt
甘肃经济,https://satellitepull.cnr.cn/live/wxgshhzs/playlist.m3u8,,,,,甘肃经济,,,,,,TianmuTNT.txt
甘肃都市,https://satellitepull.cnr.cn/live/wxgsdstb/playlist.m3u8,,,,,甘肃都市,,,,,,TianmuTNT.txt
电影丧尸片,http://live.metshop.top/huya/21059578?cdn=alicdn,,,,,电影丧尸片,,,,,,TianmuTNT.txt
电影八点档,http://live.metshop.top/huya/880261?cdn=alicdn,,,,,电影八点档,,,,,,TianmuTNT.txt
电影刘德华,http://live.metshop.top/huya/11342424?cdn=alicdn,,,,,电影刘德华,,,,,,TianmuTNT.txt
电影功夫片,http://live.metshop.top/huya/11352941?cdn=alicdn,,,,,电影功夫片,,,,,,TianmuTNT.txt
电影动作电影,http://live.metshop.top/huya/11602077?cdn=alicdn,,,,,电影动作电影,,,,,,TianmuTNT.txt
电影周星星,http://live.metshop.top/huya/11336587?cdn=alicdn,,,,,电影周星星,,,,,,TianmuTNT.txt
电影喜剧专场,http://live.metshop.top/huya/11602044?cdn=alicdn,,,,,电影喜剧专场,,,,,,TianmuTNT.txt
电影嫣然影厅,http://live.metshop.top/huya/11601977?cdn=alicdn,,,,,电影嫣然影厅,,,,,,TianmuTNT.txt
电影战争片,http://live.metshop.top/huya/21059574?cdn=alicdn,,,,,电影战争片,,,,,,TianmuTNT.txt
电影搞笑喜剧,http://live.metshop.top/huya/11342423?cdn=alicdn,,,,,电影搞笑喜剧,,,,,,TianmuTNT.txt
电影梁家辉,http://live.metshop.top/huya/11342429?cdn=alicdn,,,,,电影梁家辉,,,,,,TianmuTNT.txt
电影犯罪片,http://live.metshop.top/huya/11352974?cdn=alicdn,,,,,电影犯罪片,,,,,,TianmuTNT.txt
电影蜘蛛侠,http://live.metshop.top/huya/21059599?cdn=alicdn,,,,,电影蜘蛛侠,,,,,,TianmuTNT.txt
电影谍战,http://live.metshop.top/huya/21059585?cdn=alicdn,,,,,电影谍战,,,,,,TianmuTNT.txt
电影谍战片,http://live.metshop.top/huya/21059587?cdn=alicdn,,,,,电影谍战片,,,,,,TianmuTNT.txt
电影贺岁,http://live.metshop.top/huya/11601971?cdn=alicdn,,,,,电影贺岁,,,,,,TianmuTNT.txt
电影高分动作,http://live.metshop.top/huya/11352884?cdn=alicdn,,,,,电影高分动作,,,,,,TianmuTNT.txt
白山公共,http://stream8.jlntv.cn/baishan2/playlist.m3u8?zjild,,,,,白山公共,,,,,,TianmuTNT.txt
白银综合,http://play.kankanlive.com/live/1720408089419110.m3u8,,,,,白银综合,,,,,,TianmuTNT.txt
直播中国,https://gcalic.v.myalicdn.com/gc/wgw05_1/index.m3u8?contentid=2820180516001,,,,,直播中国,,,,,,TianmuTNT.txt
直播中国精编直播,https://gcalic.v.myalicdn.com/gc/wgw05_1/index.m3u8,,,,,直播中国精编直播,,,,,,TianmuTNT.txt
磐石,http://stream5.jlntv.cn/ps/sd/live.m3u8?zjild,,,,,磐石,,,,,,TianmuTNT.txt
磐石综合,http://stream3.jlntv.cn:80/aac_psgb/sd/live.m3u8,,,,,磐石综合,,,,,,TianmuTNT.txt
祁门综合,http://zbbf2.ahbztv.com/live/416.m3u8?zanhd,,,,,祁门综合,,,,,,TianmuTNT.txt
福州少儿,http://live.zohi.tv/video/s10001-fztv-4/index.m3u8,,,,,福州少儿,,,,,,TianmuTNT.txt
福州生活,http://live.zohi.tv:80/video/s10001-fztv-3/index.m3u8,,,,,福州生活,,,,,,TianmuTNT.txt
福建公共,https://live.264788.xyz/channel/fujianxiangcungonggong?streamid=1cf7fc3a8f6d160c33b43c2f9507a0cc&livekey=01WgOR41rriMmMkzNsd0UoaxJRwetZdxIvtVk,,,,,福建公共,,,,,,TianmuTNT.txt
福建新闻,http://satellitepull.cnr.cn/live/wx32fjxwgb/playlist.m3u8,,,,,福建新闻,,,,,,TianmuTNT.txt
福建旅游,https://live.264788.xyz/channel/fujianlvyou?streamid=fc58882de71ce4575b66002f2475226b&livekey=01WgOR41rriMmMkzNsd0UoaxJRwetZdxIvtVk,,,,,福建旅游,,,,,,TianmuTNT.txt
福建旅游,https://live.264788.xyz/channel/fujianlvyou?streamid=221239fcf3c7edb274f2f0760fe47f96&livekey=01WgOR41rriMmMkzNsd0UoaxJRwetZdxIvtVk,,,,,福建旅游,,,,,,TianmuTNT.txt
福建旅游,https://live.264788.xyz/channel/fujianlvyou?streamid=8f26765ebf367079cef58c6b7752da1e&livekey=01WgOR41rriMmMkzNsd0UoaxJRwetZdxIvtVk,,,,,福建旅游,,,,,,TianmuTNT.txt
福建旅游,https://live.264788.xyz/channel/fujianlvyou?streamid=599c11c8b284751261b165f4d5765b36&livekey=01WgOR41rriMmMkzNsd0UoaxJRwetZdxIvtVk,,,,,福建旅游,,,,,,TianmuTNT.txt
福建武夷山玉女峰,https://gcalic.v.myalicdn.com/gc/wysynf_1/index.m3u8,,,,,福建武夷山玉女峰,,,,,,TianmuTNT.txt
福建海峡卫视,http://38.64.72.148:80/hls/modn/list/4009/playlist.m3u8,,,,,福建海峡卫视,,,,,,TianmuTNT.txt
福建海峡卫视,http://38.64.72.148:80/hls/modn/list/4009/chunklist0.m3u8,,,,,福建海峡卫视,,,,,,TianmuTNT.txt
福建海峡卫视,http://38.64.72.148/hls/modn/list/4009/playlist.m3u8,,,,,福建海峡卫视,,,,,,TianmuTNT.txt
福建漳州醉美沙滩翡翠湾,https://gcalic.v.myalicdn.com/gc/fcw03_1/index.m3u8,,,,,福建漳州醉美沙滩翡翠湾,,,,,,TianmuTNT.txt
福建经济,http://satellitepull.cnr.cn/live/wx32fjdnjjgb/playlist.m3u8,,,,,福建经济,,,,,,TianmuTNT.txt
笑傲江湖,https://live.metshop.top/huya/23865142,,,,,笑傲江湖,,,,,,TianmuTNT.txt
笑看风云,https://live.metshop.top/huya/29465858,,,,,笑看风云,,,,,,TianmuTNT.txt
第一财经,http://satellitepull.cnr.cn/live/wx32dycjgb/playlist.m3u8,,,,,第一财经,,,,,,TianmuTNT.txt
精品体育,https://epg.pw/stream/f7556eccd4ae06b0c2991fdc7a4f8388496559f728cc82459a8e50346040e226.m3u8,,,,,精品体育,,,,,,TianmuTNT.txt
精品体育,https://epg.pw/stream/866a097a0907c9832440f8df38272dd555abf05200dfbafcc137e214c9b30ca7.m3u8,,,,,精品体育,,,,,,TianmuTNT.txt
纬来体育,https://epg.pw/stream/4f18dfe0593db5c686eb64ae8edaf2a9202d4d46bdc9bbde2cee27708e12ea01.m3u8,,,,,纬来体育,,,,,,TianmuTNT.txt
纬来体育,https://epg.pw/stream/8855a9936e37e608a0ec8a014cce1673dee9c5d68d560da376cc92e5edef2b25.m3u8,,,,,纬来体育,,,,,,TianmuTNT.txt
绍兴电视台公共,http://live.shaoxing.com.cn/video/s10001-sxtv2/index.m3u8?%E5%85%B3%E6%B3%A8%E5%BE%AE%E4%BF%A1%E5%85%AC%E4%BC%97%E5%8F%B7[%E6%99%B4%E5%9B%AD],,,,,绍兴电视台公共,,,,,,TianmuTNT.txt
经典电影,https://txmov2.a.kwimgs.com/bs3/video-hls/5211790793651941963_hlsb.m3u8,,,,,经典电影,,,,,,TianmuTNT.txt
缙云综合,http://l.cztvcloud.com/channels/lantian/SXjinyun1/720p.m3u8?zzhed?,,,,,缙云综合,,,,,,TianmuTNT.txt
缙云综合,http://l.cztvcloud.com/channels/lantian/SXjinyun1/720p.m3u8?zzhed,,,,,缙云综合,,,,,,TianmuTNT.txt
罪犯电影,https://live.metshop.top/huya/11352962,,,,,罪犯电影,,,,,,TianmuTNT.txt
舒兰新闻,http://stream8.jlntv.cn/shulan/sd/live.m3u8?zjild,,,,,舒兰新闻,,,,,,TianmuTNT.txt
舒兰新闻综合,http://stream8.jlntv.cn/shulan/sd/live.m3u8?_upt=332db6421699196585,,,,,舒兰新闻综合,,,,,,TianmuTNT.txt
航拍中国第二季,http://newcntv.qcloudcdn.com/asp/hls/4000/0303000a/3/default/2bdfdad540b342f592f9817cb7f3b79a/4000.m3u8,,,,,航拍中国第二季,,,,,,TianmuTNT.txt
苍南新闻综合,https://l.cztvcloud.com/channels/lantian/SXcangnan1/720p.m3u8,,,,,苍南新闻综合,,,,,,TianmuTNT.txt
苏州4K,https://tylive.kan0512.com/norecord/csztv4k_4k.m3u8,,,,,苏州4K,,,,,,TianmuTNT.txt
苏州文化生活,https://live-auth.51kandianshi.com/szgd/csztv3.m3u8,,,,,苏州文化生活,,,,,,TianmuTNT.txt
苏州新闻综合,https://live-auth.51kandianshi.com/szgd/csztv1.m3u8,,,,,苏州新闻综合,,,,,,TianmuTNT.txt
苏州生活资讯,https://live-auth.51kandianshi.com/szgd/csztv5.m3u8,,,,,苏州生活资讯,,,,,,TianmuTNT.txt
苏州社会经济,https://live-auth.51kandianshi.com/szgd/csztv2.m3u8,,,,,苏州社会经济,,,,,,TianmuTNT.txt
荆门新闻综合,https://stream.jmtv.com.cn/xwzh/playlist.m3u8?_upt=3e28e7271664278691,,,,,荆门新闻综合,,,,,,TianmuTNT.txt
荥经综合,https://m3u8channel-yj.yunxya.com/nmip-media/channellive/channel101140/playlist.m3u8,,,,,荥经综合,,,,,,TianmuTNT.txt
荥阳综合,http://tvpull.dxhmt.cn:9081/tv/10182-1.m3u8,,,,,荥阳综合,,,,,,TianmuTNT.txt
荥阳综合,http://tvpull.dxhmt.cn:9081/tv/10182-1.m3u8?zhend,,,,,荥阳综合,,,,,,TianmuTNT.txt
荥阳综合,http://tvpull.dxhmt.cn:9081/tv/10182-1.m3u8?wsSecret=df15530a0abec41b14bca00fc96270d1&wsTime=1654956569,,,,,荥阳综合,,,,,,TianmuTNT.txt
营山电视台,http://file.ysxtv.cn/cms/videos/nmip-media/channellive/channel4/playlist.m3u8?zsicd#http://file.ysxtv.cn/cms/videos/nmip-media/channellive/channel4/playlist.m3u8,,,,,营山电视台,,,,,,TianmuTNT.txt
萧山新闻综合,http://l.cztvcloud.com/channels/lantian/SXxiaoshan1/720p.m3u8?zzhed,,,,,萧山新闻综合,,,,,,TianmuTNT.txt
萧山新闻综合,https://l.cztvcloud.com/channels/lantian/SXxiaoshan1/720p.m3u8,,,,,萧山新闻综合,,,,,,TianmuTNT.txt
萧山生活,https://l.cztvcloud.com/channels/lantian/SXxiaoshan2/720p.m3u8,,,,,萧山生活,,,,,,TianmuTNT.txt
萧山生活,http://l.cztvcloud.com/channels/lantian/SXxiaoshan2/720p.m3u8?zzhed?,,,,,萧山生活,,,,,,TianmuTNT.txt
萧山生活,http://l.cztvcloud.com/channels/lantian/SXxiaoshan2/720p.m3u8?zzhed,,,,,萧山生活,,,,,,TianmuTNT.txt
衡水公共,http://ls.qingting.fm/live/2810.m3u8,,,,,衡水公共,,,,,,TianmuTNT.txt
衡阳新闻综合,https://liveplay-srs.voc.com.cn/hls/tv/183_554704.m3u8,,,,,衡阳新闻综合,,,,,,TianmuTNT.txt
衢江新闻综合,http://l.cztvcloud.com/channels/lantian/SXqujiang1/720p.m3u8?zzhed,,,,,衢江新闻综合,,,,,,TianmuTNT.txt
西宁新闻综合,https://liveout.xntv.tv/a65jur/96iln2.m3u8?zqinghd,,,,,西宁新闻综合,,,,,,TianmuTNT.txt
西安新闻,http://112.46.105.20:8009/hls/28/index.m3u8,,,,,西安新闻,,,,,,TianmuTNT.txt
西安都市,http://112.46.105.20:8009/hls/29/index.m3u8,,,,,西安都市,,,,,,TianmuTNT.txt
西峰综合,https://play.kankanlive.com/live/1683944827526991.m3u8,,,,,西峰综合,,,,,,TianmuTNT.txt
西游记2,https://live.metshop.top/huya/29465859,,,,,西游记2,,,,,,TianmuTNT.txt
西藏卫视,http://112.27.5.218:9901/tsfile/live/0111_1.m3u8?key=txiptv&playlive=1&authid=0,,,,,西藏卫视,,,,,,TianmuTNT.txt
西藏卫视,https://live.264788.xyz/channel/xizangweishi?streamid=4b4e8ea919f1cfd5e43deed1d1675251&livekey=01WgOR41rriMmMkzNsd0UoaxJRwetZdxIvtVk,,,,,西藏卫视,,,,,,TianmuTNT.txt
让子弹飞,https://vip.ffzy-play7.com/20230116/11563_b9f44814/index.m3u8,,,,,让子弹飞,,,,,,TianmuTNT.txt
诸暨新闻综合,http://l.cztvcloud.com/channels/lantian/SXzhuji3/720p.m3u8?zzhed,,,,,诸暨新闻综合,,,,,,TianmuTNT.txt
诸暨新闻综合,https://l.cztvcloud.com/channels/lantian/SXzhuji3/720p.m3u8,,,,,诸暨新闻综合,,,,,,TianmuTNT.txt
谍战电影,https://live.metshop.top/huya/21059585,,,,,谍战电影,,,,,,TianmuTNT.txt
象山综合,http://play-sh13.quklive.com/live/1702360350551252.m3u8?auth_key=2037107484-800189c57a5a44d3b823b60cf84f6756-0-a6f6828a62d5c167cff5e68735fa0d39,,,,,象山综合,,,,,,TianmuTNT.txt
贵州卫视,http://101.66.194.125:9901/tsfile/live/0120_1.m3u8?key=txiptv&playlive=0&authid=0,,,,,贵州卫视,,,,,,TianmuTNT.txt
贵州卫视,https://live.264788.xyz/channel/guizhouweishi?streamid=091bd59ea031989839c23459bb8cc9d4&livekey=01WgOR41rriMmMkzNsd0UoaxJRwetZdxIvtVk,,,,,贵州卫视,,,,,,TianmuTNT.txt
贵州省兴义市万峰林,https://gcalic.v.myalicdn.com/gc/xywfl_1/index.m3u8,,,,,贵州省兴义市万峰林,,,,,,TianmuTNT.txt
贺岁电影,https://live.metshop.top/huya/11601986,,,,,贺岁电影,,,,,,TianmuTNT.txt
辉南新闻,http://stream5.jlntv.cn/hn/sd/live.m3u8?zjild,,,,,辉南新闻,,,,,,TianmuTNT.txt
辽宁卫视,http://101.66.194.125:9901/tsfile/live/0121_1.m3u8?key=txiptv&playlive=0&authid=0,,,,,辽宁卫视,,,,,,TianmuTNT.txt
辽宁卫视,http://61.136.172.236:9901/tsfile/live/0121_1.m3u8?key=txiptv&playlive=1&authid=0,,,,,辽宁卫视,,,,,,TianmuTNT.txt
辽宁都市,https://ls.qingting.fm/live/1099/64k.m3u8,,,,,辽宁都市,,,,,,TianmuTNT.txt
通化县,http://stream5.jlntv.cn/thx/sd/live.m3u8?zjild,,,,,通化县,,,,,,TianmuTNT.txt
通化县综合,http://stream3.jlntv.cn:80/aac_thxgb/playlist.m3u8,,,,,通化县综合,,,,,,TianmuTNT.txt
通海电视台,https://zb-live.ynurl.com/tonghai/3bfe3a9e-48e6-4c1e-8770-1df66447cc6c.m3u8,,,,,通海电视台,,,,,,TianmuTNT.txt
遂昌综合,http://l.cztvcloud.com/channels/lantian/SXsuichang1/720p.m3u8?zzhed,,,,,遂昌综合,,,,,,TianmuTNT.txt
邢台生活,https://jwcdnqx.hebyun.com.cn/live/xtcsshpd/1500k/tzwj_video.m3u8,,,,,邢台生活,,,,,,TianmuTNT.txt
邢台综合,https://jwplay.hebyun.com.cn:443/live/xtsrmtzs/1500k/tzwj_video.m3u8,,,,,邢台综合,,,,,,TianmuTNT.txt
邢台综合,http://jwplay.hebyun.com.cn/live/xtsrmtzs/1500k/tzwj_video.m3u8,,,,,邢台综合,,,,,,TianmuTNT.txt
邯郸新闻,https://jwcdnqx.hebyun.com.cn/live/hdxwzh/1500k/tzwj_video.m3u8,,,,,邯郸新闻,,,,,,TianmuTNT.txt
都市剧场,https://satellitepull.cnr.cn/live/wxcqxwgb/playlist.m3u8,,,,,都市剧场,,,,,,TianmuTNT.txt
都江堰鱼嘴,https://gcalic.v.myalicdn.com/gc/djyqyl1_1/index.m3u8,,,,,都江堰鱼嘴,,,,,,TianmuTNT.txt
重庆卫视,http://101.66.194.125:9901/tsfile/live/0142_1.m3u8?key=txiptv&playlive=0&authid=0,,,,,重庆卫视,,,,,,TianmuTNT.txt
重庆卫视,http://1.197.250.140:9901/tsfile/live/0142_1.m3u8?key=txiptv&playlive=1&authid=0,,,,,重庆卫视,,,,,,TianmuTNT.txt
野蛮亲家,https://live.metshop.top/huya/23863796,,,,,野蛮亲家,,,,,,TianmuTNT.txt
金庸武侠,https://live.metshop.top/huya/11342435,,,,,金庸武侠,,,,,,TianmuTNT.txt
金枝欲孽,https://live.metshop.top/huya/29465847,,,,,金枝欲孽,,,,,,TianmuTNT.txt
金鹰卡通,http://101.66.194.125:9901/tsfile/live/1000_1.m3u8?key=txiptv&playlive=0&authid=0,,,,,金鹰卡通,,,,,,TianmuTNT.txt
金鹰卡通,http://1.197.250.140:9901/tsfile/live/1020_1.m3u8?key=txiptv&playlive=1&authid=0,,,,,金鹰卡通,,,,,,TianmuTNT.txt
鉴证实录,https://live.metshop.top/huya/23903183,,,,,鉴证实录,,,,,,TianmuTNT.txt
钱江都市,https://ali-m-l.cztv.com/channels/lantian/channel002/1080p.m3u8,,,,,钱江都市,,,,,,TianmuTNT.txt
铜梁综合,http://183.64.174.171:40123/ch1.m3u8?zzhongqd,,,,,铜梁综合,,,,,,TianmuTNT.txt
铜陵新闻综合,https://ls.qingting.fm/live/21303/64k.m3u8,,,,,铜陵新闻综合,,,,,,TianmuTNT.txt
镇江二套社会民生,http://zjtv-wshls.homecdn.com/live/2aa16.m3u8,,,,,镇江二套社会民生,,,,,,TianmuTNT.txt
镇江新闻综合,http://cm-wshls.homecdn.com/live/2aa50.m3u8,,,,,镇江新闻综合,,,,,,TianmuTNT.txt
长子综合,https://www.wxhcgbds.com:8081/channelTv/WXTV_1.m3u8?zshanxd,,,,,长子综合,,,,,,TianmuTNT.txt
长影频道,http://tpc.x3322.net:9901/tsfile/live/1010_1.m3u8,,,,,长影频道,,,,,,TianmuTNT.txt
长沙新闻综合,http://ls.qingting.fm/live/4877.m3u8,,,,,长沙新闻综合,,,,,,TianmuTNT.txt
长白山电视台,http://stream8.jlntv.cn/cbstv/sd/live.m3u8?zjild,,,,,长白山电视台,,,,,,TianmuTNT.txt
长白朝语,http://hplayer1.juyun.tv:80/camera/11344136.m3u8,,,,,长白朝语,,,,,,TianmuTNT.txt
陀枪师姐,https://live.metshop.top/huya/29465857,,,,,陀枪师姐,,,,,,TianmuTNT.txt
陕西公共,http://ls.qingting.fm/live/1222.m3u8,,,,,陕西公共,,,,,,TianmuTNT.txt
陕西卫视,https://live.264788.xyz/channel/shaanxiweishi?streamid=9dc887dba8ecb4e4143baf4f2373800c&livekey=01WgOR41rriMmMkzNsd0UoaxJRwetZdxIvtVk,,,,,陕西卫视,,,,,,TianmuTNT.txt
陕西新闻咨询,http://112.46.105.20:8009/hls/18/index.m3u8,,,,,陕西新闻咨询,,,,,,TianmuTNT.txt
陕西洋县国宝朱鹮02,https://gcalic.v.myalicdn.com/gc/zh02_1/index.m3u8,,,,,陕西洋县国宝朱鹮02,,,,,,TianmuTNT.txt
陕西秦腔,http://112.46.105.20:8009/hls/22/index.m3u8,,,,,陕西秦腔,,,,,,TianmuTNT.txt
陕西都市青春,http://112.46.105.20:8009/hls/19/index.m3u8,,,,,陕西都市青春,,,,,,TianmuTNT.txt
陕西银龄,http://112.46.105.20:8009/hls/20/index.m3u8,,,,,陕西银龄,,,,,,TianmuTNT.txt
雅安新闻综合,https://play.yunxya.com/channellive/xinwen.m3u8,,,,,雅安新闻综合,,,,,,TianmuTNT.txt
雪乡大石碑,https://gcalic.v.myalicdn.com/gc/mdjxxdsb_1/index.m3u8,,,,,雪乡大石碑,,,,,,TianmuTNT.txt
雪乡梦幻家园,https://gcalic.v.myalicdn.com/gc/mdjxxmhjyxj_1/index.m3u8,,,,,雪乡梦幻家园,,,,,,TianmuTNT.txt
青岛崂山八水河,https://gcalic.v.myalicdn.com/gc/qdls02_1/index.m3u8,,,,,青岛崂山八水河,,,,,,TianmuTNT.txt
青岛崂山双福,https://gcalic.v.myalicdn.com/gc/qdls03_1/index.m3u8,,,,,青岛崂山双福,,,,,,TianmuTNT.txt
青川综合,http://qcfile.qcrmt.com/nmip-media/channellive/channel100933/playlist.m3u8,,,,,青川综合,,,,,,TianmuTNT.txt
青海卫视,https://hls-qhmh.lanzhousobey.cn/qhmh/mhds.m3u8,,,,,青海卫视,,,,,,TianmuTNT.txt
靖宇,http://stream8.jlntv.cn/jytv/sd/live.m3u8?zjild,,,,,靖宇,,,,,,TianmuTNT.txt
靖宇综合,http://stream9.jlntv.cn:80/aac_jygb/playlist.m3u8,,,,,靖宇综合,,,,,,TianmuTNT.txt
靖江新闻综合,http://ls.qingting.fm/live/23797.m3u8,,,,,靖江新闻综合,,,,,,TianmuTNT.txt
韩国EBS少儿,http://ebsonairios.ebs.co.kr/ebsutablet500k/tablet500k/playlist.m3u8,,,,,韩国EBS少儿,,,,,,TianmuTNT.txt
韩国电影1,https://stream.ads.ottera.tv/playlist.m3u8?network_id=595,,,,,韩国电影1,,,,,,TianmuTNT.txt
韩国电影2,https://stream.ads.ottera.tv/playlist.m3u8?network_id=743,,,,,韩国电影2,,,,,,TianmuTNT.txt
音乐欣赏,http://61.221.215.25:8800/hls/49/index.m3u8,,,,,音乐欣赏,,,,,,TianmuTNT.txt
音乐现场,https://satellitepull.cnr.cn/live/wx32nmgyygb/playlist.m3u8,,,,,音乐现场,,,,,,TianmuTNT.txt
风云剧场,https://live.264788.xyz/channel/fengyunjuchang?streamid=31e7b5b7032d25dd215a4069cdee1a48&livekey=01WgOR41rriMmMkzNsd0UoaxJRwetZdxIvtVk,,,,,风云剧场,,,,,,TianmuTNT.txt
风云音乐,https://live.264788.xyz/channel/fengyunyinyue?streamid=1b41fb9153cba3ee19bd5d1b323da27e&livekey=01WgOR41rriMmMkzNsd0UoaxJRwetZdxIvtVk,,,,,风云音乐,,,,,,TianmuTNT.txt
风云音乐,https://live.264788.xyz/channel/fengyunyinyue?streamid=be37d16b874e7ba11dd383d7ecd75752&livekey=01WgOR41rriMmMkzNsd0UoaxJRwetZdxIvtVk,,,,,风云音乐,,,,,,TianmuTNT.txt
飞碟之谜01,https://hls.cntv.lxdns.com/asp/hls/2000/0303000a/3/default/f0a47e155d32450daa1d36a04fd7d262/2000.m3u8,,,,,飞碟之谜01,,,,,,TianmuTNT.txt
飞碟之谜02,https://newcntv.qcloudcdn.com/asp/hls/2000/0303000a/3/default/d2454bbb542d4613a9db478dab2addfd/2000.m3u8,,,,,飞碟之谜02,,,,,,TianmuTNT.txt
鸣沙山,https://gcalic.v.myalicdn.com/gc/dhyyqst_1/index.m3u8,,,,,鸣沙山,,,,,,TianmuTNT.txt
黄山,https://gcalic.v.myalicdn.com/gc/ahhs01_1/index.m3u8,,,,,黄山,,,,,,TianmuTNT.txt
黄山公共生活,http://hslive.hsnewsnet.com/lsdream/iY92ady/1000/live.m3u8?zanhd,,,,,黄山公共生活,,,,,,TianmuTNT.txt
黄山始信新道,https://gcalic.v.myalicdn.com/gc/hsyg_1/index.m3u8,,,,,黄山始信新道,,,,,,TianmuTNT.txt
黄山排云亭,https://gcalic.v.myalicdn.com/gc/hspyt_1/index.m3u8,,,,,黄山排云亭,,,,,,TianmuTNT.txt
黄山新闻综合,http://hslive.hsnewsnet.com/lsdream/hve9Wjs/1000/live.m3u8,,,,,黄山新闻综合,,,,,,TianmuTNT.txt
黄山新闻综合,http://hslive.hsnewsnet.com/lsdream/hve9Wjs/1000/live.m3u8?zanhd,,,,,黄山新闻综合,,,,,,TianmuTNT.txt
黄山飞来石,https://gcalic.v.myalicdn.com/gc/hsptgy_1/index.m3u8,,,,,黄山飞来石,,,,,,TianmuTNT.txt
黄果树六角亭瀑布,https://gcalic.v.myalicdn.com/gc/hgsspzxdpb_1/index.m3u8,,,,,黄果树六角亭瀑布,,,,,,TianmuTNT.txt
黄渤电影,https://live.metshop.top/huya/11352876,,,,,黄渤电影,,,,,,TianmuTNT.txt
黄花城水长城01,https://gcalic.v.myalicdn.com/gc/wgw01_1/index.m3u8,,,,,黄花城水长城01,,,,,,TianmuTNT.txt
黄花城水长城03,https://gcalic.v.myalicdn.com/gc/wgw03_1/index.m3u8,,,,,黄花城水长城03,,,,,,TianmuTNT.txt
黄龙,https://gcalic.v.myalicdn.com/gc/hlzycc_1/index.m3u8,,,,,黄龙,,,,,,TianmuTNT.txt
黑龙江卫视,https://idclive.hljtv.com:4430/live/hljws_own.m3u8,,,,,黑龙江卫视,,,,,,TianmuTNT.txt
黑龙江卫视,http://101.66.194.125:9901/tsfile/live/0143_1.m3u8?key=txiptv&playlive=0&authid=0,,,,,黑龙江卫视,,,,,,TianmuTNT.txt
黑龙江卫视,http://61.136.172.236:9901/tsfile/live/0143_1.m3u8?key=txiptv&playlive=1&authid=0,,,,,黑龙江卫视,,,,,,TianmuTNT.txt
黑龙江少儿,https://ls.qingting.fm/live/4972/64k.m3u8,,,,,黑龙江少儿,,,,,,TianmuTNT.txt
黑龙江文体,https://idclive.hljtv.com:4430/live/hljwy_hd.m3u8,,,,,黑龙江文体,,,,,,TianmuTNT.txt
黑龙江新闻,https://ls.qingting.fm/live/4974/64k.m3u8,,,,,黑龙江新闻,,,,,,TianmuTNT.txt
黑龙江都市,https://idclive.hljtv.com:4430/live/dushi_hd.m3u8,,,,,黑龙江都市,,,,,,TianmuTNT.txt
龙井,http://stream8.jlntv.cn/ljtv/sd/live.m3u8?zjild,,,,,龙井,,,,,,TianmuTNT.txt
龙井综合,http://stream9.jlntv.cn:80/aac_longjinggb/playlist.m3u8,,,,,龙井综合,,,,,,TianmuTNT.txt
龙游新闻综合,https://l.cztvcloud.com/channels/lantian/SXlongyou1/720p.m3u8,,,,,龙游新闻综合,,,,,,TianmuTNT.txt
龙游新闻综合,http://l.cztvcloud.com/channels/lantian/SXlongyou1/720p.m3u8?zzhed,,,,,龙游新闻综合,,,,,,TianmuTNT.txt
龙游生活娱乐,https://l.cztvcloud.com/channels/lantian/SXlongyou2/720p.m3u8,,,,,龙游生活娱乐,,,,,,TianmuTNT.txt
龙游生活娱乐,http://l.cztvcloud.com/channels/lantian/SXlongyou2/720p.m3u8?zzhed,,,,,龙游生活娱乐,,,,,,TianmuTNT.txt
龙门飞甲,http://jsmov2.a.yximgs.com/bs3/video-hls/5203346449046555193_hlsb.m3u8,,,,,龙门飞甲,,,,,,TianmuTNT.txt
CCTV1,http://[2409:8087:1e02:20::10]/000000001000PLTV/11/224/3221226163/1.m3u8,,,,,CCTV1,,,https://kakaxi-1.asia/LOGO/CCTV1.png,央视频道,,tvbwipv_6.txt
CCTV2,http://[2409:8087:1e02:20::10]/000000001000PLTV/11/224/3221226122/1.m3u8,,,,,CCTV2,,,https://kakaxi-1.asia/LOGO/CCTV2.png,央视频道,,tvbwipv_6.txt
CCTV3,http://[2409:8087:1e02:20::10]/000000001000PLTV/11/224/3221226165/1.m3u8,,,,,CCTV3,,,https://kakaxi-1.asia/LOGO/CCTV3.png,央视频道,,tvbwipv_6.txt
CCTV4,http://[2409:8087:1e02:20::10]/000000001000PLTV/11/224/3221226124/1.m3u8,,,,,CCTV4,,,https://kakaxi-1.asia/LOGO/CCTV4.png,央视频道,,tvbwipv_6.txt
CCTV5,http://[2409:8087:1e02:20::10]/000000001000PLTV/11/224/3221226146/1.m3u8,,,,,CCTV5,,,https://kakaxi-1.asia/LOGO/CCTV5.png,央视频道,,tvbwipv_6.txt
CCTV6,http://[2409:8087:1e02:20::10]/000000001000PLTV/11/224/3221226148/1.m3u8,,,,,CCTV6,,,https://kakaxi-1.asia/LOGO/CCTV6.png,央视频道,,tvbwipv_6.txt
CCTV7,http://[2409:8087:1e02:20::1a]/PLTV/11/224/3221226143/1.m3u8,,,,,CCTV7,,,https://kakaxi-1.asia/LOGO/CCTV7.png,央视频道,,tvbwipv_6.txt
CCTV8,http://[2409:8087:1e02:20::1a]/PLTV/11/224/3221226167/1.m3u8,,,,,CCTV8,,,https://kakaxi-1.asia/LOGO/CCTV8.png,央视频道,,tvbwipv_6.txt
CCTV10,http://[2409:8087:1e02:20::10]/000000001000PLTV/11/224/3221226169/1.m3u8,,,,,CCTV10,,,https://kakaxi-1.asia/LOGO/CCTV10.png,央视频道,,tvbwipv_6.txt
CCTV11,http://[2409:8087:1e02:20::1a]/PLTV/11/224/3221226145/1.m3u8,,,,,CCTV11,,,https://kakaxi-1.asia/LOGO/CCTV11.png,央视频道,,tvbwipv_6.txt
CCTV12,http://[2409:8087:1e02:20::10]/000000001000PLTV/11/224/3221226126/1.m3u8,,,,,CCTV12,,,https://kakaxi-1.asia/LOGO/CCTV12.png,央视频道,,tvbwipv_6.txt
CCTV13,http://[2409:8087:1e02:20::10]/000000001000PLTV/11/224/3221226128/1.m3u8,,,,,CCTV13,,,https://kakaxi-1.asia/LOGO/CCTV13.png,央视频道,,tvbwipv_6.txt
CCTV14,http://[2409:8087:1e02:20::10]/000000001000PLTV/11/224/3221226150/1.m3u8,,,,,CCTV14,,,https://kakaxi-1.asia/LOGO/CCTV14.png,央视频道,,tvbwipv_6.txt
CCTV15,http://[2409:8087:1e02:20::10]/000000001000PLTV/11/224/3221226147/1.m3u8,,,,,CCTV15,,,https://kakaxi-1.asia/LOGO/CCTV15.png,央视频道,,tvbwipv_6.txt
