频道名,地址,回播地址,回播类型,回播天数,tvg-id,tvg-name,国家分组,语言分组,图标,原分组,分辨率,来源文件
Vallenato Internacional (720p) [Not 24/7],https://59a564764e2b6.streamlock.net/vallenato/vallenatom/playlist.m3u8,,,,VallenatoInternacional.us@SD,,,,https://i.imgur.com/rVKroNW.png,Music,,iptv-org-all.txt
Vallevision Canal 10 (720p) [Not 24/7],https://streaming.telecablecentral.com.do/Vallevision/ValleHD/playlist.m3u8,,,,Vallevision.do@SD,,,,https://i.imgur.com/lNpgFAU.png,General,,iptv-org-all.txt
Valley Shore Community Television (VSCTV) (Clinton CT) (1080p),https://reflect-vsctv.cablecast.tv/live-3/live/live.m3u8,,,,VSCTV.us@SD,,,,https://i.imgur.com/cn6pAEZ.png,General,,iptv-org-all.txt
Value 24 TV,https://5f22d76e220e1.streamlock.net/canale1/canale1/playlist.m3u8,,,,Value24TV.it@SD,,,,https://i.imgur.com/FdEyI96.png,General,,iptv-org-all.txt
Valuetainment (1080p),https://videoelephant-limited-valuetainment-1-us.ohlscdn.wurl.tv/playlist.m3u8,,,,,,,,,Undefined,,iptv-org-all.txt
Valuetainment (720p),https://a-cdn.klowdtv.com/live3/valuetainment_720p/playlist.m3u8,,,,,,,,,Undefined,,iptv-org-all.txt
VAM Vid's & More (720p),https://sincerecloud.stream/loadbalancer/public/J9EmQQGf.m3u8,,,,VAMTV.cw@SD,,,,https://i.imgur.com/CD1PffA.png,Music,,iptv-org-all.txt
Van 65 TV,https://live.artidijitalmedya.com/artidijital_van65/van65/playlist.m3u8,,,,Van65TV.tr@SD,,,,https://van65tv.com/assets/images/logo/logo.png,General,,iptv-org-all.txt
Van Helsing (1080p),https://dfis0p7athkt.cloudfront.net/Van_Helsing.m3u8,,,,,,,,,Undefined,,iptv-org-all.txt
Vande Gujarat 1 (576p),http://103.72.101.252:8080/live/1069.m3u8,,,,VandeGujarat1.in@SD,,,,https://i.imgur.com/JjZj5JE.png,Education,,iptv-org-all.txt
Vande Gujarat 2 (576p),http://103.72.101.252:8080/live/1070.m3u8,,,,VandeGujarat2.in@SD,,,,https://i.imgur.com/fZeOwSM.png,Education,,iptv-org-all.txt
Vande Gujarat 3 (576p),http://103.72.101.252:8080/live/1082.m3u8,,,,VandeGujarat3.in@SD,,,,https://i.imgur.com/Q1b3XRZ.png,Education,,iptv-org-all.txt
Vande Gujarat 4 (576p),http://103.72.101.252:8080/live/1071.m3u8,,,,VandeGujarat4.in@SD,,,,https://i.imgur.com/67GZ2hN.png,Education,,iptv-org-all.txt
Vande Gujarat 5 (576p),http://103.72.101.252:8080/live/1083.m3u8,,,,VandeGujarat5.in@SD,,,,https://jiotvimages.cdn.jio.com/dare_images/images/Vande_Gujarat_5.png,Education,,iptv-org-all.txt
Vande Gujarat 6 (576p),http://103.72.101.252:8080/live/1084.m3u8,,,,VandeGujarat6.in@SD,,,,https://i.imgur.com/hClW7Cv.png,Education,,iptv-org-all.txt
Vande Gujarat 7 (576p),http://103.72.101.252:8080/live/1085.m3u8,,,,VandeGujarat7.in@SD,,,,https://i.imgur.com/epnEnpG.png,Education,,iptv-org-all.txt
Vande Gujarat 8 (576p),http://103.72.101.252:8080/live/1086.m3u8,,,,VandeGujarat8.in@SD,,,,https://i.imgur.com/UDcdxXl.png,Education,,iptv-org-all.txt
Vande Gujarat 9 (576p),http://103.72.101.252:8080/live/1087.m3u8,,,,VandeGujarat9.in@SD,,,,https://i.imgur.com/dU05ftn.png,Education,,iptv-org-all.txt
Vande Gujarat 10 (576p),http://103.72.101.252:8080/live/1088.m3u8,,,,VandeGujarat10.in@SD,,,,https://i.imgur.com/YSECJPy.png,Education,,iptv-org-all.txt
Vande Gujarat 11 (576p),http://103.72.101.252:8080/live/1089.m3u8,,,,VandeGujarat11.in@SD,,,,https://i.imgur.com/OkXeGI9.png,Education,,iptv-org-all.txt
Vande Gujarat 12 (576p),http://103.72.101.252:8080/live/1090.m3u8,,,,VandeGujarat12.in@SD,,,,https://i.imgur.com/K0F4jQ1.png,Education,,iptv-org-all.txt
Vande Gujarat 13 (576p),http://103.72.101.252:8080/live/1091.m3u8,,,,VandeGujarat13.in@SD,,,,https://i.imgur.com/eoDwNZx.png,Education,,iptv-org-all.txt
Vande Gujarat 14 (576p),http://103.72.101.252:8080/live/1092.m3u8,,,,VandeGujarat14.in@SD,,,,https://i.imgur.com/1n2gMHF.png,Education,,iptv-org-all.txt
Vande Gujarat 15 (576p),http://103.72.101.252:8080/live/1093.m3u8,,,,VandeGujarat15.in@SD,,,,https://i.imgur.com/5xN2AnH.png,Education,,iptv-org-all.txt
Vande Gujarat 16 (576p),http://103.72.101.252:8080/live/1094.m3u8,,,,VandeGujarat16.in@SD,,,,https://i.imgur.com/xVRuk5X.png,Education,,iptv-org-all.txt
Vanitha TV (576p),https://mumt01.tangotv.in/O5aw8Zn3VANITHA/index.m3u8,,,,VanithaTV.in@SD,,,,https://xstreamcp-assets-msp.streamready.in/assets/LIVETV/LIVECHANNEL/LIVETV_LIVETVCHANNEL_VANITHA/images/LOGO_HD/image.png,Entertainment,,iptv-org-all.txt
Vantage Classic (720p),https://cdn-backup.lulzy.eu/vclassic_stream/index.m3u8,,,,VantageClassic.ee@HD,,,,https://vantagetv.ee/vantage_classic.png,Music,,iptv-org-all.txt
Vantage Dance (720p),https://cdn-backup.lulzy.eu/vdance_stream/index.m3u8,,,,VantageDance.ee@HD,,,,https://vantagetv.ee/vantage_dance.png,Music,,iptv-org-all.txt
Vantage Music (720p) [Geo-blocked],https://cdn-backup.lulzy.eu/vmusic_stream/index.m3u8,,,,VantageMusic.ee@HD,,,,https://vantagetv.ee/vantage_music.png,Music,,iptv-org-all.txt
Vantage Music UK (1080p) [Geo-blocked],https://hls.vantagetv.co.uk/vmusicuk_stream/index.m3u8,,,,VantageMusic.ee@UK,,,,https://vantagetv.ee/vantage_music.png,Music,,iptv-org-all.txt
Vantage Rock (720p) [Geo-blocked],https://hls.vantagetv.ee/vrock_stream/index.m3u8,,,,VantageRock.ee@HD,,,,https://vantagetv.ee/vantage_rock.png,Music,,iptv-org-all.txt
Varzesh TV,https://ncdn.telewebion.ir/varzesh/live/playlist.m3u8,,,,VarzeshTV.ir@SD,,,,https://upload.wikimedia.org/wikipedia/fa/thumb/f/f5/Iribvarzesh2022.png/960px-Iribvarzesh2022.png,Sports,,iptv-org-all.txt
Vasanth TV (576p),https://mumt04.tangotv.in/m18aqlK4VASANTHTV/index.m3u8,,,,VasanthTV.in@SD,,,,https://dtil.tmsimg.com/assets/s144068_ld_h15_aa.png?lock=720x540,Entertainment,,iptv-org-all.txt
Vásárhelyi Televízió (576p),https://stream.vasarhelyitelevizio.hu/stream/stream.m3u8,,,,VasarhelyiTelevizio.hu@SD,,,,https://i.imgur.com/WOEqdmx.png,General,,iptv-org-all.txt
Vathanam TV,http://95.216.167.183:5080/LiveApp/streams/443106610169904881506470.m3u8,,,,,,,,,Undefined,,iptv-org-all.txt
Vati Lao TV (720p),https://livefta.malimarcdn.com/ftaedge00/vatilaotv.stream/playlist.m3u8,,,,VatiLao.la@SD,,,,https://i.imgur.com/NwxXABV.png,Entertainment,,iptv-org-all.txt
Vav TV,https://playlist.fasttvcdn.com/pl/rfrk9821hdy9dayo8wfyha/kltr-sanat-tv/playlist.m3u8,,,,VavTV.tr@SD,,,,https://i.imgur.com/jw0gB8L.png,Undefined,,iptv-org-all.txt
Vaya semanita,https://jmp2.uk/plu-5f28009b150b2500077766b8.m3u8,,,,Vayasemanita.us@Spain,,,,https://i.imgur.com/0bCLNUG.png,Comedy,,iptv-org-all.txt
VB Media TV (1080p),https://capomo01-enitv.eninetworks.com/locales_vbmedia_publico/index.m3u8,,,,VBMediaTV.mx@SD,,,,https://i.imgur.com/5qlVblr.png,Entertainment,,iptv-org-all.txt
VBS TV (480p) [Not 24/7],https://tgn.bozztv.com/vbstvcdn/vbstv/ngrp:vbstv_all/playlist.m3u8,,,,VBSTV.us@SD,,,,https://i.imgur.com/OkslYzP.png,General,,iptv-org-all.txt
VCV (720p) [Not 24/7],https://5a1178b42cc03.streamlock.net/8210/8210/playlist.m3u8,,,,VCV.in@SD,,,,https://i.imgur.com/KbU36xI.png,General,,iptv-org-all.txt
Vechtdal TV (480p),https://ms2.mx-cd.net/tv/81-334271/VechtdalTV.smil/playlist.m3u8,,,,VechtdalTV.nl@SD,,,,https://i.imgur.com/MhcKEwr.png,Undefined,,iptv-org-all.txt
Vedia (1080p),https://tvlocales-live.freecaster.com/vedia/95d2f480-b0b0-4027-9f4a-057183312305/95d2f480-b0b0-4027-9f4a-057183312305.isml/master.m3u8,,,,Vedia.be@SD,,,,https://i.imgur.com/7LnH6yu.png,Undefined,,iptv-org-all.txt
Vedic (576p),https://mumt05.tangotv.in/87NeALx2VEDIC/index.m3u8,,,,Vedic.in@SD,,,,https://dtil.tmsimg.com/assets/s144069_ld_h15_aa.png?lock=720x540,Religious,,iptv-org-all.txt
Vega Teve (720p) [Not 24/7],https://cloud5.livescast.com:19360/canalvegateve/canalvegateve.m3u8,,,,VegaTeve.do@SD,,,,https://i.imgur.com/jiyMOZx.png,General,,iptv-org-all.txt
Vegas Life TV (1080p),https://cdn.vegasplus.us/vegas/vltv/playlist.m3u8,,,,VegasLifeTV.us@HD,,,,https://i.imgur.com/G7lONcu.png,General,,iptv-org-all.txt
Vegavision Canal 18 (1080p) [Not 24/7],https://fox.hostlagarto.com:8081/canal26/tracks-v1a1/mono.m3u8,,,,VegavisionCanal18.do@SD,,,,https://i.imgur.com/352jxnd.png,General,,iptv-org-all.txt
VEJA+ TV (1080p),https://gpa-vja.otteravision.com/gpa/vja/vja.m3u8,,,,VEJAPlusTV.br@HD,,,,https://i.imgur.com/n0pxHo4.png,News,,iptv-org-all.txt
Velayat TV,https://ncdn.telewebion.ir/velayat/live/playlist.m3u8,,,,VelayatTV.ir@SD,,,,https://static.telewebion.com/channelsLogo/ae05de5b-9fe4-4012-900a-4d0763d6fafc/default,Undefined,,iptv-org-all.txt
Velayat TV (480p),https://nl.livekadeh.com/hls2/velayattv.m3u8,,,,VelayatTVNetwork.us@SD,,,,https://i.imgur.com/bRQSzhs.png,Religious,,iptv-org-all.txt
Velicham TV (576p),https://mumt05.tangotv.in/87NeALx2VALICHAMPLUS/index.m3u8,,,,VelichamTV.in@SD,,,,https://upload.wikimedia.org/wikipedia/en/e/e4/Logo_of_Velicham_TV.png,News,,iptv-org-all.txt
Vendhar TV (576p),https://mumt04.tangotv.in/m18aqlK4VENDHARTV/index.m3u8,,,,VendharTV.in@SD,,,,https://jiotvimages.cdn.jio.com/dare_images/images/Vendhar_TV.png,Entertainment,,iptv-org-all.txt
Venevision (720p),http://177.234.249.178:8888/VENEVISION/index.m3u8,,,,Venevision.ve@SD,,,,https://i.imgur.com/gm1m8hW.png,General,,iptv-org-all.txt
Venevisión Internacional (720p),https://vod2live.univtec.com/manifest/4c41c0d8-e2e4-43cc-bd43-79afe715e1b3.m3u8,,,,VenevisionInternacional.ve@SD,,,,https://i.imgur.com/vtGED07.jpg,General,,iptv-org-all.txt
Ventdelnord TV (404p),http://ventdelnord.tv:8080/hls/directe.m3u8,,,,VentdelnordTV.es@SD,,,,https://i.imgur.com/6sUkVOd.png,Undefined,,iptv-org-all.txt
Venus HD (1080p),http://103.250.28.74:8000/play/a04x/index.m3u8,,,,VenusHD.pk@SD,,,,https://i.imgur.com/0C9KunR.png,Undefined,,iptv-org-all.txt
Venus Media (1080p),https://tigocloud.desdeparaguay.net/venusmedia/venusmedia/playlist.m3u8,,,,VenusMedia.py@SD,,,,https://i.imgur.com/XwmUbfp.png,Music,,iptv-org-all.txt
Vepaco TV (480p),https://cloud.fastchannel.es/manifiest/hls/prog9/vepacotv.m3u8,,,,VepacoTV.ve@SD,,,,https://i.imgur.com/0bqJksL.png,General,,iptv-org-all.txt
Vera TV (1080p) [Not 24/7],http://wms.shared.streamshow.it/veratv/mp4:veratv/playlist.m3u8,,,,VeraTV.it@SD,,,,https://i.imgur.com/7o1bq3p.png,Undefined,,iptv-org-all.txt
Verbum TV (480p) [Not 24/7],https://edge3-moblive.yuppcdn.net/drm1/smil:verbumtvdrm.smil/index.m3u8,,,,VerbumTV.lk@SD,,,,https://i.imgur.com/YEKEaB4.png,Undefined,,iptv-org-all.txt
Vergina TV (1080p),https://verginanews.gr:8443/hls_live/stream1.m3u8,,,,VerginaTV.gr@SD,,,,https://i.imgur.com/abQmFoH.png,Entertainment;News,,iptv-org-all.txt
Verso TV,https://verso.coopcom.cl/live/SHf6GLCpn4hDSpWdzaDzgX0ciU82/index.m3u8,,,,VersoTV.cl@SD,,,,https://i.imgur.com/zdv4IF8.png,Culture,,iptv-org-all.txt
VerTV (VTV) (720p) [Not 24/7],https://5f700d5b2c46f.streamlock.net/vertv/vertv/playlist.m3u8,,,,VTV.ar@SD,,,,https://i.imgur.com/TLaausJ.png,Undefined,,iptv-org-all.txt
Vesti FM (720p),https://stream.smotrim.ru/hls2/vesti_fm/playlist_4.m3u8,,,,VestiFM.ru@HD,,,,https://i.imgur.com/ZBHqSZj.png,News,,iptv-org-all.txt
Vevo 2K (1080p),https://d1s6jz7jeei17.cloudfront.net/playlist/amg00056-vevotv-vevo2kau-samsungau/playlist.m3u8,,,,Vevo2K.us@SD,,,,https://images.pluto.tv/channels/5fd7bca3e0a4ee0007a38e8c/featuredImage.jpg,Music,,iptv-org-all.txt
Vevo 70s (1080p),https://amg00056-vevotv-vevo70saunz-samsungau-xzszd.amagi.tv/playlist/amg00056-vevotv-vevo70saunz-samsungau/playlist.m3u8,,,,Vevo70s.us@SD,,,,https://images.pluto.tv/channels/5f32f26bcd8aea00071240e5/featuredImage.jpg,Music,,iptv-org-all.txt
Vevo 80s (1080p),https://amg00056-vevotv-vevo80saunz-samsungau-rp5e3.amagi.tv/playlist/amg00056-vevotv-vevo80saunz-samsungau/playlist.m3u8,,,,Vevo80s.us@SD,,,,https://images.pluto.tv/channels/5fd7b8bf927e090007685853/featuredImage.jpg,Music,,iptv-org-all.txt
Vevo 90s (1080p),https://amg00056-vevotv-vevo90saunz-samsungau-n6a0d.amagi.tv/playlist/amg00056-vevotv-vevo90saunz-samsungau/playlist.m3u8,,,,Vevo90s.us@SD,,,,https://images.pluto.tv/channels/5fd7bb1f86d94a000796e2c2/featuredImage.jpg,Music,,iptv-org-all.txt
Vevo 2010s (1080p),https://d3j50s1rkjmwi9.cloudfront.net/Vevo_2010s.m3u8,,,,,,,,,Undefined,,iptv-org-all.txt
Vevo '70s & '80s (1080p),https://d38e11bvtr8xdq.cloudfront.net/Vevo70sand80s_GB.m3u8,,,,,,,,,Undefined,,iptv-org-all.txt
Vevo '90s & '00s (1080p),https://d1cj21il6keqa2.cloudfront.net/playlist.m3u8,,,,,,,,,Undefined,,iptv-org-all.txt
Vevo '90s & '00s Italy (1080p),https://amg00056-amg00056c12-rakuten-it-3240.playouts.now.amagi.tv/playlist.m3u8,,,,,,,,,Undefined,,iptv-org-all.txt
Vevo Country (1080p),https://amg00056-vevotv-vevocountryau-samsungau-ktmqm.amagi.tv/playlist/amg00056-vevotv-vevocountryau-samsungau/playlist.m3u8,,,,VevoCountry.us@SD,,,,https://images.pluto.tv/channels/5da0d75e84830900098a1ea0/featuredImage.jpg,Music,,iptv-org-all.txt
Vevo Country Rewind (1080p),https://dtpafgv4jlncv.cloudfront.net/mt/rsu/v1/channel/AZlegsFKILvcvwCBYqT4vQ-V2/index.m3u8,,,,,,,,,Undefined,,iptv-org-all.txt
Vevo Hip Hop (1080p),https://d3vgs3ro3x6v8a.cloudfront.net/Vevo_Hip_Hop.m3u8,,,,VevoHipHop.us@SD,,,,https://i.imgur.com/Lbc9cYw.png,Music,,iptv-org-all.txt
Vevo Hip Hop & R&B (1080p),https://d7i20u8nlyf1b.cloudfront.net/VevoHipHopRB_GB.m3u8,,,,,,,,,Undefined,,iptv-org-all.txt
Vevo Hip-Hop & R&B (1080p),https://amg00056-amg00056c26-rakuten-uk-3236.playouts.now.amagi.tv/playlist.m3u8,,,,,,,,,Undefined,,iptv-org-all.txt
Vevo Hip-Hop et RnB (1080p),https://amg00056-amg00056c14-rakuten-fr-3244.playouts.now.amagi.tv/playlist/amg00056-vevotvfast-vevohiphopandrbfr-rakutenfr/playlist.m3u8,,,,,,,,,Undefined,,iptv-org-all.txt
Vevo Íconos Latinos,https://jmp2.uk/plu-64d161c93c785e0008df575e.m3u8,,,,,,,,,Undefined,,iptv-org-all.txt
Vevo Latino (1080p),https://amg00056-amg00056c13-rakuten-es-3246.playouts.now.amagi.tv/playlist.m3u8,,,,VevoLatino.us@SD,,,,https://i.imgur.com/D7SwmuB.png,Music,,iptv-org-all.txt
Vevo Pop (1080p),https://d128y56w6v2kax.cloudfront.net/playlist/amg00056-vevotv-vevopopau-samsungau/playlist.m3u8,,,,VevoPop.us@SD,,,,https://i.imgur.com/dZHktKR.png,Music,,iptv-org-all.txt
Vevo Pop Germany (1080p),https://amg00056-amg00056c7-rakuten-de-3245.playouts.now.amagi.tv/playlist.m3u8,,,,,,,,,Undefined,,iptv-org-all.txt
Vevo Pop Italy (1080p),https://amg00056-amg00056c8-rakuten-it-3239.playouts.now.amagi.tv/playlist.m3u8,,,,,,,,,Undefined,,iptv-org-all.txt
Vevo Pop Spain (1080p),https://amg00056-amg00056c10-rakuten-es-3242.playouts.now.amagi.tv/playlist.m3u8,,,,,,,,,Undefined,,iptv-org-all.txt
Vevo Pop UK (1080p),https://d2n3779oy6efpi.cloudfront.net/playlist.m3u8,,,,,,,,,Undefined,,iptv-org-all.txt
Vevo R&B (1080p),https://d1hf773q57zx9s.cloudfront.net/Vevo_R_B.m3u8,,,,VevoRB.us@SD,,,,https://images.pluto.tv/channels/5da0d83f66c9700009b96d0e/featuredImage.jpg,Music,,iptv-org-all.txt
Vevo Regional Mexicano,https://jmp2.uk/plu-64dab5fe35425100080e2991.m3u8,,,,,,,,,Undefined,,iptv-org-all.txt
Vevo Retro Rock (1080p),https://d2lyea6if8kkz9.cloudfront.net/playlist/amg00056-vevotv-vevoretrorockau-samsungau/playlist.m3u8,,,,VevoRetroRock.us@SD,,,,https://i.imgur.com/H1Aap4E.png,Music,,iptv-org-all.txt
Vevo Rock,https://jmp2.uk/plu-61d4b38226b8a50007fe03a6.m3u8,,,,,,,,,Undefined,,iptv-org-all.txt
Vevo Schlager Pop (1080p),https://amg00056-amg00056c15-rakuten-it-3241.playouts.now.amagi.tv/playlist.m3u8,,,,,,,,,Undefined,,iptv-org-all.txt
Vevo True School Hip-Hop,https://jmp2.uk/plu-61d4c2817a823d00070ba53e.m3u8,,,,VevoTrueSchoolHipHop.us@SD,,,,https://i.imgur.com/owUXUih.png,Music,,iptv-org-all.txt
VH1 Queens of Reality,https://jmp2.uk/plu-66abefe5d2d50d00082c7d12.m3u8,,,,VH1QueensofReality.us@SD,,,,https://images.pluto.tv/channels/66abefe5d2d50d00082c7d12/colorLogoPNG.png,Entertainment,,iptv-org-all.txt
Vía Altomayo (720p) [Not 24/7],https://live.obslivestream.com/viaaltomayomux/index.m3u8,,,,ViaAltomayo.pe@SD,,,,https://i.imgur.com/aJ4XExn.png,General,,iptv-org-all.txt
Vía Televisión (720P) [Not 24/7],https://videoserver.tmcreativos.com:19360/cablerasvia/cablerasvia.m3u8,,,,ViaTelevision.pe@SD,,,,https://i.imgur.com/FiptbGQ.png,General,,iptv-org-all.txt
Via X (1080p),http://cdn1tlinkgo.tlink.cl/viax/mono.m3u8,,,,ViaX.cl@SD,,,,https://upload.wikimedia.org/wikipedia/commons/d/d3/VIAX-oficial.png,Undefined,,iptv-org-all.txt
ViàATV (1080p) [Geo-blocked],https://streamer01.myvideoplace.tv/streamer02/hls/ATV_DIRECT_EV_111018.m3u8,,,,ViaATV.mq@SD,,,,https://i.imgur.com/Ua6rOXo.png,General,,iptv-org-all.txt
Viafree Movies,https://jmp2.uk/plu-62bebc3459624e00078209c3.m3u8,,,,ViafreeMovies.se@DK,,,,https://images.pluto.tv/channels/62bebc3459624e00078209c3/colorLogoPNG.png,Movies,,iptv-org-all.txt
Viafree Movies,https://jmp2.uk/plu-62beb44e3afd120007915d1b.m3u8,,,,ViafreeMovies.se@NO,,,,https://images.pluto.tv/channels/62bebc3459624e00078209c3/colorLogoPNG.png,Movies,,iptv-org-all.txt
Viafree Movies,https://jmp2.uk/plu-62f64ec9eb1045000728cad6.m3u8,,,,ViafreeMovies.se@SE,,,,https://images.pluto.tv/channels/62bebc3459624e00078209c3/colorLogoPNG.png,Movies,,iptv-org-all.txt
ViàMatélé (1080p),https://5dd226f8f01e8.streamlock.net/via-matele-live/matelelive_1080/playlist.m3u8,,,,ViaMatele.fr@SD,,,,https://i.imgur.com/XVCV9rj.png,Undefined,,iptv-org-all.txt
viàMoselleTV (720p) [Not 24/7],https://live.creacast.com/mirabelletv/smil:mirabelletv.smil/playlist.m3u8,,,,MoselleTV.fr@SD,,,,https://i.imgur.com/hrm5QnU.png,General,,iptv-org-all.txt
viàOccitanie (540p) [Not 24/7],https://streamer01.myvideoplace.tv/streamer02/hls/MDS_VIA_PAD_301117.m3u8,,,,ViaOccitanie.fr@SD,,,,https://i.imgur.com/NzuKt1R.png,General,,iptv-org-all.txt
Viaplay TV (Finland) (720p) [Not 24/7],https://live-fi.tvkaista.net/viaplay-tv/live.m3u8?hd=true,,,,ViaplayTV.fi@SD,,,,https://upload.wikimedia.org/wikipedia/commons/9/94/Viaplay_TV_logo.svg,Sports,,iptv-org-all.txt
Viasat Explore [Not 24/7],http://315e5a5d.ottrast.com/iptv/8XFKA8883W9M5K/12085/index.m3u8,,,,ViasatExplore.se@SD,,,,https://i.imgur.com/DyT5pKB.png,Documentary,,iptv-org-all.txt
Viasat Explore Classic (720p),https://da9c49fa.wurl.com/master/f36d25e7e52f1ba8d7e56eb859c636563214f541/UmFrdXRlblRWLXBsX1ZpYXNhdEV4cGxvcmVfSExT/playlist.m3u8,,,,ViasatExploreClassic.pl@SD,,,,https://images-0.rakuten.tv/storage/global-live-channel/translation/artwork/1f51bd5f-5c9a-486d-8720-800de7f73129-width200-quality90.jpeg,Undefined,,iptv-org-all.txt
Viasat History [Not 24/7],http://315e5a5d.ottrast.com/iptv/8XFKA8883W9M5K/12101/index.m3u8,,,,ViasatHistory.se@SD,,,,https://i.imgur.com/wRP9XA7.png,Documentary,,iptv-org-all.txt
Viasat Kino Balkan (1080p),http://176.61.157.250/TV1000/index.m3u8,,,,ViasatKino.ua@Balkan,,,,https://i.imgur.com/io0WAkA.png,Movies,,iptv-org-all.txt
Viasat Nature [Not 24/7],http://315e5a5d.ottrast.com/iptv/8XFKA8883W9M5K/12084/index.m3u8,,,,ViasatNature.se@SD,,,,https://i.imgur.com/ousRqqD.png,Documentary,,iptv-org-all.txt
viàTéléPaese (720p),https://srv.webtvmanager.fr:3970/live/viatelepaeselive.m3u8,,,,viaTelePaese.fr@SD,,,,https://i.imgur.com/TLZsAKK.png,General,,iptv-org-all.txt
Vibes Media (480p),https://streamer2.nexgen.bz/09-POSVIBES/index.m3u8,,,,VibesMedia.bz@SD,,,,https://i.imgur.com/SQr4IX4.jpeg,General,,iptv-org-all.txt
VICE TV (1080p),http://23.237.104.106:8080/USA_VICETV/index.m3u8,,,,VICETV.us@SD,,,,https://upload.wikimedia.org/wikipedia/commons/thumb/d/dc/Vice_TV_logo.svg/960px-Vice_TV_logo.svg.png,Undefined,,iptv-org-all.txt
Victory+ (1080p),https://d2otd2h2i5t24h.cloudfront.net/Victory_National.m3u8,,,,,,,,,Undefined,,iptv-org-all.txt
Vida Mejor TV (480p),https://tgn.bozztv.com/betterlife/bettervida/bettervida/index.m3u8,,,,VidaMejorTV.us@SD,,,,https://i.imgur.com/1hJ16i0.png,Religious,,iptv-org-all.txt
Vida Nueva TV,https://mc.servidor.stream:19360/8240/8240.m3u8,,,,VidaNuevaTV.cl@SD,,,,https://i.imgur.com/lxv1lre.png,Religious,,iptv-org-all.txt
Vidas Extremas,https://jmp2.uk/plu-673249afc7626f0008c7205d.m3u8,,,,,,,,,Undefined,,iptv-org-all.txt
Video Game Heroes (1080p),https://amg01076-amg01076c16-samsung-gb-4793.playouts.now.amagi.tv/playlist/amg01076-lightning-kcvideogameseng-samsunggb/playlist.m3u8,,,,,,,,,Undefined,,iptv-org-all.txt
Video Mix TV,https://2-fss-2.streamhoster.com/pl_118/206436-3189488-1/playlist.m3u8,,,,VideoMixTV.us@SD,,,,https://i.imgur.com/nyLrIPP.png,Music,,iptv-org-all.txt
Video Rola (1080p),https://d3b2epqdk0p7vd.cloudfront.net/out/v1/8a448b5e16384af4a3c8146a7b049c32/index.m3u8,,,,VideoRola.it@SD,,,,https://i.imgur.com/9w54eVy.png,Music,,iptv-org-all.txt
Video Tour Channel (480p) [Not 24/7],http://k4.usastreams.com/videotour/videotour/playlist.m3u8,,,,VideoTourChannel.cr@SD,,,,https://i.imgur.com/zEi8eMC.png,Music,,iptv-org-all.txt
Videolina (Sardegna) (404p) [Not 24/7],http://livestreaming.videolina.it/live/Videolina/playlist.m3u8,,,,VideolinaSardegna.it@SD,,,,https://i.imgur.com/nQwXaef.png,Undefined,,iptv-org-all.txt
Vidusdaugavas Televīzija (576p),https://straume.vdtv.lv/vdtv2/index.m3u8,,,,VidusdaugavasTelevizija.lv@SD,,,,https://i.imgur.com/L5U3PQR.png,General,,iptv-org-all.txt
Vier Frauen und ein Todesfall,https://jmp2.uk/plu-69b0160da9b840a456a11b4a.m3u8,,,,,,,,,Undefined,,iptv-org-all.txt
Vietnam Today (1080p),https://amagi-live.ondemandkorea.com/amgplt0456.m3u8,,,,VietnamToday.vn@HD,,,,https://i.imgur.com/xW9rY7s.png,Undefined,,iptv-org-all.txt
Vijay Takkar APAC (1080p),https://tglmp01.akamaized.net/out/v1/c1071012b73f4f189b202e1529e8f802/manifest.mpd,,,,VijayTakkar.in@APAC,,,,https://dtil.tmsimg.com/assets/s144078_ld_h15_aa.png?lock=720x540,Music,,iptv-org-all.txt
viju Explore (576p),http://stream.mcquack.net/239/index.m3u8,,,,vijuExplore.ru@SD,,,,https://i.imgur.com/EGIpLPu.png,Documentary,,iptv-org-all.txt
viju History (576p),http://178.124.179.122:8080/HistoryHD/index.m3u8,,,,vijuHistory.ru@SD,,,,https://i.imgur.com/FqWkeXb.png,Documentary,,iptv-org-all.txt
viju Nature,https://stream8.cinerama.uz/1228/tracks-v1a1/mono.m3u8,,,,vijuNature.ru@SD,,,,https://i.imgur.com/8BPZ18l.png,Documentary,,iptv-org-all.txt
viju TV1000 (576p),http://stream.mcquack.net/110/index.m3u8,,,,vijuTV1000.ru@SD,,,,https://i.imgur.com/ZMsyjSr.png,Movies,,iptv-org-all.txt
viju TV1000 action (576p),http://stream.mcquack.net/100/index.m3u8,,,,vijuTV1000action.ru@SD,,,,https://i.imgur.com/TMmyuzh.png,Movies,,iptv-org-all.txt
viju TV1000 Русское (576p),http://31.148.48.15/TV1000_Russkoe_kino/index.m3u8,,,,vijuTV1000russkoe.ru@SD,,,,https://i.imgur.com/Meak2y4.png,Movies,,iptv-org-all.txt
viju+ Comedy HD (1080p),http://stream.mcquack.net/201/index.m3u8,,,,vijuPlusComedy.ru@HD,,,,https://i.imgur.com/YoNOFu7.png,Comedy,,iptv-org-all.txt
viju+ Megahit HD (1080p),http://stream.mcquack.net/200/index.m3u8,,,,vijuPlusMegahit.ru@HD,,,,https://i.imgur.com/oIQNddV.png,Movies,,iptv-org-all.txt
viju+ Planet HD (1080p),http://stream.mcquack.net/240/index.m3u8,,,,vijuPlusPlanet.ru@HD,,,,https://i.imgur.com/9Weqdsk.png,Documentary,,iptv-org-all.txt
viju+ Premiere HD (1080p),http://stream.mcquack.net/202/index.m3u8,,,,vijuPlusPremiere.ru@HD,,,,https://i.imgur.com/klRvhR5.png,Movies,,iptv-org-all.txt
viju+ Serial HD (1080p),http://stream.mcquack.net/311/index.m3u8,,,,vijuPlusSerial.ru@HD,,,,https://i.imgur.com/8yXZET5.png,Series,,iptv-org-all.txt
viju+ Sport (576p),http://stream.mcquack.net/333/index.m3u8,,,,vijuPlusSport.ru@SD,,,,https://i.imgur.com/fXESG0l.png,Sports,,iptv-org-all.txt
Vilayet TV,https://nl.livekadeh.com/hls2/vilayet.m3u8,,,,VilayetTV.az@SD,,,,https://vilayet.tv/wp-content/uploads/elementor/thumbs/logo-q3w2md1u47q39x7d0004wqzz74xdv1glw356ex6ph0.png,General,,iptv-org-all.txt
Villa Altagracia TV (1080p) [Not 24/7],https://stream.inliveserver.com:19360/8004/8004.m3u8,,,,VillaAltagraciaTV.do@SD,,,,https://i.imgur.com/uQAeKKa.png,General,,iptv-org-all.txt
Villa Elisa Radio TV (1080p),https://copacogen.desdeparaguay.net/villaelisatv/villaelisatv/playlist.m3u8?admin=nacion,,,,VillaElisaRadioTV.py@SD,,,,https://i.imgur.com/ryzCsvy.jpg,General,,iptv-org-all.txt
Villa Mantero TV,https://micanal.ovh/livestreams/515.AUTOOAAZ721F.m3u8,,,,VillaManteroTV.ar@SD,,,,https://i.imgur.com/mmEenTm.png,Undefined,,iptv-org-all.txt
Village of Hastings-On-Hudson NY (WHOH-TV) (360p),https://stream.swagit.com/live-edge/hastingsonhudsonny/smil:std-4x3-1-a/playlist.m3u8,,,,WHOHTV.us@SD,,,,https://i.imgur.com/jTD9nLE.png,General,,iptv-org-all.txt
Village TV (1080p),https://live.villagetv.net/villagetv/hd/index.m3u8,,,,VillageTV.in@SD,,,,https://jiotvimages.cdn.jio.com/dare_images/images/VillageTV.png,Religious,,iptv-org-all.txt
Vinh Long TV 1 (576p) [Not 24/7],http://125hvt.ddns.net:21585/thvl1/playlist.m3u8,,,,VinhLongTV1.vn@HD,,,,https://i.imgur.com/5YFsqPx.png,General;News,,iptv-org-all.txt
Vinh Long TV 1 (720p),https://dethich.pw/thvl1/index.m3u8,,,,VinhLongTV1.vn@SD,,,,https://i.imgur.com/5YFsqPx.png,General;News,,iptv-org-all.txt
Vinh Long TV 2 (1080p),https://1011154949.vnns.net/CDN-FPT02/THVL2-HD-1080p/playlist.m3u8,,,,VinhLongTV2.vn@SD,,,,https://i.imgur.com/iluoazf.png,Culture;Entertainment,,iptv-org-all.txt
Vinh Long TV 3 (720p),https://dethich.pw/thvl3/index.m3u8,,,,VinhLongTV3.vn@SD,,,,https://i.imgur.com/OQXEhqu.png,Entertainment;Movies,,iptv-org-all.txt
Vinh Long TV 4 (720p),https://dethich.pw/thvl4/index.m3u8,,,,VinhLongTV4.vn@SD,,,,https://i.imgur.com/ARhIkvR.png,Culture;Entertainment;Sports;Travel,,iptv-org-all.txt
Vĩnh Long TV5 (1080p) [Geo-blocked],https://live.fptplay53.net/epzsd1/vinhlong5_vhls.smil/chunklist.m3u8,,,,TraVinhTV.vn@HD,,,,https://i.imgur.com/F12VdKO.png,Culture;Entertainment;Music;News,,iptv-org-all.txt
Vintage Music (720p),https://59ef525c24caa.streamlock.net/vmtv/tvvintage/playlist.m3u8,,,,VintageMusic.cr@SD,,,,https://i.imgur.com/KImqYnN.jpeg,Music,,iptv-org-all.txt
VIO TV (480p),http://slovanet-livestream.ceelabs.com:1935/live/VioTV.stream_transcoded/playlist.m3u8,,,,VIOTV.sk@SD,,,,https://i.imgur.com/7EL3VZ5.png,Undefined,,iptv-org-all.txt
VIP News (360p),https://live.vipnews24x7.co.in/vipnews24x7/d0dbe915091d400bd8ee7f27f0791303.sdp/playlist.m3u8,,,,VIPNews.in@SD,,,,https://xstreamcp-assets-msp.streamready.in/assets/LIVETV/LIVECHANNEL/LIVETV_LIVETVCHANNEL_VIP_NEWS/images/LOGO_HD/image.png,News,,iptv-org-all.txt
VIP TV (720p),https://ed5ov1.live.opencaster.com/bkyqeDgfaukC/index.m3u8,,,,VIPTV.aw@SD,,,,https://i.imgur.com/6N0qITv.png,Music,,iptv-org-all.txt
Vipa TV (1080p),https://fastly.live.brightcove.com/1846248737588002042/ap-southeast-1/6075037809001/eyJhbGciOiJIUzI1NiIsInR5cCI6IkpXVCJ9.eyJob3N0IjoibzRoaGc2LmVncmVzcy5zYjBmOGsiLCJhY2NvdW50X2lkIjoiNjA3NTAzNzgwOTAwMSIsImVobiI6ImZhc3RseS5saXZlLmJyaWdodGNvdmUuY29tIiwiaXNzIjoiYmxpdmUtcGxheWJhY2stc291cmNlLWFwaSIsInN1YiI6InBhdGhtYXB0b2tlbiIsImF1ZCI6WyI2MDc1MDM3ODA5MDAxIl0sImp0aSI6IjE4NDYyNDg3Mzc1ODgwMDIwNDIifQ.HbjGHxGv87ivAdsCtAdEDjj2SVCfRnCUMYWn2fCkVPY/playlist-hls.m3u8,,,,VipaTV.th@SD,,,,https://raw.githubusercontent.com/songwenhui239/Songwenhui239/refs/heads/main/Vipa%20TV.jpg,General,,iptv-org-all.txt
Vision (576p),http://103.85.204.205:1935/VISIONMEDIA/live/playlist.m3u8,,,,Vision.in@SD,,,,https://i.imgur.com/YozqNL3.jpg,General,,iptv-org-all.txt
Vision (480p),https://lbgo.bozztv.com/ssh101/ssh101/visiononline/playlist.m3u8,,,,Vision.pe@SD,,,,https://i.imgur.com/gyuoNZk.png,Religious,,iptv-org-all.txt
Vision 3000 [Geo-blocked],https://ss2.tvrdomi.com:1936/vision3000/vision3000/playlist.m3u8,,,,Vision3000.do@SD,,,,https://i.imgur.com/mogsnzp.png,General,,iptv-org-all.txt
Vision Latina (1080p),https://cdn-cloudfront.us-east-1.prod.ingest.aws-infra.dacast.com/live/64917431-2f51-0a46-d4d0-04d111b2393f/master.m3u8,,,,VisionLatina.pa@SD,,,,https://i.imgur.com/TG30lWA.jpg,Religious,,iptv-org-all.txt
Vision Latina Network (1080p),https://cdn-cloudfront.us-east-1.prod.ingest.aws-infra.dacast.com/live/c1804a4c-ccbf-46e5-87c3-0f8d4a94d9e3/master.m3u8,,,,VisionLatinaNetwork.us@SD,,,,https://i.imgur.com/VgYCskX.png,General,,iptv-org-all.txt
Vision NDV (720p) [Not 24/7],https://soportedvb.click:3891/live/visionndvlive.m3u8,,,,VisionNDV.do@SD,,,,https://i.imgur.com/4gj5NMa.png,Entertainment,,iptv-org-all.txt
Visión Sur TV (1080p) [Not 24/7],https://ott1.hdlatam.tv/live_abr/webtvVisionSur/playlist.m3u8,,,,VisionSur.pe@SD,,,,https://i.imgur.com/AbZYWEQ.png,General,,iptv-org-all.txt
Visión Televisión (720p),https://cloudvideo.servers10.com:8081/8016/index.m3u8,,,,VisionTelevision.mx@SD,,,,https://i.imgur.com/HV5tgcM.png,Music,,iptv-org-all.txt
Vision TV,https://tv.arkeo.cl:1936/8044/8044/playlist.m3u8,,,,VisionTV.cl@SD,,,,https://i.imgur.com/mTesx1h.png,Undefined,,iptv-org-all.txt
Visión TV (720p),https://cdn.streamhispanatv.net:3076/live/visiontvlive.m3u8,,,,VisionTV.gt@SD,,,,https://i.imgur.com/S0JrfIl.png,Undefined,,iptv-org-all.txt
Vísir (1080p),https://live.visir.is/hls-live/visir.smil/playlist.m3u8,,,,Visir.is@SD,,,,https://i.imgur.com/07Vlt6i.jpg,News,,iptv-org-all.txt
Vissa TV (576p),https://mumt07.tangotv.in/zHjX9OFlVISSATV/index.m3u8,,,,VissaTV.in@SD,,,,https://xstreamcp-assets-msp.streamready.in/assets/LIVETV/LIVECHANNEL/LIVETV_LIVETVCHANNEL_VISSA_TV/images/LOGO_HD/image.png,Entertainment,,iptv-org-all.txt
Visual Radio (576p) [Not 24/7],http://wms.shared.streamshow.it:1935/visualradio/visualradio/live.m3u8,,,,VisualRadio.it@SD,,,,https://i.imgur.com/ah14ah0.png,Undefined,,iptv-org-all.txt
VITAL Drive,https://autopilot.catcast.tv/content/37909/index.m3u8,,,,VitalDrive.ru@HD,,,,https://i.imgur.com/XoR9zLh.png,Sports,,iptv-org-all.txt
Vitebsk,https://live.dc.beltelecom.by/vtv/vitebsk.stream/playlist.m3u8,,,,Vitebsk.by@SD,,,,https://i.imgur.com/qr26qQn.png,Undefined,,iptv-org-all.txt
VitoTVO (1080p),http://iptv.vitotvo.video.makrodigital.com:8081/vitotvo/iptv/playlist.m3u8,,,,VitoTVO.ec@SD,,,,https://i.imgur.com/QoJ2gD0.png,Undefined,,iptv-org-all.txt
Vitrina TV (720p),https://live-11cinema.cdnvideo.ru/11cinema/11cinema/playlist.m3u8,,,,VitrinaTV.ru@SD,,,,https://i.imgur.com/lzQsVfn.png,Shop,,iptv-org-all.txt
Viva Nicaragua Canal 13 (720p),https://cdn.vivamediosni.com/viva_720p/index.m3u8,,,,VivaNicaraguaCanal13.ni@SD,,,,https://i.imgur.com/9q7Ajz4.png,General,,iptv-org-all.txt
Viva TV Canal 30 San Juan de Río Coco [Not 24/7],https://cdn.amixtv.com/vivatv/index.m3u8,,,,VivaTV.ni@SD,,,,https://i.imgur.com/n0buXRa.jpeg,General,,iptv-org-all.txt
Viva TV Yurimaguas (720p),https://live.obslivestream.com/vivatv/index.m3u8,,,,VivaTVYurimaguas.pe@SD,,,,https://i.imgur.com/GkSoxhx.png,Undefined,,iptv-org-all.txt
Vivamóvil (720p),https://5d8d85cf2c308.streamlock.net:1936/AlcalaTV/endirecto/playlist.m3u8,,,,Vivamovil.es@SD,,,,https://i.imgur.com/QQviU5m.png,Undefined,,iptv-org-all.txt
Vive Kanal D Drama (720p),https://jmp2.uk/plu-639751f81a36b400072b8f5a.m3u8,,,,,,,,,Undefined,,iptv-org-all.txt
Vive TV Colombia (1080p),http://192.144.113.132:1935/live/ViveTV/playlist.m3u8,,,,ViveTV.co@SD,,,,https://i.imgur.com/25CFHpB.png,General,,iptv-org-all.txt
Vivo TV,https://5eaccbab48461.streamlock.net:1936/8264/8264/playlist.m3u8,,,,VivoTV.cl@SD,,,,https://i.imgur.com/kBRbCUb.png,Undefined,,iptv-org-all.txt
Vizion Plus (1080p),https://tringliveviz.akamaized.net/delta/105/out/u/qwaszxerdfcvrtryuy.m3u8,,,,VizionPlus.al@SD,,,,https://upload.wikimedia.org/wikipedia/commons/thumb/f/fc/Vizion_Plus.svg/960px-Vizion_Plus.svg.png,General,,iptv-org-all.txt
Vkus (576p),http://178.134.1.158:8081/vkus/index.m3u8,,,,Vkus.ru@SD,,,,https://www.cableman.ru/sites/default/files/logo%20%287%29%20%281%29.png,Travel,,iptv-org-all.txt
VM Latino (720p) [Not 24/7],https://59ef525c24caa.streamlock.net/vmtv/vmlatino/playlist.m3u8,,,,VMLatino.cr@SD,,,,https://i.imgur.com/Dvo1b82.png,Music,,iptv-org-all.txt
Vmeste-RF (576p) [Geo-blocked],https://streaming.thestream.cyou/live/7006.m3u8,,,,VmesteRF.ru@SD,,,,https://i.imgur.com/KI1qZNc.png,Undefined,,iptv-org-all.txt
VNP,https://videoserver.tmcreativos.com:19360/visionnoticias/visionnoticias.m3u8,,,,VNP.pe@SD,,,,https://i.imgur.com/TOnknEW.png,News,,iptv-org-all.txt
VOA Persian (1080p),https://voa-ingest.akamaized.net/hls/live/2033876/tvmc07/playlist.m3u8,,,,VoATVPersian.us@SD,,,,https://i.imgur.com/TmqComb.png,News,,iptv-org-all.txt
VOA TV Africa (1080p),https://voa-ingest.akamaized.net/hls/live/2033874/tvmc06/playlist.m3u8,,,,VoATV.us@SD,,,,https://i.imgur.com/rtRnlqN.png,News,,iptv-org-all.txt
VOA美国之音 (1080p),https://voa-ingest.akamaized.net/hls/live/2033878/tvmc08/playlist.m3u8,,,,VoATVChina.cn@SD,,,,https://i.imgur.com/XCTZkoq.png,Undefined,,iptv-org-all.txt
Vocea Basarabiei TV (720p) [Not 24/7],https://storage.voceabasarabiei.md/vocea/vocea.m3u8,,,,VoceaBasarabieiTV.md@SD,,,,https://i.imgur.com/irP8QLs.png,Undefined,,iptv-org-all.txt
Vogue Europe,https://d39g1vxj2ef6in.cloudfront.net/v1/master/3fec3e5cac39a52b2132f9c66c83dae043dc17d4/prod-rakuten-stitched/master.m3u8?ads.xumo_channelId=88883060,,,,,,,,,Undefined,,iptv-org-all.txt
Voice of Lebanon (1080p),https://svs.itworkscdn.net/vdltvlive/vdltv.smil/playlist.m3u8,,,,VoiceofLebanon.lb@SD,,,,https://i.imgur.com/f8WcqRY.png,News,,iptv-org-all.txt
VoiceOver Radio TV (720p),https://cloudvideo.servers10.com:8081/8198/index.m3u8,,,,VoiceOverRadioTV.cr@SD,,,,https://i.imgur.com/HzGs1Eh.png,Music,,iptv-org-all.txt
Vokta TV (720p),https://vokta.raytahost.com/live/voktatv/index.m3u8,,,,VoktaTV.bd@SD,,,,https://i.imgur.com/szAGBCU.png,General,,iptv-org-all.txt
Völgyhíd TV (540p),https://5cd03f21c7193.streamlock.net/volgyhidtv/mediakft/playlist.m3u8,,,,VolgyhidTV.hu@SD,,,,https://i.imgur.com/9krKKgU.png,General,,iptv-org-all.txt
Volksmusik TV (1080p),https://vmtv.iptv-playoutcenter.de/vmtv/vmtv1/playlist.m3u8,,,,VolksmusikTV.de@SD,,,,https://i.imgur.com/EsWuCJ3.png,Music,,iptv-org-all.txt
Voprosy i Otvety (576p),http://stream.mcquack.net/76/index.m3u8,,,,VoprosyiOtvety.ru@SD,,,,https://i.imgur.com/yjETxk1.png,Entertainment,,iptv-org-all.txt
Vos TV (720p),http://15.204.246.24:8080/VOSTVHD/index.m3u8,,,,VosTV.bo@SD,,,,https://i.imgur.com/Cm1Xjeq.png,Undefined,,iptv-org-all.txt
Vos TV (720p) [Not 24/7],http://ott.streann.com:8080/loadbalancer/services/public/channels/59e60c4997381ef50d15c041/playlist.m3u8,,,,VosTV.ni@SD,,,,https://i.imgur.com/Lbi87xv.png,General,,iptv-org-all.txt
Vos y TV (720p) [Not 24/7],https://cloud37.ecuatel.com/vostv/live/manifest.m3u8,,,,VosyTV.ec@SD,,,,https://i.imgur.com/294FDCB.png,Music,,iptv-org-all.txt
Vosges Télévision (576p) [Not 24/7],https://vosgestv.live-kd.com/live/vosgestv/vosgestv/playlist.m3u8,,,,VosgesTV.fr@SD,,,,https://i.imgur.com/7y7ancc.png,Undefined,,iptv-org-all.txt
Vouli TV (1080p) [Not 24/7],https://dev.aftermind.xyz/edge-hls/unitrust/voulitv/index.m3u8?token=8TXWzhY3h6jrzqEqx,,,,VouliTV.cy@SD,,,,https://i.ibb.co/tzQ3jCR/cropped-VOULI-TV-LOGO-HIGH-RESOLUTION-BLUE.png,News,,iptv-org-all.txt
Voyages & Saveurs (720p),https://jmp2.uk/plu-680291e38e1ff89c2427aefd.m3u8,,,,VoyagesSaveurs.es@FR,,,,https://images.pluto.tv/channels/680291e38e1ff89c2427aefd/colorLogoPNG_1749650211442.png,Lifestyle;Travel,,iptv-org-all.txt
Voyages+ (1080p),https://streams2.sofast.tv/v1/master/611d79b11b77e2f571934fd80ca1413453772ac7/ff8d1526-e572-4bb5-8c93-560eb80115bf/manifest.m3u8,,,,,,,,,Undefined,,iptv-org-all.txt
Voz Di Bonaire TV (720p),https://tv.westream.cloud/VozdiBonaireTV/VozdiBonaireTV.m3u8,,,,VozDiBonaireTV.bq@SD,,,,https://i.imgur.com/WOokQmj.png,Entertainment,,iptv-org-all.txt
VR Canal 21 Nasca (720p),https://live-evg10.tv360.bitel.com.pe/bitel/nasca/playlist.m3u8,,,,VRCanal21Nasca.pe@SD,,,,https://i.imgur.com/rxzz6kD.jpeg,General,,iptv-org-all.txt
VRT Channel (720p),https://sistemavrt.vrtchannel.tv.br:3473/stream/play.m3u8,,,,VRTChannel.br@SD,,,,https://i.imgur.com/crszh3d.png,Entertainment,,iptv-org-all.txt
VSBet HD (1080p),https://live05.meung.app/live/16226575.m3u8,,,,VSBetHD.vn@HD,,,,https://i.imgur.com/sMhL2Nl.png,Sports,,iptv-org-all.txt
VSH News (576p),http://103.250.28.74:8000/play/a00w/index.m3u8,,,,VSHNews.pk@SD,,,,https://i.imgur.com/pmPZoYC.png,News,,iptv-org-all.txt
VSiN (720p),https://vsin-sgrewind.streamguys1.com/scte/live-2k/playlist.m3u8,,,,VSiN.us@SD,,,,https://i.imgur.com/C4wIRxg.png,Undefined,,iptv-org-all.txt
VTN Victory Television Network (720p),https://jk3lzkn4lw79-hls-live.5centscdn.com/VTN2/bcaafe9ad8d42834b08e762ac58596b8.sdp/playlist.m3u8,,,,KVTNDT251.us@HD,,,,https://i.imgur.com/CjKQuEP.png,Religious,,iptv-org-all.txt
VTU (1080p),https://lbgo.bozztv.com/ssh101/ssh101/afghantheatretv/playlist.m3u8,,,,VTU.in@SD,,,,https://i.imgur.com/zMwZRGJ.png,Undefined,,iptv-org-all.txt
VTV (480p) [Not 24/7],https://d3q93l5bumjyoq.cloudfront.net/index.m3u8,,,,VTV.hn@SD,,,,https://i.imgur.com/CsPkwD5.png,General,,iptv-org-all.txt
VTV (1080p) [Not 24/7],https://vtvstream.vnews.mv/vtvlive/vmedia/playlist.m3u8,,,,VTV.mv@SD,,,,https://i.imgur.com/6bY9Umo.png,News,,iptv-org-all.txt
VTV1 HD (1080p),https://live-a.fptplay53.net/live/media/vtv1/live247-hls-avc/index.m3u8,,,,VTV1.vn@HD,,,,https://i.imgur.com/vZYlGIW.png,Undefined,,iptv-org-all.txt
VTV2 HD (1080p),https://live-a.fptplay53.net/live/media/vtv2/live247-hls-avc/index.m3u8,,,,VTV2.vn@HD,,,,https://i.imgur.com/qWWpYRR.png,Undefined,,iptv-org-all.txt
VTV3 HD (1080p),https://live-a.fptplay53.net/live/media/vtv3/live247-hls-avc/index.m3u8,,,,VTV3.vn@HD,,,,https://i.imgur.com/4lJG1fu.png,Undefined,,iptv-org-all.txt
VTV4 HD (1080p),https://live-a.fptplay53.net/live/media/vtv4/live247-hls-avc/index.m3u8,,,,VTV4.vn@HD,,,,https://i.imgur.com/WsLLmR2.png,Undefined,,iptv-org-all.txt
VTV5 HD (1080p),https://live-a.fptplay53.net/live/media/vtv5/live247-hls-avc/index.m3u8,,,,VTV5.vn@HD,,,,https://i.imgur.com/Vnnna1C.png,Undefined,,iptv-org-all.txt
VTV5 Tay Nam Bo HD (1080p),https://live-a.fptplay53.net/live/media/vtv5tnb/live-hls-avc/index.m3u8,,,,VTV5TayNamBo.vn@HD,,,,https://i.imgur.com/xiuHjEQ.png,Undefined,,iptv-org-all.txt
VTV5 Tay Nguyen HD (1080p),https://vips-livecdn.fptplay.net/live/media/vtv5tn/live-hls-avc/index.m3u8,,,,VTV5TayNguyen.vn@HD,,,,https://i.imgur.com/Hlcnqqt.png,Undefined,,iptv-org-all.txt
VTV6 (1080p),https://live-a.fptplay53.net/live/media/vtv6/live247-hls-avc/index.m3u8,,,,VTV6.vn@HD,,,,https://upload.wikimedia.org/wikipedia/commons/thumb/b/b0/VTV6_logo_2026_final.svg/960px-VTV6_logo_2026_final.svg.png,Sports,,iptv-org-all.txt
VTV7 HD (1080p),https://live-a.fptplay53.net/live/media/vtv7/live247-hls-avc/index.m3u8,,,,VTV7.vn@HD,,,,https://i.imgur.com/ZwoP823.png,Undefined,,iptv-org-all.txt
VTV8 HD (1080p),https://live-a.fptplay53.net/live/media/vtv8/live247-hls-avc/index.m3u8,,,,VTV8.vn@HD,,,,https://i.imgur.com/rf9adGJ.png,Undefined,,iptv-org-all.txt
VTV9 HD (1080p),https://live-a.fptplay53.net/live/media/vtv9/live247-hls-avc/index.m3u8,,,,VTV9.vn@HD,,,,https://i.imgur.com/QiY55sy.png,Undefined,,iptv-org-all.txt
VTV10 (1080p),https://live-a.fptplay53.net/live/media/vtv10/live247-hls-avc/index.m3u8,,,,VTV10.vn@HD,,,,https://upload.wikimedia.org/wikipedia/commons/thumb/7/70/VTV10_logo_2026.png/960px-VTV10_logo_2026.png,Undefined,,iptv-org-all.txt
VTV10 (1080p) [Geo-blocked],https://live.fptplay53.net/fnxhd1/vtvcantho_vhls.smil/chunklist.m3u8,,,,VTV10.vn@SD,,,,https://upload.wikimedia.org/wikipedia/commons/thumb/7/70/VTV10_logo_2026.png/960px-VTV10_logo_2026.png,Undefined,,iptv-org-all.txt
VTV Canal 17 (720p) [Not 24/7],https://solo.disfrutaenlared.com:1936/vtvcanal/vtvcanal/playlist.m3u8,,,,VTVCanal17.bo@SD,,,,https://i.imgur.com/TUhFzql.png,Religious,,iptv-org-all.txt
VTV Canal 32 (1080p),https://cnn.livestreaminggroup.info:3507/live/vtv32live.m3u8,,,,VTVCanal32.do@SD,,,,https://i.imgur.com/qjm4B0J.png,General,,iptv-org-all.txt
VTV Füzesabony (720p) [Not 24/7],https://stream.nmih.hu:7962/live.m3u8,,,,VTVFuzesabony.hu@SD,,,,https://i.imgur.com/IoHyW7w.png,Undefined,,iptv-org-all.txt
VTV HD (1080p),http://ikitv.sqn.at:8000/play/a023/index.m3u8,,,,VTV.id@HD,,,,https://i.postimg.cc/cJRJr3BR/2560px-VTV-Indonesia-White-2023-svg.png,Kids,,iptv-org-all.txt
VTV Mór (360p),https://cloudfront44.lexanetwork.com:1344/freerelay/morvtv.sdp/playlist.m3u8,,,,VTVMor.hu@SD,,,,https://i.imgur.com/x8jstsh.png,General,,iptv-org-all.txt
VTV Valle de Aconcagua (720p) [Not 24/7],https://unlimited1-us.dps.live/vtv/vtv.smil/playlist.m3u8,,,,VTVValledeAconcagua.cl@SD,,,,https://i.imgur.com/0bFVvKj.png,Undefined,,iptv-org-all.txt
Vyas NIC (576p),https://playhls.media.nic.in/hls/live/vyas/vyas.m3u8,,,,VyasChannel.in@SD,,,,https://www.yupptv.com/seo_img/UGC_GEC_big.jpg,Education,,iptv-org-all.txt
Východočeská TV (1080p),https://stream.polar.cz/vctv/vctvlive-1/playlist.m3u8,,,,VychodoceskaTV.cz@SD,,,,https://i.imgur.com/4Wwptd3.png,Undefined,,iptv-org-all.txt
W9 (1080p),https://origin-m6web.live.6cloud.fr/out/v1/6play/6play-w9/cmaf_q2hyb21h/hls-short-hd.m3u8,,,,W9.fr@SD,,,,https://i.imgur.com/reYeMuE.png,Entertainment,,iptv-org-all.txt
W14DK-D 14.1 TV Delmarva,https://2-fss-2.streamhoster.com/pl_118/amlst:204972-1949480/playlist.m3u8,,,,W14DKD141.us@HD,,,,https://i.imgur.com/TjQP7kS.png,Religious,,iptv-org-all.txt
W14DK-D 14.2 NEWSNET,https://2-fss-2.streamhoster.com/pl_118/204972-1954106-1/playlist.m3u8,,,,W14DKD142.us@SD,,,,https://upload.wikimedia.org/wikipedia/commons/9/98/NewsNetLogo2022.png,News,,iptv-org-all.txt
W24 (720p) [Not 24/7],https://ms01.w24.at/W24/smil:liveevent.smil/playlist.m3u8,,,,W24.at@SD,,,,https://i.imgur.com/FpVNrxk.png,Undefined,,iptv-org-all.txt
W Polsce PL (720p),https://lowa8026-cmyk.github.io/WPolscePL.m3u8,,,,WPolscePL.pl@SD,,,,https://i.imgur.com/HQ8UyhL.png,Undefined,,iptv-org-all.txt
W Shopping (720p),https://liveout.catenoid.net/live-05-wshopping/wshopping_1500k/playlist.m3u8,,,,WShopping.kr@SD,,,,https://i.imgur.com/hfXjVJd.png,Shop,,iptv-org-all.txt
Waar TV (1080p),https://hlspackager.akamaized.net/live/DB/WAAR_HD/HLS/WAAR_HD.m3u8,,,,WaarTV.iq@SD,,,,https://i.imgur.com/rK0y02d.png,Undefined,,iptv-org-all.txt
Waffi TV (240p),https://oqgdro3xd4rm-hls-live.5centscdn.com/waffiitvstreaminglivetfmediacast/e0885d428bea69e372309657f3bd895f.sdp/playlist.m3u8,,,,WaffiTV.ng@SD,,,,https://i.imgur.com/3uEuzVH.jpeg,General,,iptv-org-all.txt
Wairarapa TV (1080p) [Not 24/7],https://stream1.np.co.nz/WAITVABR/WAITVABR/playlist.m3u8,,,,WairarapaTV.nz@SD,,,,https://i.imgur.com/xm4KBwE.png,Undefined,,iptv-org-all.txt
Waldivision Internacional,https://media.streambrothers.com:19360/8308/8308.m3u8,,,,WaldivisionInternacional.hn@SD,,,,https://i.imgur.com/NB8pfpb.png,General,,iptv-org-all.txt
Walker Texas Ranger,https://jmp2.uk/plu-635659445b4c4700076d2ad1.m3u8,,,,WalkerTexasRanger.us@France,,,,https://i.imgur.com/0N7EhuD.png,Series,,iptv-org-all.txt
Wan Luo TV (576p),https://stream.hydeinnovations.com/luotv-flussonic/index.m3u8,,,,WanLuoTV.ug@SD,,,,https://i.imgur.com/4PUUp3E.png,General,,iptv-org-all.txt
Wanted: Dead or Alive (720p),https://aegis-cloudfront-1.tubi.video/d5171dc7-f8c6-469c-81eb-e1ffaaed5721/playlist.m3u8,,,,WantedDeadorAlive.us@SD,,,,https://i.imgur.com/vaSXaFp.png,Classic,,iptv-org-all.txt
Wap TV (720p) [Not 24/7],https://newproxy3.vidivu.tv/waptv/index.m3u8,,,,WapTV.ng@SD,,,,https://i.imgur.com/Djng8pI.png,Undefined,,iptv-org-all.txt
WAPA+ (1080p),https://d15svg0m77868y.cloudfront.net/v1/hemisphere_wapaplus_1/samsungheadend_us/latest/main/hls/playlist.m3u8,,,,,,,,,Undefined,,iptv-org-all.txt
Wapp (720p),https://stream.wapptv.cl/video/index.m3u8,,,,Wapp.cl@SD,,,,https://i.imgur.com/Bv1yJ1d.png,Lifestyle,,iptv-org-all.txt
Warner Bros. TV Say Yes to the Dress (720p),https://jmp2.uk/plu-6532e8342cf13100083b404c.m3u8,,,,,,,,,Undefined,,iptv-org-all.txt
Warner Bros. TV Sweet Escapes,https://jmp2.uk/plu-6532e7fa045c3d0008514ca7.m3u8,,,,,,,,,Undefined,,iptv-org-all.txt
Wasabi la chaîne anime (1080p),https://amg01796-amg01796c3-rakuten-uk-2555.playouts.now.amagi.tv/playlist/amg01796-fastmediafast-wasabii-rakutenuk/playlist.m3u8,,,,,,,,,Undefined,,iptv-org-all.txt
Waseb TV (576p),http://103.250.28.74:8000/play/a04k/index.m3u8,,,,WasebTV.pk@SD,,,,https://i.imgur.com/RsF5yVA.png,Undefined,,iptv-org-all.txt
Wata Vision,https://live20.bozztv.com/giatv/giatv-watavision/watavision/chunks.m3u8,,,,WataVision.ve@SD,,,,https://qtrypzzcjebvfcihiynt.supabase.co/storage/v1/object/public/base44-prod/public/6957c378f20b5c77b1942a25/240b9ab5a_IMG_1222.jpeg,General,,iptv-org-all.txt
Watan TV (1080p),https://rp.tactivemedia.com/watantv_source/live/playlist.m3u8,,,,WatanTV.eg@SD,,,,https://i.imgur.com/pZyKaUH.png,General,,iptv-org-all.txt
Watar Radio (1080p),https://svs.itworkscdn.net/smcwatarlive/smcwatar/playlist.m3u8,,,,WatarRadio.ae@SD,,,,https://sbauae.faulio.com/storage/mediagallery/d2/ad/fullhd_48adf2291d08266c05ed1b0c24f326c86b1095b7.png,Undefined,,iptv-org-all.txt
Watar TV (720p) [Not 24/7],http://htvint.mada.ps:8889/orient/index.m3u8,,,,WatarTV.ps@SD,,,,https://i.imgur.com/jdr22Sk.jpeg,General,,iptv-org-all.txt
WATC TV57 (1080p),https://tgn2.bozztv.com/watc57/watc57-1/watc57-1/index.m3u8,,,,WATCDT571.us@HD,,,,https://i.imgur.com/FhIRe7O.png,Undefined,,iptv-org-all.txt
Watch it KID! (720p),https://stream-us-east-1.getpublica.com/playlist.m3u8?network_id=2245,,,,WatchitKID.us@SD,,,,https://i.imgur.com/YNx0j1b.png,Kids,,iptv-org-all.txt
Watch it Scream! (720p),https://stream-us-east-1.getpublica.com/playlist.m3u8?network_id=2246,,,,WatchitScream.us@SD,,,,https://i.imgur.com/bz3Caum.png,Movies,,iptv-org-all.txt
Waterbear (1080p),https://cdn-ue1-prod.tsv2.amagi.tv/linear/amg01415-waterbearnetwor-waterbear-samsungnl/playlist.m3u8,,,,,,,,,Undefined,,iptv-org-all.txt
Waterbear (1080p),https://cdn-ue1-prod.tsv2.amagi.tv/linear/amg01415-waterbearnetwor-waterbear-samsungse/playlist.m3u8,,,,,,,,,Undefined,,iptv-org-all.txt
Waterbear (1080p),https://waterbear-waterbear-rakuten.amagi.tv/playlist.m3u8,,,,,,,,,Undefined,,iptv-org-all.txt
WaterBear (1080p),https://amg01415-waterbearnetwor-waterbear-samsunguk-1h0y8.amagi.tv/playlist/amg01415-waterbearnetwor-waterbear-samsunguk/playlist.m3u8,,,,WaterBear.ch@SD,,,,https://framerusercontent.com/images/41VQQ7F0fYlp1MX1N4Ixog5QnPI.png,Documentary;Outdoor,,iptv-org-all.txt
Wattan TV,https://htvmada.mada.ps:4443/wattan/index.m3u8,,,,WattanTV.ps@SD,,,,https://i.imgur.com/sf2A9vT.png,Undefined,,iptv-org-all.txt
WAVE TV (480p),https://streamer2.nexgen.bz/08-WAVE/index.m3u8,,,,WAVETV.bz@SD,,,,https://i.imgur.com/V8Hfgis.jpg,Music,,iptv-org-all.txt
Wavez FM,https://media.streambrothers.com:1936/uszqnhpjpa/uszqnhpjpa/playlist.m3u8,,,,WavezFM.aw@SD,,,,https://i.imgur.com/uyROZSS.png,Music,,iptv-org-all.txt
Wayanad Vision (1080p),https://cloudsavre.in.net/hls/stream.m3u8,,,,WayanadVision.in@SD,,,,https://i.imgur.com/yF2C4Dt.png,General,,iptv-org-all.txt
Waypoint TV (1080p),https://waypoint-waypointtv-firetv.amagi.tv/playlist.m3u8,,,,WaypointTV.us@SD,,,,https://i.imgur.com/9vvlJN9.png,Outdoor,,iptv-org-all.txt
Wayra TV (720p),https://live-evg11.tv360.bitel.com.pe/bitel/wayratv/playlist.m3u8,,,,WayraTV.pe@SD,,,,https://i.imgur.com/eQLRVFp.png,General,,iptv-org-all.txt
Wazobia Max TV Nigeria (720p),https://wazobia.live:8333/channel/wmax.m3u8,,,,WazobiaMaxTVNigeria.ng@SD,,,,https://i.imgur.com/IeioxBp.png,Undefined,,iptv-org-all.txt
Wazobia Max TV Port Harcourt (720p),https://wazobia.live:8333/channel/wmaxph.m3u8,,,,WazobiaMaxTVPortHarcourt.ng@SD,,,,https://rndcdn.dstv.com/dstvcms/2016/10/20/WazobiaMaz_new4-4logo_001_xlrg.png,Undefined,,iptv-org-all.txt
WBBJ (Jackson TN) (432p),https://dai.google.com/linear/hls/event/HZ3JdLVcQ463l3b1BLXmmQ/master.m3u8,,,,WBBJTV71.us@HD,,,,https://upload.wikimedia.org/wikipedia/commons/2/27/WWAY_logo.png,Undefined,,iptv-org-all.txt
WBRZ Weather Channel Baton Rouge LA (480p),https://d2a6g6zgxepbwi.cloudfront.net/wbrz-edge/weather.stream_360p/playlist.m3u8,,,,WBRZTV21.us@HD,,,,https://i.imgur.com/n057TgX.png,News;Weather,,iptv-org-all.txt
WBTS-CD1 (1080p),https://d368vp0qqzvkid.cloudfront.net/11603/88889713/hls/master.m3u8?ads.xumo_channelId=88889713a&ads.xumo_ifaType=&ads.xumo_providerId=3820&ads.xumo_providerName=NBCNBOS,,,,WBTSCD151.us@HD,,,,https://upload.wikimedia.org/wikipedia/commons/thumb/c/c6/WBTS-LD_NBC_10_Boston_logo.png/960px-WBTS-LD_NBC_10_Boston_logo.png,Undefined,,iptv-org-all.txt
WBTV At the Movies (720p) [Geo-blocked],https://live-manifest.production-public.tubi.io/live/c24f15d1-f67e-4534-bfde-76b9a1b74360/playlist.m3u8,,,,,,,,,Undefined,,iptv-org-all.txt
WBTV Chasing Criminals (720p) [Geo-blocked],https://live-manifest.production-public.tubi.io/live/2bbace1f-ef14-4f1d-84f3-4fa07e4cf498/playlist.m3u8,,,,,,,,,Undefined,,iptv-org-all.txt
WBTV Classic Cinema (720p) [Geo-blocked],https://live-manifest.production-public.tubi.io/live/c9a11be6-98bc-4a1b-a8f0-6236bffa7286/playlist.m3u8,,,,,,,,,Undefined,,iptv-org-all.txt
WBTV Crime scenes (720p) [Geo-blocked],https://live-manifest.production-public.tubi.io/live/f825d887-cd89-4520-9960-699bb3ef076d/playlist.m3u8,,,,,,,,,Undefined,,iptv-org-all.txt
WBTV Family Faves [Geo-blocked],https://live-manifest.production-public.tubi.io/live/39524910-cb76-47bb-bd3b-1ab8676f0981/playlist.m3u8,,,,,,,,,Undefined,,iptv-org-all.txt
WBTV Family Unscripted (720p) [Geo-blocked],https://live-manifest.production-public.tubi.io/live/f451ef60-2bf2-4f54-8833-5e3495b7ea16/playlist.m3u8,,,,,,,,,Undefined,,iptv-org-all.txt
WBTV Generation Drama (720p) [Geo-blocked],https://live-manifest.production-public.tubi.io/live/a8250c51-f628-4936-97cb-67a931d2d7d8/playlist.m3u8,,,,,,,,,Undefined,,iptv-org-all.txt
WBTV Ghosts are Real (720p) [Geo-blocked],https://live-manifest.production-public.tubi.io/live/0893a942-6252-4604-9e43-147c920a3250/playlist.m3u8,,,,,,,,,Undefined,,iptv-org-all.txt
WBTV HBO Boxing (1080p) [Geo-blocked],https://live-manifest.production-public.tubi.io/live/9fe78734-1db2-49b4-af7b-3c89f5f256ad/playlist.m3u8,,,,,,,,,Undefined,,iptv-org-all.txt
WBTV How To (720p) [Geo-blocked],https://live-manifest.production-public.tubi.io/live/8ca40844-aba2-49f8-a58c-37e5597b170e/playlist.m3u8,,,,,,,,,Undefined,,iptv-org-all.txt
WBTV In The Garage (720p) [Geo-blocked],https://live-manifest.production-public.tubi.io/live/2fe3d2d3-5dca-4da5-999f-4fcc54f4a34b/playlist.m3u8,,,,,,,,,Undefined,,iptv-org-all.txt
WBTV Living With Evil (720p) [Geo-blocked],https://live-manifest.production-public.tubi.io/live/963f4a88-fe30-44f7-ae20-09a08eeb7cf7/playlist.m3u8,,,,,,,,,Undefined,,iptv-org-all.txt
WBTV Love & Desire [Geo-blocked],https://live-manifest.production-public.tubi.io/live/d25f9356-8a66-41fb-826d-3545848cfec8/playlist.m3u8,,,,,,,,,Undefined,,iptv-org-all.txt
WBTV Love and Marriage (720p) [Geo-blocked],https://live-manifest.production-public.tubi.io/live/550da437-5c67-44a3-a95e-a897fc7d6612/playlist.m3u8,,,,,,,,,Undefined,,iptv-org-all.txt
WBTV Mysterious Worlds (720p) [Geo-blocked],https://live-manifest.production-public.tubi.io/live/8fa6f1c5-c602-426c-999d-8651180ca7ff/playlist.m3u8,,,,,,,,,Undefined,,iptv-org-all.txt
WBTV News (720p),https://d2ugl2g2gz1giy.cloudfront.net/index.m3u8,,,,WBTV641.us@HD,,,,https://upload.wikimedia.org/wikipedia/commons/thumb/e/ee/CBS_logo_%282020%29.svg/960px-CBS_logo_%282020%29.svg.png,Undefined,,iptv-org-all.txt
WBTV Nikita (720p) [Geo-blocked],https://live-manifest.production-public.tubi.io/live/69aad4c1-9bb9-49db-9b2a-f8b26a7c3582/playlist.m3u8,,,,,,,,,Undefined,,iptv-org-all.txt
WBTV Paws and Claws (720p) [Geo-blocked],https://live-manifest.production-public.tubi.io/live/29c0f72f-e546-4599-a7d5-ad1c2928d531/playlist.m3u8,,,,,,,,,Undefined,,iptv-org-all.txt
WBTV Sweet Escapes (720p) [Geo-blocked],https://live-manifest.production-public.tubi.io/live/7b765297-03ed-4d4a-90d7-3879e776c938/playlist.m3u8,,,,,,,,,Undefined,,iptv-org-all.txt
WBTV The FBI (720p) [Geo-blocked],https://live-manifest.production-public.tubi.io/live/0e9b3dc6-8b19-4854-b0d1-df85b9ffa282/playlist.m3u8,,,,,,,,,Undefined,,iptv-org-all.txt
WBTV Travel and Adventure (720p) [Geo-blocked],https://live-manifest.production-public.tubi.io/live/399519f7-b848-4c8e-aaac-884546a1d916/playlist.m3u8,,,,,,,,,Undefined,,iptv-org-all.txt
WBTV Unique Lives (720p) [Geo-blocked],https://live-manifest.production-public.tubi.io/live/5602f3d6-c62c-4109-8de7-b7d2434ab63b/playlist.m3u8,,,,,,,,,Undefined,,iptv-org-all.txt
WBTV Watchlist [Geo-blocked],https://live-manifest.production-public.tubi.io/live/b399c32f-0c5f-4609-a2f2-94a773397b44/playlist.m3u8,,,,,,,,,Undefined,,iptv-org-all.txt
WBTV Welcome Home (720p) [Geo-blocked],https://live-manifest.production-public.tubi.io/live/edb986fe-9600-4f83-8b6d-8593986f2f3a/playlist.m3u8,,,,,,,,,Undefined,,iptv-org-all.txt
WCAU-DT1 (1080p),https://d368vp0qqzvkid.cloudfront.net/11603/88889705/hls/master.m3u8?ads.xumo_channelId=88889705a&ads.xumo_ifaType=&ads.xumo_providerId=3819&ads.xumo_providerName=NBCNPHI,,,,WCAU621.us@HD,,,,https://upload.wikimedia.org/wikipedia/commons/thumb/d/d9/WCAUlogo2.svg/960px-WCAUlogo2.svg.png,Undefined,,iptv-org-all.txt
WCBI (Columbus MI) (720p),https://townnews.g-mana.live/media/4efc62fa-ad0b-445c-a839-4d1e7636988e/main.m3u8,,,,WCBITV41.us@HD,,,,https://upload.wikimedia.org/wikipedia/commons/thumb/e/ee/CBS_logo_%282020%29.svg/960px-CBS_logo_%282020%29.svg.png,Undefined,,iptv-org-all.txt
WCCA 194 Worcester MA (WCCA-TV) (480p),https://worcester.vod.castus.tv/live/ch1.m3u8,,,,WCCADT1.us@SD,,,,,Undefined,,iptv-org-all.txt
WCETV Digital Channel 31.8,https://h5cul1yar48um3t.wcetv.com/hls/wcetv318.m3u8,,,,WCETVDigitalChannel318.us@SD,,,,https://i.imgur.com/l0UO27k.png,General,,iptv-org-all.txt
WCOT 13 (Tallahassee FL) (720p),https://stream.talgov.net/WCOT/smil:WCOT.smil/playlist.m3u8,,,,WCOT.us@SD,,,,https://i.imgur.com/WMUBDzY.jpg,General,,iptv-org-all.txt
WDEF-TV News Chattanooga TN (720p),https://townnews.g-mana.live/media/a54a6409-5e91-46f0-9fee-06904c1fd094/main.m3u8,,,,WDEFTV121.us@HD,,,,https://upload.wikimedia.org/wikipedia/commons/5/53/WDEF_2015.svg,Undefined,,iptv-org-all.txt
WDR 1 Live (720p),https://wdrfs247.akamaized.net/hls/live/681509/wdr_msl4_fs247/index.m3u8,,,,WDR1Live.de@SD,,,,https://i.imgur.com/RbqDMYx.png,Entertainment,,iptv-org-all.txt
WDR Fernsehen (720p),https://wdr-live.ard-mcdn.de/wdr/live/hls/de/master.m3u8,,,,WDRFernsehen.de@Koln,,,,https://upload.wikimedia.org/wikipedia/commons/thumb/2/22/WDR_Fernsehen_Logo_2018.svg/960px-WDR_Fernsehen_Logo_2018.svg.png,General,,iptv-org-all.txt
WDR Fernsehen Aachen (720p) [Geo-blocked],https://wdrlokalzeit.akamaized.net/hls/live/2018019-b/wdrlz_aachen/master.m3u8,,,,WDRFernsehen.de@Aachen,,,,https://upload.wikimedia.org/wikipedia/commons/thumb/2/22/WDR_Fernsehen_Logo_2018.svg/960px-WDR_Fernsehen_Logo_2018.svg.png,General,,iptv-org-all.txt
WDR Fernsehen Bielefeld (720p) [Geo-blocked],https://wdrlokalzeit.akamaized.net/hls/live/2018026-b/wdrlz_bielefeld/master.m3u8,,,,WDRFernsehen.de@Bielefeld,,,,https://upload.wikimedia.org/wikipedia/commons/thumb/2/22/WDR_Fernsehen_Logo_2018.svg/960px-WDR_Fernsehen_Logo_2018.svg.png,General,,iptv-org-all.txt
WDR Fernsehen Bonn (720p) [Geo-blocked],https://wdrlokalzeit.akamaized.net/hls/live/2018021-b/wdrlz_bonn/master.m3u8,,,,WDRFernsehen.de@Bonn,,,,https://upload.wikimedia.org/wikipedia/commons/thumb/2/22/WDR_Fernsehen_Logo_2018.svg/960px-WDR_Fernsehen_Logo_2018.svg.png,General,,iptv-org-all.txt
WDR Fernsehen Dortmund (720p) [Geo-blocked],https://wdrlokalzeit.akamaized.net/hls/live/2018022-b/wdrlz_dortmund/master.m3u8,,,,WDRFernsehen.de@Dortmund,,,,https://upload.wikimedia.org/wikipedia/commons/thumb/2/22/WDR_Fernsehen_Logo_2018.svg/960px-WDR_Fernsehen_Logo_2018.svg.png,General,,iptv-org-all.txt
WDR Fernsehen Duisburg (720p) [Geo-blocked],https://wdrlokalzeit.akamaized.net/hls/live/2018024-b/wdrlz_duisburg/master.m3u8,,,,WDRFernsehen.de@Duisburg,,,,https://upload.wikimedia.org/wikipedia/commons/thumb/2/22/WDR_Fernsehen_Logo_2018.svg/960px-WDR_Fernsehen_Logo_2018.svg.png,General,,iptv-org-all.txt
WDR Fernsehen Düsseldorf (720p) [Geo-blocked],https://wdrlokalzeit.akamaized.net/hls/live/2018023-b/wdrlz_duesseldorf/master.m3u8,,,,WDRFernsehen.de@Dusseldorf,,,,https://upload.wikimedia.org/wikipedia/commons/thumb/2/22/WDR_Fernsehen_Logo_2018.svg/960px-WDR_Fernsehen_Logo_2018.svg.png,General,,iptv-org-all.txt
WDR Fernsehen Essen (720p) [Geo-blocked],https://wdrlokalzeit.akamaized.net/hls/live/2018027-b/wdrlz_essen/master.m3u8,,,,WDRFernsehen.de@Essen,,,,https://upload.wikimedia.org/wikipedia/commons/thumb/2/22/WDR_Fernsehen_Logo_2018.svg/960px-WDR_Fernsehen_Logo_2018.svg.png,General,,iptv-org-all.txt
WDR Fernsehen Münster (720p) [Geo-blocked],https://wdrlokalzeit.akamaized.net/hls/live/2018025-b/wdrlz_muensterland/master.m3u8,,,,WDRFernsehen.de@Munster,,,,https://upload.wikimedia.org/wikipedia/commons/thumb/2/22/WDR_Fernsehen_Logo_2018.svg/960px-WDR_Fernsehen_Logo_2018.svg.png,General,,iptv-org-all.txt
WDR Fernsehen Siegen (720p) [Geo-blocked],https://wdrlokalzeit.akamaized.net/hls/live/2018020-b/wdrlz_siegen/master.m3u8,,,,WDRFernsehen.de@Siegen,,,,https://upload.wikimedia.org/wikipedia/commons/thumb/2/22/WDR_Fernsehen_Logo_2018.svg/960px-WDR_Fernsehen_Logo_2018.svg.png,General,,iptv-org-all.txt
WDR Fernsehen Wuppertal (720p) [Geo-blocked],https://wdrlokalzeit.akamaized.net/hls/live/2018028-b/wdrlz_wuppertal/master.m3u8,,,,WDRFernsehen.de@Wuppertal,,,,https://upload.wikimedia.org/wikipedia/commons/thumb/2/22/WDR_Fernsehen_Logo_2018.svg/960px-WDR_Fernsehen_Logo_2018.svg.png,General,,iptv-org-all.txt
WDWL-DT1 (Teleadoración/Enlace PR) (720p) [Not 24/7],https://67acccf130420.streamlock.net/enlacepr1/enlacepr1/playlist.m3u8,,,,WDWL581.pr@HD,,,,https://i.imgur.com/B7lqYZe.png,Religious,,iptv-org-all.txt
We One Kerala (720p) [Geo-blocked],http://kl.logicwebs.in:1935/sreemedia/sreemedia/playlist.m3u8,,,,WeOneKerala.in@SD,,,,https://i.imgur.com/iZufxya.jpg,General,,iptv-org-all.txt
We Sport TV,http://forever.megogo.xyz/iptv/QGB4M3H62GC7E3/2471/index.m3u8,,,,WeSportTV.md@SD,,,,https://i.imgur.com/vJZgpOb.png,Sports,,iptv-org-all.txt
We TV (720p),http://170.254.17.2/WE_TV/index.m3u8,,,,WeTV.us@East,,,,https://upload.wikimedia.org/wikipedia/commons/thumb/d/db/We_TV_logo_2014.svg/960px-We_TV_logo_2014.svg.png,Series,,iptv-org-all.txt
Weather Spy (720p),https://beaece44.wurl.com/master/f36d25e7e52f1ba8d7e56eb859c636563214f541/UmFrdXRlblRWLWV1X1dlYXRoZXJTcHlfSExT/playlist.m3u8,,,,WeatherSpy.us@Poland,,,,https://i.imgur.com/yHUUIIz.png,Weather,,iptv-org-all.txt
WeatherNation (1080p),https://d2ferbiwcx1539.cloudfront.net/v1/master/3722c60a815c199d9c0ef36c5b73da68a62b09d1/cc-8zd06wicndthf-ssai-prd/WNNationalSamsung/WNNationalSamsung.m3u8,,,,WeatherNation.us@SD,,,,https://upload.wikimedia.org/wikipedia/commons/thumb/d/de/WeatherNation_Logo.svg/960px-WeatherNation_Logo.svg.png,Weather,,iptv-org-all.txt
WeatherNation Charlotte (720p),https://d16xlk626t29pt.cloudfront.net/ABR.m3u8,,,,,,,,,Undefined,,iptv-org-all.txt
WeatherNation Los Angeles,https://jmp2.uk/plu-61e9af6bfbbcc6000700119b.m3u8,,,,,,,,,Undefined,,iptv-org-all.txt
Weathernews (720p),https://rch01e-alive-hls.akamaized.net/38fb45b25cdb05a1/out/v1/4e907bfabc684a1dae10df8431a84d21/index.m3u8,,,,Weathernews.jp@SD,,,,https://i.imgur.com/A8uRSTS.png,Weather,,iptv-org-all.txt
WeatherSpy (720p),https://jukin-weatherspy-2-au.samsung.wurl.tv/playlist.m3u8,,,,WeatherSpy.au@SD,,,,https://i.imgur.com/GTxN2nH.png,Weather,,iptv-org-all.txt
Weatherspy,https://jukin-weatherspy-2-in.samsung.wurl.tv/playlist.m3u8,,,,WeatherSpy.in@SD,,,,https://i.imgur.com/KIEKOt1.png,Weather,,iptv-org-all.txt
WeatherSpy (720p),https://jukin-weatherspy-2-mx.samsung.wurl.tv/playlist.m3u8,,,,WeatherSpy.mx@SD,,,,https://i.imgur.com/KIEKOt1.png,Weather,,iptv-org-all.txt
WeatherSpy (720p),https://d12gab6t5iutxf.cloudfront.net/playlist.m3u8,,,,WeatherSpy.us@SD,,,,https://i.imgur.com/yHUUIIz.png,Weather,,iptv-org-all.txt
WECN (Único TV) (720p),https://59825a54e4454.streamlock.net:8443/pastorairisn394/pastorairisn394/chunklist_w239411719.m3u8,,,,WECN.pr@SD,,,,https://i.imgur.com/NYBZBY0.png,Religious,,iptv-org-all.txt
Wedding TV,https://stream.cp.ets-sistemi.it:1936/profservtv/profservtv/playlist.m3u8,,,,WeddingTV.it@SD,,,,https://i.imgur.com/dFCrfbk.png,Culture,,iptv-org-all.txt
Wedo Big Stories (1080p),https://amg00735-videosolutionsa-wedobigdocs-ono-0urlz.amagi.tv/playlist/amg00735-videosolutionsa-wedobigdocs-ono/playlist.m3u8,,,,WedoBigStories.ch@SD,,,,https://provider-static.plex.tv/epg/cms/production/49cf6309-0a4a-4d39-bdcc-fa48e4ef84a7/WEDOBIGSTORIES_LIGHTTHEME_-_Sorin_Stoian.png,Documentary,,iptv-org-all.txt
wedo movies (1080p) [Geo-blocked],https://videosolu-w4freemovies-samsunguk-jpmp3.amagi.tv/playlist/videosolu-w4freemovies-samsunguk/playlist.m3u8,,,,,,,,,Undefined,,iptv-org-all.txt
Wedo TV Amor (1080p),https://amg00735-videosolutions-amg00735c15-wedotv-eu-1915.playouts.now.amagi.tv/playlist/amg00735-videosolutionsagfast-wedoamor-wedotveu/playlist.m3u8,,,,WedoTVAmor.ch@SD,,,,https://cdn-01.watch4.com/01/1720621000_wedo-amor_white_logo.png,General,,iptv-org-all.txt
wedotv Amor (720p),https://a-cdn.klowdtv.com/live3/amor_720p/playlist.m3u8,,,,,,,,,Undefined,,iptv-org-all.txt
wedotv Auta (480p),https://amg00735-amg00735c57-rakuten-de-10677.playouts.now.amagi.tv/ts-eu-w1-n2/playlist/amg00735-videosolutionsagfast-wedotvauta-rakutende/cb553d1e726c678e9cd43d67d3ef42a0df2416fc087a8d6933fb4b926bc10f41f4e2a581b212bb785d9914ce1c553f080132c0099c3a0bc6da73b6512d6c6021c9c3ed64d89d1b17b2c8797368e62c4119e10f11d93b53309dbb1858dd68ec2b005ebb0d6f577fdcec0fac6b5ac58402967a7c82fc8e68312f5e56cd543fa29a7c9b1f0f5d65e94693d1605aa34f1abbd31c9df63d81b2a13ebedf52bbc33eabe7b5c98c50d7acad5b3ef4ac466f6f236f8a816ed1b835750fce1b5bcd2552213354fcac85f74f76ee2d250ca9b29fe635ad50a6fd540358406cb1d865a44989e5902bf9691a80e7d6fa575336b4c1145626b2f6a19dc1d352d742d6adf3d47f7098b94136178925f92c2f2a9ff4cf54d5954ed69b2c87bd651863808353c1cce6daa1e0c40abb20c9ccfbd76c16172d5442a054b09f6bd4319229fc975d712e202ecabb5bc094d65734102dd7d6249b797c8cd5808dd01935b0163c5fe665cb52062ced3a686eea24fdda11638b2f06807751d65737894ef9f81cfda8d5e00c58e48e91a29ebd7f4ba5b486210eed8f29b009af85251fe39768f8/106/426x240_611520/index.m3u8,,,,wedotvAuta.pl@FAST,,,,https://images-3.rakuten.tv/storage/global-live-channel/translation/artwork/0ba18c3b-b319-4ea9-bdad-dfba2c348ce3-width200-quality90.jpeg,Auto,,iptv-org-all.txt
wedotv Big Stories (720p),https://a-cdn.klowdtv.com/live3/bigstories_720p/playlist.m3u8,,,,,,,,,Undefined,,iptv-org-all.txt
wedotv Cars (720p),https://a-cdn.klowdtv.com/live3/cars_720p/playlist.m3u8,,,,,,,,,Undefined,,iptv-org-all.txt
WEDQ-DT4 (1080p),https://wedqdt4.lls.pbs.org/wedqdt4-hls.m3u8,,,,WEDQ34.us@HD,,,,https://i.imgur.com/FfEebzW.png,Undefined,,iptv-org-all.txt
Weeds / Nurse Jackie (720p),https://jmp2.uk/plu-688a44cf5d73ec0a3f49718b.m3u8,,,,WeedsNurseJackie.us@SD,,,,https://images.pluto.tv/channels/688a44cf5d73ec0a3f49718b/colorLogoPNG_1756145413989.png,Series,,iptv-org-all.txt
WeertFM TV (720p),https://ms2.mx-cd.net/tv/151-573495/WeertFM_TV.smil/playlist.m3u8,,,,WeertFMTV.nl@SD,,,,https://i.imgur.com/8bt6xt2.png,General,,iptv-org-all.txt
Weird or What? With William Shatner,https://jmp2.uk/plu-65819f83a620e300080f692a.m3u8,,,,,,,,,Undefined,,iptv-org-all.txt
Welat TV (1080i),https://stream.badinan.xyz/welat/tv/playlist.m3u8,,,,WelatTV.sy@HD,,,,https://avatars.githubusercontent.com/u/213803648?s=400&u=e27c09d39f813b9698de9c6559cbf7f196bf6fce&v=4,News,,iptv-org-all.txt
Welt der Wunder TV (576p),https://wdw.iptv-playoutcenter.de/wdw/wdw1/playlist.m3u8,,,,WeltderWunderTV.de@SD,,,,https://i.imgur.com/DLXssJe.png,Undefined,,iptv-org-all.txt
WeShort (1080p),https://streams2.sofast.tv/v1/master/611d79b11b77e2f571934fd80ca1413453772ac7/ea019bed-a45e-4dfe-a452-84f5f2f76ea9/manifest.m3u8,,,,,,,,,Undefined,,iptv-org-all.txt
WEST (1080p),https://cablered.iptvperu.tv:1936/cablered/west/playlist.m3u8,,,,WEST.pe@SD,,,,https://aptcperu.org/wp-content/uploads/2026/04/logoMesa-de-trabajo-1-copia-5.png,Entertainment,,iptv-org-all.txt
West Hollywood WeHoTV (West Hollywood CA) (360p),https://cdn3.wowza.com/5/M0lyamVmM2JWcjhQ/weho/G0161_004/playlist.m3u8,,,,WeHoTV.us@SD,,,,https://i.imgur.com/p3L2vSL.png,Undefined,,iptv-org-all.txt
Western Bound (1080p),https://ime-cw-stirr.otteravision.com/ime/cw/cw.m3u8,,,,,,,,,Undefined,,iptv-org-all.txt
Western Bound (1080p) [Geo-blocked],https://pb-idvkhrn30b0jf.akamaized.net/cw.m3u8,,,,,,,,,Undefined,,iptv-org-all.txt
Western TV,https://jmp2.uk/plu-5e8df4bc16e34700077e77d3.m3u8,,,,WesternTV.us@SD,,,,https://i.imgur.com/nNy9oTx.png,Classic,,iptv-org-all.txt
Westerns 4U (1080p),http://181.224.255.210:8001/play/a0rq/index.m3u8,,,,Westerns4U.us@SD,,,,,Classic,,iptv-org-all.txt
WFLD-DT1 (1080p),https://cdn-uw2-prod.tsv2.amagi.tv/linear/amg00488-foxdigital-wfld-lgus/playlist.m3u8,,,,WFLD501.us@HD,,,,https://upload.wikimedia.org/wikipedia/commons/thumb/f/f0/Fox_Networks_Group_US_logo.svg/960px-Fox_Networks_Group_US_logo.svg.png,Undefined,,iptv-org-all.txt
WFMZ Dorney Park Camera,https://cdn.jaybirdtv.com/wfmz/5/live/master.m3u8,,,,,,,,,Undefined,,iptv-org-all.txt
WFMZ PennST camera,https://cdn.jaybirdtv.com/wfmz/6/live/master.m3u8,,,,,,,,,Undefined,,iptv-org-all.txt
WFMZ PPL Tower Camera,https://cdn.jaybirdtv.com/wfmz/channel/9/master.m3u8,,,,,,,,,Undefined,,iptv-org-all.txt
WFMZ Traffic,https://cdn.jaybirdtv.com/wfmz/channel/7/master.m3u8,,,,,,,,,Undefined,,iptv-org-all.txt
WFTX News Fort Myers FL (720p),https://content.uplynk.com/channel/8975f81e6efd4e609873c3e8e25c7756.m3u8,,,,WFTXTV361.us@HD,,,,https://upload.wikimedia.org/wikipedia/commons/thumb/f/f0/Fox_Networks_Group_US_logo.svg/960px-Fox_Networks_Group_US_logo.svg.png,Undefined,,iptv-org-all.txt
WFUT-DT1 (720p) [Geo-blocked],https://streaming-live-fcdn.api.prd.univisionnow.com/wfut/wfut.isml/hls/wfut.m3u8,,,,WFUTDT681.us@HD,,,,https://upload.wikimedia.org/wikipedia/commons/thumb/3/3b/WFUT-DT_(2021).svg/960px-WFUT-DT_(2021).svg.png,Undefined,,iptv-org-all.txt
WFXT-DT2 (1080p),https://cdn-uw2-prod.tsv2.amagi.tv/linear/amg01438-ewscrippscompan-ionmystery-tablo/playlist.m3u8,,,,WFXT662.us@SD,,,,https://upload.wikimedia.org/wikipedia/commons/thumb/f/fb/ION_Mystery_logo.svg/960px-ION_Mystery_logo.svg.png,Undefined,,iptv-org-all.txt
WGAL-DT3 (1080p) [Geo-blocked],https://lowa8026-cmyk.github.io/iptv/WGAL-DT3/index.m3u8,,,,WGALDT3.us@SD,,,,,Undefined,,iptv-org-all.txt
WGGS-DT2 (720p),https://content.uplynk.com/channel/1f93c13275024afb9e0ead299624073d.m3u8,,,,WGGSTV162.us@SD,,,,https://i.imgur.com/UfN6aAi.png,News,,iptv-org-all.txt
WGGS-TV 16.1,https://wggstv16.ddns.net:9953/hls/WGGS1.m3u8,,,,WGGSTV161.us@HD,,,,https://i.imgur.com/Btw83JA.png,Undefined,,iptv-org-all.txt
WGN-DT1 (720p),http://23.237.104.106:8080/USA_WGN/index.m3u8,,,,WGNDT1.us@SD,,,,,Undefined,,iptv-org-all.txt
WGTV-DT3 (1080p),https://wgtvdt3.lls.pbs.org/wgtvdt3-cmaf-hls.m3u8,,,,WGTV83.us@SD,,,,https://upload.wikimedia.org/wikipedia/commons/8/89/PBS_logo_2019.svg,Undefined,,iptv-org-all.txt
Whakaata Maori (1080p),https://i.mjh.nz/.r/maori-tv.m3u8,,,,WhakaataMaori.nz@SD,,,,https://i.imgur.com/oT3PrHZ.png,Undefined,,iptv-org-all.txt
WHBQ-DT1 (1080p),https://cdn-uw2-prod.tsv2.amagi.tv/linear/amg02104-imagicommcommun-whbqbreaking-ono/playlist.m3u8,,,,WHBQTV131.us@HD,,,,https://upload.wikimedia.org/wikipedia/commons/4/4a/WHBQ_%282015%29.svg,Undefined,,iptv-org-all.txt
Wheels & Steel (1080p),https://amg01775-amg01775c2-amgplt0002.playout.now3.amagi.tv/ts-eu-w1-n2/playlist/amg01775-amg01775c2-amgplt0002/playlist.m3u8,,,,,,,,,Undefined,,iptv-org-all.txt
WHIO-DT1 (1080p),https://cdn-ue1-prod.tsv2.amagi.tv/linear/amg00327-coxmediagroup-whiobreaking-ono/playlist.m3u8,,,,WHIOTV71.us@HD,,,,https://upload.wikimedia.org/wikipedia/commons/thumb/e/ee/CBS_logo_%282020%29.svg/960px-CBS_logo_%282020%29.svg.png,Undefined,,iptv-org-all.txt
Whiplash (720p),https://cdn.whiplash.cc/whiplash/index.m3u8,,,,Whiplash.us@HD,,,,https://whiplash.cc/assets/img/channels/whiplash.png,General,,iptv-org-all.txt
Whiplash Cinema (480p),https://cdn.whiplash.cc/whiplash-cinema/index.m3u8,,,,WhiplashCinema.us@SD,,,,https://whiplash.cc/assets/img/channels/whiplashcinema.png,Movies,,iptv-org-all.txt
Whiplash II (480p),https://cdn.whiplash.cc/whiplash-2/index.m3u8,,,,WhiplashII.us@SD,,,,https://whiplash.cc/assets/img/channels/whiplash2.png,General,,iptv-org-all.txt
White Channel (1080p),http://symc-cdn.violin.co.th:1935/tndedge/whitechannel/chunklist.m3u8,,,,WhiteChannel.th@SD,,,,https://i.imgur.com/Chx0AV9.png,Undefined,,iptv-org-all.txt
White Plains Community Media (360p),https://stream.swagit.com/live-edge/whiteplainsny/smil:std-4x3-1-b/playlist.m3u8,,,,WhitePlainsCommunityMedia.us@SD,,,,https://i.imgur.com/XGQfBbW.png,Undefined,,iptv-org-all.txt
Whittier CityTV (Whittier CA) (720p),https://whittier.cablecast.tv/live/stream-1/live.m3u8,,,,CityTVWhittier.us@SD,,,,https://i.imgur.com/68n7ifH.png,Legislative,,iptv-org-all.txt
Whole Word TV (720p),https://mn-nl.mncdn.com/wholewordtv/wholewordtv/index.m3u8,,,,WholeWordTV.ng@SD,,,,https://i.imgur.com/71MRtuK.png,Religious,,iptv-org-all.txt
Whose Line Is It Anyway?,https://jmp2.uk/plu-672cb91149c40600081cbee5.m3u8,,,,,,,,,Undefined,,iptv-org-all.txt
WHPS Detroit,https://f-tx-edge-87.christianworldmedia.com/313watkins/mp4:313watkins/playlist.m3u8,,,,WHPSCD152.us@SD,,,,https://i.imgur.com/KW1iQ5W.png,General,,iptv-org-all.txt
Wicked Tuna (1080p),https://cdn-uw2-prod.tsv2.amagi.tv/linear/amg00353-lionsgatestudio-wickedtunanl-samsungnl/playlist.m3u8,,,,,,,,,Undefined,,iptv-org-all.txt
Wicked Tuna (1080p),https://amg00353-amg00353c25-rakuten-us-4896.playouts.now.amagi.tv/playlist.m3u8,,,,,,,,,Undefined,,iptv-org-all.txt
Wicked Tuna (720p),https://jmp2.uk/plu-686c2677ed17cf4c900a496d.m3u8,,,,,,,,,Undefined,,iptv-org-all.txt
Wicked Tuna,https://jmp2.uk/plu-6728c561daad7f000881ac83.m3u8,,,,,,,,,Undefined,,iptv-org-all.txt
Wicked Tuna,https://jmp2.uk/plu-65253d66c52b3600083d8dd2.m3u8,,,,,,,,,Undefined,,iptv-org-all.txt
Wicked Tuna,https://jmp2.uk/plu-67c832cc9b53325ee16fb899.m3u8,,,,,,,,,Undefined,,iptv-org-all.txt
Wicked Tuna,https://jmp2.uk/plu-63693fa2bfa0690007ebc880.m3u8,,,,,,,,,Undefined,,iptv-org-all.txt
Wicked Tuna Germany (1080p),https://amg00353-amg00353c28-rakuten-us-4895.playouts.now.amagi.tv/playlist.m3u8,,,,,,,,,Undefined,,iptv-org-all.txt
WIKI TV (720p),https://stream.wikitv.asia/live/ngrp:myStream_all/playlist.m3u8,,,,WikiTV.kh@SD,,,,https://i.imgur.com/rnV0Ui1.png,Education,,iptv-org-all.txt
Wild 'N Out,https://jmp2.uk/plu-5d48678d34ceb37d3c458a55.m3u8,,,,WildNOut.us@SD,,,,https://www.samsung.com/us/smg/content/dam/s7/home/televisions-and-home-theater/tvs/tv-plus/all-channels/08182020/Wild%20N%20Out_190x190.png?raw=true,Series,,iptv-org-all.txt
Wild at Heart,https://jmp2.uk/plu-60817936fd2d70000763d2b2.m3u8,,,,WildatHeart.us@UK,,,,https://i.imgur.com/kyVB8Ik.png,Series,,iptv-org-all.txt
Wild Nature (1080p),https://dhiy0zcig7ty1.cloudfront.net/scheduler/scheduleMaster/491.m3u8,,,,,,,,,Undefined,,iptv-org-all.txt
Wild Planet (1080p),https://d1h8whhtg5u7om.cloudfront.net/WildPlanet_GB.m3u8,,,,,,,,,Undefined,,iptv-org-all.txt
Wild TV (720p),https://a-cdn.klowdtv.com/live3/wildtv_720p/playlist.m3u8,,,,,,,,,Undefined,,iptv-org-all.txt
Wild TV (1080p),https://dfhsahpa45kk2.cloudfront.net/scheduler/scheduleMaster/476.m3u8,,,,WildTV.ca@SD,,,,https://upload.wikimedia.org/wikipedia/en/thumb/a/a7/Wild_TV_logo_2020.png/960px-Wild_TV_logo_2020.png,Undefined,,iptv-org-all.txt
Wild West TV (1080p),https://linear-799.frequency.stream/dist/xumo/799/hls/master/playlist.m3u8,,,,,,,,,Undefined,,iptv-org-all.txt
Wild West TV (1080p) [Geo-blocked],https://pb-7m2kwpwgu3dqf.akamaized.net/playlist.m3u8,,,,,,,,,Undefined,,iptv-org-all.txt
WildEarth (1080p),https://dqga3jatxofgx.cloudfront.net/WildEarth.m3u8,,,,WildEarth.za@SD,,,,https://i.imgur.com/Vhv5gjN.png,Documentary;Education;Outdoor;Relax,,iptv-org-all.txt
Wildest Wish TV (1080p),https://streams2.sofast.tv/sofast3/v1/0197e8dd18f31ebd4704322ec12ab7/0197e8dd477d1ea506ec3673c3696b/playlist.m3u8,,,,,,,,,Undefined,,iptv-org-all.txt
Wildfire,https://jmp2.uk/plu-62b9b63d3bbe9000073c0a2d.m3u8,,,,Wildfire.se@DK,,,,https://images.pluto.tv/channels/62b9b63d3bbe9000073c0a2d/colorLogoPNG.png,Series,,iptv-org-all.txt
Wildfire,https://jmp2.uk/plu-62beb7d7fbf54600076abc7b.m3u8,,,,Wildfire.se@NO,,,,https://images.pluto.tv/channels/62b9b63d3bbe9000073c0a2d/colorLogoPNG.png,Series,,iptv-org-all.txt
Wildfire,https://jmp2.uk/plu-62beb0de371e6c000775930c.m3u8,,,,Wildfire.se@SE,,,,https://images.pluto.tv/channels/62b9b63d3bbe9000073c0a2d/colorLogoPNG.png,Series,,iptv-org-all.txt
Will&Grace (720p),https://jmp2.uk/plu-697a0577f9c3aa5a215a4ef8.m3u8,,,,,,,,,Undefined,,iptv-org-all.txt
Willax TV (1080p),http://190.93.224.42/WILLAX/index.m3u8,,,,WillaxTV.pe@SD,,,,https://i.imgur.com/bZnDDPH.png,General,,iptv-org-all.txt
Williams TV (480p),http://79.120.178.90:1935/williams/williamstv/playlist.m3u8,,,,WilliamsTV.hu@SD,,,,https://i.imgur.com/vysX07C.png,General,,iptv-org-all.txt
Willow (720p),http://tvsen5.aynascope.net/willowhd/index.m3u8,,,,Willow.us@SD,,,,https://cricket.willow.tv/_nuxt/img/willow_blue_logo.362ed8e.png,Sports,,iptv-org-all.txt
Willow Sports (1080p),https://d36r8jifhgsk5j.cloudfront.net/Willow_TV1080p.m3u8,,,,WillowSports.us@HD,,,,https://provider-static.plex.tv/epg/cms/production/acf3d1d8-c53e-49ca-86e9-0d9410b106b4/Willow_Sports_dark_Background_1500_1000_color.png,Sports,,iptv-org-all.txt
Willow Sports (1080p),https://d36r8jifhgsk5j.cloudfront.net/Willow_TV.m3u8,,,,WillowSports.us@SD,,,,https://provider-static.plex.tv/epg/cms/production/acf3d1d8-c53e-49ca-86e9-0d9410b106b4/Willow_Sports_dark_Background_1500_1000_color.png,Sports,,iptv-org-all.txt
Win Sports (1080p),http://138.121.15.230:9002/WIN-SPORT/index.m3u8,,,,WinSports.co@SD,,,,https://i.imgur.com/DuSSrHV.png,Sports,,iptv-org-all.txt
Win TV (576p),https://mumt06.tangotv.in/qYyB8fXVWINTV/index.m3u8,,,,WinTV.in@SD,,,,https://jiotvimages.cdn.jio.com/dare_images/images/Win_TV.png,Undefined,,iptv-org-all.txt
Window TV (720p),https://cdn.whiplash.cc/whiplash-windowtv/index.m3u8,,,,WindowTV.us@SD,,,,https://whiplash.cc/assets/img/channels/windowtv.png,Undefined,,iptv-org-all.txt
Wine Watches Whiskey (1080p),https://www-on-freecast.b-cdn.net/WWW-on-Freecast/index.m3u8,,,,WineWatchesWhiskey.us@HD,,,,https://i.imgur.com/MN89dfS.png,Undefined,,iptv-org-all.txt
Winter Vibes (1080p),https://d11iakikomyd5e.cloudfront.net/playlist.m3u8,,,,,,,,,Undefined,,iptv-org-all.txt
Winthrop Community Access TV (WCAT 15) (360p) [Not 24/7],https://frontdoor.wcat-tv.org/live-12/live/live.m3u8,,,,WCATDT15.us@SD,,,,,Undefined,,iptv-org-all.txt
Winx Club,https://jmp2.uk/plu-62568a94ed1f380007b0211f.m3u8,,,,,,,,,Undefined,,iptv-org-all.txt
WION (1080p),http://vg-zeefta.akamaized.net/ptnr-yupptv/title-wion/v1/master/611d79b11b77e2f571934fd80ca1413453772ac7/20c3c0d9-0256-43fe-bca6-70fdd490b957/main.m3u8,,,,WION.in@SD,,,,https://i.imgur.com/Wc5Z3iS.png,News,,iptv-org-all.txt
Wipe Out,https://jmp2.uk/plu-5ed6828192e8b3000743ef61.m3u8,,,,,,,,,Undefined,,iptv-org-all.txt
Wipeout,https://jmp2.uk/plu-6909e5c3a3a4b49706b8373b.m3u8,,,,PlutoTVWipeout.us@SD,,,,https://i.imgur.com/KVTNBFr.png,Series,,iptv-org-all.txt
Wipeout Xtra (1080p),https://amg00627-banijaygroup-wipeoutxtraau-samsungau-ashbl.amagi.tv/playlist/amg00627-banijaygroup-wipeoutxtraau-samsungau/playlist.m3u8,,,,WipeoutXtra.us@SD,,,,https://i.imgur.com/UDeCRW1.png,Entertainment,,iptv-org-all.txt
WIPR (1080p),https://streamwipr.pr/hls/stream/index.m3u8,,,,WIPRTV61.pr@HD,,,,https://i.imgur.com/MGJaxFO.png,Undefined,,iptv-org-all.txt
Wired2Fish (720p) [Geo-blocked],https://wire2fish-klowdtv.amagi.tv/playlist.m3u8,,,,Wired2FishTV.us@SD,,,,https://i.imgur.com/zAtt7oq.png,Undefined,,iptv-org-all.txt
WiseHumanTv (1080p),https://avr.host247.net/live/WiseHumanTv/playlist.m3u8,,,,WiseHumanTv.ir@HD,,,,https://i.imgur.com/BT7EtfB.png,Religious,,iptv-org-all.txt
WITI-DT1 (1080p),https://cdn-uw2-prod.tsv2.amagi.tv/linear/amg00488-foxdigital-witi-lgus/playlist.m3u8,,,,WITI61.us@HD,,,,,Undefined,,iptv-org-all.txt
WITN 22 (Wilmington DE) (1080p) [Not 24/7],https://witn.cablecast.tv/live-4/live/live.m3u8,,,,WITN22.us@SD,,,,https://i.imgur.com/Esu8PyB.png,General,,iptv-org-all.txt
Witness to Justice (720p),https://dxwldsv8fdzik.cloudfront.net/v1/aenetworks_witnesstojustice_1/samsungheadend_us/latest/main/hls/playlist.m3u8,,,,,,,,,Undefined,,iptv-org-all.txt
WJAX-DT1 (1080p),https://cdn-ue1-prod.tsv2.amagi.tv/linear/amg00327-coxmediagroup-wjaxbreaking-ono/playlist.m3u8,,,,WJAXTV471.us@HD,,,,https://i.imgur.com/TBjVU9L.png,Undefined,,iptv-org-all.txt
WJBK-DT1 (1080p),https://cdn-uw2-prod.tsv2.amagi.tv/linear/amg00488-foxdigital-fox2detroitwjbk-vizious/playlist.m3u8,,,,WJBK21.us@HD,,,,https://i.imgur.com/EL9Bwtf.png,News,,iptv-org-all.txt
WJXT News4JAX (Jacksonville FL) (720p),https://dai.google.com/linear/hls/event/RDmbn03GRCOLNG1eetEKhg/master.m3u8,,,,WJXT71.us@HD,,,,https://i.imgur.com/mrWo0P1.png,Undefined,,iptv-org-all.txt
WKAQ-DT1 (Telemundo PR) (1080p),https://nbculocallive.akamaized.net/hls/live/2037499/puertorico/stream1/master.m3u8,,,,WKAQTV21.pr@HD,,,,https://i.imgur.com/DVASpQj.png,General,,iptv-org-all.txt
WKAQ-DT2 (Punto 2) (720p),https://nbculocallive.akamaized.net/hls/live/2037499/puertorico/stream2/master.m3u8,,,,WKAQTV22.pr@HD,,,,https://i.imgur.com/TL6xy4y.png,Undefined,,iptv-org-all.txt
WLMB (1080p),https://rpn.bozztv.com/wlmb/wlmb/wlmb/index.m3u8,,,,WLMB.us@SD,,,,https://i.imgur.com/KeELZ1Y.png,Religious,,iptv-org-all.txt
WLNG Radio (410p) [Not 24/7],http://wlngstudiowebcam.srfms.com:1935/wlngstudiowebcam/livestream/playlist.m3u8,,,,WLNGRadio.us@SD,,,,,Undefined,,iptv-org-all.txt
WLTV-DT 23.1 (720p),http://168.228.44.241:9997/play/a09d/index.m3u8,,,,WLTVDT231.us@HD,,,,https://i.imgur.com/Sr3EoK5.png,Undefined,,iptv-org-all.txt
WMBC-DT1 (720p),http://d029dcec.kazmazpaz.ru/iptv/GVR4V8HYAGBS5V/1098/manifest.m3u8,,,,WMBCTV631.us@HD,,,,https://upload.wikimedia.org/wikipedia/commons/e/e0/WMBC_logo.jpg,Undefined,,iptv-org-all.txt
WMGT-TV News (Macon GA) (720p),https://townnews.g-mana.live/media/e6909128-cd42-4690-8340-4b8a49455666/main.m3u8,,,,WMGTTV411.us@HD,,,,https://upload.wikimedia.org/wikipedia/commons/thumb/7/7a/NBC_logo_2022_%28vertical%29.svg/960px-NBC_logo_2022_%28vertical%29.svg.png,Undefined,,iptv-org-all.txt
WMPT-DT2 (PBS Create),https://2-fss-1.streamhoster.com/pl_122/amlst:201814-2122456/playlist.m3u8,,,,WMPT222.us@SD,,,,https://upload.wikimedia.org/wikipedia/commons/thumb/7/71/Create_TV_network_logo.svg/960px-Create_TV_network_logo.svg.png,Undefined,,iptv-org-all.txt
WNBC-DT1 (1080p),https://d368vp0qqzvkid.cloudfront.net/11603/88889709/hls/master.m3u8?ads.xumo_channelId=88889709a&ads.xumo_ifaType=&ads.xumo_providerId=3816&ads.xumo_providerName=NBCNNY,,,,WNBC471.us@HD,,,,https://upload.wikimedia.org/wikipedia/commons/thumb/4/43/WNBC_4_NY.svg/960px-WNBC_4_NY.svg.png,Undefined,,iptv-org-all.txt
WNYW-DT1 (1080p),https://cdn-uw2-prod.tsv2.amagi.tv/linear/amg00488-foxdigital-wnyw-lgus/playlist.m3u8,,,,WNYW51.us@HD,,,,https://i.imgur.com/zZd9Tkt.png,Undefined,,iptv-org-all.txt
Women's Sports Network (1080p),https://d39accvx65hq9o.cloudfront.net/Womens_Sports_Network.m3u8,,,,WomensSportsNetwork.us@SD,,,,https://i.imgur.com/rhIwUcQ.png,Undefined,,iptv-org-all.txt
Wonder (1080p),https://lds-wonder-rakuten.amagi.tv/playlist.m3u8,,,,Wonder.uk@SD,,,,https://i.imgur.com/LquGNbh.png,Science,,iptv-org-all.txt
WooHoo (720p),http://45.162.64.114/WOOHOO/index.m3u8,,,,WooHoo.br@SD,,,,https://i.imgur.com/me622pa.png,Undefined,,iptv-org-all.txt
Workpoint TV,https://lb1-live-mv.v2h-cdn.com/hls/ffcb/gbinrvp/gbinrvp.m3u8,,,,WorkpointTV.th@SD,,,,https://i.imgur.com/zq6Xshf.png,Undefined,,iptv-org-all.txt
World Billiards TV,https://9a81dd4ee3884d0dbcacafaf0d81327a.mediatailor.us-east-1.amazonaws.com/v1/master/04fd913bb278d8775298c26fdca9d9841f37601f/RakutenTV-eu_BilliardsTV/playlist.m3u8,,,,WorldBilliards.pl@SD,,,,https://images-3.rakuten.tv/storage/global-live-channel/translation/artwork/80af06f2-a12e-4406-bd13-b932fd69fffe-width200-quality90.png,Undefined,,iptv-org-all.txt
World Channel (1080p),https://world.lls.pbs.org/index.m3u8,,,,WorldChannel.us@SD,,,,https://upload.wikimedia.org/wikipedia/commons/3/36/World_Channel_2023.svg,Education,,iptv-org-all.txt
World Entertainment TV 42,http://3bb.engatetv.com:25461/hstn/line/147,,,,WorldEntertainmentTV42.th@SD,,,,https://i.imgur.com/03bcq49.png,Entertainment,,iptv-org-all.txt
World Harvest TV (360p),https://597865f6e4114.streamlock.net/live/leseaorigin.stream/playlist.m3u8,,,,WorldHarvestTV.us@SD,,,,https://i.imgur.com/xtbkDDN.png,Undefined,,iptv-org-all.txt
World of Freesports (1080p),https://mainstreammedia-worldoffreesportsintl-rakuten.amagi.tv/hls/amagi_hls_data_rakutenAA-mainstreammediafreesportsintl-rakuten/CDN/master.m3u8,,,,WorldofFreesports.de@Poland,,,,https://i.imgur.com/lta5Mog.png,Sports,,iptv-org-all.txt
World of Freesports (1080p),https://mainstreammedia-worldoffreesportsintl-rakuten.amagi.tv/playlist.m3u8,,,,WorldofFreesports.de@SD,,,,https://i.imgur.com/lta5Mog.png,Sports,,iptv-org-all.txt
World of Love Island (1080p),https://worldofloveisland-rakuten.amagi.tv/playlist.m3u8,,,,,,,,,Undefined,,iptv-org-all.txt
World Of Love Island (1080p) [Geo-blocked],https://amg00654-itvstudios-worldofloveisland-samsungse-nbyj3.amagi.tv/playlist/amg00654-itvstudios-worldofloveisland-samsungse/playlist.m3u8,,,,,,,,,Undefined,,iptv-org-all.txt
World of Love Island (720p),https://jmp2.uk/plu-667d419415f35c0008942dd1.m3u8,,,,,,,,,Undefined,,iptv-org-all.txt
World of Love Island (720p),https://jmp2.uk/plu-6440f8ba939a5900082bddc8.m3u8,,,,,,,,,Undefined,,iptv-org-all.txt
World of Love Island (720p),https://jmp2.uk/plu-6440f73ee94c380008ccddc8.m3u8,,,,,,,,,Undefined,,iptv-org-all.txt
World of Love Island (720p),https://jmp2.uk/plu-69699b6d23ea437206f4a036.m3u8,,,,,,,,,Undefined,,iptv-org-all.txt
World of Love Island,https://jmp2.uk/plu-6440f6e25a0cd500083b1ca4.m3u8,,,,,,,,,Undefined,,iptv-org-all.txt
World Poker Tour,https://jmp2.uk/plu-5ad9b7aae738977e2c312132.m3u8,,,,WorldPokerTour.us@Germany,,,,https://i.imgur.com/98kLMjj.png,Sports,,iptv-org-all.txt
World Poker Tour (1080p),https://d39g1vxj2ef6in.cloudfront.net/v1/master/3fec3e5cac39a52b2132f9c66c83dae043dc17d4/prod-rakuten-stitched/playlist.m3u8?ads.xumo_channelId=88883102,,,,WorldPokerTour.us@Poland,,,,https://i.imgur.com/98kLMjj.png,Sports,,iptv-org-all.txt
World Poker Tour (1080p),https://amg00477-samsungelectron-worldpokertour-samsunguk-81igb.amagi.tv/playlist/amg00477-samsungelectron-worldpokertour-samsunguk/playlist.m3u8,,,,WorldPokerTour.us@UK,,,,https://i.imgur.com/98kLMjj.png,Sports,,iptv-org-all.txt
World Poker Tour (1080p),https://d2e00kr7m9coe4.cloudfront.net/scheduler/scheduleMaster/406.m3u8,,,,WorldPokerTour.us@US,,,,https://i.imgur.com/98kLMjj.png,Sports,,iptv-org-all.txt
World TV Guatemala (720p),https://183.bozztv.com/giatv/giatv-worldtvgt/worldtvgt/playlist.m3u8,,,,WorldTVGuatemala.gt@HD,,,,https://i.ibb.co/G4cTmRgz/World-Tv-Guatemala.png,General,,iptv-org-all.txt
World War TV (1080p),https://aenetworks-worldwartv-rakuten.amagi.tv/playlist.m3u8,,,,,,,,,Undefined,,iptv-org-all.txt
World War TV (1080p),https://amg00841-aenetworksukane-worldwartv-samsunguk-fiod1.amagi.tv/playlist/amg00841-aenetworksukane-worldwartv-samsunguk/playlist.m3u8,,,,,,,,,Undefined,,iptv-org-all.txt
World War TV,https://jmp2.uk/plu-6319ee0cf78bb10007ee5e6b.m3u8,,,,,,,,,Undefined,,iptv-org-all.txt
World’s Most Evil Killers (1080p) [Geo-blocked],https://pb-b62f663v8jteu.akamaized.net/Worlds_Most_Evil_Killers.m3u8,,,,,,,,,Undefined,,iptv-org-all.txt
WOS TV (1080p),https://ms2.mx-cd.net/dtv-11/99-660295/WOS.smil/playlist.m3u8,,,,WOS.nl@SD,,,,https://i.imgur.com/L7MUBIo.png,Undefined,,iptv-org-all.txt
WOW Kidz (720p),https://yuppparoriglin.akamaized.net/181224/smil:wowkidzhindi.smil/playlist.m3u8?hdnts=st=1735898689~exp=1835898688~acl=*~hmac=f5fe24724fe05481e3841f9eb5ab8efdee0a3dd83645ae9dcf45703f525bab7b,,,,WOWKidz.in@Hindi,,,,https://d229kpbsb5jevy.cloudfront.net/yupptvnew/content/common/channel/logos/mjvezt.png,Animation;Kids,,iptv-org-all.txt
WOW Kidz (720p),https://yuppparoriglin.akamaized.net/181224/smil:wowkidztelgu.smil/playlist.m3u8?hdnts=st=1735898689~exp=1835898688~acl=*~hmac=f5fe24724fe05481e3841f9eb5ab8efdee0a3dd83645ae9dcf45703f525bab7b,,,,WOWKidz.in@Telugu,,,,https://d229kpbsb5jevy.cloudfront.net/yupptvnew/content/common/channel/logos/mjvezt.png,Animation;Kids,,iptv-org-all.txt
WOW Kidz Tamil (720p),https://yuppparoriglin.akamaized.net/181224/smil:wowkidztam.smil/playlist.m3u8?hdnts=st=1735898689~exp=1835898688~acl=*~hmac=f5fe24724fe05481e3841f9eb5ab8efdee0a3dd83645ae9dcf45703f525bab7b,,,,WOWKidz.in@Tamil,,,,https://d229kpbsb5jevy.cloudfront.net/yupptvnew/content/common/channel/logos/mjvezt.png,Animation;Kids,,iptv-org-all.txt
WOW TV (1080p),https://cdn-edge1.cef-technology.com/wow/wow_tv/playlist.m3u8,,,,WOWTV.sv@SD,,,,https://i.imgur.com/dHxaWyp.png,General,,iptv-org-all.txt
WP TV (1080p) [Geo-blocked],https://vs2142.vcdn.biz/f5c4d9b74c12f9db99c064d94631c59d_megogo/live/hls/b/700_2490_4000/u_sid/0/o/160416841/rsid/4673ad1b-2a38-46b9-82a9-7cbafbc54569/u_uid/0/u_vod/0/u_device/cms_html5/u_devicekey/_site/lip/5.63.189.60*asn/u_srvc/81255/u_did/web_CMWYc1jg2seAIWTzywW0wnkKBUjPO3gG/type.live/chunklist-sid8153936265259287922-b4000000.m3u8,,,,WPTV.pl@SD,,,,https://ocdn.eu/ptv2-images-transforms/1/NIbkrRsb2dvLW1pZ3JhdGVkL3dwLnBuZ5KVAmQAwsOVAgAowsM,Undefined,,iptv-org-all.txt
WPIX-HD (576p),https://tvsen6.aynaott.com/pix11/index.m3u8,,,,WPIXHD.us@SD,,,,https://upload.wikimedia.org/wikipedia/commons/thumb/2/29/PIX11_2017.svg/960px-PIX11_2017.svg.png,Undefined,,iptv-org-all.txt
WPS TV (360p),https://2-fss-2.streamhoster.com/pl_120/amlst:203530-1426406/playlist.m3u8,,,,WPSTV.us@SD,,,,https://i.imgur.com/zwzmwse.jpg,Education,,iptv-org-all.txt
WPT,https://jmp2.uk/plu-5f8ecfb9db6c180007a6d1b0.m3u8,,,,,,,,,Undefined,,iptv-org-all.txt
WPTV News West Palm Beach FL (720p),https://content.uplynk.com/channel/b02350ef854c4eef8358eead1f59a5cc.m3u8,,,,WPTVTV51.us@HD,,,,https://upload.wikimedia.org/wikipedia/commons/thumb/7/7a/NBC_logo_2022_%28vertical%29.svg/960px-NBC_logo_2022_%28vertical%29.svg.png,Undefined,,iptv-org-all.txt
WPXI-DT1 (1080p),https://cdn-ue1-prod.tsv2.amagi.tv/linear/amg00327-coxmediagroup-wpxibreaking-ono/playlist.m3u8,,,,WPXI111.us@HD,,,,https://i.imgur.com/MNSBpDW.png,Undefined,,iptv-org-all.txt
WRC-DT1 (1080p),https://d368vp0qqzvkid.cloudfront.net/11603/88889708/hls/master.m3u8?ads.xumo_channelId=88889708a&ads.xumo_ifaType=&ads.xumo_providerId=3830&ads.xumo_providerName=NBCNWAS,,,,WRCDT1.us@SD,,,,,Undefined,,iptv-org-all.txt
Wrestling Legends TV (720p),https://jmp2.uk/plu-68c820525ec82769fdfcd104.m3u8,,,,,,,,,Undefined,,iptv-org-all.txt
WRUA-DT1 (Tiva TV) (720p),https://fl496518-exthls-p1.flovp.com/fl496518/live/live.m3u8,,,,WRUADT1.pr@SD,,,,,Undefined,,iptv-org-all.txt
WSB-DT1 (1080p),https://cdn-ue1-prod.tsv2.amagi.tv/linear/amg00327-coxmediagroup-wsbbreakingnews-ono/playlist.m3u8,,,,WSBDT1.us@SD,,,,,Undefined,,iptv-org-all.txt
WSBS-DT1 (1080p),https://mdstrm.com/live-stream-playlist/67ed74e8af482ba71d47fd7b.m3u8,,,,WSBSTV221.us@HD,,,,https://upload.wikimedia.org/wikipedia/commons/1/18/MegaTV.png,Undefined,,iptv-org-all.txt
WSLF-LD 35.1 (720p),https://content.uplynk.com/channel/1992858a34c3423dbdad491d07ae6f75.m3u8,,,,WSLFLD351.us@HD,,,,https://upload.wikimedia.org/wikipedia/commons/thumb/f/fc/Daystar_(2008%E2%80%93present)_unmodified_logo.svg/960px-Daystar_(2008%E2%80%93present)_unmodified_logo.svg.png,Undefined,,iptv-org-all.txt
WSOC Now (1080p) [Geo-blocked],https://amg00327-coxmediagroup-wsocbreaking-plex-t51et.amagi.tv/playlist/amg00327-coxmediagroup-wsocbreaking-plex/playlist.m3u8,,,,WSOCNow.us@SD,,,,https://i.imgur.com/tUb1mdc.png,News,,iptv-org-all.txt
WSOC-DT1 (1080p),https://cdn-ue1-prod.tsv2.amagi.tv/linear/amg00327-coxmediagroup-wsocbreaking-ono/playlist.m3u8,,,,WSOCTV91.us@HD,,,,https://upload.wikimedia.org/wikipedia/commons/2/27/WWAY_logo.png,Undefined,,iptv-org-all.txt
WTMO-CD 31.1 (720p),https://d368vp0qqzvkid.cloudfront.net/manifest/3fec3e5cac39a52b2132f9c66c83dae043dc17d4/prod_default_nbc-direct/adcee832-5511-4ed1-bcef-58616c0f530f/4.m3u8,,,,WTMOCD311.us@HD,,,,https://upload.wikimedia.org/wikipedia/commons/thumb/3/3d/Telemundo_31_(2019).svg/960px-Telemundo_31_(2019).svg.png,News,,iptv-org-all.txt
WTNH-DT1 (720p),https://tkx.mp.lura.live/rest/v2/mcp/video/11135425.m3u8?anvack=pDKqMLyG9pVqMkSYRJHWu3XROjAlvR6z&eud=1iqQ+zazzEobWIhmmj6bA8STRJm4HceYQApO7QYBvy9BTps0KI7LuXGD4KK7RLtBTyO8KsbFw40vgX8hrw+xqw==,,,,WTNH81.us@HD,,,,https://upload.wikimedia.org/wikipedia/commons/2/27/WWAY_logo.png,Undefined,,iptv-org-all.txt
WTTG-DT1 (1080p),https://cdn-uw2-prod.tsv2.amagi.tv/linear/amg00488-foxdigital-fox5dcwttg-vizious/playlist.m3u8,,,,WTTG51.us@HD,,,,https://i.imgur.com/ktLKla7.png,Undefined,,iptv-org-all.txt
WTV,https://wtvlive.b-cdn.net/playlist.m3u8,,,,WTV.be@SD,,,,https://i.imgur.com/wvKe8mi.png,Undefined,,iptv-org-all.txt
Wtv (720p),https://live-evg7.tv360.bitel.com.pe/bitel/ncanalSRT/playlist.m3u8,,,,Wtv.pe@SD,,,,https://i.imgur.com/V10iVeh.png,General,,iptv-org-all.txt
WTV Canal 20 (1080p),https://cootv.cootel.com.ni:8095/Canal40_WTV/playlist.m3u8,,,,WTVCanal20.ni@SD,,,,https://i.imgur.com/nb81xeU.png,Entertainment,,iptv-org-all.txt
WTVJ-DT1 (1080p),https://nbculocallive.akamaized.net/hls/live/2037498/miami/stream1/master.m3u8,,,,WTVJ61.us@HD,,,,https://upload.wikimedia.org/wikipedia/commons/thumb/8/8d/WTVJ_2023.svg/960px-WTVJ_2023.svg.png,Undefined,,iptv-org-all.txt
WTVQ ABC 36 News (Lexington KY) (720p),https://townnews.g-mana.live/media/14d1fd2c-0548-4803-80ad-6657831a7981/main.m3u8,,,,WTVQDT361.us@HD,,,,https://i.imgur.com/XIoBeja.png,Undefined,,iptv-org-all.txt
WTVT-DT1 (1080p),https://cdn-uw2-prod.tsv2.amagi.tv/linear/amg00488-foxdigital-fox13tampabaywtvt-vizious/playlist.m3u8,,,,WTVT131.us@HD,,,,https://upload.wikimedia.org/wikipedia/commons/thumb/f/f0/Fox_Networks_Group_US_logo.svg/960px-Fox_Networks_Group_US_logo.svg.png,Undefined,,iptv-org-all.txt
WTXF-DT1 (1080p),https://cdn-uw2-prod.tsv2.amagi.tv/linear/amg00488-foxdigital-fox29philadelphiawtx-vizious/playlist.m3u8,,,,WTXFTV291.us@HD,,,,https://i.imgur.com/fRjmk5r.png,Undefined,,iptv-org-all.txt
Wu Tang Collection (720p),https://dbrb49pjoymg4.cloudfront.net/10001/99991745/hls/master.m3u8?ads.xumo_channelId=99991745,,,,WuTangCollection.us@SD,,,,https://i.imgur.com/sz55sBl.png,Movies,,iptv-org-all.txt
Wuan+,https://7.innovatestream.pe:19360/ecuadortest/ecuadortest.m3u8,,,,WuanPlus.ec@SD,,,,https://i.imgur.com/pJNx1za.png,General,,iptv-org-all.txt
WVCU-LP Concord University Radio The Cure 97.7 (1080p),https://video1.getstreamhosting.com:1936/8152/8152/playlist.m3u8,,,,WVCULP.us@SD,,,,https://upload.wikimedia.org/wikipedia/en/0/0f/WVCU-LP_2015.PNG,Music,,iptv-org-all.txt
WVIT-DT1 (1080p),https://d368vp0qqzvkid.cloudfront.net/11603/88889707/hls/master.m3u8?ads.xumo_channelId=88889707a&ads.xumo_ifaType=&ads.xumo_providerId=3832&ads.xumo_providerName=NBCNCT,,,,WVIT301.us@HD,,,,https://upload.wikimedia.org/wikipedia/commons/thumb/3/3c/WVIT_Logo_2017.svg/960px-WVIT_Logo_2017.svg.png,Undefined,,iptv-org-all.txt
WVVH-CD 18.1 (720p),https://2-fss-2.streamhoster.com/pl_138/amlst:207282-6094500/playlist.m3u8,,,,WVVHCD181.us@HD,,,,https://upload.wikimedia.org/wikipedia/en/3/3f/WVVH-CD_logo.png,Undefined,,iptv-org-all.txt
WWE Superstar Central (1080p),https://dpv6ceilvhyrw.cloudfront.net/playlist.m3u8,,,,,,,,,Undefined,,iptv-org-all.txt
WWON TV CH 48,https://tv2.fastcast4u.com:3943/stream/play.m3u8,,,,WWONTVChannel48.us@SD,,,,https://i.imgur.com/l4qHAq6.png,Entertainment,,iptv-org-all.txt
WWOR-DT1,http://37c18028.akadatel.com/iptv/T6XNCP6L7LLKPD/1088/mpegts,,,,WWORTV91.us@HD,,,,https://upload.wikimedia.org/wikipedia/commons/thumb/3/38/MyNetworkTV_2D_Logo.svg/960px-MyNetworkTV_2D_Logo.svg.png,Undefined,,iptv-org-all.txt
WWXY-DT1 (Boricua TV) (1080p),https://2-fss-2.streamhoster.com/pl_138/amlst:201284-1347630/playlist.m3u8,,,,WWXYDT1.pr@SD,,,,,Undefined,,iptv-org-all.txt
WWXY-DT3 (Maranatha Radio Ministries) (720p) [Not 24/7],https://vip.livecastnet.com:3930/live/maranatharadiolive.m3u8,,,,WWXYDT3.pr@SD,,,,,Undefined,,iptv-org-all.txt
WXTV-DT1,https://streaming-live-fcdn.api.prd.univisionnow.com/wxtv/wxtv.isml/hls/wxtv.m3u8,,,,WXTVDT681.us@HD,,,,https://i.imgur.com/Q7xrM2w.png,Undefined,,iptv-org-all.txt
WXWZ-LD1 (MásTV Canal 23) (720p),https://5bf8041cb3fed.streamlock.net/mastvpr/mastvpr/playlist.m3u8,,,,WXWZLD231.pr@HD,,,,https://i.imgur.com/rjmGc9p.png,Undefined,,iptv-org-all.txt
WXXV-TV News (Biloxi MS) (720p),https://townnews.g-mana.live/media/c8c354e0-672f-4368-a17d-a862ee98af4a/main.m3u8,,,,WXXVTV251.us@HD,,,,https://upload.wikimedia.org/wikipedia/commons/thumb/f/f0/Fox_Networks_Group_US_logo.svg/960px-Fox_Networks_Group_US_logo.svg.png,Undefined,,iptv-org-all.txt
X Level Media (1080p),https://tuvideoonline.com.ar:3332/live/xlevelmedialive.m3u8,,,,XLevelMedia.ar@SD,,,,https://i.imgur.com/BGwQdQW.jpeg,Music,,iptv-org-all.txt
X-Factor: Das Unfassbare,https://jmp2.uk/plu-642d7e029189ce0008958af5.m3u8,,,,,,,,,Undefined,,iptv-org-all.txt
Xama TV,https://srs.unsj.edu.ar/live/xama/xama.flv,,,,XamaTV.ar@SD,,,,https://i.imgur.com/dcNzVNN.png,Undefined,,iptv-org-all.txt
Xena: Warrior Princess (720p),https://jmp2.uk/plu-677fb0b33a225c2d0d8a17be.m3u8,,,,,,,,,Undefined,,iptv-org-all.txt
Xezer TV (720p),https://www.xezerxeber.az/stream/index.m3u8,,,,XezerTV.az@SD,,,,https://upload.wikimedia.org/wikipedia/en/9/97/X%C9%99z%C9%99r_TV_Logo.png,General,,iptv-org-all.txt
XFC TV (720p),https://stream-us-east-1.getpublica.com/playlist.m3u8?network_id=2247,,,,XFCTV.us@SD,,,,https://i.imgur.com/LcfzmG0.png,Sports,,iptv-org-all.txt
Xinjiang TV 1,https://klmysjtzb.rcsxzx.com/hls/klmy2.m3u8,,,,XinjiangTV1.cn@SD,,,,https://i.imgur.com/VLaQYn4.png,Undefined,,iptv-org-all.txt
Xinjiang TV 8,http://120.70.60.179:9901/tsfile/live/1002_1.m3u8?authid=0&key=txiptv&playlive=1,,,,XinjiangTV8.cn@SD,,,,https://i.imgur.com/JJw1Ndc.png,Undefined,,iptv-org-all.txt
XITE (720p),https://xite-rakuten.amagi.tv/playlist.m3u8,,,,XITE.nl@SD,,,,https://i.imgur.com/jxuwGRi.png,Music,,iptv-org-all.txt
XITE 80s Flashback (1080p),https://d1n314cytqn9r3.cloudfront.net/XITE_80s_Flashback.m3u8,,,,,,,,,Undefined,,iptv-org-all.txt
XITE 90's Throwback (1080p),https://d284aawtm5vi48.cloudfront.net/v1/master/3722c60a815c199d9c0ef36c5b73da68a62b09d1/cc-fjdfi2br1jtq7/XITE_90s_Throwback.m3u8,,,,XITE90sThrowback.us@SD,,,,https://i.imgur.com/vwpOzuz.png,Music,,iptv-org-all.txt
XITE 90s Throwback (1080p),https://d284aawtm5vi48.cloudfront.net/XITE_90s_Throwback.m3u8,,,,,,,,,Undefined,,iptv-org-all.txt
XITE Celebrates (1080p),https://dt1s4l2cmiyit.cloudfront.net/XITE_Celebrates.m3u8,,,,,,,,,Undefined,,iptv-org-all.txt
XITE Christian Hits (1080p),https://d2tuyivcrvbj81.cloudfront.net/XITE_Christian_Hits.m3u8,,,,,,,,,Undefined,,iptv-org-all.txt
XITE Classic Country (1080p) [Geo-blocked],https://pb-wgi5ljoabjgdm.akamaized.net/XITE_Countrys_Finest.m3u8,,,,XITEClassicCountry.nl@SD,,,,https://i.imgur.com/XQrMCkT.png,Music,,iptv-org-all.txt
XITE Country Today (1080p) [Geo-blocked],https://pb-5itqeen09owrs.akamaized.net/XITE_Country_Today.m3u8,,,,,,,,,Undefined,,iptv-org-all.txt
XITE Gospel (720p),https://jmp2.uk/plu-623b93628e6ded0007337d4d.m3u8,,,,,,,,,Undefined,,iptv-org-all.txt
XITE Hits (1080p),https://d726x48n2pd5h.cloudfront.net/XITE_Hits.m3u8,,,,XITEHits.nl@NL,,,,https://i.imgur.com/N51Rp7E.png,Music,,iptv-org-all.txt
XITE Hits Germany (1080p),https://d726x48n2pd5h.cloudfront.net/v1/master/3722c60a815c199d9c0ef36c5b73da68a62b09d1/cc-skxr1pazhltvp/XITE_Hits.m3u8,,,,XITEHits.nl@Germany,,,,https://i.imgur.com/N51Rp7E.png,Music,,iptv-org-all.txt
XITE Hits UK (1080p),https://amg01243-xitenetworksint-hitsuk-samsunguk-mvovq.amagi.tv/playlist/amg01243-xitenetworksint-hitsuk-samsunguk/playlist.m3u8,,,,XITEHits.nl@UK,,,,https://i.imgur.com/N51Rp7E.png,Music,,iptv-org-all.txt
XITE Just Chill (1080p),https://dvnftgdlbnemm.cloudfront.net/XITE_Just_Chill.m3u8,,,,XITEJustChill.nl@US,,,,https://provider-static.plex.tv/epg/cms/production/927dd614-017d-49dd-9eb9-0ed79d09084e/xitejustchill_logo_light_-_Arlette_FiranRDX.png,Music,,iptv-org-all.txt
XITE Nuevo Latino (1080p),https://d3bsgqzbpkrvbb.cloudfront.net/XITE_Nuevo_Latino.m3u8,,,,,,,,,Undefined,,iptv-org-all.txt
XITE Nuevo Latino (1080p),https://d3bsgqzbpkrvbb.cloudfront.net/v1/master/3722c60a815c199d9c0ef36c5b73da68a62b09d1/cc-w288eaw03izg1/XITE_Nuevo_Latino.m3u8,,,,XITENuevoLatino.us@SD,,,,https://i.imgur.com/2qyl2y3.png,Music,,iptv-org-all.txt
XITE R&B Classic Jams (1080p) [Geo-blocked],https://pb-bakywpoa0kn1n.akamaized.net/XITE_RnB_Classic_Jams.m3u8,,,,,,,,,Undefined,,iptv-org-all.txt
XITE Reggae Vibes (1080p),https://dw2m7yrngfg8c.cloudfront.net/XITE_Reggae_Vibes.m3u8,,,,XITEReggaeVibes.nl@HD,,,,https://provider-static.plex.tv/epg/cms/production/c7506335-967f-46a9-917a-2a35475cd96c/xitereggaevibes_logo_light_-_Arlette_FiranRDX.png,Music,,iptv-org-all.txt
XITE Rock x Metal (1080p),https://d198ro05q94rc4.cloudfront.net/XITE_Rock_On.m3u8,,,,XITERockxMetal.nl@US,,,,https://i.imgur.com/uIIUIuN.png,Music,,iptv-org-all.txt
XITE Siempre Latino (1080p),https://d1xc25jm9e0l4b.cloudfront.net/XITE_Siempre_Latino.m3u8,,,,,,,,,Undefined,,iptv-org-all.txt
XITE Siempre Latino (1080p),https://d1xc25jm9e0l4b.cloudfront.net/v1/master/3722c60a815c199d9c0ef36c5b73da68a62b09d1/cc-xplkt8i7m24dc/XITE_Siempre_Latino.m3u8,,,,XITESiempreLatino.us@SD,,,,https://i.imgur.com/bwmIEgG.png,Music,,iptv-org-all.txt
Xizang TV Tibetan (720p) [Not 24/7],http://php.jdshipin.com:8880/xztv.php?id=zy,,,,XizangTVTibetan.cn@SD,,,,https://i.imgur.com/NtvfnVV.png,Undefined,,iptv-org-all.txt
XON (480p) [Not 24/7],http://ms2.mx-cd.net/tv/EdeTV.smil/playlist.m3u8,,,,XON.nl@SD,,,,https://i.imgur.com/xEUHgMj.png,Undefined,,iptv-org-all.txt
Xplore (714p) [Geo-blocked],http://web.onair-radio.eu:1935/explorecy/explorecy/playlist.m3u8,,,,Xplore.gr@SD,,,,https://i.imgur.com/8oy62fX.png,Undefined,,iptv-org-all.txt
Xplore (1080p),https://cdn-uw2-prod.tsv2.amagi.tv/linear/amg00111-hearstmediaprod-xploreintlnl-samsungnl/playlist.m3u8,,,,XploreTV.us@SD,,,,https://i.imgur.com/WaGRlFO.png,Entertainment,,iptv-org-all.txt
XPTV1 (720p),https://janus.xpbroadcasting.com:8443/hls/xptv1.m3u8,,,,XPTV1.es@SD,,,,https://i.imgur.com/Ty7GkoN.png,Music,,iptv-org-all.txt
XPTV2 (720p),https://janus.xpbroadcasting.com:8443/hls/xptv2.m3u8,,,,XPTV2.es@SD,,,,https://i.imgur.com/74Z8ATB.png,Entertainment,,iptv-org-all.txt
XPTV US (720p),https://janus.xpbroadcasting.com:8443/hls/xptvUS.m3u8,,,,XPTVUS.es@SD,,,,https://i.imgur.com/1m7kDmc.png,Series,,iptv-org-all.txt
Xtra Tv (720p) [Not 24/7],https://edge.essastream.com/xtratv/index.m3u8,,,,XtraTv.do@HD,,,,https://xtratvrd.com/logo512.png,General,,iptv-org-all.txt
Xtrem Sports (1080p),https://streams2.sofast.tv/v1/master/611d79b11b77e2f571934fd80ca1413453772ac7/e0b81a5c-6ab5-48cd-aaa9-f82de4ab5bf9/manifest.m3u8,,,,,,,,,Undefined,,iptv-org-all.txt
Xtreme Outdoor by HISTORY,https://jmp2.uk/plu-6000a6f4c3f8550008fc9b91.m3u8,,,,,,,,,Undefined,,iptv-org-all.txt
Xtreme Outdoor Presented by HISTORY (720p),https://dxagbr7yc4m1d.cloudfront.net/v1/aenetworks_skills_thrills_1/samsungheadend_us/latest/main/hls/playlist.m3u8,,,,,,,,,Undefined,,iptv-org-all.txt
Xtremo Channel (720p) [Geo-blocked],https://ss2.tvrdomi.com:1936/xtremochannel/xtremochannel/playlist.m3u8,,,,XtremoChannel.do@SD,,,,https://i.imgur.com/bvPh0Uq.png,General,,iptv-org-all.txt
XTV (720p),https://streamer2.nexgen.bz/02-KREM/index.m3u8,,,,XTV.bz@SD,,,,https://i.imgur.com/zDDM5hP.png,General,,iptv-org-all.txt
XV TV (480p),https://cloudfront44.lexanetwork.com:1344/relay01/HDE051.sdp/playlist.m3u8,,,,XVTV.hu@SD,,,,https://i.ibb.co/hH2KF6W/4792.png,General,,iptv-org-all.txt
Y'a que la vérité qui compte,https://jmp2.uk/plu-612e044c970e6f00083bcf3b.m3u8,,,,Yaquelaveritequicompte.us@France,,,,https://i.imgur.com/MDHN2Vc.png,Entertainment,,iptv-org-all.txt
Y'a Que La Vérité Qui Compte La Chaîne (1080p),https://rakutenaa-fastmedia-yaquelaverite-rakuten-81p2x.amagi.tv/playlist/rakutenAA-fastmedia-yaquelaverite-rakuten/playlist.m3u8,,,,,,,,,Undefined,,iptv-org-all.txt
YAAAS! (720p) [Geo-blocked],https://d3knqoaufvjug3.cloudfront.net/yas.m3u8,,,,YAAAS.uk@HD,,,,https://www.freeview.co.uk/sites/default/files/styles/255_wide/public/2019-12/yaas-logo250x144.png,Kids,,iptv-org-all.txt
Yachting TV (1080p),https://streams2.sofast.tv/vglive-sk-461164/index.m3u8,,,,YachtingTV.cz@SD,,,,https://i.imgur.com/YxO60B1.png,Lifestyle,,iptv-org-all.txt
Yadah TV (576p) [Not 24/7],https://viewmedia7219.bozztv.com/wmedia/viewmedia100/web_018/Stream/playlist.m3u8,,,,YadahTV.zw@SD,,,,https://i.imgur.com/4BNVhoC.png,Religious,,iptv-org-all.txt
Yahoo! Finance (1080p),https://d1ewctnvcwvvvu.cloudfront.net/playlist.m3u8,,,,YahooFinance.us@SD,,,,https://i.imgur.com/43oHsHL.png,Business,,iptv-org-all.txt
Yahoo! Sports Network (1080p),https://d7vulbd7rxo7j.cloudfront.net/Yahoo_Sports_Network.m3u8,,,,,,,,,Undefined,,iptv-org-all.txt
Yam Tichoni (1080p),http://stream.mcquack.net/46/index.m3u8,,,,YamTichoni.il@SD,,,,https://upload.wikimedia.org/wikipedia/he/thumb/5/58/YamTichoniChannel.svg/1280px-YamTichoniChannel.svg.png,Series,,iptv-org-all.txt
Ýaşlyk (406p) [Not 24/7],https://alpha.tv.online.tm/hls/ch002.m3u8,,,,Yaslyk.tm@SD,,,,https://i.imgur.com/QVWBNGM.png,Education,,iptv-org-all.txt
Yazd,https://ncdn.telewebion.ir/taban/live/playlist.m3u8,,,,YazdTV.ir@SD,,,,https://upload.wikimedia.org/wikipedia/commons/thumb/2/21/Yazd_taban.svg/960px-Yazd_taban.svg.png,Undefined,,iptv-org-all.txt
Yemen Today TV (480p),https://video.yementdy.tv/hls/yementoday.m3u8,,,,YemenTodayTV.ye@SD,,,,https://i.imgur.com/8TzcJu5.png,Undefined,,iptv-org-all.txt
YES,https://customer-ujex1meek7koqd9x.cloudflarestream.com/4f0b316cdb0fbb7f8ca93860ed11d38b/manifest/video.m3u8,,,,YES.mv@SD,,,,https://i.imgur.com/HARIGQl.png,News,,iptv-org-all.txt
Yes Network (720p),http://23.237.104.106:8080/USA_YES_NETWORK/index.m3u8,,,,YesNetwork.us@SD,,,,https://upload.wikimedia.org/wikipedia/commons/thumb/b/be/YES_Network_logo.svg/960px-YES_Network_logo.svg.png,Undefined,,iptv-org-all.txt
YET Max (720p),https://live.yettelevision.com:5443/LiveApp/streams/yettv2.m3u8,,,,YETMax.in@HD,,,,https://yettelevision.com/assets/images/logo/channel_11847.png,Music,,iptv-org-all.txt
YET TV (720p),https://live.yettelevision.com:5443/LiveApp/streams/yettv.m3u8,,,,YETTV.in@HD,,,,https://yettelevision.com/assets/images/logo/channel_1.png,Entertainment,,iptv-org-all.txt
YLE TV 1 (1080p) [Not 24/7],https://yletvworld.akamaized.net/hls/live/622540/yletv1w/index.m3u8,,,,YleTV1.fi@SD,,,,https://i.imgur.com/6yXZwUL.png,Undefined,,iptv-org-all.txt
YLE TV 2 (1080p) [Not 24/7],https://yletvworld.akamaized.net/hls/live/622541/yletv2w/index.m3u8,,,,YleTV2.fi@SD,,,,https://i.imgur.com/4xkc6PL.png,Undefined,,iptv-org-all.txt
YLE TV Teema & Fem (1080p) [Not 24/7],https://yletvworld.akamaized.net/hls/live/622547/yletvteemafemw/index.m3u8,,,,YleTeemaFem.fi@SD,,,,https://upload.wikimedia.org/wikipedia/commons/thumb/0/04/Yle_Teema_%26_Fem.svg/960px-Yle_Teema_%26_Fem.svg.png,Undefined,,iptv-org-all.txt
YleX Studio Live (720p),https://ylestudiolive.akamaized.net/hls/live/2007826/ylestudiolive-YleX/master.m3u8,,,,YleX.fi@SD,,,,https://upload.wikimedia.org/wikipedia/commons/thumb/c/cf/YleX.svg/960px-YleX.svg.png,Music,,iptv-org-all.txt
Yo! MTV (1080p),https://jmp2.uk/plu-654102ed770cf1000866c307.m3u8,,,,YoMTV.us@CA,,,,https://images.pluto.tv/channels/654102ed770cf1000866c307/colorLogoPNG.png,Music,,iptv-org-all.txt
Yo! MTV (1080p),https://jmp2.uk/plu-5d14fc31252d35decbc4080b.m3u8,,,,YoMTV.us@SD,,,,https://images.pluto.tv/channels/654102ed770cf1000866c307/colorLogoPNG.png,Music,,iptv-org-all.txt
Yobe TV (720p),https://oqgdro3xd4rm-hls-live.5centscdn.com/tfmediacastlivestream24/60414fd886a863e5851f4559fb86e7f6.sdp/playlist.m3u8,,,,YobeTV.ng@SD,,,,https://ytv.ng/images/yobe/ytv-logo.jpg,General,,iptv-org-all.txt
YOL TV,https://live.yoltv.com/hls/stream.m3u8,,,,YOLTV.de@SD,,,,https://i.imgur.com/rTBX6lS.png,General,,iptv-org-all.txt
Yoshlar (1080p),https://stream8.cinerama.uz/1002/tracks-v1a1/playlist.m3u8,,,,Yoshlar.uz@SD,,,,https://i.imgur.com/s4xfUSx.png,General,,iptv-org-all.txt
YouDotGov,https://reflect-communitytv.cablecast.tv/live-3/live/stream-1/live.m3u8,,,,YouDotGov.us@SD,,,,https://i.imgur.com/4Mc7baR.png,Legislative,,iptv-org-all.txt
Young Hollywood (1080p) [Geo-blocked],https://amg00143-younghollywoodfast-amg00143c1-cineverse-us-946.playouts.now.amagi.tv/playlist/amg00143-younghollywoodfast-younghollywood-cineverseus/playlist.m3u8,,,,YoungHollywood.us@SD,,,,https://i.imgur.com/X27MGHd.png,Entertainment,,iptv-org-all.txt
YOUNIB Media TV (720p) [Not 24/7],https://goliveafrica.media:9998/live/6257fbe7383d6/index.m3u8,,,,YOUNIBMediaTV.ke@SD,,,,https://i.imgur.com/LtiPOYG.jpg,Religious,,iptv-org-all.txt
YourTime TV,https://hls.yourtime.live/hls/stream.m3u8,,,,YourTimeTV.ir@SD,,,,https://i.imgur.com/X38vWJ1.png,Entertainment,,iptv-org-all.txt
YOY International (576p),https://gist.githubusercontent.com/iptvonlinetv/8a6b2f12e5e968537378f1245cea02c9/raw/78bf84476f8e24cc8ea9d5ac24855078c61b18db/udp305.575.530:3030.m3u8,,,,YOYInternational.id@HD,,,,https://hosting.renderforestsites.com/35126779/1657983/media/3ed50b4273b16759c16450206bec0196.png,General,,iptv-org-all.txt
YRF Music (1080p),https://cdn-uw2-prod.tsv2.amagi.tv/linear/amg01412-xiaomiasia-yrfmusic-xiaomi/playlist.m3u8,,,,YRFMusic.in@SD,,,,https://jiotvimages.cdn.jio.com/dare_images/images/YRF_Music.png,Music,,iptv-org-all.txt
YTA TV (720p),https://stream-us-east-1.getpublica.com/playlist.m3u8?network_id=16767,,,,YTATV.us@SD,,,,https://i.imgur.com/UDpDJ7v.png,Entertainment,,iptv-org-all.txt
YTN (720p),http://202.60.106.14:8080/214/playlist.m3u8,,,,YTN.kr@SD,,,,https://upload.wikimedia.org/wikipedia/commons/thumb/b/b4/YTN_logo_2014.svg/960px-YTN_logo_2014.svg.png,General,,iptv-org-all.txt
Yu-Gi-Oh! (1080p),https://amg01796-amg01796c19-rakuten-gb-7486.playouts.now.amagi.tv/playlist/amg01796-fastmediafast-yugioh2en-rakutengb/playlist.m3u8,,,,YuGiOh.us@SD,,,,https://i.imgur.com/Tl6aW2u.png,Animation,,iptv-org-all.txt
Yu-Gi-Oh! en espanol (1080p),https://amg01796-amg01796c18-rakuten-es-7491.playouts.now.amagi.tv/playlist/amg01796-fastmediafast-yugiohees-rakutenes/playlist.m3u8,,,,YuGiOhenespanol.us@SD,,,,https://i.imgur.com/VH8RiHg.png,Undefined,,iptv-org-all.txt
Yu-Gi-Oh! Italy (1080p),https://amg01796-amg01796c17-rakuten-it-7492.playouts.now.amagi.tv/playlist/amg01796-fastmediafast-yugioh3it-rakutenit/playlist.m3u8,,,,,,,,,Undefined,,iptv-org-all.txt
Yuma77,https://securestream10.champds.com/LIVE/YumaCoAZLIVE/YumaCoAZLIVE.m3u8,,,,Yuma77.us@SD,,,,https://i.imgur.com/KBriwwj.png,Legislative,,iptv-org-all.txt
Yuma AZ CH 72 (1080p),https://livestream.telvue.com/yumaaz1/f7b44cfafd5c52223d5498196c8a2e7b.sdp/playlist.m3u8,,,,YumaChannel72.us@SD,,,,https://i.imgur.com/QsFBCWv.png,Legislative,,iptv-org-all.txt
Yuma AZ CH 73 (1080p),https://livestream.telvue.com/yumaaz2/f7b44cfafd5c52223d5498196c8a2e7b.sdp/playlist.m3u8,,,,YumaChannel73.us@SD,,,,https://i.imgur.com/QsFBCWv.png,Legislative,,iptv-org-all.txt
Yunavision (720p) [Not 24/7],https://tele-stream.telecasa.net/live/st1/yunavision-hd/index.m3u8,,,,Yunavision.do@SD,,,,https://i.imgur.com/YjceEv5.png,Entertainment,,iptv-org-all.txt
Yurimaguas TV (720p),https://live-evg7.tv360.bitel.com.pe/bitel/yurimaguastvSRT/playlist.m3u8,,,,YurimaguasTV.pe@SD,,,,https://i.imgur.com/VWC6Pt1.png,General,,iptv-org-all.txt
Yurivision (720p),https://live-evg5.tv360.bitel.com.pe/bitel/yurivisionSRT/playlist.m3u8,,,,Yurivision.pe@SD,,,,https://i.imgur.com/VhWuaER.jpeg,General,,iptv-org-all.txt
Z (Запорожье) (1080p),https://stream.ztv.zp.ua/hls/live.m3u8,,,,Z.ua@SD,,,,https://i.imgur.com/E5aV5aa.png,Undefined,,iptv-org-all.txt
Z Nation,https://jmp2.uk/plu-66b3af48d2d50d00083d6936.m3u8,,,,ZNation.us@SD,,,,https://images-1.rakuten.tv/storage/global-live-channel/translation/artwork/dff3a92e-c4aa-49c4-b1b6-4a847428b8d5-width200-quality90.png,Series,,iptv-org-all.txt
Zabb Channel (720p),https://vdo.plathong.net/flash7057/flash7057/playlist.m3u8,,,,ZabbChannel.th@SD,,,,https://i.imgur.com/4TMtUjW.png,Undefined,,iptv-org-all.txt
Zagorodnaya Zhizn (576p),http://185.57.68.33/40/index.m3u8,,,,ZagorodnayaZhizn.ru@SD,,,,https://i.imgur.com/RoYd5pz.png,Undefined,,iptv-org-all.txt
Zagros,https://ncdn.telewebion.ir/zagros/live/playlist.m3u8,,,,ZagrosTV.ir@SD,,,,https://upload.wikimedia.org/wikipedia/fa/thumb/e/e4/Kermanshah_Zaghros.svg/960px-Kermanshah_Zaghros.svg.png,General,,iptv-org-all.txt
Zagros TV (1080p),https://hlspackager.akamaized.net/live/DB/ZAGROS_TV/HLS/ZAGROS_TV.m3u8,,,,ZagrosTV.iq@SD,,,,https://i.imgur.com/9Mspf32.png,General,,iptv-org-all.txt
Zainabia Channel,https://zainabia.livebox.co.in/ZainabiaChannelhls/channel.m3u8,,,,ZainabiaChannel.in@SD,,,,,Religious,,iptv-org-all.txt
Zalaegerszegi TV (360p),https://cloudfront44.lexanetwork.com:1344/freerelay/zegtv.sdp/playlist.m3u8,,,,ZalaegerszegiTV.hu@SD,,,,https://i.imgur.com/MLVPf0i.png,Undefined,,iptv-org-all.txt
Zapadoslovenska TV,https://dash2.antik.sk/live/test_zapadoslovenska/playlist.m3u8,,,,ZapadoslovenskaTV.sk@SD,,,,https://i.imgur.com/D72Y1IB.png,General,,iptv-org-all.txt
Zaracay TV (1080p) [Not 24/7],https://video2.makrodigital.com/zaracay/zaracay/playlist.m3u8,,,,ZaracayTV.ec@SD,,,,https://i.imgur.com/6q0Gp9R.png,General,,iptv-org-all.txt
Zarin TV (1080p),https://fl1002.bozztv.com/gf-zarintv/index.m3u8,,,,ZarinTV.us@SD,,,,,General,,iptv-org-all.txt
Zarok TV (720p),https://zindikurmanci.zaroktv.com.tr/hls/stream.m3u8,,,,ZarokTV.tr@SD,,,,https://i.imgur.com/o0eevnb.png,Undefined,,iptv-org-all.txt
Zarok TV Sorani (720p),https://zindisorani.zaroktv.com.tr/hls/stream.m3u8,,,,,,,,,Undefined,,iptv-org-all.txt
ZAS TV,https://cloud5.zastv.net/hls/zastv.m3u8,,,,ZASTV.do@HD,,,,https://www.vivalivetv.com/public/files/shows/0/1/4058-294x165-FFFFFF.jpg,General,,iptv-org-all.txt
ZAZ (1080p),https://cloud.fastchannel.es/mic/manifiest/hls/zaztv/zaztv.m3u8,,,,ZAZ.mx@SD,,,,,Entertainment,,iptv-org-all.txt
ZB Bhakti (720p),https://server.zillarbarta.com/zbbhakti/index.m3u8,,,,ZBBhakti.in@HD,,,,https://jiotvimages.cdn.jio.com/dare_images/images/zbbhakti.png,Religious,,iptv-org-all.txt
ZB Cartoon (1080p),https://server.zillarbarta.com/zbcatun/video.m3u8,,,,ZBCartoon.in@HD,,,,https://jiotvimages.cdn.jio.com/dare_images/images/zbcatun.png,Kids,,iptv-org-all.txt
ZB Music (720p),https://server.zillarbarta.com/zbmusic/index.m3u8,,,,ZBMusic.in@HD,,,,https://jiotvimages.cdn.jio.com/dare_images/images/zbmusic.png,Music,,iptv-org-all.txt
ZDF (720p) [Geo-blocked],https://zdf-hls-15.akamaized.net/hls/live/2016498/de/high/master.m3u8,,,,ZDF.de@SD,,,,https://i.imgur.com/rtLb6m9.png,Undefined,,iptv-org-all.txt
ZDFinfo (720p) [Geo-blocked],https://zdf-hls-17.akamaized.net/hls/live/2016500/de/high/master.m3u8,,,,ZDFinfo.de@SD,,,,https://i.imgur.com/vtq1IWp.png,Undefined,,iptv-org-all.txt
ZDFneo (720p) [Geo-blocked],https://zdf-hls-16.akamaized.net/hls/live/2016499/de/high/master.m3u8,,,,ZDFneo.de@SD,,,,https://i.imgur.com/1JIIGgL.png,Undefined,,iptv-org-all.txt
Zed TV,https://zedhls.wns.live/hls/stream.m3u8,,,,ZedTV.ir@HD,,,,,Undefined,,iptv-org-all.txt
Zee 24 Ghanta (576p),http://45.148.145.57/IN_Zee24Ghanta/index.m3u8,,,,Zee24Ghanta.in@SD,,,,https://dtil.tmsimg.com/assets/GNLZZGG0022KGXP.png?lock=720x540,News,,iptv-org-all.txt
Zee 24 Kalak (720p),https://vg-zeefta.akamaized.net/ptnr-yupptv/title-zee24kalak/v1/manifest/611d79b11b77e2f571934fd80ca1413453772ac7/497f7199-758d-495d-9d2f-a5489231c428/14b7c8ec-16da-47f2-8d7e-5bbaec67b3e2/3.m3u8,,,,Zee24Kalak.in@SD,,,,https://dtil.tmsimg.com/assets/GNLZZGG00230P1R.png?lock=720x540,News,,iptv-org-all.txt
Zee 24 Taas (720p),https://dgrvlduwztkd4.cloudfront.net/index_5.m3u8,,,,Zee24Taas.in@SD,,,,https://dtil.tmsimg.com/assets/GNLZZGG00230LKE.png?lock=720x540,News,,iptv-org-all.txt
Zee Alwan (576p) [Not 24/7],https://tgn.bozztv.com/gin-dvrfl05/ga-zeealwan/index.m3u8,,,,ZeeAlwan.ae@SD,,,,https://i.imgur.com/OLuCox7.png,Entertainment;Series,,iptv-org-all.txt
Zee Bangla HD (720p),https://raw.githubusercontent.com/amazeyourself/adaptive-streams/refs/heads/main/streams/in/YuppTV/ZeeBanglaHD.m3u8,,,,ZeeBangla.in@HD,,,,https://xstreamcp-assets-msp.streamready.in/assets/LIVETV/LIVECHANNEL/LIVETV_LIVETVCHANNEL_ZEE_BANGLA/images/LOGO_HD/LOGO_HD_image.png,Entertainment,,iptv-org-all.txt
Zee Bangla Sonar (576p),https://d1g8wgjurz8via.cloudfront.net/bpk-tv/ColorsHD/default/ColorsHD.m3u8,,,,ZeeBanglaSonar.in@SD,,,,https://dtil.tmsimg.com/assets/GNLZZGG00287G7K.png?lock=720x540,Entertainment,,iptv-org-all.txt
Zee Bharat (720p),https://vg-zeefta.akamaized.net/ptnr-yupptv/title-zeehindustan/v1/master/611d79b11b77e2f571934fd80ca1413453772ac7/96bbab12-582e-4540-af70-510ab6824581/main.m3u8,,,,ZeeBharat.in@SD,,,,https://dtil.tmsimg.com/assets/GNLZZGG00230QBL.png?lock=720x540,News,,iptv-org-all.txt
Zee Bihar Jharkhand (720p),https://raw.githubusercontent.com/amazeyourself/adaptive-streams/refs/heads/main/streams/in/YuppTV/ZeeBiharJharkhand.m3u8,,,,ZeeBiharJharkhand.in@SD,,,,https://dtil.tmsimg.com/assets/GNLZZGG00230Y44.png?lock=720x540,News,,iptv-org-all.txt
Zee Bollymovies (1080p) [Geo-blocked],https://amg17931-zee-amg17931c8-samsung-th-6526.playouts.now.amagi.tv/playlist.m3u8,,,,ZeeBollymovies.in@SD,,,,https://framerusercontent.com/images/mqfJ18x4jYe0GbZUbxSHsbnWU.png?scale-down-to=512,Movies,,iptv-org-all.txt
Zee Bollymovies Australia (1080p) [Geo-blocked],https://amg17931-zee-amg17931c8-samsung-au-8871.playouts.now.amagi.tv/playlist.m3u8,,,,ZeeBollymovies.in@Australia,,,,https://framerusercontent.com/images/mqfJ18x4jYe0GbZUbxSHsbnWU.png?scale-down-to=512,Movies,,iptv-org-all.txt
Zee Bollywood (580p),https://s3.itcnbd.live/channel/a5979fd53c01d1b2.m3u8,,,,ZeeBollywood.in@SD,,,,https://dtil.tmsimg.com/assets/GNLZZGG0022T6DM.png?lock=720x540,Movies,,iptv-org-all.txt
Zee Business (720p),https://dwby15d04agvq.cloudfront.net/index_5.m3u8,,,,ZeeBusiness.in@SD,,,,https://dtil.tmsimg.com/assets/GNLZZGG00230YYJ.png?lock=720x540,Business,,iptv-org-all.txt
Zee Cafe HD (1080p),http://103.72.101.252:8080/live/1319.m3u8,,,,ZeeCafe.in@HD,,,,https://dtil.tmsimg.com/assets/GNLZZGG0022ZMMH.png?lock=720x540,Series,,iptv-org-all.txt
Zee Cine Classic (1080p),https://amg00862-amg00862c8-amgplt0173.playout.now3.amagi.tv/playlist/amg00862-amg00862c8-amgplt0173/playlist.m3u8,,,,ZeeCineClassic.in@SD,,,,https://i.imgur.com/QCRhS1n.png,Classic,,iptv-org-all.txt
Zee Cinema (576p),https://d1g8wgjurz8via.cloudfront.net/bpk-tv/NGCHD/default/NGCHD.m3u8,,,,ZeeCinema.in@SD,,,,https://xstreamcp-assets-msp.streamready.in/assets/LIVETV/LIVECHANNEL/LIVETV_LIVETVCHANNEL_ZEE_CINEMA/images/LOGO_HD/LOGO_HD_image.png,Movies,,iptv-org-all.txt
Zee Cinema APAC (1080p) [Geo-blocked],https://amg17931-zee-amg17931c5-samsung-au-8873.playouts.now.amagi.tv/playlist.m3u8,,,,ZeeCinema.in@APAC,,,,https://xstreamcp-assets-msp.streamready.in/assets/LIVETV/LIVECHANNEL/LIVETV_LIVETVCHANNEL_ZEE_CINEMA/images/LOGO_HD/LOGO_HD_image.png,Movies,,iptv-org-all.txt
Zee Cinema HD (1080p),http://103.72.101.252:8080/live/165.m3u8,,,,ZeeCinema.in@HD,,,,https://xstreamcp-assets-msp.streamready.in/assets/LIVETV/LIVECHANNEL/LIVETV_LIVETVCHANNEL_ZEE_CINEMA/images/LOGO_HD/LOGO_HD_image.png,Movies,,iptv-org-all.txt
Zee Cinema ME (432p) [Geo-blocked],https://ev-eu-hw-fast-mpd.starzplayarabia.com/Zee_Cinema/dash/drm/index.mpd,,,,ZeeCinema.in@ME,,,,https://xstreamcp-assets-msp.streamready.in/assets/LIVETV/LIVECHANNEL/LIVETV_LIVETVCHANNEL_ZEE_CINEMA/images/LOGO_HD/LOGO_HD_image.png,Movies,,iptv-org-all.txt
Zee Classic (576p),http://103.72.101.252:8080/live/1691.m3u8,,,,ZeeClassic.in@SD,,,,https://xstreamcp-assets-msp.streamready.in/assets/LIVETV/LIVECHANNEL/LIVETV_LIVETVCHANNEL_ZEE_CLASSIC/images/LOGO_HD/LOGO_HD_image.png,Classic,,iptv-org-all.txt
Zee Comedy Nation (1080p),https://amg00862-amg00862c5-amgplt0173.playout.now3.amagi.tv/playlist/amg00862-amg00862c5-amgplt0173/playlist.m3u8,,,,ZeeComedyNation.in@HD,,,,https://tvpnlogopus.samsungcloud.tv/platform/image/sourcelogo/vc/00/02/34/IN2100002GD_20260325T012327SQUARE.png,Comedy,,iptv-org-all.txt
Zee Delhi NCR Haryana (720p),https://vg-zeefta.akamaized.net/ptnr-yupptv/title-zeedelhincr/v1/master/611d79b11b77e2f571934fd80ca1413453772ac7/cc483a15-1b39-4642-872d-5d08d362ed01/main.m3u8,,,,ZeeDelhiNCRHaryana.in@SD,,,,https://dtil.tmsimg.com/assets/GNLZZGG0023166M.png?lock=720x540,News,,iptv-org-all.txt
Zee Dil Se (1080p),https://amg00862-amg00862c6-amgplt0173.playout.now3.amagi.tv/playlist/amg00862-amg00862c6-amgplt0173/playlist.m3u8,,,,ZeeDilSe.in@HD,,,,https://d2mxb63djushzm.cloudfront.net/images/Zee_Dil_Se.png,Entertainment,,iptv-org-all.txt
Zee Horror Nights (1080p),https://amg00862-amg00862c7-amgplt0173.playout.now3.amagi.tv/playlist/amg00862-amg00862c7-amgplt0173/playlist.m3u8,,,,ZeeHorrorNights.in@HD,,,,https://d3bd0tgyk368z1.cloudfront.net/zeelg/LG%20logo%20artwork/400x200/zhornights.png,Entertainment,,iptv-org-all.txt
Zee Kannada HD (1080p),https://yuppnimresmum.akamaized.net/28072023/smil:zeekannadahd.smil/playlist.m3u8?hdnts=st=1735898689~exp=1835898688~acl=*~hmac=f5fe24724fe05481e3841f9eb5ab8efdee0a3dd83645ae9dcf45703f525bab7b,,,,ZeeKannada.in@HD,,,,https://xstreamcp-assets-msp.streamready.in/assets/LIVETV/LIVECHANNEL/LIVETV_LIVETVCHANNEL_ZEE_KANNADA_HD/images/LOGO_HD/LOGO_HD_image.png,Entertainment,,iptv-org-all.txt
Zee Kannada News (720p),https://d3vzwoqcbpfm8p.cloudfront.net/index_4.m3u8,,,,ZeeKannadaNews.in@SD,,,,https://jiotvimages.cdn.jio.com/dare_images/images/Zee_Kannada_News.png,News,,iptv-org-all.txt
Zee Madhya Pradesh Chhattisgarh (720p),https://vg-zeefta.akamaized.net/ptnr-yupptv/title-zeemadhyachhattisgarh/v1/master/611d79b11b77e2f571934fd80ca1413453772ac7/2ab17056-6187-4f0e-a34d-f436ac479d6c/main.m3u8,,,,ZeeMadhyaPradeshChhattisgarh.in@SD,,,,https://dtil.tmsimg.com/assets/GNLZZGG002316X5.png?lock=720x540,News,,iptv-org-all.txt
Zee Malayalam News (720p),https://d1ty2af03alkwd.cloudfront.net/index_4.m3u8,,,,ZeeMalayalamNews.in@SD,,,,https://english.cdn.zeenews.com/images/logo/zee-malayalam-17.svg,News,,iptv-org-all.txt
Zee Marathi (576p),http://103.72.101.252:8080/live/445.m3u8,,,,ZeeMarathi.in@SD,,,,https://xstreamcp-assets-msp.streamready.in/assets/LIVETV/LIVECHANNEL/LIVETV_LIVETVCHANNEL_ZEE_MARATHI/images/LOGO_HD/LOGO_HD_image.png,Entertainment,,iptv-org-all.txt
Zee Marathi HD (720p),https://raw.githubusercontent.com/amazeyourself/adaptive-streams/refs/heads/main/streams/in/YuppTV/ZeeMarathiHD.m3u8,,,,ZeeMarathi.in@HD,,,,https://xstreamcp-assets-msp.streamready.in/assets/LIVETV/LIVECHANNEL/LIVETV_LIVETVCHANNEL_ZEE_MARATHI/images/LOGO_HD/LOGO_HD_image.png,Entertainment,,iptv-org-all.txt
Zee News (1080p),https://dknttpxmr0dwf.cloudfront.net/index_57.m3u8,,,,ZeeNews.in@SD,,,,https://dtil.tmsimg.com/assets/GNLZZGG0023VWYC.png?lock=720x540,News,,iptv-org-all.txt
Zee Nung (1080p) [Geo-blocked],https://amg17931-zee-amg17931c4-samsung-th-5592.playouts.now.amagi.tv/playlist/amg17931-asiatvusaltdfast-zeenung-samsungth/playlist.m3u8,,,,ZeeNung.th@SD,,,,https://i.imgur.com/OqlxU7t.png,Undefined,,iptv-org-all.txt
Zee One (1080p),https://amg17931-zee-amg17931c6-samsung-au-8872.playouts.now.amagi.tv/playlist/amg17931-asiatvusaltdfast-zeeworld-samsungau/playlist.m3u8,,,,ZeeOne.uk@UK,,,,https://upload.wikimedia.org/wikipedia/commons/2/24/Zee_One_Logo_2025.png,Entertainment,,iptv-org-all.txt
Zee One Français (720p),https://7689426c.wurl.com/master/f36d25e7e52f1ba8d7e56eb859c636563214f541/U2Ftc3VuZy1mcl9aZWVNYWdpY19ITFM/playlist.m3u8,,,,ZeeOne.uk@French,,,,https://upload.wikimedia.org/wikipedia/commons/2/24/Zee_One_Logo_2025.png,Entertainment,,iptv-org-all.txt
Zee One German (720p),https://e4955b54.wurl.com/master/f36d25e7e52f1ba8d7e56eb859c636563214f541/U2Ftc3VuZy1kZV9aZWVPbmVfSExT/playlist.m3u8,,,,ZeeOne.uk@German,,,,https://upload.wikimedia.org/wikipedia/commons/2/24/Zee_One_Logo_2025.png,Entertainment,,iptv-org-all.txt
Zee Punjab Haryana Himachal (720p),https://vg-zeefta.akamaized.net/ptnr-yupptv/title-zeepunjabharyanahima/v1/master/611d79b11b77e2f571934fd80ca1413453772ac7/65eed269-2f3a-4dd0-ac89-d18959af28e3/main.m3u8,,,,ZeePunjabHaryanaHimachal.in@SD,,,,https://dtil.tmsimg.com/assets/GNLZZGG0022KHKS.png?lock=720x540,News,,iptv-org-all.txt
Zee Rajasthan (720p),https://vg-zeefta.akamaized.net/ptnr-yupptv/title-zeerajashthannews/v1/master/611d79b11b77e2f571934fd80ca1413453772ac7/8e864b9a-1681-41a0-99a6-387490bc5b24/main.m3u8,,,,ZeeRajasthan.in@SD,,,,https://dtil.tmsimg.com/assets/GNLZZGG00231732.png?lock=720x540,News,,iptv-org-all.txt
Zee South Flix (1080p),https://amg00862-amg00862c9-amgplt0173.playout.now3.amagi.tv/playlist/amg00862-amg00862c9-amgplt0173/playlist.m3u8,,,,ZeeSouthFlix.in@HD,,,,https://d3bd0tgyk368z1.cloudfront.net/zeelg/LG%20logo%20artwork/400x200/zsouthflix.png,Movies,,iptv-org-all.txt
Zee Talkies HD (1080p),http://103.72.101.252:8080/live/1358.m3u8,,,,ZeeTalkies.in@HD,,,,https://xstreamcp-assets-msp.streamready.in/assets/LIVETV/LIVECHANNEL/LIVETV_LIVETVCHANNEL_ZEE_TALKIES/images/LOGO_HD/LOGO_HD_image.png,Movies,,iptv-org-all.txt
Zee Tamil HD (720p),https://da86m1sqpm3o0.cloudfront.net/28072023/smil:zeetamil1.smil/playlist.m3u8,,,,ZeeTamil.in@HD,,,,https://dtil.tmsimg.com/assets/GNLZZGG00233WCL.png?lock=720x540,Entertainment,,iptv-org-all.txt
Zee Tamil News (720p),https://raw.githubusercontent.com/amazeyourself/adaptive-streams/refs/heads/main/streams/in/ZMCL/ZeeTamilNews.m3u8,,,,ZeeTamilNews.in@SD,,,,https://english.cdn.zeenews.com/images/logo/zee-tamil-logo-20.svg,News,,iptv-org-all.txt
Zee Telugu News (720p),https://d116gfrn8orazi.cloudfront.net/index.m3u8?akes=eyJ0eXAiOiJKV1QiLCJhbGciOiJIUzI1NiJ9.eyJleHAiOjE3NjcxOTc5NzJ9.O4qmdMPbHwKrCg6hFXvD70vjSPWKQd0a7NrjmFdeMB8,,,,ZeeTeluguNews.in@SD,,,,https://dtil.tmsimg.com/assets/GNLZZGG0023178R.png?lock=720x540,News,,iptv-org-all.txt
Zee TV Asia Pacific (720p),https://raw.githubusercontent.com/amazeyourself/adaptive-streams/refs/heads/main/streams/sg/YuppTV/ZeeTVHDAPAC.m3u8,,,,ZeeTVAsiaPacific.sg@SD,,,,https://upload.wikimedia.org/wikipedia/commons/thumb/a/a2/Zee_TV_Logo_2025.svg/960px-Zee_TV_Logo_2025.svg.png,Undefined,,iptv-org-all.txt
Zee Uttar Pradesh/Uttarakhand (720p),https://duw35ict5q7th.cloudfront.net/index_3.m3u8,,,,ZeeUttarPradeshUttarakhand.in@SD,,,,https://dtil.tmsimg.com/assets/GNLZZGG002317GQ.png?lock=720x540,News,,iptv-org-all.txt
Zee Yuva (576p),http://103.72.101.252:8080/live/414.m3u8,,,,ZeeYuva.in@SD,,,,https://xstreamcp-assets-msp.streamready.in/assets/LIVETV/LIVECHANNEL/LIVETV_LIVETVCHANNEL_ZEE_YUVA/images/LOGO_HD/LOGO_HD_image.png,Entertainment,,iptv-org-all.txt
Zee Zest HD (1080p),http://103.72.101.252:8080/live/2757.m3u8,,,,ZeeZest.in@HD,,,,https://xstreamcp-assets-msp.streamready.in/assets/LIVETV/LIVECHANNEL/LIVETV_LIVETVCHANNEL_ZEE_ZEST/images/LOGO_HD/LOGO_HD_image.png,Lifestyle,,iptv-org-all.txt
Zeleve TV (720p),https://live-evg11.tv360.bitel.com.pe/bitel/zeleve/playlist.m3u8,,,,ZeleveTV.pe@SD,,,,https://i.imgur.com/CGWaunJ.jpeg,General,,iptv-org-all.txt
zenith (1080p),https://live.azenagroup.com/zenith/index.ll.m3u8,,,,zenith.fr@HD,,,,https://znth.tv/images/logo.png,Culture;General,,iptv-org-all.txt
ZFM Zoetermeer (720p),https://zfmzoetermeer.nl/live/master.m3u8,,,,ZFMZoetermeerTV.nl@SD,,,,https://i.imgur.com/vrjACvy.png,Music,,iptv-org-all.txt
Zhara (576p),http://hls127.freeott.top:8080/Zhara/video.m3u8,,,,Zhara.ru@SD,,,,https://i.imgur.com/41K9Y2s.png,Music,,iptv-org-all.txt
Zhejiang TV International,https://ali-m-l.cztv.com/channels/lantian/channel10/1080p.m3u8,,,,ZhejiangInternationalChannel.cn@SD,,,,https://i.imgur.com/XOL1Hph.png,Undefined,,iptv-org-all.txt
Zhivaya priroda (1080p),http://stream.mcquack.net/83/index.m3u8,,,,Zhivayapriroda.ru@SD,,,,https://i.imgur.com/9lHQPdN.png,Undefined,,iptv-org-all.txt
Zhivaya priroda HD (1080p),http://stream.mcquack.net/225/index.m3u8,,,,Zhivayapriroda.ru@HD,,,,https://i.imgur.com/9lHQPdN.png,Undefined,,iptv-org-all.txt
ZICO TV (720p),https://gjirafa-video-live.gjirafa.net/gjvideo-live/j3a-n14-2pf-g3s/index.m3u8,,,,ZICOTV.rs@SD,,,,https://i.imgur.com/8wbTnNW.png,Music,,iptv-org-all.txt
Ziggo Sport 5 (1080p),http://145.239.5.177/349/index.m3u8,,,,ZiggoSport5.nl@HD,,,,https://upload.wikimedia.org/wikipedia/commons/thumb/0/0e/Ziggo_Sport_logo.svg/960px-Ziggo_Sport_logo.svg.png,Sports,,iptv-org-all.txt
ZillarBarta News,https://server.zillarbarta.com/zillarbarta/index.m3u8,,,,ZillarBartaNews.in@HD,,,,https://jiotvimages.cdn.jio.com/dare_images/images/zillarbarta.png,Classic;News,,iptv-org-all.txt
Zinc Nombre TV (720p) [Not 24/7],https://5790d294af2dc.streamlock.net/zincnombretv/live/playlist.m3u8,,,,ZincNombreTV.do@HD,,,,https://www.vivalivetv.com/public/files/shows/0/1/3751-294x165-FFFFFF.jpg,General,,iptv-org-all.txt
Zindagi TV (576p) [Not 24/7],https://5ad386ff92705.streamlock.net/live_transcoder/ngrp:zindagitv.stream_all/chunklist.m3u8,,,,ZindagiTV.pk@SD,,,,https://i.imgur.com/XBHvR5J.png,Undefined,,iptv-org-all.txt
Zing! (576p),http://103.72.101.252:8080/live/585.m3u8,,,,Zing.in@SD,,,,https://dtil.tmsimg.com/assets/GNLZZGG0025L26R.png?lock=720x540,Music,,iptv-org-all.txt
Zitata TV,https://live.zitata.tv/direct-hls/playlist.m3u8,,,,ZitataTV.mq@SD,,,,https://i.imgur.com/KJmefse.png,General,,iptv-org-all.txt
ZIZ TV (720p),https://media.slactech.com:1936/ZIZDirect/ZIZDirect/playlist.m3u8,,,,ZIZTV.kn@SD,,,,https://i.imgur.com/fB09i6X.png,General,,iptv-org-all.txt
Zjarr TV (360p),https://zjarr.future.al/hls/playlist.m3u8,,,,ZjarrTV.al@SD,,,,https://i.imgur.com/hNuWZWe.png,General,,iptv-org-all.txt
ZNS-TV (1080p),https://zns-edge1.streamcomedia.cloud/znstv13/zns1080p_stream/playlist.m3u8,,,,ZNSTV.bs@SD,,,,https://i.imgur.com/h6nC8fe.png,General,,iptv-org-all.txt
ZO!34 (720p),https://video.uitzending.tv:19360/zo34/zo34.m3u8,,,,ZO34.nl@SD,,,,https://i.imgur.com/yiihDg6.png,Undefined,,iptv-org-all.txt
Zo'r TV (576p),https://stream8.cinerama.uz/1016/tracks-v1a1/mono.m3u8,,,,ZorTV.uz@SD,,,,https://i.imgur.com/NuzyhVM.png,Entertainment;Music,,iptv-org-all.txt
Zodiak TV (1080p),https://ranacable.duckdns.org/ZodiakTv/index.m3u8,,,,ZodiakTV.in@SD,,,,https://i.imgur.com/gE166hZ.jpeg,Entertainment,,iptv-org-all.txt
Zona de Acción,https://stream.ads.ottera.tv/playlist.m3u8?network_id=4312,,,,,,,,,Undefined,,iptv-org-all.txt
Zona Investigación TV (720p),https://jmp2.uk/plu-680bdaf54d7cf165c705f91e.m3u8,,,,,,,,,Undefined,,iptv-org-all.txt
Zona Latina (720p),http://45.162.193.35/ZONALATINA/index.m3u8,,,,ZonaLatina.cl@SD,,,,https://i.imgur.com/lMyZZtk.png,Undefined,,iptv-org-all.txt
Zona M,http://forever.megogo.xyz/iptv/QGB4M3H62GC7E3/2470/index.m3u8,,,,ZonaM.md@SD,,,,https://i.imgur.com/a6Dy3ao.png,Music,,iptv-org-all.txt
Zona Music TV (1080p),https://acceso.radiosportstv.online:3022/stream/play.m3u8,,,,ZonaMusicTV.cr@SD,,,,https://i.imgur.com/TJ5l9iI.png,Music,,iptv-org-all.txt
Zona Play TV (720p),https://tv1.mediacp.eu:3131/live/dilxbgxylive.m3u8,,,,ZonaPlayTV.cl@SD,,,,https://i.imgur.com/GewcpHv.png,Entertainment,,iptv-org-all.txt
Zonavision TV [Not 24/7],https://ds.tvabierta.net/memfs/b295f254-7af9-45e4-bfc6-7e0bba41929d.m3u8,,,,ZonavisionTV.do@SD,,,,https://imgur.com/B3PrrMH.png,General,,iptv-org-all.txt
Zone Interdite,https://jmp2.uk/plu-66f55cf2483d460008f68746.m3u8,,,,,,,,,Undefined,,iptv-org-all.txt
Zoo Moo (Australia) (1080p),https://zoomoo-samsungau.amagi.tv/playlist.m3u8,,,,ZooMoo.sg@SD,,,,https://i.imgur.com/ciTJrnl.png,Kids,,iptv-org-all.txt
Zoom (720p),https://dai.google.com/linear/hls/event/JCAm25qkRXiKcK1AJMlvKQ/master.m3u8,,,,Zoom.in@SD,,,,https://xstreamcp-assets-msp.streamready.in/assets/LIVETV/LIVECHANNEL/LIVETV_LIVETVCHANNEL_ZOOM/images/LOGO_HD/image.png,Music,,iptv-org-all.txt
Zoom Global (720p),https://d14c63magvk61v.cloudfront.net/strm/channels/zoom/master.m3u8,,,,Zoom.in@Global,,,,https://xstreamcp-assets-msp.streamready.in/assets/LIVETV/LIVECHANNEL/LIVETV_LIVETVCHANNEL_ZOOM/images/LOGO_HD/image.png,Music,,iptv-org-all.txt
Zoom Tecnologico Plus (720p),https://5f700d5b2c46f.streamlock.net/zoomtec/zoomtec/playlist.m3u8,,,,ZoomTecnologicoPlus.cl@SD,,,,https://cdn.m3u.cl/logo/1617_Zoom_Tecnologico_Plus.png,General,,iptv-org-all.txt
Zoom TV (1080p) [Geo-blocked],https://vs2129.vcdn.biz/2ad89fee23a33429ffc7fcf19b83bcce_megogo/live/hls/b/700_2490_4000/u_sid/0/o/157764221/rsid/670614f3-9200-4c9a-9559-2455038eabaf/u_uid/0/u_vod/0/u_device/cms_html5/u_devicekey/_site/lip/217.114.34.212*asn/u_srvc/81255/u_did/web_6E1HxqCXWtsLOzgk7aeKRdeKchKJwKjL/type.live/chunklist-sid8507882861226857319-b4000000.m3u8,,,,ZoomTV.pl@SD,,,,https://i.imgur.com/UtZM4zm.png,Undefined,,iptv-org-all.txt
Zoomer TV (1080p),https://d3p8ecnk6t4t73.cloudfront.net/scheduler/scheduleMaster/316.m3u8,,,,,,,,,Undefined,,iptv-org-all.txt
Zoopark (576i),https://stream8.cinerama.uz/1417/tracks-v1a1/mono.m3u8,,,,Zoopark.ru@SD,,,,https://i.imgur.com/IO5jegK.png,Undefined,,iptv-org-all.txt
Zougla TV (720p),https://zouglacam-mdc-secure.akamaized.net/zouglalive/backup/playlist.m3u8,,,,ZouglaTV.gr@HD,,,,https://i.imgur.com/AmW9d6H.jpg,Undefined,,iptv-org-all.txt
Zuglo TV (360p),https://cloudfront44.lexanetwork.com:1344/freerelay/zuglotv.sdp/playlist.m3u8,,,,ZugloTV.hu@SD,,,,https://i.imgur.com/wPqCtwR.png,Entertainment,,iptv-org-all.txt
Zuraca TV (720p),https://tv3.bitstreaming.net:3680/live/zuracatvlive.m3u8,,,,ZuracaTV.bo@SD,,,,https://i.imgur.com/NsNytWD.jpeg,Business,,iptv-org-all.txt
Zurquí TV (720p),https://videoserver.tmcreativos.com:19360/gesfnvpamn/gesfnvpamn.m3u8,,,,ZurquiTV.cr@SD,,,,https://i.imgur.com/XvktUBB.jpg,General,,iptv-org-all.txt
Zvezda (1080p),http://51.158.144.33:2021/zvezda/index.m3u8,,,,Zvezda.ru@SD,,,,https://i.imgur.com/4PAcpfM.png,General,,iptv-org-all.txt
Zvezda HD (1080p),https://tvzvezda.bonus-tv.ru/cdn/tvzvezda/playlist.m3u8,,,,Zvezda.ru@HD,,,,https://i.imgur.com/4PAcpfM.png,General,,iptv-org-all.txt
Zvezda Plus HD (1080p),http://tvzvezda.bonus-tv.ru/cdn/zvezdaplus/playlist.m3u8,,,,ZvezdaPlus.ru@HD,,,,https://i.imgur.com/NNmjD9Z.png,Undefined,,iptv-org-all.txt
Zwei Music Television,https://zweiapp.b-cdn.net/1080p/index.m3u8,,,,ZweiMusicTelevision.de@SD,,,,https://i.imgur.com/RbdpCNf.png,Music,,iptv-org-all.txt
Zylo Cine Friki (1080p),https://d2mr4fu91mjx9m.cloudfront.net/v1/master/3722c60a815c199d9c0ef36c5b73da68a62b09d1/cc-rb0tx75ojbc5u/CineFriki_ES.m3u8,,,,CineFriki.es@SD,,,,https://i.imgur.com/b3Ospym.png,Movies,,iptv-org-all.txt
Zylo Ciné Nanar (1080p),https://zylo-cinenanar-rakuten.amagi.tv/playlist.m3u8,,,,CineNanar.fr@SD,,,,https://i.imgur.com/YnUZd3W.png,Movies,,iptv-org-all.txt
Zylo Cine Western (1080p),https://d2nq34q0i1r3la.cloudfront.net/v1/master/3722c60a815c199d9c0ef36c5b73da68a62b09d1/cc-awohw8g217ho8/CineWestern_ES.m3u8,,,,CineWestern.es@SD,,,,https://i.imgur.com/2UROzSc.png,Movies,,iptv-org-all.txt
Zylo Ciné Western (1080p),https://amg00711-zylo-amg00711c8-rakuten-uk-2686.playouts.now.amagi.tv/playlist/amg00711-zylofast-cinewestern-rakutenuk/playlist.m3u8,,,,CineWestern.fr@SD,,,,https://i.imgur.com/tteOFkL.png,Movies,,iptv-org-all.txt
Zylo Emotion' L (1080p),https://rakutenaa-zylo-emotional-rakuten-r1zkm.amagi.tv/playlist/rakutenAA-zylo-emotional-rakuten/playlist.m3u8,,,,EmotionL.fr@SD,,,,https://i.imgur.com/MP34aaj.png,Movies,,iptv-org-all.txt
Zylo Fréquence Novelas (1080p),https://d20oth1416y9a1.cloudfront.net/playlist/amg00711-zylofast-frequencenovelas-rakutenus/playlist.m3u8,,,,FrequenceNovelas.fr@SD,,,,https://i.imgur.com/fEjNAps.png,Series,,iptv-org-all.txt
Zylo Into Crime (1080p),https://amg00711-zylo-amg00711c10-rakuten-fr-6731.playouts.now.amagi.tv/playlist.m3u8,,,,IntoCrime.fr@SD,,,,https://i.imgur.com/43at4M2.png,Documentary,,iptv-org-all.txt
Zylo ScreamIN (1080p),https://rakutenaa-zylo-screamin-rakuten-p11ej.amagi.tv/playlist/rakutenAA-zylo-screamin-rakuten/playlist.m3u8,,,,ScreamIN.fr@SD,,,,https://i.imgur.com/tGmKbil.png,Movies,,iptv-org-all.txt
Zylo Todo Novelas (1080p),https://dtsszjrztq9ti.cloudfront.net/v1/master/3722c60a815c199d9c0ef36c5b73da68a62b09d1/cc-yshah5p4v45g1/ToDoNovelas_ES.m3u8,,,,TodoNovelas.es@SD,,,,https://i.imgur.com/NuYwGok.png,Series,,iptv-org-all.txt
АБАЗА-ТВ (1080p),https://public.apsny.camera/tv_abaza_tv_to_site/index.m3u8,,,,AbazaTV.ru@SD,,,,https://i.imgur.com/7Jo7UAf.png,General,,iptv-org-all.txt
Авто Плюс (576p),http://31.148.48.15/Avto_Plus/index.m3u8,,,,AutoPlus.ru@SD,,,,https://i.imgur.com/sVc8cFt.png,Auto,,iptv-org-all.txt
Аист ТВ (1080p),http://live2-aisttv.cdnvideo.ru/aisttv2/aisttv.sdp/playlist.m3u8,,,,AISTTV.ru@SD,,,,https://i.imgur.com/bcw0s4V.png,General,,iptv-org-all.txt
Арис 24 (720p) [Not 24/7],http://serv25.vintera.tv:8081/test/aris/playlist.m3u8,,,,Aris24.ru@SD,,,,https://i.imgur.com/CTFVEAb.png,General,,iptv-org-all.txt
Арктика 24 (Архангельск) (1080p),https://vgtrkregion-reg.cdnvideo.ru/vgtrk/arhangelsk/arktika24-hd/index.m3u8,,,,Arktika24.ru@SD,,,,https://i.imgur.com/kmbdyr6.png,General,,iptv-org-all.txt
Архыз 24 (1080p),https://live.mediacdn.ru/sr1/arhis24/playlist.m3u8,,,,Arkhyz24.ru@SD,,,,https://i.imgur.com/blAtdkJ.png,Undefined,,iptv-org-all.txt
Астрахань 24 (720p),https://streaming.astrakhan.ru/astrakhan24/playlist.m3u8,,,,Astrahan24.ru@SD,,,,https://i.imgur.com/9WcnjQN.png,News,,iptv-org-all.txt
Астрахань.Ru Sport (720p),https://streaming.astrakhan.ru/astrakhanrusporthd/playlist.m3u8,,,,AstrahanRuSport.ru@SD,,,,https://i.imgur.com/BKaEtqL.png,Sports,,iptv-org-all.txt
Астрахань.Ru TV (480p),https://streaming.astrakhan.ru/astrakhanrulivehd/playlist.m3u8,,,,AstrahanRuTV.ru@SD,,,,https://i.imgur.com/w4ys6zm.png,Undefined,,iptv-org-all.txt
Балта ТВ (768p),http://194.50.51.34/playlist.m3u8,,,,BaltaTV.ua@SD,,,,https://cdn.teleon.tv/logo/balta-tv-ua.png,General,,iptv-org-all.txt
Башкортостан 24 (1080p),https://vgtrkregion-reg.cdnvideo.ru/vgtrk/ufa/bashkortostan24-hd/index.m3u8,,,,Bashkortostan24.ru@SD,,,,https://i.imgur.com/s34Wtz6.png,General,,iptv-org-all.txt
Беларусь 5 Интернет (1080p) [Not 24/7],https://edge59.dc.beltelecom.by/ngtrk/smil:belarus5int.smil/playlist.m3u8,,,,Belarus5.by@Internet,,,,https://i.imgur.com/NJsRFud.png,Sports,,iptv-org-all.txt
Белгород 24 (1080p),https://belnovosti.cdn.easyhoster.ru:8443/stream.m3u8,,,,Belgorod24.ru@SD,,,,https://i.imgur.com/EEirvyx.png,General,,iptv-org-all.txt
Бокс ТВ (720p),http://31.148.48.15/Boks_TV/index.m3u8,,,,BoksTV.ru@SD,,,,https://i.imgur.com/R1UjyfX.png,Sports,,iptv-org-all.txt
Большая Азия (720p),http://live-bigasia.cdnvideo.ru/bigasia/bigasia.smil/playlist.m3u8,,,,BigAsia.ru@SD,,,,https://i.imgur.com/vruuPKF.png,Undefined,,iptv-org-all.txt
БСТ (Башкирское спутниковое телевидение) (576p),https://bsttv.bonus-tv.ru/cdn/bst/playlist.m3u8,,,,BST.ru@SD,,,,https://i.imgur.com/IDotHmQ.png,Undefined,,iptv-org-all.txt
Вера 24,https://5f05e059699ae.streamlock.net/WEB_Vera24/ngrp:Vera24.stream-adaptive/playlist.m3u8,,,,Vera24.ru@SD,,,,https://i.imgur.com/Qer5Lnh.png,Religious,,iptv-org-all.txt
Ветта 24 (Пермь) (576p) [Not 24/7],http://serv24.vintera.tv:8081/vetta/vetta_office/playlist.m3u8,,,,Vetta24.ru@SD,,,,https://i.imgur.com/zKH1b5k.png,Undefined,,iptv-org-all.txt
Волга (HD),http://tele2dvrnat01-02.cdnvideo.ru/stream/NAT_Volga/hls/1920x1080@4504/playlist.m3u8,,,,Volga.ru@SD,,,,https://i.imgur.com/xHs1pr1.png,Undefined,,iptv-org-all.txt
Волгоград 24 (1080p),https://vgtrkregion-reg.cdnvideo.ru/vgtrk/volgograd/russia1-hd/index.m3u8,,,,Volgograd24.ru@SD,,,,https://i.imgur.com/gFMnaU5.png,Undefined,,iptv-org-all.txt
Восток 24 (Владивосток) (1080p),https://vgtrkregion-reg.cdnvideo.ru/vgtrk/vladivostok/vostok24-hd/index.m3u8,,,,Vostok24.ru@SD,,,,https://i.imgur.com/YEXDsMn.png,General,,iptv-org-all.txt
Глас (576p),http://85.238.112.69:8811/hls_sec/239.0.4.18-.m3u8,,,,Glas.ua@SD,,,,https://i.imgur.com/l5FEP9w.png,Religious,,iptv-org-all.txt
Губерния (Самара) (576p),http://live.guberniatv.cdnvideo.ru/guberniatv/guberniatv.sdp/playlist.m3u8,,,,GuberniaSamara.ru@SD,,,,https://i.imgur.com/IlL57Rm.png,General,,iptv-org-all.txt
Дагестан (1080p),https://dagestan.mediacdn.ru/cdn/dagestan/playlist.m3u8,,,,Dagestan.ru@SD,,,,https://i.imgur.com/jumkRvc.png,Undefined,,iptv-org-all.txt
Детское кино International [Not 24/7],https://autopilot.catcast.tv/content/38720/index.m3u8,,,,Detskoekino.ru@International,,,,https://i.imgur.com/dJqFRhQ.png,Movies,,iptv-org-all.txt
Дождь (1080p) [Geo-blocked],https://wl.tvrain.tv/transcode/ngrp:ses_all/playlist.m3u8,,,,TVRain.nl@SD,,,,https://upload.wikimedia.org/wikipedia/commons/thumb/a/ad/Tvrain.svg/960px-Tvrain.svg.png,Undefined,,iptv-org-all.txt
Доктор (1080p),http://31.148.48.15/Doktor/index.m3u8,,,,Doctor.ru@SD,,,,https://i.imgur.com/VNirxxn.png,Education;Lifestyle,,iptv-org-all.txt
Дом Кино Премиум HD (1080p),http://31.148.48.15/Dom_Kino_Premium_HD/index.m3u8,,,,DomkinoPremium.ru@SD,,,,https://i.imgur.com/rJpQtvK.png,Movies,,iptv-org-all.txt
Дон 24 (1080p),https://donmedia.bonus-tv.ru/cdn/donmedia/playlist.m3u8,,,,Don24.ru@SD,,,,https://i.imgur.com/fW15la1.png,News,,iptv-org-all.txt
Донбас Online (1080p) [Not 24/7],http://176.110.1.30:1935/live/donbasonline/playlist.m3u8,,,,DonbassOnline.ua@SD,,,,https://i.imgur.com/8h3kOI1.png,News,,iptv-org-all.txt
Евразия (Орск) (720p),https://infochh.trkeurasia.ru/hlsinfoch/infochhd.m3u8,,,,Eurasia.ru@SD,,,,https://i.imgur.com/4JUHIVS.png,General,,iptv-org-all.txt
Еврокино (576p),http://31.148.48.15/Evrokino/index.m3u8,,,,Evrokino.ru@SD,,,,https://i.imgur.com/8LPtPf6.png,Movies,,iptv-org-all.txt
Енисей (1080p) [Not 24/7],https://hls-eniseytv.cdnvideo.ru/eniseytv/stream1/playlist.m3u8,,,,Enisey.ru@SD,,,,https://i.imgur.com/57deE7f.png,General,,iptv-org-all.txt
Живая Планета (576p),http://31.148.48.15/Zhivaya_Planeta/index.m3u8,,,,ZhivayaPlaneta.ru@SD,,,,https://i.imgur.com/onNv1tM.png,Undefined,,iptv-org-all.txt
ЖИВИ! (1080p),http://31.148.48.15/Zhivi/index.m3u8,,,,Zhivi.ru@SD,,,,https://i.imgur.com/LPqySGk.png,Lifestyle,,iptv-org-all.txt
За!ТВ,https://streaming.televizor-24-tochka.ru/live/25.m3u8,,,,ZaTV.ru@SD,,,,https://i.imgur.com/pVPTl8J.png,General,,iptv-org-all.txt
Запад 24 (Калининград) (1080p),https://vgtrkregion-reg.cdnvideo.ru/vgtrk/kaliningrad/zapad24-hd/index.m3u8,,,,Zapad24.ru@SD,,,,https://i.imgur.com/HerCP0u.png,General,,iptv-org-all.txt
Здоровое ТВ (576p),http://31.148.48.15/Zdorovoe_TV/index.m3u8,,,,ZdorovoeTV.ru@SD,,,,https://i.imgur.com/jedtE5l.png,Lifestyle,,iptv-org-all.txt
Зоо ТВ (576p),http://31.148.48.15/Zoo_TV/index.m3u8,,,,ZooTV.ru@SD,,,,https://i.imgur.com/p7WzqGS.png,Undefined,,iptv-org-all.txt
Известия (1080p),http://igi-hls.cdnvideo.ru/igi/igi_tcode/playlist.m3u8,,,,Izvestia.ru@SD,,,,https://i.imgur.com/r5HzA6J.png,News,,iptv-org-all.txt
Иллюзион+ (576p),http://31.148.48.15/Illusion_plus/index.m3u8,,,,IllusionPlus.ru@SD,,,,https://i.imgur.com/9GvuHQ5.png,Movies,,iptv-org-all.txt
Ингушетия ТВ (1080p),https://ingushetia.mediacdn.ru/cdn/ingushetia/playlist.m3u8,,,,Ingushetia.ru@SD,,,,https://i.imgur.com/Fw2Hkk4.png,General,,iptv-org-all.txt
Индия (576p),http://31.148.48.15/Zee_TV_Russia/index.m3u8,,,,India.ru@SD,,,,https://i.imgur.com/xDVcDOc.png,Entertainment,,iptv-org-all.txt
К16 (Саров) (406p) [Not 24/7],http://serv25.vintera.tv:8081/test/k16/playlist.m3u8,,,,Channel16.ru@SD,,,,https://i.imgur.com/7tNDKHe.png,General,,iptv-org-all.txt
Кавказ 24 (Ставрополь) (576p),https://vgtrkregion-reg.cdnvideo.ru/vgtrk/stavropol/kavkaz24-hd/index.m3u8,,,,Kavkaz24.ru@SD,,,,https://i.imgur.com/DyJw1Pi.png,General,,iptv-org-all.txt
Кинеко (1080p),http://31.148.48.15/Kineko_HD/index.m3u8,,,,Kineko.ru@SD,,,,https://i.imgur.com/Otfvlmf.png,Movies,,iptv-org-all.txt
Кино 1 International [Not 24/7],http://kino-1.catcast.tv/content/38617/index.m3u8,,,,Kino1.ru@International,,,,https://i.imgur.com/zsCPLs4.png,Movies,,iptv-org-all.txt
КИНО ТВ (720p),http://31.148.48.15/Kino_TV_HD/index.m3u8,,,,KinoTV.ru@SD,,,,https://i.imgur.com/sMpamNO.png,Movies,,iptv-org-all.txt
КИНОСАТ (576p),http://31.148.48.15/Kineko/index.m3u8,,,,KinoSat.ru@SD,,,,https://i.imgur.com/7KsNvBz.png,Movies,,iptv-org-all.txt
Красная линия (480p),http://s55766.cdn.ngenix.net/s55766-media-origin/rline_high/index.m3u8,,,,RedLine.ru@SD,,,,https://i.imgur.com/TgZ8Uv1.png,Undefined,,iptv-org-all.txt
КРИК-ТВ (Екатеринбург) (1080p),http://cdn-01.bonus-tv.ru/kriktv_edge/playlist.m3u8,,,,KrikTV.ru@SD,,,,https://i.imgur.com/rtuChZR.png,News,,iptv-org-all.txt
Крым 24,https://cdn.1tvcrimea.ru/24tvcrimea.m3u8,,,,Crimea24.ru@SD,,,,https://i.imgur.com/k4C0uvp.png,News,,iptv-org-all.txt
Кто есть Кто (576p),http://31.148.48.15/Kto_est_kto/index.m3u8,,,,Ktoestkto.ru@SD,,,,https://i.imgur.com/PmD17UQ.png,Education,,iptv-org-all.txt
Курай (Уфа) (576p),https://bsttv.bonus-tv.ru/cdn/kurai/playlist.m3u8,,,,KurajTV.ru@SD,,,,https://i.imgur.com/hZXBD9F.png,General,,iptv-org-all.txt
Кухня ТВ (576p),http://31.148.48.15/Kuhnya_TV/index.m3u8,,,,,,,,,Undefined,,iptv-org-all.txt
ЛДПР ТВ (1080p),http://46.46.143.222:1935/live/mp4:ldpr.stream/playlist.m3u8,,,,LDPRTV.ru@SD,,,,https://i.imgur.com/gCmCRfe.png,General,,iptv-org-all.txt
Легендарный 24,https://sevas.1tvcrimea.ru/legendarniy24.m3u8,,,,Legendarnyy24.ru@SD,,,,https://i.imgur.com/z9t6x8B.png,News,,iptv-org-all.txt
Луганск 24,https://streaming.televizor-24-tochka.ru/live/29.m3u8,,,,Lugansk24.ua@SD,,,,https://i.imgur.com/AihoVc0.png,General,,iptv-org-all.txt
Магнат ТВ (1080p),https://s1.tv-nano.com/Magnat_HD_5119705/video.m3u8,,,,Magnat.ru@SD,,,,https://i.imgur.com/r485aZL.png,Shop,,iptv-org-all.txt
МАТЧ! Арена (720p),http://31.148.48.15/Match_Arena_HD/index.m3u8,,,,MatchArena.ru@SD,,,,https://i.imgur.com/udTzwzu.png,Sports,,iptv-org-all.txt
МАТЧ! Игра (720p),http://31.148.48.15/Match_Igra_HD/index.m3u8,,,,MatchIgra.ru@SD,,,,https://i.imgur.com/5XWpF19.png,Sports,,iptv-org-all.txt
Миллет (720p),https://live1.1tvcrimea.ru/milletlive.m3u8,,,,Millet.ru@SD,,,,https://i.imgur.com/hUjLRLy.png,News,,iptv-org-all.txt
Мир 24 (1080p),http://hls.mirtv.cdnvideo.ru/mirtv-parampublish/mir24_2500/playlist.m3u8,,,,Mir24.ru@SD,,,,https://i.imgur.com/dj9c8Yd.png,News,,iptv-org-all.txt
Мир (+4) (576p),http://31.148.48.15/Mir/index.m3u8,,,,Mir.ru@Plus4,,,,https://i.imgur.com/AqWaJT8.png,General,,iptv-org-all.txt
Мир +2 (540p) [Not 24/7],http://hls.mirtv.cdnvideo.ru/mirtv-parampublish/mirtv2_2500/playlist.m3u8,,,,Mir.ru@Plus2,,,,https://i.imgur.com/AqWaJT8.png,General,,iptv-org-all.txt
Мир +7 (540p),http://hls.mirtv.cdnvideo.ru/mirtv-parampublish/mirtv7_2500/playlist.m3u8,,,,Mir.ru@Plus7,,,,https://i.imgur.com/AqWaJT8.png,General,,iptv-org-all.txt
Мир Белагорья (720p) [Geo-blocked],http://mirbelogorya.ru:8080/mirbelogorya/index.m3u8,,,,MirBelogorya.ru@SD,,,,https://mirbelogorya.ru/images/logo/Logo_Mir_Belogorya_purple_gradient.png,Undefined,,iptv-org-all.txt
Мир Сериала (576p),http://31.148.48.15/Mir_Seriala/index.m3u8,,,,MirSeriala.ru@SD,,,,https://i.imgur.com/uzj7wVp.png,Series,,iptv-org-all.txt
МТВ (Волгоград) (720p) [Not 24/7],http://hls.volgograd1vtv.cdnvideo.ru/volgograd1vtv/volgograd1vtv.sdp/playlist.m3u8,,,,MTVVolgograd.ru@SD,,,,https://i.imgur.com/pdCAUrP.png,General,,iptv-org-all.txt
Муз союз (576p),https://hls-tvsoyuz.cdnvideo.ru/tvsoyuz2/muzsoyuz.6fw0-58xp-acts-esy0/playlist.m3u8,,,,MuzSoyuz.ru@SD,,,,https://i.imgur.com/Puk1Bhx.png,Music;Religious,,iptv-org-all.txt
Музыка 1 International [Not 24/7],https://kino-1.catcast.tv/content/37745/index.m3u8,,,,Muzyka1.ru@International,,,,https://i.imgur.com/DIKe5vA.png,Music,,iptv-org-all.txt
Музыка Кино International [Not 24/7],https://kino-1.catcast.tv/content/37739/index.m3u8,,,,MuzykaKino.ru@International,,,,https://i.imgur.com/2SG0Swa.png,Music,,iptv-org-all.txt
Мульт (1080p),http://31.148.48.15/Mult_HD/index.m3u8,,,,Mult.ru@SD,,,,https://i.imgur.com/xi351Fx.png,Kids,,iptv-org-all.txt
Мультиландия (576p),http://31.148.48.15/Multilandiya/index.m3u8,,,,Multilandia.ru@SD,,,,https://i.imgur.com/ccwijY0.png,Kids,,iptv-org-all.txt
Мультимания (576p),https://sirius.greenhosting.ru/MultimaniaRu/tracks-v1a1/mono.m3u8,,,,Multimania.ru@SD,,,,https://i.imgur.com/abh8ZBA.png,Animation;Kids,,iptv-org-all.txt
Надежда (720p),https://live-tvhope.cdnvideo.ru/tvhope-pull/tvhope_1/playlist.m3u8,,,,HopeChannelRussia.ru@SD,,,,https://i.imgur.com/ah6VnFJ.png,Religious,,iptv-org-all.txt
Надия/Новый канал (576p) [Not 24/7],http://nadiya.home-net.com.ua/mob/mystream.m3u8,,,,HopeChannelUkraine.ua@SD,,,,https://i.imgur.com/mUx2P29.png,Religious,,iptv-org-all.txt
Настоящее Время (1080p),https://rfe-ingest.akamaized.net/hls/live/2033043/tvmc05/master.m3u8,,,,CurrentTimeTV.cz@SD,,,,https://i.imgur.com/hKo8ApU.png,News,,iptv-org-all.txt
НАУКА (1080p),http://31.148.48.15/Nauka_2.0/index.m3u8,,,,Nauka.ru@SD,,,,https://i.imgur.com/ZZxzueO.png,Documentary,,iptv-org-all.txt
НВК Саха (1080p) [Not 24/7],https://live-saha.cdnvideo.ru/saha/saha/playlist.m3u8,,,,NVKSakha.ru@SD,,,,https://i.imgur.com/LwXNUhf.png,General,,iptv-org-all.txt
Неизвестная Россия (1080p),https://cdn.ntv.ru/unknown_russia/playlist.m3u8,,,,UnknownRussia.ru@SD,,,,https://i.imgur.com/W7ste2f.png,Undefined,,iptv-org-all.txt
Нижний Новгород 24 (1080p),https://vgtrkregion-reg.cdnvideo.ru/vgtrk/nigniynovgorod/nigniynovgorod24-hd/index.m3u8,,,,NizhniyNovgorod24.ru@SD,,,,https://i.imgur.com/ZWgPVIC.png,General,,iptv-org-all.txt
Ника ТВ (576p) [Not 24/7],https://live-nikatv.cdnvideo.ru/nikatv/nikatv.sdp/playlist.m3u8,,,,NikaTV.ru@SD,,,,https://i.imgur.com/dccsFAu.png,General,,iptv-org-all.txt
Новое телевидение (576p) [Not 24/7],http://serv25.vintera.tv:8081/novoetv/nov_tv/playlist.m3u8,,,,Novoetelevidenie.kz@SD,,,,https://i.imgur.com/mmKWrWs.png,General,,iptv-org-all.txt
Новый Русский (720p),https://live.15plusmg.ru/memfs/f983b507-a170-41a9-85a9-d9afc6cba9c1.m3u8,,,,NovyiRusskii.ru@HD,,,,https://i.imgur.com/iuRSScH.png,Movies,,iptv-org-all.txt
НТВ +1 (576p),https://cdn.ntv.ru/ntv1/playlist.m3u8,,,,NTV.ru@Plus1,,,,https://i.imgur.com/9r1BKzK.png,General,,iptv-org-all.txt
НТВ +2 (576p),https://cdn.ntv.ru/ntv2/playlist.m3u8,,,,NTV.ru@Plus2,,,,https://i.imgur.com/9r1BKzK.png,General,,iptv-org-all.txt
НТВ +4 (576p),https://cdn.ntv.ru/ntv4/playlist.m3u8,,,,NTV.ru@Plus4,,,,https://i.imgur.com/9r1BKzK.png,General,,iptv-org-all.txt
НТВ +7 (576p),https://cdn.ntv.ru/ntv7/playlist.m3u8,,,,NTV.ru@Plus7,,,,https://i.imgur.com/9r1BKzK.png,General,,iptv-org-all.txt
НТВ Хит (576p),https://cdn.ntv.ru/th_hit/playlist.m3u8,,,,NTVHit.ru@SD,,,,https://i.imgur.com/FfKBvz5.png,Series,,iptv-org-all.txt
НТК ТВ (1080p) [Not 24/7],https://stream.ntktv.ua/s/ntk/ntk.m3u8,,,,NTKTV.ua@SD,,,,https://www.ntktv.ua/bitrix/templates/ntk_copy/images/logo.png,General,,iptv-org-all.txt
НТМ (Народное телевидение Мордовии) (720p) [Not 24/7],https://live-ntm13.cdnvideo.ru/ntm13/smil:ntm13.smil/playlist.m3u8,,,,NTM.ru@SD,,,,https://i.imgur.com/AH50pGT.png,General,,iptv-org-all.txt
НТС (Севастополь) (1080p) [Not 24/7],https://peqk71plnjy.a.trbcdn.net/livemaster/w4kz7pki62_nts_tv/playlist.m3u8,,,,NTS.ru@SD,,,,https://i.imgur.com/skkDR7q.png,General,,iptv-org-all.txt
о2тв (720p),http://31.148.48.15/O2_HD/index.m3u8,,,,o2tv.ru@SD,,,,https://i.imgur.com/CM6z7fA.png,Music,,iptv-org-all.txt
Общественное Независимое Телевидение (576p),http://85.238.112.40:8810/hls_sec/239.33.75.33-.m3u8,,,,ObshchestvennoeNezavisimoeTelevidenie.ua@SD,,,,https://i.imgur.com/jFP50g2.png,News,,iptv-org-all.txt
Орбіта ТВ (360p) [Not 24/7],http://ftp.orbita.dn.ua/hls/orbita.m3u8,,,,OrbitaTV.ua@SD,,,,https://i.ibb.co/Bj4T9wB/logo-Orbita-fin14.png,General,,iptv-org-all.txt
Осетия Ирыстон (1080p),https://osir.mediacdn.ru/cdn/osetia/playlist.m3u8,,,,OsetiyaIryston.ru@SD,,,,https://i.imgur.com/N0Zn4zU.png,General,,iptv-org-all.txt
ОСН,http://osnmedia.servicecdn.ru/streams/17603_88089/playlist.m3u8,,,,OSN.ru@SD,,,,https://www.osnmedia.ru/wp-content/uploads/2024/11/osn-logo-header.png,General,,iptv-org-all.txt
ОТВ Приморье,https://jz2lo90hnpy.a.trbcdn.net/livemaster/yo8gr_live-5gorrrfpouq.smil/playlist.m3u8,,,,OTVPrim.ru@SD,,,,https://i.imgur.com/2zd8trG.png,Entertainment,,iptv-org-all.txt
Открытый мир. Здоровье (576p),https://v4.proofix.ru/0mir/index.m3u8,,,,OtkritiymirZdorove.ru@SD,,,,https://i.imgur.com/7orZOJA.png,Lifestyle,,iptv-org-all.txt
ОТР (576p),http://31.148.48.15/OTR/index.m3u8,,,,OTR.ru@SD,,,,https://i.imgur.com/VaWlnjZ.png,General,,iptv-org-all.txt
Ош Пирим (1080p) [Not 24/7],http://gohoski.fvds.ru:3000/mediabay/697/playlist.m3u8,,,,OshPirim.kg@SD,,,,https://i.ibb.co/9VBnyQ1/cropped-white.png,General,,iptv-org-all.txt
Первый городской (Одесса) (1080p) [Not 24/7],http://91.194.79.46:8081/stream1/channel1/playlist.m3u8,,,,PervyygorodskoyOdessa.ua@SD,,,,https://i.imgur.com/8qdc6aO.png,General,,iptv-org-all.txt
Первый канал (1080p),http://31.148.48.15/Pervii_kanal_HD/index.m3u8,,,,ChannelOne.ru@SD,,,,https://i.imgur.com/RUSX0rX.png,General,,iptv-org-all.txt
Первый канал Европа,https://streaming.thestream.cyou/live/210.m3u8,,,,ChannelOne.ru@Europe,,,,https://i.imgur.com/RUSX0rX.png,General,,iptv-org-all.txt
Первый Крымский (720p),https://live1.1tvcrimea.ru/1tvcrimea.m3u8,,,,PerviyKrymskiy.ru@SD,,,,https://i.imgur.com/i6hg7QG.png,General,,iptv-org-all.txt
Первый Музыкальный Канал HD (1080p),http://rtmp.one.by:1300,,,,FirstMusicChannel.by@SD,,,,https://i.imgur.com/YdyFJrl.png,Music,,iptv-org-all.txt
Первый Республиканский,https://streaming.televizor-24-tochka.ru/live/27.m3u8,,,,PervyyRespublikanskiy.ru@SD,,,,https://i.imgur.com/ti4OMBv.png,News,,iptv-org-all.txt
Первый Ярославский (1080p),https://yaroslavl.mediacdn.ru/cdn/pervyaroslavsk/playlist.m3u8,,,,YaPervyy.ru@HD,,,,https://yarreg.ru/gallery/news/2025/03/293241/3.jpeg,General,,iptv-org-all.txt
Пингвин (720p),https://sirius.greenhosting.ru/PingvinRu/video.m3u8,,,,Pingviins.lv@SD,,,,https://i.imgur.com/hfXoJIY.png,Animation;Kids,,iptv-org-all.txt
Поехали! (1080p),http://31.148.48.15/Poehali/index.m3u8,,,,Poehali.ru@SD,,,,https://i.imgur.com/ZNCpbII.png,Entertainment;Outdoor,,iptv-org-all.txt
Прима (1080p),https://tele2dvrnat01-02.cdnvideo.ru/stream/NAT_Prima/hls/index.m3u8,,,,Prima.ru@SD,,,,https://i.imgur.com/33XGMch.png,Undefined,,iptv-org-all.txt
Радио Говорит Москва (Веб-камера) (720p),https://video.govoritmoskva.ru/rufm/index.m3u8,,,,GovoritMoskva.ru@SD,,,,https://i.imgur.com/z2mxf3E.png,News,,iptv-org-all.txt
Радио Шансон (720p) [Not 24/7],http://chanson-video.hostingradio.ru:8080/hls/chansonabr/live.m3u8,,,,RadioShanson.ru@SD,,,,https://i.imgur.com/lbqM3K2.png,Music,,iptv-org-all.txt
РЖД ТВ (1080p) [Geo-blocked],http://hls.tva.cdnvideo.ru/tva/tvahd.sdp/playlist.m3u8,,,,RZDTV.ru@SD,,,,https://i.imgur.com/lf1r9L6.png,Undefined,,iptv-org-all.txt
Россия 1 (+1) (1080p),https://vgtrkregion-reg.cdnvideo.ru/vgtrk/1/russia1-hd/index.m3u8,,,,,,,,,Undefined,,iptv-org-all.txt
Россия 1 (+2) (1080p),https://vgtrkregion-reg.cdnvideo.ru/vgtrk/2/russia1-hd/index.m3u8,,,,,,,,,Undefined,,iptv-org-all.txt
Россия 1 (+3) (1080p),https://vgtrkregion-reg.cdnvideo.ru/vgtrk/3/russia1-hd/index.m3u8,,,,,,,,,Undefined,,iptv-org-all.txt
Россия 1 (Адыгея) (1080p),http://vgtrkregion-reg.cdnvideo.ru/vgtrk/maykop/russia1-hd/index.m3u8,,,,Russia1.ru@SD,,,,https://i.imgur.com/Osd2JHL.png,General,,iptv-org-all.txt
Россия 24 (Хабаровск) (1080p),https://vgtrkregion-reg.cdnvideo.ru/vgtrk/habarovsk/russia24-sd/index.m3u8,,,,Russia24.ru@SD,,,,https://upload.wikimedia.org/wikipedia/commons/thumb/6/66/Rossiya-24_Logo.svg/960px-Rossiya-24_Logo.svg.png,News,,iptv-org-all.txt
Русский Иллюзион (576p),http://31.148.48.15/Russkiy_illusion/index.m3u8,,,,RusskiyIllusion.ru@SD,,,,https://i.imgur.com/RlsqFN8.png,Movies,,iptv-org-all.txt
Русский Роман (1080p),http://31.148.48.15/Russkiy_Roman_HD/index.m3u8,,,,Russkiyroman.ru@SD,,,,https://i.imgur.com/cQN0P2B.png,Movies,,iptv-org-all.txt
Русский Экстрим (576p),http://31.148.48.15/Russkiy_Ekstrim/index.m3u8,,,,RussianExtreme.ru@SD,,,,https://i.imgur.com/hJK7mOW.png,Sports,,iptv-org-all.txt
С1 (Сургут) (1080p) [Not 24/7],https://sitv.ru/hls/stv.m3u8,,,,S1.ru@SD,,,,https://i.imgur.com/chNBF5t.png,Undefined,,iptv-org-all.txt
Салям (Уфа) (576p),https://bsttv.bonus-tv.ru/cdn/salyam/playlist.m3u8,,,,Salyam.ru@SD,,,,https://i.imgur.com/FfULLr1.png,Undefined,,iptv-org-all.txt
Самара 24 (1080p),https://vgtrkregion-reg.cdnvideo.ru/vgtrk/samara/samara24-hd/index.m3u8,,,,Samara24.ru@SD,,,,https://i.imgur.com/YUe3Dwd.png,General,,iptv-org-all.txt
Самара ГИС (1080p) [Not 24/7],https://tv.samaragis.ru/new/new/tracks-v1a1/mono.m3u8,,,,SamaraGIS.ru@SD,,,,https://samaragis.ru/wp-includes/images/logo.png,Undefined,,iptv-org-all.txt
Санкт-Петербург (576p),http://31.148.48.15/Sankt_Peterburg/index.m3u8,,,,SanktPeterburg.ru@SD,,,,https://i.imgur.com/9At4oG7.png,Undefined,,iptv-org-all.txt
Своё ТВ (Ставрополь) (1080p),https://svoetv.mediacdn.ru/cdn/svoetv/playlist.m3u8,,,,SvoyoTV.ru@SD,,,,https://i.imgur.com/3cP2fmX.png,Undefined,,iptv-org-all.txt
Север (Нарьян-Мар),https://2vko9pchwon.a.trbcdn.net/livemaster/8ilgc_cw63ucn03p.smil/playlist.m3u8,,,,Sever.ru@SD,,,,https://i.imgur.com/sTOQLYl.png,Undefined,,iptv-org-all.txt
Сибирь 24 (Красноярск) (1080p),https://vgtrkregion-reg.cdnvideo.ru/vgtrk/krasnoyarsk/sibir24-hd/index.m3u8,,,,Sibir24.ru@KYA,,,,https://i.imgur.com/jgwQPl0.png,General,,iptv-org-all.txt
Сибирь 24 (Новосибирск) (1080p),https://vgtrkregion-reg.cdnvideo.ru/vgtrk/novosibirsk/sibir24-hd/index.m3u8,,,,Sibir24.ru@NVS,,,,https://i.imgur.com/jgwQPl0.png,General,,iptv-org-all.txt
Симферополь 24,https://simf.1tvcrimea.ru/simferopol24.m3u8,,,,Simferopol24.ru@SD,,,,https://i.imgur.com/S2QJ3bc.png,General,,iptv-org-all.txt
Сити Эдем Play Христианский Музыкальный [Not 24/7],https://cityeden.catcast.tv/content/34100/index.m3u8,,,,CityEdenPlay.ru@HD,,,,https://i.imgur.com/ozEqob9.png,Music,,iptv-org-all.txt
Сити Эдем АвтоГид [Not 24/7],https://cityeden.catcast.tv/content/47515/index.m3u8,,,,CityEdenAutoGid.ru@HD,,,,https://i.imgur.com/qpe8L27.png,Auto,,iptv-org-all.txt
Сити Эдем Бирма Play [Not 24/7],https://cityeden.catcast.tv/content/34364/index.m3u8,,,,CityEdenBirmaPlay.ru@HD,,,,https://i.imgur.com/38Q5L5W.png,Music,,iptv-org-all.txt
Сити Эдем КиноАзия [Not 24/7],https://cityeden.catcast.tv/content/34393/index.m3u8,,,,CityEdenKinoAsia.ru@HD,,,,https://i.imgur.com/gaket4B.png,Movies,,iptv-org-all.txt
Сити Эдем КиноАрт [Not 24/7],https://cityeden.catcast.tv/content/38398/index.m3u8,,,,CityEdenKinoArt.ru@HD,,,,https://i.imgur.com/67CWCtz.png,Movies,,iptv-org-all.txt
Сити Эдем КиноДетектив [Not 24/7],https://cityeden.catcast.tv/content/41327/index.m3u8,,,,CityEdenKinoDetektiv.ru@HD,,,,https://i.imgur.com/9rKHwBV.png,Movies,,iptv-org-all.txt
Сити Эдем КиноДок [Not 24/7],https://cityeden.catcast.tv/content/38354/index.m3u8,,,,CityEdenKinoDok.ru@HD,,,,https://i.imgur.com/itRbMX3.png,Documentary;Series,,iptv-org-all.txt
Сити Эдем КиноДрама [Not 24/7],https://cityeden.catcast.tv/content/45269/index.m3u8,,,,CityEdenKinoDrama.ru@HD,,,,https://i.imgur.com/29ddffh.png,Movies,,iptv-org-all.txt
Сити Эдем КиноКлассика [Not 24/7],https://cityeden.catcast.tv/content/34185/index.m3u8,,,,CityEdenKinoKlassika.ru@HD,,,,https://i.imgur.com/0qGCS1S.png,Movies,,iptv-org-all.txt
Сити Эдем КиноКомедия [Not 24/7],https://cityeden.catcast.tv/content/41331/index.m3u8,,,,CityEdenKinoKomediya.ru@HD,,,,https://i.imgur.com/Aga2XVA.png,Movies,,iptv-org-all.txt
Сити Эдем КиноМистика [Not 24/7],https://cityeden.catcast.tv/content/40783/index.m3u8,,,,CityEdenKinoMistika.ru@HD,,,,https://i.imgur.com/s1Pid0K.png,Movies,,iptv-org-all.txt
Сити Эдем КиноСемья [Not 24/7],https://v2.catcast.tv/content/38128/index.m3u8,,,,CityEdenKinoSemya.ru@HD,,,,https://i.imgur.com/YoWOZMx.png,Movies,,iptv-org-all.txt
Сити Эдем КиноФантастика [Not 24/7],https://cityeden.catcast.tv/content/45268/index.m3u8,,,,CityEdenKinoFantastika.ru@HD,,,,https://i.imgur.com/I64FeIO.png,Movies,,iptv-org-all.txt
Сити Эдем КиноЭкшен [Not 24/7],https://cityeden.catcast.tv/content/41333/index.m3u8,,,,CityEdenKinoAction.ru@HD,,,,https://i.imgur.com/uuzuvD0.png,Movies,,iptv-org-all.txt
Сити Эдем Классическая Музыка [Not 24/7],https://cityeden.catcast.tv/content/47400/index.m3u8,,,,CityEdenClassicMusic.ru@HD,,,,https://i.imgur.com/l7BE8l6.png,Music,,iptv-org-all.txt
Сити Эдем МедЗдрав [Not 24/7],https://cityeden.catcast.tv/content/47519/index.m3u8,,,,CityEdenMedZdrav.ru@HD,,,,https://i.imgur.com/BM4E0Kr.png,Lifestyle,,iptv-org-all.txt
Сити Эдем Рецепты Гурмана [Not 24/7],https://cityeden.catcast.tv/content/47516/index.m3u8,,,,CityEdenReceptyGurmana.ru@HD,,,,https://i.imgur.com/wR0pvRc.png,Cooking,,iptv-org-all.txt
Сити Эдем Сиртаки ТВ [Not 24/7],https://cityeden.catcast.tv/content/46421/index.m3u8,,,,CityEdenSirtakiTV.ru@HD,,,,https://i.imgur.com/V3MTfyc.png,Music,,iptv-org-all.txt
Сити Эдем ТВ Христианский [Not 24/7],https://cityeden.catcast.tv/content/34246/index.m3u8,,,,CityEdenTV.ru@HD,,,,https://i.imgur.com/X9kACKi.png,General;Religious,,iptv-org-all.txt
Сити Эдем ТелеНовелла [Not 24/7],https://cityeden.catcast.tv/content/46209/index.m3u8,,,,CityEdenTeleNovella.ru@HD,,,,https://i.imgur.com/mT5liTh.png,Series,,iptv-org-all.txt
Смотрим Честный Детектив (1080p),https://live-vgtrksmotrim.cdnvideo.ru/vgtrksmotrim/smotrim-live-01.smil/playlist.m3u8,,,,SmotrimChestnyyDetektiv.ru@SD,,,,https://cdn-st3.smotrim.ru/vh/pictures/svg/444/241/8.svg,Series,,iptv-org-all.txt
Сочи 24 HD (720p),http://serv30.vintera.tv:8081/sochi/sochi24_tv/playlist.m3u8,,,,Sochi24.ru@SD,,,,https://i.imgur.com/iwWxkl6.png,General;News,,iptv-org-all.txt
Союз (576p),https://hls-tvsoyuz.cdnvideo.ru/tvsoyuz/soyuz/playlist.m3u8,,,,Soyuz.ru@SD,,,,https://i.imgur.com/w3OewHc.png,Religious,,iptv-org-all.txt
СТАРТ Триумф,https://bl.webcaster.pro/media/playlist/free_fe8dc1b768a84b8b0333db826471f17e_hd/33_85479982/1080p/8666c3e935faf6ef47ffd601e8e48868/4821408969.m3u8,,,,StartTriumf.ru@SD,,,,https://i.imgur.com/L9jTieL.png,Sports,,iptv-org-all.txt
Страна FM (720p) [Not 24/7],http://live.stranafm.cdnvideo.ru/stranafm/stranafm_hd.sdp/playlist.m3u8,,,,StranaFM.ru@SD,,,,https://i.imgur.com/WsPlKJJ.png,Music,,iptv-org-all.txt
СургутИнформТВ,https://sitv.ru/vgtrk/stv.m3u8,,,,Surgut24.ru@SD,,,,https://i.imgur.com/OxvqXMt.png,Undefined,,iptv-org-all.txt
Таврия,https://streaming.televizor-24-tochka.ru/live/24.m3u8,,,,Tavriya.ru@SD,,,,https://i.imgur.com/gqung6i.png,General,,iptv-org-all.txt
Тамыр (Уфа) (576p),https://bsttv.bonus-tv.ru/cdn/tamyr/playlist.m3u8,,,,Tamyr.ru@SD,,,,https://i.imgur.com/Ia3acCB.png,Kids,,iptv-org-all.txt
ТВК 24 (576p),https://air.tvk6.ru/tvk24/playlist.m3u8,,,,TVK.ru@SD,,,,https://upload.wikimedia.org/wikipedia/commons/e/e7/%D0%9B%D0%BE%D0%B3%D0%BE%D1%82%D0%B8%D0%BF_%D0%BA%D1%80%D0%B0%D1%81%D0%BD%D0%BE%D1%8F%D1%80%D1%81%D0%BA%D0%BE%D0%B3%D0%BE_%D1%82%D0%B5%D0%BB%D0%B5%D0%BA%D0%B0%D0%BD%D0%B0%D0%BB%D0%B0_%D0%A2%D0%92%D0%9A_%282015%29.png,Undefined,,iptv-org-all.txt
Твое TV HD (1080p),http://tvoetv.space:8080/tvoetv/index.m3u8,,,,TvoeTV.ru@SD,,,,https://i.imgur.com/kKAM7dP.png,Entertainment,,iptv-org-all.txt
Твое ТВ Юмор (1080p),http://tvoetv.space:8080/tvoetv_humor/index.m3u8,,,,TvoyeTVYumor.ru@SD,,,,https://smotret.tv/images/tvoe-tv-yumor.webp,Comedy,,iptv-org-all.txt
Телеканал 86 (Сургут) (1080p) [Not 24/7],https://sitv.ru/hls/s86.m3u8,,,,86.ru@SD,,,,https://i.imgur.com/0dRS4Cb.png,General,,iptv-org-all.txt
Телеканал Краснодар (1080p),https://live-tvkrasnodar.cdnvideo.ru/tvkrasnodar/tvkrasnodar.sdp/playlist.m3u8,,,,TelekanalKrasnodar.ru@HD,,,,https://i.imgur.com/YVtutzp.png,General,,iptv-org-all.txt
Телеканал Репортер Одесса (720p),http://cdn1.live-tv.od.ua:8081/31chod/31chod-abr/31chod/31chod/playlist.m3u8,,,,Reporter.ua@SD,,,,https://i.imgur.com/LyA3kBR.png,News,,iptv-org-all.txt
Телепутешествия (576p),http://31.148.48.15/Teleputeshestviya/index.m3u8,,,,Teleputeshestviya.ru@SD,,,,https://i.imgur.com/eXJm1n3.png,Travel,,iptv-org-all.txt
Телерадиокомпания 555 (Алушта) (720p),http://trk555.tv:8888/live,,,,555.ru@SD,,,,https://i.imgur.com/JQZkxeA.png,General,,iptv-org-all.txt
Телплюс ТВ (Астрахань) (360p) [Not 24/7],https://streaming.astrakhan.ru/telplushd/playlist.m3u8,,,,Telplus.ru@SD,,,,https://i.imgur.com/1zbcZ3p.png,Undefined,,iptv-org-all.txt
Тернопіль 1 (720p),https://ott.columbus.te.ua/ternopil1/index.m3u8,,,,Ternopil1.ua@SD,,,,https://i.imgur.com/f5EtIzV.png,News,,iptv-org-all.txt
ТКР (Рязань) (1080p) [Not 24/7],http://live.tkr.cdnvideo.ru/tkr/tkr.sdp/playlist.m3u8,,,,TKR.ru@SD,,,,https://i.imgur.com/VqtPB7L.png,Undefined,,iptv-org-all.txt
ТНВ-Планета (Казань) (576p),https://planeta.mediacdn.ru/cdn/tnvplanet/playlist.m3u8,,,,TNVPlanet.ru@SD,,,,https://i.imgur.com/ijA1zDw.png,Undefined,,iptv-org-all.txt
ТНТ4 (576p),http://31.148.48.15/TNT4/index.m3u8,,,,TNT4.ru@SD,,,,https://i.imgur.com/gBokU5i.png,Entertainment,,iptv-org-all.txt
Толк HD (720p),http://live-tolknews.cdnvideo.ru/tolknews/stream/playlist.m3u8,,,,Tolk.ru@HD,,,,https://i.imgur.com/l7JZ79P.png,News,,iptv-org-all.txt
Тонус (576p),http://31.148.48.15/Zdorovie/index.m3u8,,,,Tonus.ru@SD,,,,https://i.imgur.com/pGm8QCj.png,Undefined,,iptv-org-all.txt
Точка ТВ (576p),http://31.148.48.15/Tochka_TV/index.m3u8,,,,TochkaTV.ru@SD,,,,https://i.imgur.com/yyNR5jG.png,Undefined,,iptv-org-all.txt
Три Ангела (720p),https://hls.tv.3angels.ru/stream.m3u8,,,,3ABNRussia.ru@SD,,,,https://i.imgur.com/4fhBbam.png,Religious,,iptv-org-all.txt
ТРК Алекс (576p),http://46.46.112.223/live/livestream1.m3u8,,,,TRKAleks.ua@SD,,,,https://i.imgur.com/1uW5ex8.png,Undefined,,iptv-org-all.txt
Уникум (576p),http://31.148.48.15/Detskiy/index.m3u8,,,,Unikum.ru@SD,,,,https://i.imgur.com/kSJZjDL.png,Undefined,,iptv-org-all.txt
Урал 24 (Челябинск) (1080p),https://vgtrkregion-reg.cdnvideo.ru/vgtrk/chelyabinsk/ural24-hd/index.m3u8,,,,Ural24.ru@SD,,,,https://i.imgur.com/eoI4KuB.png,General,,iptv-org-all.txt
УТРК (480p) [Not 24/7],https://st2.mediabay.tv/KG_KTRK-UTRK/index.m3u8,,,,UTRK.kg@SD,,,,https://i.ibb.co/VJ7cPRH/Xp5clCA.png,General,,iptv-org-all.txt
УТРК Ала-Тоо 24 (480p) [Not 24/7],https://st2.mediabay.tv/KG_KTRK-Ala-too/playlist.m3u8,,,,AlaToo24.kg@SD,,,,https://i.imgur.com/vBPmUQA.png,News,,iptv-org-all.txt
УТРК Баластан (480p) [Not 24/7],https://st2.mediabay.tv/KG_KTRK-Balastan/index.m3u8,,,,Balastan.kg@SD,,,,https://i.imgur.com/D5ylCiX.png,Kids,,iptv-org-all.txt
УТРК Музыка (480p) [Not 24/7],https://st2.mediabay.tv/KG_KTRK-Muzika/index.m3u8,,,,Music.kg@SD,,,,https://www.utrk.kg/img/stream/45.png,Music,,iptv-org-all.txt
УТРК Спорт (480p) [Not 24/7],https://st2.mediabay.tv/KG_KTRK-Sport/index.m3u8,,,,Sport.kg@SD,,,,https://i.imgur.com/ORCu0w0.png,Sports,,iptv-org-all.txt
Феникс плюс Кино (576p),http://31.148.48.15/Feniks_plus_kino/index.m3u8,,,,FeniksplusKino.ru@SD,,,,https://i.imgur.com/S9OPMLE.png,Movies,,iptv-org-all.txt
Футбол (720p),http://31.148.48.15/Futbol_HD/index.m3u8,,,,Football.ru@SD,,,,https://i.imgur.com/pEuaZVx.png,Sports,,iptv-org-all.txt
Херсон Плюс (576p),http://46.175.163.130/ks_plus/index.m3u8,,,,HersonPlyus.ua@SD,,,,https://i.imgur.com/DKDVoyD.png,General,,iptv-org-all.txt
Хузур ТВ (1080p) [Not 24/7],https://hls-mycdn08724960135.cdnvideo.ru/mycdn08724960135/stream1/playlist.m3u8,,,,HuzurTV.ru@SD,,,,https://i.imgur.com/Abg1fct.png,Religious,,iptv-org-all.txt
Че! (576p),http://31.148.48.15/Che/index.m3u8,,,,Che.ru@SD,,,,https://i.imgur.com/ZOcDGpB.png,Entertainment,,iptv-org-all.txt
ЧП Инфо (576p),http://edge3.iptv.macc.com.ua/life/magnolia_3/index.m3u8,,,,ChPinfo.ua@SD,,,,https://i.imgur.com/2cYzroj.png,News,,iptv-org-all.txt
Шаян ТВ (Татарстан) (1080p),https://shayan.bonus-tv.ru/cdn/shayan/playlist.m3u8,,,,ShayanTV.ru@SD,,,,https://i.imgur.com/CvFwczN.png,Undefined,,iptv-org-all.txt
Щёлковское ТВ (576p) [Not 24/7],http://stream0.tv41.ru/live.m3u8,,,,ShchyolkovskoeTV.ru@SD,,,,https://i.imgur.com/0us6l04.png,Undefined,,iptv-org-all.txt
ЭлТР (480p) [Not 24/7],http://gohoski.fvds.ru:3000/mediabay/162/index.m3u8,,,,ElTR.kg@SD,,,,https://i.ibb.co/r6czQwQ/365049798-774721644658455-5702658175909463406-n-2.png,General,,iptv-org-all.txt
ЭлТР Билим Илим (480p) [Not 24/7],http://gohoski.fvds.ru:3000/mediabay/611/index.m3u8,,,,BilimIlim.kg@SD,,,,https://i.ibb.co/qswtSWm/428598841-309456895457301-6206911287895397651-n-1.png,Kids;Science,,iptv-org-all.txt
Ювелирочка ТВ (576p),https://live-uvelirochka.cdnvideo.ru/uvelirochka/uvelirochka_720p3/playlist.m3u8,,,,Yuvelirochka.ru@SD,,,,https://i.imgur.com/IcWtXCZ.png,Shop,,iptv-org-all.txt
Югра (1080p),https://live-ugratv.cdnvideo.ru/ugratv/ugratv/playlist.m3u8,,,,UgraTV.ru@SD,,,,https://i.imgur.com/561FRwI.png,Undefined,,iptv-org-all.txt
上虞1新闻综合 (720p) [Not 24/7],https://l.cztvcloud.com/channels/lantian/SXshangyu1/720p.m3u8,,,,,,,,,Undefined,,iptv-org-all.txt
上虞3新商都 (720p) [Not 24/7],https://l.cztvcloud.com/channels/lantian/SXshangyu3/720p.m3u8,,,,,,,,,Undefined,,iptv-org-all.txt
上虞經濟文化 (720p) [Not 24/7],https://l.cztvcloud.com/channels/lantian/SXshangyu2/720p.m3u8,,,,,,,,,Undefined,,iptv-org-all.txt
乐清新闻 [Geo-blocked],http://33809.hlsplay.aodianyun.com/guangdianyun_33809/tv_channel_170.m3u8,,,,,,,,,Undefined,,iptv-org-all.txt
乐清生活 [Geo-blocked],http://33809.hlsplay.aodianyun.com/guangdianyun_33809/tv_channel_171.m3u8,,,,,,,,,Undefined,,iptv-org-all.txt
云南 Ⅰ 文山公共台 (1080p),http://tvdrs.wsrtv.com.cn:8100/channellive/ch2.flv,,,,,,,,,Undefined,,iptv-org-all.txt
云南卫视 (1080p),https://hwapi.yunshicloud.com/8xughf/e0bx15.m3u8,,,,YunnanSatelliteTV.cn@SD,,,,https://www.tvchinese.net/uploads/tv/yunnantv.jpg,General,,iptv-org-all.txt
五星体育 (720p),http://223.110.245.147/ott.js.chinamobile.com/PLTV/3/224/3221226799/index.m3u8,,,,,,,,,Undefined,,iptv-org-all.txt
京视剧场 (576p),http://223.110.245.143/ott.js.chinamobile.com/PLTV/3/224/3221227040/index.m3u8,,,,,,,,,Undefined,,iptv-org-all.txt
亳州农村 (360p),http://220.180.110.101:8083/videos/live/39/13/o4ncrHkSp7q09/o4ncrHkSp7q09.m3u8,,,,,,,,,Undefined,,iptv-org-all.txt
亳州新聞頻道 (360p),http://220.180.110.101:8083/videos/live/33/59/NC7XQdEveyncq/NC7XQdEveyncq.m3u8,,,,,,,,,Undefined,,iptv-org-all.txt
优漫卡通 (576p),http://183.207.249.15/PLTV/4/224/3221225933/index.m3u8,,,,YouManCartoonChannel.cn@SD,,,,https://i.imgur.com/GZInf2W.png,Animation;Kids,,iptv-org-all.txt
兵团卫视 (540p) [Not 24/7],http://112.25.48.68/live/program/live/btws/1300000/mnf.m3u8,,,,BingtuanSatelliteTV.cn@SD,,,,https://i.imgur.com/Y4qxDqz.png,Undefined,,iptv-org-all.txt
内蒙古卫视 (576p),http://39.134.115.163:8080/PLTV/88888910/224/3221225667/index.m3u8,,,,,,,,,Undefined,,iptv-org-all.txt
内蒙古卫视 (576p),http://117.169.120.140:8080/live/neimenggustv/.m3u8,,,,,,,,,Undefined,,iptv-org-all.txt
内蒙古卫视 (576p),http://183.207.248.71/gitv/live1/G_NEIMENGGU/G_NEIMENGGU,,,,,,,,,Undefined,,iptv-org-all.txt
内蒙古卫视 (576p),http://223.110.245.173/PLTV/4/224/3221225836/index.m3u8,,,,,,,,,Undefined,,iptv-org-all.txt
农安新闻综合 [Geo-blocked],https://stream2.jlntv.cn/naxw/sd/live.m3u8,,,,,,,,,Undefined,,iptv-org-all.txt
凤凰中文 (720p),http://223.110.245.139/ott.js.chinamobile.com/PLTV/3/224/3221226922/index.m3u8,,,,PhoenixChineseChannel.hk@SD,,,,https://raw.githubusercontent.com/wanglindl/TVlogo/main/img/Phoenix1.png,General,,iptv-org-all.txt
凤凰资讯 (720p),http://223.110.245.167/ott.js.chinamobile.com/PLTV/3/224/3221226923/index.m3u8,,,,PhoenixInfoNewsChannel.hk@SD,,,,https://i.imgur.com/mt4h3VO.png,News,,iptv-org-all.txt
凤凰香港 (720p),http://223.110.245.136/PLTV/3/224/3221226975/index.m3u8,,,,,,,,,Undefined,,iptv-org-all.txt
刘德华,http://epg.112114.xyz/douyu/2516864,,,,,,,,,Undefined,,iptv-org-all.txt
利川公共 (576p) [Geo-blocked],http://lichuan.live.tempsource.cjyun.org/videotmp/s10093-lcgg.m3u8,,,,,,,,,Undefined,,iptv-org-all.txt
利川公共 (180p) [Not 24/7],http://uni6rtmp.tulix.tv:1935/vbstv/vbsabr.smil/chunklist_w1847269952_b204800.m3u8,,,,,,,,,Undefined,,iptv-org-all.txt
利川新闻综合 (480p) [Not 24/7],http://uni6rtmp.tulix.tv:1935/vbstv/vbsabr.smil/chunklist_w439903609_b1228800.m3u8,,,,,,,,,Undefined,,iptv-org-all.txt
前郭综合 [Geo-blocked],https://stream2.jlntv.cn/qg/sd/live.m3u8,,,,,,,,,Undefined,,iptv-org-all.txt
动作电影 (1080p),http://39.134.19.68/dbiptv.sn.chinamobile.com/PLTV/88888888/224/3221226465/index.m3u8,,,,CHCAction.cn@SD,,,,https://i.imgur.com/AuiVcyh.png,Movies,,iptv-org-all.txt
动画王国 (1080p),http://183.207.248.71/cntv/live1/donghuawg/donghuawg,,,,,,,,,Undefined,,iptv-org-all.txt
北京紀實 (1080p),http://39.134.115.163:8080/PLTV/88888910/224/3221225675/index.m3u8,,,,,,,,,Undefined,,iptv-org-all.txt
北京紀實 (1080p),http://39.134.115.163:8080/PLTV/88888910/224/3221225676/index.m3u8,,,,,,,,,Undefined,,iptv-org-all.txt
北京衛視 (1080p) [Geo-blocked],http://14.152.88.77/liveplay-kk.rtxapp.com/live/program/live/bjwshd/4000000/mnf.m3u8,,,,BeijingSatelliteTV.cn@SD,,,,https://i.imgur.com/vsktAez.png,General,,iptv-org-all.txt
北京财经 [Not 24/7],http://ivi.bupt.edu.cn/hls/btv5.m3u8,,,,,,,,,Undefined,,iptv-org-all.txt
北京青年 [Not 24/7],http://ivi.bupt.edu.cn/hls/btv8.m3u8,,,,,,,,,Undefined,,iptv-org-all.txt
华亭电视台 (1080p),http://117.156.28.119/270000001111/1110000148/index.m3u8,,,,,,,,,Undefined,,iptv-org-all.txt
华数 (720p) [Not 24/7],http://hls-ott-zhibo.wasu.tv/live/442/index.m3u8,,,,,,,,,Undefined,,iptv-org-all.txt
南京十八 (576p),http://183.207.248.71/gitv/live1/G_NJSB/G_NJSB,,,,,,,,,Undefined,,iptv-org-all.txt
南京少儿 (720p) [Not 24/7],https://live.nbs.cn/channels/njtv/sepd/m3u8:500k/live.m3u8,,,,,,,,,Undefined,,iptv-org-all.txt
南京教科 (720p) [Not 24/7],https://live.nbs.cn/channels/njtv/jkpd/m3u8:500k/live.m3u8,,,,,,,,,Undefined,,iptv-org-all.txt
南京教科 (576p),http://223.110.245.155/ott.js.chinamobile.com/PLTV/3/224/3221227194/index.m3u8,,,,,,,,,Undefined,,iptv-org-all.txt
南阳新闻 (1080p) [Not 24/7],http://30539.hlsplay.aodianyun.com/lms_30539/tv_channel_142.m3u8,,,,,,,,,Undefined,,iptv-org-all.txt
南陽公共頻道 (1080p) [Not 24/7],http://30539.hlsplay.aodianyun.com/lms_30539/tv_channel_295.m3u8,,,,,,,,,Undefined,,iptv-org-all.txt
南陽科教頻道 (1080p) [Not 24/7],http://30539.hlsplay.aodianyun.com/lms_30539/tv_channel_296.m3u8,,,,,,,,,Undefined,,iptv-org-all.txt
博斯高球台,https://yeslivetv.com/twiptv/litv-longturn05/index.m3u8,,,,,,,,,Undefined,,iptv-org-all.txt
厦门卫视 (576p),http://223.110.245.159/ott.js.chinamobile.com/PLTV/3/224/3221226996/index.m3u8,,,,,,,,,Undefined,,iptv-org-all.txt
厦门卫视 (540p) [Not 24/7],http://112.25.48.68/live/program/live/xmws/1300000/mnf.m3u8,,,,,,,,,Undefined,,iptv-org-all.txt
发现之旅 (576p),http://125.210.152.18:9090/live/FXZL_750.m3u8,,,,CNDFilmDiscoveryChannel.cn@SD,,,,https://i.imgur.com/2FJfPDx.png,Documentary,,iptv-org-all.txt
吉林市新闻综合 [Geo-blocked],https://stream2.jlntv.cn/jilin1/sd/live.m3u8,,,,,,,,,Undefined,,iptv-org-all.txt
吴江新闻综合 (720p) [Not 24/7],http://30515.hlsplay.aodianyun.com/lms_30515/tv_channel_239.m3u8,,,,,,,,,Undefined,,iptv-org-all.txt
和政电视台,http://117.156.28.119/270000001111/1110000149/index.m3u8,,,,HezhengTV.cn@SD,,,,https://upload.wikimedia.org/wikipedia/zh/2/28/%E7%94%98%E8%82%83%E5%8D%AB%E8%A7%86.png,General,,iptv-org-all.txt
嘉佳卡通 (576p),http://223.110.245.139/PLTV/4/224/3221227009/index.m3u8,,,,,,,,,Undefined,,iptv-org-all.txt
嘉佳卡通 (广东) (540p) [Not 24/7],http://112.25.48.68/live/program/live/jjkt/1300000/mnf.m3u8,,,,,,,,,Undefined,,iptv-org-all.txt
四川 Ⅰ 四川影视台 (720p) [Not 24/7],http://scgctvshow.sctv.com/hdlive/sctv5/index.m3u8,,,,,,,,,Undefined,,iptv-org-all.txt
四川 Ⅰ 四川新闻台 (720p) [Not 24/7],http://scgctvshow.sctv.com/hdlive/sctv4/index.m3u8,,,,,,,,,Undefined,,iptv-org-all.txt
四川 Ⅰ 巴中综合台 (1080p) [Not 24/7],http://30814.hlsplay.aodianyun.com/lms_30814/tv_channel_246.flv,,,,,,,,,Undefined,,iptv-org-all.txt
四川 Ⅰ 星空购物台 (720p) [Not 24/7],http://scgctvshow.sctv.com/hdlive/sctv6/index.m3u8,,,,,,,,,Undefined,,iptv-org-all.txt
四川 Ⅰ 达州公共台 (720p) [Not 24/7],http://m3u8.channellive.dzxw.net/cms/videos/nmip-media/channellive/channel36/playlist.m3u8,,,,,,,,,Undefined,,iptv-org-all.txt
四川 Ⅰ 达州综合台 (720p) [Not 24/7],http://m3u8.channellive.dzxw.net/cms/videos/nmip-media/channellive/channel35/playlist.m3u8,,,,,,,,,Undefined,,iptv-org-all.txt
四川卫视 (576p),http://39.134.115.163:8080/PLTV/88888910/224/3221225733/index.m3u8,,,,SichuanSatelliteTV.cn@SD,,,,https://i.imgur.com/r5xivih.png,Undefined,,iptv-org-all.txt
四川妇女儿童 (720p) [Not 24/7],http://scgctvshow.sctv.com/hdlive/sctv7/index.m3u8,,,,SichuanTVWomenandChildrenChannel.cn@SD,,,,https://i.imgur.com/1lGO0vY.png,Family,,iptv-org-all.txt
四平新闻综合 [Geo-blocked],https://stream2.jlntv.cn/sptv/sd/live.m3u8,,,,,,,,,Undefined,,iptv-org-all.txt
大冶一套 [Geo-blocked],http://dayeyun.live.tempsource.cjyun.org/videotmp/s10102-TC1T.m3u8,,,,,,,,,Undefined,,iptv-org-all.txt
大冶二套 [Geo-blocked],http://dayeyun.live.tempsource.cjyun.org/videotmp/s10102-TC2T.m3u8,,,,,,,,,Undefined,,iptv-org-all.txt
大悟综合 [Geo-blocked],http://yunshangdawu.live.tempsource.cjyun.org/videotmp/s10129-dwzhpd.m3u8,,,,,,,,,Undefined,,iptv-org-all.txt
大爱海外 (720p),https://pulltv3.wanfudaluye.com/live/tv3.m3u8,,,,,,,,,Undefined,,iptv-org-all.txt
天津卫视 (1080p),http://39.134.115.163:8080/PLTV/88888910/224/3221225698/index.m3u8,,,,TianjinTV.cn@SD,,,,https://i.imgur.com/Bg24eaH.png,Undefined,,iptv-org-all.txt
宁夏卫视 (576p),http://39.134.115.163:8080/PLTV/88888910/224/3221225726/index.m3u8,,,,NingxiaSatelliteChannel.cn@SD,,,,https://i.imgur.com/nUQE4Ib.png,Entertainment,,iptv-org-all.txt
宇哥电影,http://epg.112114.xyz/douyu/413573,,,,,,,,,Undefined,,iptv-org-all.txt
安徽 Ⅰ 郎溪综合台 (1080p),http://117.70.93.210:1935/live/xinwen/playlist.m3u8,,,,,,,,,Undefined,,iptv-org-all.txt
安徽 Ⅰ 铜陵公共 (720p),http://dstpush1.retalltech.com/app/stream2.m3u8,,,,,,,,,Undefined,,iptv-org-all.txt
安徽 Ⅰ 铜陵综合 (720p),http://dstpush1.retalltech.com/app/stream1.m3u8,,,,,,,,,Undefined,,iptv-org-all.txt
完美游戏 (1080p) [Not 24/7],http://183.207.248.71/cntv/live1/wmyx/wmyx,,,,,,,,,Undefined,,iptv-org-all.txt
家庭影院 (1080p),http://39.134.19.153/dbiptv.sn.chinamobile.com/PLTV/88888888/224/3221226462/index.m3u8,,,,CHCHomeTheater.cn@SD,,,,https://i.imgur.com/AwBldBE.png,Undefined,,iptv-org-all.txt
家庭理财 (576p),http://223.110.245.139/PLTV/4/224/3221227011/index.m3u8,,,,,,,,,Undefined,,iptv-org-all.txt
家有购物 (720p) [Not 24/7],http://183.207.248.71/cntv/live1/SD-1500k-576P-jiayougw/SD-1500k-576P-jiayougw,,,,,,,,,Undefined,,iptv-org-all.txt
宿迁公共 (480p),http://223.110.245.153/ott.js.chinamobile.com/PLTV/3/224/3221226939/index.m3u8,,,,,,,,,Undefined,,iptv-org-all.txt
山东卫视 (720p),http://125.210.152.18:9090/live/SDWSHD_H265.m3u8,,,,ShandongSatelliteTV.cn@SD,,,,https://www.tvchinese.net/uploads/tv/shandongtv.jpg,General,,iptv-org-all.txt
山东卫视 (1080p),http://39.134.115.163:8080/PLTV/88888910/224/3221225697/index.m3u8,,,,ShandongTV.cn@SD,,,,https://i.imgur.com/t3ICc4i.png,Undefined,,iptv-org-all.txt
山东居家购物 (360p) [Geo-blocked],http://livealone302.iqilu.com/iqilu/gwpd.m3u8,,,,,,,,,Undefined,,iptv-org-all.txt
山东影视 (406p) [Geo-blocked],http://livealone302.iqilu.com/iqilu/yspd.m3u8,,,,,,,,,Undefined,,iptv-org-all.txt
岳阳公共 (576p),http://live.hnxttv.com:9601/live/dspd/800K/tzwj_video.m3u8?BVUUID=C236454D-5355-2F5F-FA96-1887C72E55CE&auth=654837809071524@615@2E9A5FD0B225B012E3178551CF3754A8,,,,,,,,,Undefined,,iptv-org-all.txt
岷县电视台 (1080p),http://117.156.28.119/270000001111/1110000130/index.m3u8,,,,,,,,,Undefined,,iptv-org-all.txt
嵊州综合 (720p) [Not 24/7],https://l.cztvcloud.com/channels/lantian/SXshengzhou1/720p.m3u8,,,,,,,,,Undefined,,iptv-org-all.txt
广东 Ⅰ 韶关公共台 (720p) [Not 24/7],https://www.sgmsw.cn/videos/tv/201805/1308/9P424TC5M000AFO13CXK6GN6BOA889D2/hls/live.m3u8,,,,,,,,,Undefined,,iptv-org-all.txt
广东 Ⅰ 韶关综合台 (720p) [Not 24/7],https://www.sgmsw.cn/videos/tv/201805/1308/SB05RIYZOU8JR418AUQOF62CAJQ08D0E/hls/live.m3u8,,,,,,,,,Undefined,,iptv-org-all.txt
广水新闻综合 [Geo-blocked],http://guangshui.live.tempsource.cjyun.org/videotmp/s10146-GSXW.m3u8,,,,,,,,,Undefined,,iptv-org-all.txt
康巴卫视 (720p) [Not 24/7],http://scgctvshow.sctv.com/hdlive/kangba/1.m3u8,,,,YanbianSatelliteTV.cn@SD,,,,https://i.imgur.com/UKKsnhD.png,Undefined,,iptv-org-all.txt
延边新闻综合 [Geo-blocked],https://stream2.jlntv.cn/jlyb/sd/live.m3u8,,,,,,,,,Undefined,,iptv-org-all.txt
弈坛春秋 (576p),http://223.110.245.139/PLTV/4/224/3221227031/index.m3u8,,,,,,,,,Undefined,,iptv-org-all.txt
徐州-1 (1080p),http://183.207.249.15/PLTV/3/224/3221225945/index.m3u8,,,,,,,,,Undefined,,iptv-org-all.txt
徐州-3 (1080p),http://183.207.249.7/PLTV/3/224/3221225949/index.m3u8,,,,,,,,,Undefined,,iptv-org-all.txt
徐州-3 (1080p),http://223.110.245.151/ott.js.chinamobile.com/PLTV/3/224/3221225949/index.m3u8,,,,,,,,,Undefined,,iptv-org-all.txt
徐州-4 (1080p),http://183.207.249.15/PLTV/3/224/3221225951/index.m3u8,,,,,,,,,Undefined,,iptv-org-all.txt
徐州公共頻道 (1080p),http://183.207.248.11/PLTV/3/224/3221225951/index.m3u8,,,,,,,,,Undefined,,iptv-org-all.txt
徐州新聞綜合 (1080p),http://223.110.245.165/ott.js.chinamobile.com/PLTV/3/224/3221225945/index.m3u8,,,,,,,,,Undefined,,iptv-org-all.txt
徐州經濟生活 (1080p),http://223.110.245.167/ott.js.chinamobile.com/PLTV/3/224/3221225947/index.m3u8,,,,XuzhouEconomicLifeChannel.cn@SD,,,,,Business,,iptv-org-all.txt
徐州贾汪旅游 (576p),http://223.110.245.147/ott.js.chinamobile.com/PLTV/3/224/3221227389/index.m3u8,,,,,,,,,Undefined,,iptv-org-all.txt
抚州公共 (270p),http://111.75.179.195:30767/video/live_vide2.m3u8,,,,,,,,,Undefined,,iptv-org-all.txt
撫州綜合頻道 (270p) [Not 24/7],http://111.75.179.195:30767/video/live_vide.m3u8,,,,,,,,,Undefined,,iptv-org-all.txt
