频道名,地址,回播地址,回播类型,回播天数,tvg-id,tvg-name,国家分组,语言分组,图标,原分组,分辨率,来源文件
BEK Sports West (720p),https://cdn3.wowza.com/5/ZWQ1K2NYTmpFbGsr/BEK-WOWZA-1/smil:BEKPRIMEW.smil/playlist.m3u8,,,,BEKSports.us@West,,,,https://i.imgur.com/1l3t5jd.png,Sports,,iptv-org-all.txt
Bel RTL (1080p),https://bel-live-hls.akamaized.net/hls/live/2038650/BEL-Live-HLS/master.m3u8,,,,BelRTL.be@SD,,,,https://i.imgur.com/0DUprIW.png,Music,,iptv-org-all.txt
Belarus-1 (1080p),https://ngtrk.dc.beltelecom.by/ngtrk/_definst_/smil:belarus1.smil/playlist.m3u8,,,,Belarus1.by@SD,,,,https://i.imgur.com/sUD9t5j.png,General,,iptv-org-all.txt
Belarus-1 HD (1080p),https://ngtrk.dc.beltelecom.by/ngtrk/smil:belarus1.smil/playlist.m3u8,,,,Belarus1.by@HD,,,,https://i.imgur.com/sUD9t5j.png,General,,iptv-org-all.txt
Belarus-2 HD (1080p),https://ngtrk.dc.beltelecom.by/ngtrk/smil:belarus2.smil/playlist.m3u8,,,,Belarus2.by@HD,,,,https://i.imgur.com/BpEHpPS.png,Entertainment,,iptv-org-all.txt
Belarus-3 HD (1080p) [Not 24/7],https://ngtrk.dc.beltelecom.by/ngtrk/smil:belarus3.smil/playlist.m3u8,,,,Belarus3.by@HD,,,,https://i.imgur.com/JkcDycn.png,Culture,,iptv-org-all.txt
Belarus-4 Gomel,https://live.dc.beltelecom.by/trkgomel/trkgomel.stream/playlist.m3u8,,,,Belarus4.by@Gomel,,,,https://i.imgur.com/XNkQrMr.png,General,,iptv-org-all.txt
Belarus-4 Vitebsk (1080p),https://ngtrk.dc.beltelecom.by/vtv/bt4.stream/playlist.m3u8,,,,Belarus4.by@Vitebsk,,,,https://i.imgur.com/XNkQrMr.png,General,,iptv-org-all.txt
Belarus-5 (1080p) [Not 24/7],https://ngtrk.dc.beltelecom.by/ngtrk/smil:belarus5.smil/playlist.m3u8,,,,Belarus5.by@SD,,,,https://i.imgur.com/NJsRFud.png,Sports,,iptv-org-all.txt
Belarus-5 HD (1080p),http://178.124.179.122:8080/BT5/index.m3u8,,,,Belarus5.by@HD,,,,https://i.imgur.com/NJsRFud.png,Sports,,iptv-org-all.txt
Belarus-5 Internet (1080p) [Not 24/7],https://edge59.dc.beltelecom.by/ngtrk/smil:belarus5int.smil/playlist.m3u8,,,,Belarus5.by@Internet,,,,https://i.imgur.com/NJsRFud.png,Sports,,iptv-org-all.txt
Belarus-24 (576p),http://ott-7.sevstar.net/belarus24/index.m3u8,,,,Belarus24.by@SD,,,,https://i.imgur.com/BP7tY6F.png,News,,iptv-org-all.txt
Belarus-24 HD (1080p),https://ngtrk.dc.beltelecom.by/ngtrk/smil:belarus24.smil/playlist.m3u8,,,,Belarus24.by@HD,,,,https://i.imgur.com/BP7tY6F.png,News,,iptv-org-all.txt
Belgorod 24 (1080p),https://belnovosti.cdn.easyhoster.ru:8443/stream.m3u8,,,,Belgorod24.ru@SD,,,,https://i.imgur.com/EEirvyx.png,General,,iptv-org-all.txt
Bella Abanquina TV (720p),https://live-evg8.tv360.bitel.com.pe/bitel/bellaabanquinaSRT/playlist.m3u8,,,,BellaAbanquinaTV.pe@SD,,,,https://i.imgur.com/bORM4rt.png,Undefined,,iptv-org-all.txt
Bellator MMA,https://jmp2.uk/plu-5ebc8688f3697d00072f7cf8.m3u8,,,,BellatorMMA.us@SD,,,,https://i.imgur.com/VBKoLHk.png,Sports,,iptv-org-all.txt
Bellavision (1080p) [Not 24/7],https://fox.hostlagarto.com:8081/bellavision8hd/tracks-v1a1/mono.m3u8,,,,Bellavision.do@SD,,,,https://i.imgur.com/XqQ3kCs.png,Entertainment,,iptv-org-all.txt
Belle Amie (540p),http://92.60.238.10:1935/live/belleamie/playlist.m3u8,,,,BelleAmie.rs@SD,,,,https://i.imgur.com/tOlN5Rz.png,General,,iptv-org-all.txt
Bem Melhor (720p),https://cdn-tiva-video01-logicahost-com-br.smartbit.co/bemmelhor/bemmelhor/playlist.m3u8,,,,BemMelhor.br@SD,,,,https://www.ubplay.com.br/wp-content/uploads/sites/67/2025/10/capa-site-bemmelhor.png,General,,iptv-org-all.txt
Bendicion Channel (720p),https://s.emisoras.tv:8081/bendicionchannel/index.m3u8,,,,BendicionChannel.co@HD,,,,https://i.imgur.com/yKzV7m7.png,Religious,,iptv-org-all.txt
Benguturk TV (1080p),http://185.234.111.229:8000/play/a05u,,,,BenguturkTV.tr@SD,,,,https://i.imgur.com/p3ON1oX.png,General,,iptv-org-all.txt
Benie TV (720p),https://tv.voozmedia.fun/benietv/index.m3u8,,,,BenieTV.ci@SD,,,,https://i.imgur.com/7FXi05e.jpeg,Religious,,iptv-org-all.txt
Benin Web TV (720p),https://stream.beninwebtv.bj/2/live/stream.m3u8,,,,BeninWebTV.bj@SD,,,,https://i.imgur.com/CYy4n0N.png,News,,iptv-org-all.txt
Berente TV (1080p),https://stream.streaming4u.hu/BerenteTV/index.m3u8,,,,BerenteTV.hu@SD,,,,https://i.imgur.com/3H3Ct9f.png,General,,iptv-org-all.txt
Bergamo TV (1080p),https://db142859fd5541b09de25d6507f1f2d3.msvdn.net/live/S17501676/oIxAsgEEA46M/playlist_dvr.m3u8,,,,BergamoTV.it@SD,,,,https://i.imgur.com/Np3RaKv.png,General,,iptv-org-all.txt
Berks Community TV (1080p),https://livestream.telvue.com/berkscmttv2/f7b44cfafd5c52223d5498196c8a2e7b.sdp/playlist.m3u8,,,,BerksCommunityTV.us@SD,,,,https://i.imgur.com/vQ6a4VL.png,General,,iptv-org-all.txt
Best of BATV Channel,https://livestream.telvue.com/billerica4/f7b44cfafd5c52223d5498196c8a2e7b.sdp/playlist.m3u8,,,,BestofBATVChannel.us@SD,,,,https://i.imgur.com/TUMiKCX.png,General,,iptv-org-all.txt
Best of Dance TV (1080p),https://m1b2.worldcast.tv/dancetelevisionone/dancetelevisionone.m3u8,,,,BestofDanceTV.ee@SD,,,,https://hebbkx1anhila5yf.public.blob.vercel-storage.com/dt-logo-ARVwXaV7R0NW1kmXYBxN0OA78sD706.png,Music,,iptv-org-all.txt
Best of Dr Phil,https://jmp2.uk/plu-666815f24b9fb400083f7e31.m3u8,,,,BestofDrPhil.us@SD,,,,https://i.imgur.com/Jj0wTFQ.png,Entertainment,,iptv-org-all.txt
Best of MTV,https://jmp2.uk/plu-632afdf820e83e000710ea12.m3u8,,,,BestofMTV.se@SE,,,,https://images.pluto.tv/channels/632aff5e44111b00076ad9b1/colorLogoPNG_1767773210944.png,Entertainment,,iptv-org-all.txt
Best of MTV DK,https://jmp2.uk/plu-632aff5e44111b00076ad9b1.m3u8,,,,BestofMTV.se@DK,,,,https://images.pluto.tv/channels/632aff5e44111b00076ad9b1/colorLogoPNG_1767773210944.png,Entertainment,,iptv-org-all.txt
Best of MTV NO,https://jmp2.uk/plu-632afc466699570007ed1106.m3u8,,,,BestofMTV.se@NO,,,,https://images.pluto.tv/channels/632aff5e44111b00076ad9b1/colorLogoPNG_1767773210944.png,Entertainment,,iptv-org-all.txt
Best of Paradise Hotel: Finalveckan,https://jmp2.uk/plu-65e97d41f7f0af0008da2543.m3u8,,,,BestofParadiseHotelFinalveckan.se@SE,,,,https://images.pluto.tv/channels/65e97d41f7f0af0008da2543/colorLogoPNG.png,Entertainment,,iptv-org-all.txt
Best of Paradise Hotel: Kyssar & karlek,https://jmp2.uk/plu-65b1077e0d9ab40008245b20.m3u8,,,,BestofParadiseHotelKyssarkarlek.se@SE,,,,https://images.pluto.tv/channels/65b1077e0d9ab40008245b20/colorLogoPNG.png,Entertainment,,iptv-org-all.txt
Best of Paradise Hotel: Pandoras Ask,https://jmp2.uk/plu-65e97d760d456100082da660.m3u8,,,,BestofParadiseHotelPandorasAsk.se@SE,,,,https://images.pluto.tv/channels/65e97d760d456100082da660/colorLogoPNG.png,Entertainment,,iptv-org-all.txt
Best of Paradise Hotel: Skolveckan,https://jmp2.uk/plu-65e97cd118036500082ed0ce.m3u8,,,,BestofParadiseHotelSkolveckan.se@SE,,,,https://images.pluto.tv/channels/65e97cd118036500082ed0ce/colorLogoPNG.png,Entertainment,,iptv-org-all.txt
Best of The Drew Barrymore Show (Sweden),https://jmp2.uk/plu-630483153a21200007f1920f.m3u8,,,,BestofTheDrewBarrymoreShow.se@SE,,,,https://images.pluto.tv/channels/62beb692cda2b10007d5fd76/colorLogoPNG.png,Entertainment,,iptv-org-all.txt
Best of The Drew Barrymore Show (Sweden) DK,https://jmp2.uk/plu-62beb692cda2b10007d5fd76.m3u8,,,,BestofTheDrewBarrymoreShow.se@DK,,,,https://images.pluto.tv/channels/62beb692cda2b10007d5fd76/colorLogoPNG.png,Entertainment,,iptv-org-all.txt
Best of The Drew Barrymore Show (Sweden) NO,https://jmp2.uk/plu-630478cfdb5a4a0007ec255e.m3u8,,,,BestofTheDrewBarrymoreShow.se@NO,,,,https://images.pluto.tv/channels/62beb692cda2b10007d5fd76/colorLogoPNG.png,Entertainment,,iptv-org-all.txt
Best of The Drew Barrymore Show (United States),https://jmp2.uk/plu-6310cbee5a8ad300070fdb7c.m3u8,,,,BestofTheDrewBarrymoreShow.us@CA,,,,https://images.pluto.tv/channels/6310cbee5a8ad300070fdb7c/colorLogoPNG.png,Entertainment,,iptv-org-all.txt
Best TV (720p) [Not 24/7],http://push-int.siliconweb.com/bestTV/stream/playlist.m3u8,,,,BestTV.gr@SD,,,,https://i.imgur.com/AeeeDUc.png,Undefined,,iptv-org-all.txt
BestClasicosTV (720p) [Not 24/7],https://acceso.mediosdecostarica.com:3873/hybrid/play.m3u8,,,,BestClasicosTV.cr@SD,,,,https://i.imgur.com/a/BRb8AVL.png,Undefined,,iptv-org-all.txt
BET,https://jmp2.uk/plu-61c187ef1efe1b0007571711.m3u8,,,,BET.se@SE,,,,https://images.pluto.tv/channels/61c1939b8929e40007ff6382/colorLogoPNG.png,Series,,iptv-org-all.txt
BET DK,https://jmp2.uk/plu-61c1939b8929e40007ff6382.m3u8,,,,BET.se@DK,,,,https://images.pluto.tv/channels/61c1939b8929e40007ff6382/colorLogoPNG.png,Series,,iptv-org-all.txt
BET NO,https://jmp2.uk/plu-61dd5bf8db0b8e00080804ff.m3u8,,,,BET.se@NO,,,,https://images.pluto.tv/channels/61c1939b8929e40007ff6382/colorLogoPNG.png,Series,,iptv-org-all.txt
BET Cinema,https://jmp2.uk/plu-58af4c093a41ca9d4ecabe96.m3u8,,,,BETCinema.us@SD,,,,https://images.pluto.tv/channels/58af4c093a41ca9d4ecabe96/colorLogoPNG_1759338280891.png,Movies,,iptv-org-all.txt
BET Classics Pluto TV,https://jmp2.uk/plu-60f85644a9493e0007a1f035.m3u8,,,,BETClassicsPlutoTV.us@SD,,,,https://images.pluto.tv/channels/60f85644a9493e0007a1f035/colorLogoPNG_1759339662769.png,Entertainment,,iptv-org-all.txt
BET Comedy Movies,https://jmp2.uk/plu-68c32d88f56983aba40052bd.m3u8,,,,BETComedyMovies.us@SD,,,,https://images.pluto.tv/channels/68c32d88f56983aba40052bd/colorLogoPNG_1759246622596.png,Movies,,iptv-org-all.txt
BET Pluto TV,https://jmp2.uk/plu-5ca670f6593a5d78f0e85aed.m3u8,,,,BETPlutoTV.us@US,,,,https://images.pluto.tv/channels/5ff768b6a4c8b80008498610/colorLogoPNG_1756804608228.png,Entertainment,,iptv-org-all.txt
BET Pluto TV BR,https://jmp2.uk/plu-5ff768b6a4c8b80008498610.m3u8,,,,BETPlutoTV.us@BR,,,,https://images.pluto.tv/channels/5ff768b6a4c8b80008498610/colorLogoPNG_1756804608228.png,Entertainment,,iptv-org-all.txt
BET Throwbacks,https://jmp2.uk/plu-61326275b3c86a00078e4833.m3u8,,,,BETThrowbacks.us@SD,,,,https://images.pluto.tv/channels/61326275b3c86a00078e4833/colorLogoPNG_1759340015358.png,Comedy,,iptv-org-all.txt
BET Visionaries,https://jmp2.uk/plu-663946c1b18d700008d9c168.m3u8,,,,BETVisionaries.us@SD,,,,https://images.pluto.tv/channels/663946c1b18d700008d9c168/colorLogoPNG_1759338795452.png,Movies,,iptv-org-all.txt
Bethel Colombia (720p),http://138.121.15.230:9002/BETHEL/index.m3u8,,,,BethelColombia.co@SD,,,,https://i.imgur.com/BYdMsLL.png,Religious,,iptv-org-all.txt
Bethel TV (720p),https://alfa.betheltv.tv/srt/3_abr/playlist.m3u8,,,,BethelTV.pe@SD,,,,https://i.imgur.com/zCVh765.png,Religious,,iptv-org-all.txt
Better Health TV (480p),https://tgn.bozztv.com/betterlife/betterhealth/betterhealth/index.m3u8,,,,BetterHealthTV.us@SD,,,,https://i.imgur.com/qnwJiji.png,Lifestyle,,iptv-org-all.txt
Better Life Nature Channel (480p),https://tgn.bozztv.com/betterlife/betternature/betternature/index.m3u8,,,,BetterLifeNatureChannel.us@SD,,,,https://i.imgur.com/D8Vuw6I.png,Relax,,iptv-org-all.txt
Better Life TV (720p),https://tgn.bozztv.com/betterlife/betterlife/betterlife/index.m3u8,,,,BetterLifeTV.us@SD,,,,https://i.imgur.com/OWI7Y0l.png,Religious,,iptv-org-all.txt
Beverly Hillbillies,https://jmp2.uk/plu-5f7796e470510900070d4e3d.m3u8,,,,BeverlyHillbillies.us@US,,,,https://i.imgur.com/OV9hT93.png,Classic,,iptv-org-all.txt
Beverly Hills 90210,https://jmp2.uk/plu-5f4d83e0a382c00007bc02e7.m3u8,,,,BeverlyHills90210.us@SD,,,,https://images.pluto.tv/channels/5f4d83e0a382c00007bc02e7/colorLogoPNG.png,Series,,iptv-org-all.txt
Beyaz TV (720p) [Not 24/7],https://mn-nl.mncdn.com/blutv_beyaztv2/live.m3u8,,,,BeyazTV.tr@SD,,,,https://i.imgur.com/uykIdML.png,Undefined,,iptv-org-all.txt
Beyond Belief: Fact or Fiction,https://jmp2.uk/plu-611f85396abc84000738417b.m3u8,,,,BeyondBeliefFactorFiction.us@UK,,,,https://i.imgur.com/3uXQg7Y.png,Undefined,,iptv-org-all.txt
Beyond the Gates,https://jmp2.uk/plu-687ff00ff6bc08130f16ab81.m3u8,,,,BeyondtheGates.us@SD,,,,https://images.pluto.tv/channels/687ff00ff6bc08130f16ab81/colorLogoPNG_1755074273752.png,Entertainment,,iptv-org-all.txt
BFM2 (1080p),https://d1ib1gsg71oarf.cloudfront.net/v1/master/3722c60a815c199d9c0ef36c5b73da68a62b09d1/cc-scp7wda722jph/BFM2_FR.m3u8,,,,BFM2.fr@HD,,,,https://alloforfait.fr/wp-content/uploads/2024/03/logo-bfm2-300x200.jpg,News,,iptv-org-all.txt
Bhagyam TV (1080p),https://ott.bhagyam.net/hls/bhagyamweb/index-1409148900-now.m3u8,,,,BhagyamTV.in@SD,,,,https://jiotvimages.cdn.jio.com/dare_images/images/aanadhamtvtamil.png,Religious,,iptv-org-all.txt
Bhakthi Siri (576p),https://mumbai-edge.smartplaytv.in/Bhakthisiri/index.m3u8,,,,BhakthiSiri.in@SD,,,,https://jiotvimages.cdn.jio.com/dare_images/images/channel/f6da6ddbbd4e157e54904f34196118e7.png,Religious,,iptv-org-all.txt
Bhakthi TV (720p),https://cdn.pishow.tv/ott/live/397/master.m3u8,,,,BhakthiTV.in@SD,,,,https://upload.wikimedia.org/wikipedia/en/6/61/Bhakthi_TV_logo.jpg,Religious,,iptv-org-all.txt
Bhakti Sagar (576p),https://mumt05.tangotv.in/87NeALx2BHAKTISAGAR/index.m3u8,,,,BhaktiSagar.in@SD,,,,https://jiotvimages.cdn.jio.com/dare_images/images/Bhaktisagar.png,Religious,,iptv-org-all.txt
Bharat24 (720p),https://cdn.ottlive.co.in/bharat24/index.m3u8,,,,Bharat24.in@SD,,,,https://dtil.tmsimg.com/assets/s142710_ld_h15_aa.png?lock=720x540,News,,iptv-org-all.txt
Bharat Express (576p),https://mumt07.tangotv.in/zHjX9OFlBHARATEXPRESS/index.m3u8,,,,BharatExpress.in@SD,,,,https://xstreamcp-assets-msp.streamready.in/assets/LIVETV/LIVECHANNEL/LIVETV_LIVETVCHANNEL_BHARAT_EXPRESS/images/LOGO_HD/image.png,News,,iptv-org-all.txt
Bharat Samachar (576p),https://mumt03.tangotv.in/Dsly5z3HBHARATSAMACHAR/index.m3u8,,,,BharatSamachar.in@SD,,,,https://xstreamcp-assets-msp.streamready.in/assets/LIVETV/LIVECHANNEL/LIVETV_LIVETVCHANNEL_BHARAT_SAMACHAR/images/LOGO_HD/image.png,News,,iptv-org-all.txt
Bhojpuri Cinema (720p),https://live-bhojpuri.akamaized.net/liveabr/playlist.m3u8,,,,BhojpuriCinema.in@SD,,,,https://xstreamcp-assets-msp.streamready.in/assets/LIVETV/LIVECHANNEL/LIVETV_LIVETVCHANNEL_BHOJPURI_CINEMA/images/LOGO_HD/image.png,Movies,,iptv-org-all.txt
BHRT (720p) [Geo-blocked],https://bhrtstream.bhtelecom.ba/bhrtportal.m3u8,,,,BHRT.ba@SD,,,,https://i.imgur.com/01bZ5rw.png,Undefined,,iptv-org-all.txt
BHTV10 (720p),https://cdn3.wowza.com/5/V2Y2VmhqMEFDTUkx/beverlyhills/G0072_006/playlist.m3u8,,,,BHTV10.us@SD,,,,https://i.imgur.com/NRrJ6xb.png,Undefined,,iptv-org-all.txt
BHTV35 (720p),https://cdn3.wowza.com/5/V2Y2VmhqMEFDTUkx/beverlyhills/G0072_007/playlist.m3u8,,,,BHTV35.us@SD,,,,https://i.imgur.com/3Gqc5f2.png,Undefined,,iptv-org-all.txt
Bialogardzka Telewizja Kablowa (1080p),https://bsmbialogard.pl/live/index.m3u8,,,,BialogardzkaTelewizjaKablowa.pl@HD,,,,https://btk.bsmbialogard.pl/sites/default/files/inline-images/logo%20header2%282%29.png,Entertainment,,iptv-org-all.txt
Bibel TV (720p),https://bibint01.iptv-playoutcenter.de/bibint01/bibint01.stream_all/playlist.m3u8,,,,BibelTV.de@SD,,,,https://i.imgur.com/RLwmrk3.png,Undefined,,iptv-org-all.txt
Bibel TV Impuls (720p),https://bibeltv02.iptv-playoutcenter.de/bibeltv02/bibeltv02.stream_1/playlist.m3u8,,,,BibelTVImpuls.de@SD,,,,https://i.imgur.com/k4tbW3W.png,Undefined,,iptv-org-all.txt
Bibel TV Musik (720p),https://bibeltv03.iptv-playoutcenter.de/bibeltv03/bibeltv03.stream_1/playlist.m3u8,,,,BibelTVMusik.de@SD,,,,https://i.imgur.com/yIqOcP5.png,Music,,iptv-org-all.txt
Big Asia (720p),http://live-bigasia.cdnvideo.ru/bigasia/bigasia.smil/playlist.m3u8,,,,BigAsia.ru@SD,,,,https://i.imgur.com/vruuPKF.png,Undefined,,iptv-org-all.txt
Big Brother,https://jmp2.uk/plu-6661f11a41af6400080e90d8.m3u8,,,,BigBrother.us@SD,,,,https://images.pluto.tv/channels/6661f11a41af6400080e90d8/colorLogoPNG.png,Entertainment,,iptv-org-all.txt
BIG BROTHER CLASSIC,https://jmp2.uk/plu-663e09e4b18d700008e48dcf.m3u8,,,,BIGBROTHERCLASSIC.de@DACH,,,,https://images.pluto.tv/channels/663e09e4b18d700008e48dcf/colorLogoPNG.png,Entertainment,,iptv-org-all.txt
BIG Civic Channel,https://reflect-brookline-interactive-group.cablecast.tv/live-5/live/stream-2/live.m3u8,,,,BIGCivicChannel.us@SD,,,,https://i.imgur.com/6HDMVBB.png,General,,iptv-org-all.txt
BIG Community Channel,https://reflect-brookline-interactive-group.cablecast.tv/live-4/live/stream-1/live.m3u8,,,,BIGCommunityChannel.us@SD,,,,https://i.imgur.com/6HDMVBB.png,General,,iptv-org-all.txt
Big Planet (576p),https://fs.uplink.kz/big_planet/mono.m3u8?token=onlinetv,,,,BigPlanet.ru@SD,,,,https://i.imgur.com/wyuqWTR.png,Undefined,,iptv-org-all.txt
Big Ten Network (720p),http://23.237.104.106:8080/USA_BTN/index.m3u8,,,,BigTenNetwork.us@SD,,,,https://upload.wikimedia.org/wikipedia/en/thumb/3/39/Big_Ten_Network_Logo.svg/960px-Big_Ten_Network_Logo.svg.png,Undefined,,iptv-org-all.txt
Big Time Plus (1080p),https://shd-gcp-live.edgenextcdn.net/live/bitmovin-big-time-plus/924283f994779a311c1389698ff7e736/index.m3u8,,,,BigTimePlus.sa@SD,,,,https://shahid.mbc.net/mediaObject/4e042cb6-500b-4e4c-a8ca-21a5a7a7a71b,Undefined,,iptv-org-all.txt
Big TV 24x7 (1080p),https://stream.ottlive.co.in/bigtvmalayalam/index.m3u8,,,,BigTV24x7.in@SD,,,,https://i.postimg.cc/rpHrRxR5/big_tv_malayalam.png,News,,iptv-org-all.txt
BIG TV (720p),https://cdn.pishow.tv/ott/live/1059/master.m3u8,,,,BIGTV.in@SD,,,,https://jiotvimages.cdn.jio.com/dare_images/images/Big_TV.png,News,,iptv-org-all.txt
Bigtime,https://103f01c3ff79408e83c9212f8a374ecc.mediatailor.us-east-1.amazonaws.com/v1/master/0fb304b2320b25f067414d481a779b77db81760d/RakutenTV-eu_BjgtjmeDarmoweFilmy/playlist.m3u8,,,,Bigtime.pl@SD,,,,https://images-3.rakuten.tv/storage/global-live-channel/translation/artwork/1fe37ff8-c6b7-4123-8c68-653d657b4c5f-width200-quality90.jpeg,Undefined,,iptv-org-all.txt
Bilim Ilim (480p) [Not 24/7],http://gohoski.fvds.ru:3000/mediabay/611/index.m3u8,,,,BilimIlim.kg@SD,,,,https://i.ibb.co/qswtSWm/428598841-309456895457301-6206911287895397651-n-1.png,Kids;Science,,iptv-org-all.txt
Billiard TV (1080p) [Geo-blocked],https://pb-wm04vonaerv0k.akamaized.net/billi.m3u8,,,,BilliardTV.us@SD,,,,https://i.imgur.com/BZijfKh.png,Sports,,iptv-org-all.txt
Bilyonaryo News Channel (1080p) [Geo-blocked],https://amg19223-amg19223c11-amgplt0352.playout.now3.amagi.tv/playlist/amg19223-amg19223c11-amgplt0352/playlist.m3u8,,,,BilyonaryoNewsChannel.ph@SD,,,,https://i.imgur.com/iTH9Z0j.png,News,,iptv-org-all.txt
Binge,https://videostack1.cdnstream1.com:1936/binge-tv/binge-tv/playlist.m3u8,,,,Binge.us@SD,,,,https://i.imgur.com/kEETRln.png,General,,iptv-org-all.txt
Bingtuan Satellite TV (540p) [Not 24/7],http://112.25.48.68/live/program/live/btws/1300000/mnf.m3u8,,,,BingtuanSatelliteTV.cn@SD,,,,https://i.imgur.com/Y4qxDqz.png,Undefined,,iptv-org-all.txt
Bio Bio TV (1080p),http://cdn1tlinkgo.tlink.cl/biobiotv/mono.m3u8,,,,BioBioTV.cl@SD,,,,https://i.imgur.com/lhglEUP.png,General,,iptv-org-all.txt
Biosfera TV (720p) [Not 24/7],https://tvdatta.com:3021/live/biosferatvlive.m3u8,,,,BiosferaTV.es@SD,,,,https://i.imgur.com/khytcgd.png,Undefined,,iptv-org-all.txt
Bir TV (720p),https://edge.taksimbilisim.com/birtv/bant1/playlist.m3u8,,,,BirTV.tr@SD,,,,https://birtv.tv/assets/upload/637f83951df60.png,Undefined,,iptv-org-all.txt
bitMe (1080p),https://cablered.iptvperu.tv:1936/cablered/bitme-srt_new/playlist.m3u8,,,,bitMe.mx@SD,,,,https://i.imgur.com/79hrcx8.png,Entertainment,,iptv-org-all.txt
bitMe Latin America (1080p),https://cablered.iptvperu.tv:1936/cablered/bitme_new/playlist.m3u8,,,,bitMeLatinAmerica.mx@SD,,,,https://i.imgur.com/JgXQz6c.png,Entertainment,,iptv-org-all.txt
BIZ Cinema (1080p),https://fl.biztv.media/cinema_720_EMfSyXgoRdiIHgldXTZICucKTIeCKO/index.m3u8,,,,BIZCinema.uz@SD,,,,https://biztv.uz/static/media/biz-cinema.286b83dc.png,Movies,,iptv-org-all.txt
BIZ Music (1080p),https://fl.biztv.media/music_720_QAKpGmVUjaPApCNjpsgBxrdqNihAkl/index.m3u8,,,,BIZMusic.uz@SD,,,,https://i.ibb.co/DfsCJwk/Uz-biz-music-5462.jpg,Music,,iptv-org-all.txt
Biz TV (1080p),https://2-fss-1.streamhoster.com/pl_154/205722-2251224-1/playlist.m3u8,,,,BizTV.us@SD,,,,https://upload.wikimedia.org/wikipedia/commons/0/05/A_logo_for_BizTV.png,Lifestyle,,iptv-org-all.txt
BIZ TV (1080p),https://fl.biztv.media/biz_tv_720_uni8jhub4h8fub4idejswh8dh3j94finbu4nidj39inwsj92in3d/index.m3u8,,,,BIZTV.uz@SD,,,,https://biztv.uz/static/media/logo.5f993187.png,Entertainment,,iptv-org-all.txt
Biznet Adventure (1080p),http://livestream.biznetvideo.net/biznet_adventure/smil:adventure.smil/playlist.m3u8,,,,BiznetAdventure.id@SD,,,,https://i.imgur.com/ZREy4zM.png,Undefined,,iptv-org-all.txt
Biznet Kids (1080p),http://livestream.biznetvideo.net/biznet_kids/smil:kids.smil/index.m3u8,,,,BiznetKids.id@SD,,,,https://i.imgur.com/J5QNqJ0.png,Kids,,iptv-org-all.txt
Biznet Lifestyle (1080p),http://livestream.biznetvideo.net/biznet_lifestyle/smil:lifestyle.smil/index.m3u8,,,,BiznetLifestyle.id@SD,,,,https://i.imgur.com/XqUfQKA.png,Lifestyle,,iptv-org-all.txt
Bizz TV (1080p),https://stream.bizzmedia.biz/bizz_tv/index.m3u8,,,,BizzTV.tt@SD,,,,https://i.imgur.com/UxHaJNR.png,Lifestyle,,iptv-org-all.txt
Black (1080p),http://stream.mcquack.net/283/index.m3u8,,,,Black.ua@SD,,,,https://i.imgur.com/iSzAO32.png,Music,,iptv-org-all.txt
Black Family Sitcoms,https://jmp2.uk/plu-686d61503484d6073283059d.m3u8,,,,BlackFamilySitcoms.us@SD,,,,https://images.pluto.tv/channels/686d61503484d6073283059d/colorLogoPNG_1752619670829.png,Comedy,,iptv-org-all.txt
Black Ink Crew,https://jmp2.uk/plu-5d51e2bceca5b4b2c0e06c50.m3u8,,,,BlackInkCrew.us@SD,,,,https://i.imgur.com/QnuIVB6.png,Series,,iptv-org-all.txt
Black News Channel (1080p),https://blacknewschannel-xumo-us.amagi.tv/playlist.m3u8,,,,BlackNewsChannel.us@SD,,,,https://i.imgur.com/oX5oR4d.png,News,,iptv-org-all.txt
Blaze (576p) [Geo-blocked],https://live-blaze-ssai.simplestreamcdn.com/v1/master/774d979dd66704abea7c5b62cb34c6815fda0d35/blaze-live-broadcast-scte/index.m3u8,,,,Blaze.uk@SD,,,,https://i.imgur.com/6UcPWP9.png,Entertainment,,iptv-org-all.txt
Blaze Live (720p),https://jmp2.uk/plu-5e46fba0c43b0d00096e5ac1.m3u8,,,,BlazeLive.us@SD,,,,https://i.imgur.com/GwxneSQ.png,News,,iptv-org-all.txt
Blitstv,https://stmv1.transmissaodigital.com/blitstv/blitstv/playlist.m3u8,,,,Blitstv.br@SD,,,,https://i.imgur.com/FO4QTRf.jpeg,Entertainment,,iptv-org-all.txt
BLK Regional TV (1080p),https://58bd5b7a98e04.streamlock.net/medienasa-live/_definst_/mp4:BLKonline_high/playlist.m3u8,,,,BLKRegionalTV.de@SD,,,,https://i.imgur.com/JLgnPG1.png,Undefined,,iptv-org-all.txt
Blokbaster HD (1080p),http://stream.mcquack.net/364/index.m3u8,,,,Blokbaster.ru@HD,,,,https://i.imgur.com/KcOi4Os.png,Movies,,iptv-org-all.txt
Bloomberg HT (720p),https://ciner-live.daioncdn.net/bloomberght/bloomberght.m3u8,,,,BloombergHT.tr@SD,,,,https://i.imgur.com/bmkXfIE.png,Business,,iptv-org-all.txt
Bloomberg Originals (1080p),https://bloomberg.com/media-manifest/streams/qt.m3u8,,,,BloombergOriginals.us@US,,,,https://jiotvimages.cdn.jio.com/dare_images/images/Bloomberg_Originals.png,Business;Documentary,,iptv-org-all.txt
Bloomberg Originals SD (1080p),https://86fdc85a.wurl.com/master/f36d25e7e52f1ba8d7e56eb859c636563214f541/TEctZ2JfQmxvb21iZXJnT3JpZ2luYWxzX0hMUw/playlist.m3u8,,,,BloombergOriginals.us@SD,,,,https://jiotvimages.cdn.jio.com/dare_images/images/Bloomberg_Originals.png,Business;Documentary,,iptv-org-all.txt
Bloomberg TV (1080p),http://23.237.104.106:8080/USA_BLOOMBERG/index.m3u8,,,,BloombergTV.us@US,,,,https://i.imgur.com/OuogLHx.png,Business,,iptv-org-all.txt
Bloomberg TV + (2160p),https://d8975dc3.wurl.com/master/f36d25e7e52f1ba8d7e56eb859c636563214f541/U2Ftc3VuZy1nYl9CbG9vbWJlcmdUVlBsdXNfSExT/playlist.m3u8,,,,BloombergTV.us@Plus,,,,https://i.imgur.com/OuogLHx.png,Business,,iptv-org-all.txt
Bloomberg TV Asia (720p),https://bloomberg.com/media-manifest/streams/asia.m3u8,,,,BloombergTV.us@Asia,,,,https://i.imgur.com/OuogLHx.png,Business,,iptv-org-all.txt
Bloomberg TV Asia Live Event (720p),https://bloomberg.com/media-manifest/streams/asia-event.m3u8,,,,BloombergTV.us@AsiaLiveEvent,,,,https://i.imgur.com/OuogLHx.png,Business,,iptv-org-all.txt
Bloomberg TV Australia (270p),https://bloomberg.com/media-manifest/streams/aus.m3u8,,,,BloombergTV.us@Australia,,,,https://i.imgur.com/OuogLHx.png,Business,,iptv-org-all.txt
Bloomberg TV EMEA Live Event (720p),https://bloomberg.com/media-manifest/streams/eu-event.m3u8,,,,BloombergTV.us@EMEALiveEvent,,,,https://i.imgur.com/OuogLHx.png,Business,,iptv-org-all.txt
Bloomberg TV Europe (720p),https://bloomberg.com/media-manifest/streams/eu.m3u8,,,,BloombergTV.us@Europe,,,,https://i.imgur.com/OuogLHx.png,Business,,iptv-org-all.txt
Bloomberg TV Live Event (720p),https://bloomberg.com/media-manifest/streams/us-event.m3u8,,,,BloombergTV.us@LiveEvent,,,,https://i.imgur.com/OuogLHx.png,Business,,iptv-org-all.txt
Bloomberg TV Politics Live Event (720p),https://bloomberg.com/media-manifest/streams/politics.m3u8,,,,BloombergTV.us@PoliticsLiveEvent,,,,https://i.imgur.com/OuogLHx.png,Business,,iptv-org-all.txt
Blu Radio (720p),https://mdstrm.com/live-stream-playlist/58d1921a72e2b22e2905e493.m3u8,,,,BluRadio.co@SD,,,,https://i.imgur.com/w2t8CGT.png,General,,iptv-org-all.txt
Blue Bloods,https://jmp2.uk/plu-61b3b8c645b45d0007a9bb8d.m3u8,,,,BlueBloods.us@SD,,,,https://images.pluto.tv/channels/61b3b8c645b45d0007a9bb8d/colorLogoSVG.svg,Series,,iptv-org-all.txt
Blue Sky TV (720p),https://cdn5.smart-tv-data.com/bluesky/bluesky-live/playlist.m3u8,,,,BlueSkyTV.gr@SD,,,,https://i.imgur.com/C9CormG.png,General,,iptv-org-all.txt
BM&C News (720p),https://jmp2.uk/plu-666c9c60a7efd40008f552f0.m3u8,,,,BMCNews.br@SD,,,,https://i.imgur.com/pOUY2Uz.png,News,,iptv-org-all.txt
BMC-HD TV (720p),https://livestream.telvue.com/belmontmedia4/f7b44cfafd5c52223d5498196c8a2e7b.sdp/playlist.m3u8,,,,BMCHDTV.us@SD,,,,https://i.imgur.com/c9LiTz0.png,General,,iptv-org-all.txt
BMG TV,https://tv.nucast.tv/lb/ge/bmg/index.m3u8,,,,BMGTV.ge@SD,,,,https://i.imgur.com/vGLkTPA.png,Business,,iptv-org-all.txt
BMS TV (720p) [Not 24/7],https://5bf7b725107e5.streamlock.net/bmstv/bmstv/playlist.m3u8,,,,BMSTV.id@SD,,,,https://i.imgur.com/snMxng5.png,Undefined,,iptv-org-all.txt
BN Channel (1080p),http://ikitv.sqn.at:8000/play/a01l/index.m3u8,,,,BNChannel.id@SD,,,,https://upload.wikimedia.org/wikipedia/commons/thumb/5/54/BN_Channel.png/960px-BN_Channel.png,News,,iptv-org-all.txt
BNB Digital (720p),https://live-evg8.tv360.bitel.com.pe/bitel/bnbSRT/playlist.m3u8,,,,BNBDigital.pe@SD,,,,https://i.imgur.com/MgEN1F8.png,General,,iptv-org-all.txt
BNN Bloomberg,https://pe-ak-lp01a-9c9media.akamaized.net/live/News1BNNDigi/p/dash/00000001/1bba52dc66e4c68e/manifest.mpd,,,,BNNBloomberg.ca@SD,,,,https://upload.wikimedia.org/wikipedia/commons/thumb/4/45/BNN_Bloomberg.svg/960px-BNN_Bloomberg.svg.png,Business,,iptv-org-all.txt
BNR Nieuwsradio (720p) [Geo-blocked],https://bnr-cache-cdp.triple-it.nl/studio/index.m3u8,,,,BNRNieuwsradio.nl@SD,,,,https://i.imgur.com/d0KLwkj.png,Undefined,,iptv-org-all.txt
BNT 1 (1080p),https://shift03.isp.bg/BNT1_HD/index.m3u8,,,,BNT1.bg@SD,,,,https://i.imgur.com/7JU9b5j.png,General,,iptv-org-all.txt
BNT 2 (1080p),https://shift03.isp.bg/BNT2_HD/index.m3u8,,,,BNT2.bg@SD,,,,https://i.imgur.com/FyTUr9Q.png,General,,iptv-org-all.txt
BNT 3 (1080p),https://shift03.isp.bg/BNT3_HD/index.m3u8,,,,BNT3.bg@SD,,,,https://i.imgur.com/pPpSJ4u.png,General,,iptv-org-all.txt
BNT 4 (1080p),https://shift03.isp.bg/BNT4_HD/index.m3u8,,,,BNT4.bg@SD,,,,https://i.imgur.com/Lw8b3yu.png,General,,iptv-org-all.txt
Boas Novas (1080p),https://cdn.jmvstream.com/w/LVW-9375/LVW9375_6i0wPBCHYc/playlist.m3u8,,,,BoasNovas.br@SD,,,,https://i.imgur.com/ZqhizdP.png,Undefined,,iptv-org-all.txt
Bob Esponja (720p),https://jmp2.uk/plu-5f1aca0b4e448e00075e7c5e.m3u8,,,,BobEsponja.de@ES,,,,https://images.pluto.tv/channels/5f1aca0b4e448e00075e7c5e/colorLogoPNG.png,Kids,,iptv-org-all.txt
Bob Esponja Calca Quadrada (720p),https://jmp2.uk/plu-62545c0b002f4b0007688b61.m3u8,,,,BobEsponjaCalcaQuadrada.us@BR,,,,https://images.pluto.tv/channels/62545c0b002f4b0007688b61/colorLogoPNG.png,Kids,,iptv-org-all.txt
Bob Esponja Pantalones Cuadrados (720p),https://jmp2.uk/plu-6254598f5083f800076d8563.m3u8,,,,BobEsponjaPantalonesCuadrados.us@LatAm,,,,https://images.pluto.tv/channels/6254598f5083f800076d8563/colorLogoPNG_1781042617821.png,Kids,,iptv-org-all.txt
Bob l'eponge (720p),https://jmp2.uk/plu-66588931a3865300085ca800.m3u8,,,,Bobleponge.us@CA,,,,https://images.pluto.tv/channels/66588931a3865300085ca800/colorLogoPNG.png,Kids,,iptv-org-all.txt
Bober (576p),https://fs.uplink.kz/bober/mono.m3u8?token=onlinetv,,,,Bober.ru@SD,,,,https://i.imgur.com/clWWhB8.png,Undefined,,iptv-org-all.txt
Boca Chica TV (720p) [Not 24/7],https://fox.hostlagarto.com:8081/bocachicatv/tracks-v1a1/mono.m3u8,,,,BocaChicaTV.do@SD,,,,https://i.imgur.com/npiRBPC.png,General,,iptv-org-all.txt
Boishakhi TV,https://boishakhi.sonarbanglatv.com/boishakhi/boishakhitv/index.m3u8,,,,BoishakhiTV.bd@SD,,,,https://i.imgur.com/gxL05Y4.png,General,,iptv-org-all.txt
Boks TV (720p),http://31.148.48.15/Boks_TV/index.m3u8,,,,BoksTV.ru@SD,,,,https://i.imgur.com/R1UjyfX.png,Sports,,iptv-org-all.txt
BOKTV (720p) [Not 24/7],https://livestream2.bokradio.co.za/hls/Bok5c.m3u8,,,,BOKTV.za@SD,,,,https://i.imgur.com/mcNjuuO.png,Music,,iptv-org-all.txt
Bol Entertainment HD,https://vodzong.mjunoon.tv:8087/streamtest/Channel5-159-4/playlist.m3u8,,,,BolEntertainment.pk@HD,,,,https://i.imgur.com/eajSRFo.png,Entertainment,,iptv-org-all.txt
Bolajon (576p),https://stream8.cinerama.uz/1007/playlist.m3u8,,,,Bolajon.uz@SD,,,,https://i.imgur.com/s7o0ifu.png,Kids,,iptv-org-all.txt
Boligjakten,https://jmp2.uk/plu-61c1dc21b9587d0007e3fc15.m3u8,,,,Boligjakten.se@NO,,,,https://images.pluto.tv/channels/61c1dc21b9587d0007e3fc15/colorLogoPNG.png,Entertainment,,iptv-org-all.txt
Boligkjop i blinde,https://jmp2.uk/plu-63c6a1c46d126a000760b91c.m3u8,,,,Boligkjopiblinde.se@NO,,,,https://images.pluto.tv/channels/63c6a1c46d126a000760b91c/colorLogoPNG.png,Cooking;Lifestyle,,iptv-org-all.txt
Boligkob i blinde,https://jmp2.uk/plu-63c6a27a4faf1c0007b48f7b.m3u8,,,,Boligkobiblinde.se@DK,,,,https://images.pluto.tv/channels/63c6a27a4faf1c0007b48f7b/colorLogoPNG.png,Cooking;Lifestyle,,iptv-org-all.txt
Bolivia TV (1080p),http://15.204.246.24:8080/BoliviaTvHD/index.m3u8,,,,BoliviaTV.bo@SD,,,,https://i.imgur.com/tKLYYys.png,General,,iptv-org-all.txt
Bolivision (1080p),http://15.204.246.24:8080/BolivisionHD/index.m3u8,,,,Bolivision.bo@SD,,,,https://i.imgur.com/U98Z5zn.png,General,,iptv-org-all.txt
Bolivision Santa Cruz (720p),https://d1mws3umreue1g.cloudfront.net/index.m3u8,,,,BolivisionSantaCruz.bo@SD,,,,https://upload.wikimedia.org/wikipedia/commons/7/75/Bolivisi%C3%B3n2025.png,General,,iptv-org-all.txt
Bollygold (1080p),https://jmp2.uk/stvp-IN4000600Q,,,,Bollygold.in@HD,,,,https://tvpnlogopus.samsungcloud.tv/platform/image/sourcelogo/vc/00/02/34/IN4000600Q_20260805T003941SQUARE.png,Movies,,iptv-org-all.txt
Bollywood (576p),http://str2.iptvhd.ru:8080/bollywood/index.m3u8,,,,Bollywood.ru@SD,,,,https://i.imgur.com/YLQRnXt.png,Movies,,iptv-org-all.txt
Bollywood HD (1080p),http://str2.iptvhd.ru:8080/Bollywood_HD/index.m3u8,,,,Bollywood.ru@HD,,,,https://i.imgur.com/YLQRnXt.png,Movies,,iptv-org-all.txt
Bollywood Film,https://tvextra-hls.b-cdn.net/bollywoodfilm/bollywoodfilm.m3u8,,,,BollywoodFilm.ro@SD,,,,https://i.imgur.com/bEMUpHZ.png,Classic;Movies,,iptv-org-all.txt
Bollywood HD Russia (576p),https://xykt-fix.github.io/cinerama_edge01/hls/BOLLYWOOD_RU/Movie009.m3u8,,,,BollywoodHD.ro@Russia,,,,https://i.imgur.com/scDKOLS.png,Movies,,iptv-org-all.txt
Bolt (Russia) (576p),http://hls127.freeott.top:8080/Bolt/video.m3u8,,,,Bolt.ru@SD,,,,https://i.imgur.com/YdIHXOR.png,Movies;Series,,iptv-org-all.txt
Bom Channel (720p),https://5f22d76e220e1.streamlock.net/canale6/canale6/playlist.m3u8,,,,BomChannel.it@SD,,,,https://bomchannel.it/wp-content/uploads/2025/02/Tavola-disegno-1-768x432.png,General,,iptv-org-all.txt
bon appetit (1080p),https://bonappetit-samsung.amagi.tv/playlist.m3u8,,,,bonappetit.us@SD,,,,https://i.imgur.com/YhFFxlE.png,Cooking,,iptv-org-all.txt
Bon Dia TV (1080p),https://directes-tv-int.3catdirectes.cat/live-content/bondia-hls/master.m3u8,,,,BonDiaTV.es@SD,,,,https://i.imgur.com/VgRCu2U.png,General;Public,,iptv-org-all.txt
Bonaire.tv (1080p) [Not 24/7],https://media.streambrothers.com:1936/8506/8506/playlist.m3u8,,,,Bonairetv.bq@SD,,,,https://i.ibb.co/rG8pHh9/bonaire-tv-logo-596x150.png,Culture,,iptv-org-all.txt
Bonanza,https://jmp2.uk/plu-68e9913c4a666b9054849832.m3u8,,,,Bonanza.us@SD,,,,https://images.pluto.tv/channels/696e647b07ea70192d49f6a5/colorLogoPNG_1768842647658.png,Movies;Series,,iptv-org-all.txt
Bonanza CA,https://jmp2.uk/plu-696e647b07ea70192d49f6a5.m3u8,,,,Bonanza.us@CA,,,,https://images.pluto.tv/channels/696e647b07ea70192d49f6a5/colorLogoPNG_1768842647658.png,Movies;Series,,iptv-org-all.txt
Bonao TV (720p) [Not 24/7],https://tele-stream.telecasa.net/live/st2/bonaotv-hd/index.m3u8,,,,BonaoTV.do@SD,,,,https://i.imgur.com/en1vCZB.png,General,,iptv-org-all.txt
Bonce TV (480p) [Not 24/7],https://seswa.bonce.tv/hls/bonceswa.m3u8,,,,BonceTV.cw@SD,,,,https://i.imgur.com/7cVkllH.png,Entertainment,,iptv-org-all.txt
Bonches Latinos TV (720p),https://5790d294af2dc.streamlock.net/latinostv/latinostv/playlist.m3u8,,,,BonchesLatinosTV.do@SD,,,,https://i.imgur.com/Kp8x0NS.png,Entertainment,,iptv-org-all.txt
Bondi Rescue (Sweden) (720p),https://jmp2.uk/plu-660d67eec8311c0008b8c3f7.m3u8,,,,BondiRescue.se@SE,,,,https://images.pluto.tv/channels/660d66be7bcd8600087cfee5/colorLogoPNG.png,Series,,iptv-org-all.txt
Bondi Rescue (Sweden) DK (720p),https://jmp2.uk/plu-660d66be7bcd8600087cfee5.m3u8,,,,BondiRescue.se@DK,,,,https://images.pluto.tv/channels/660d66be7bcd8600087cfee5/colorLogoPNG.png,Series,,iptv-org-all.txt
Bondi Rescue (Sweden) NO (720p),https://jmp2.uk/plu-660d67c419ca71000849a4e9.m3u8,,,,BondiRescue.se@NO,,,,https://images.pluto.tv/channels/660d66be7bcd8600087cfee5/colorLogoPNG.png,Series,,iptv-org-all.txt
Bondi Rescue (United States) (720p),https://jmp2.uk/plu-66166989635c7500084105a2.m3u8,,,,BondiRescue.us@CA,,,,https://images.pluto.tv/channels/66166989635c7500084105a2/colorLogoPNG.png,Entertainment,,iptv-org-all.txt
Boogle Bollywood (720p),https://yuppnimrestreammum.akamaized.net/181224/smil:bogglebollywood.smil/playlist.m3u8?hdnts=st=1735898689~exp=1835898688~acl=*~hmac=f5fe24724fe05481e3841f9eb5ab8efdee0a3dd83645ae9dcf45703f525bab7b,,,,BoogleBollywood.in@SD,,,,https://jiotvimages.cdn.jio.com/dare_images/images/Boogle_Bollywood.png,Music,,iptv-org-all.txt
Boonniyom TV,https://live.x2.co.th/live/bntv.m3u8,,,,BoonniyomTV.th@SD,,,,https://i.imgur.com/KvdFCD5.png,Religious,,iptv-org-all.txt
Boreal (720p) [Not 24/7],https://edge.essastream.com/borealtelevision/tracks-v1a1/mono.m3u8,,,,Boreal.do@SD,,,,https://i.imgur.com/KSquHTG.png,Movies,,iptv-org-all.txt
Boss Brothers TV (1080p),http://51.254.199.122:8080/bossbrothersTV/index.m3u8,,,,BossBrothersTV.cd@SD,,,,https://i.imgur.com/rc9MXm5.png,General,,iptv-org-all.txt
Bouke (504p),https://dlgt0tdl2hpq3.cloudfront.net/rtbf/clr-rtbf/e1ccc6aa/index.m3u8,,,,Bouke.be@SD,,,,https://i.imgur.com/STLavel.png,Undefined,,iptv-org-all.txt
Bounce (720p),http://23.237.104.106:8080/USA_BOUNCE/index.m3u8,,,,Bounce.us@SD,,,,https://m.media-amazon.com/images/I/718bHckb8eL.png,Undefined,,iptv-org-all.txt
Bounce XL (1080p),https://cdn-uw2-prod.tsv2.amagi.tv/linear/amg01438-ewscrippscompan-bouncexl-tablo/playlist.m3u8,,,,BounceXL.us@SD,,,,https://i.imgur.com/GzxgSkc.png,Entertainment,,iptv-org-all.txt
Boushehr TV,https://ncdn.telewebion.ir/bushehr/live/playlist.m3u8,,,,BoushehrTV.ir@SD,,,,https://upload.wikimedia.org/wikipedia/fa/thumb/9/94/Bushehr_TV.svg/500px-Bushehr_TV.svg.png,Undefined,,iptv-org-all.txt
Box Kids TV (720p),http://170.83.49.66:8083/BOXKIDSHD/index.m3u8,,,,BoxKidsTV.br@SD,,,,https://upload.wikimedia.org/wikipedia/commons/1/18/Boxkidstv.png,Kids,,iptv-org-all.txt
BPTV (360p),https://buenapark.cablecast.tv/live/stream-1/live.m3u8,,,,BPTV.us@SD,,,,https://i.imgur.com/ObNBL7L.png,Legislative,,iptv-org-all.txt
BPX TV Radio,https://video1.getstreamhosting.com:1936/8212/8212/playlist.m3u8,,,,BPXTVRadio.us@SD,,,,https://i.imgur.com/86VXni8.jpeg,Music,,iptv-org-all.txt
BR6 TV (720p),https://58c04fb1d143f.streamlock.net/slob/slob/playlist.m3u8,,,,BR6TV.nl@SD,,,,https://i.imgur.com/NKtAiXu.png,Undefined,,iptv-org-all.txt
BR8 TV,https://cdn.live.br1.jmvstream.com/w/LVW-11668/ngrp:LVW11668_wiJpjbMrks_all/playlist.m3u8,,,,BR8TV.br@SD,,,,https://i.ibb.co/1QZv2q1/Br8-fb-graph.png,News,,iptv-org-all.txt
BR Fernsehen (720p),https://mcdn.br.de/br/fs/bfs_nord/hls/de/master.m3u8,,,,BRFernsehen.de@Nord,,,,https://upload.wikimedia.org/wikipedia/commons/thumb/5/51/Logo_Bayerischer_Rundfunk_2024.svg/960px-Logo_Bayerischer_Rundfunk_2024.svg.png,Undefined,,iptv-org-all.txt
BR Fernsehen Sud (1080p),https://mcdn.br.de/br/fs/bfs_sued/hls/de/master.m3u8,,,,BRFernsehen.de@Sud,,,,https://upload.wikimedia.org/wikipedia/commons/thumb/5/51/Logo_Bayerischer_Rundfunk_2024.svg/960px-Logo_Bayerischer_Rundfunk_2024.svg.png,Undefined,,iptv-org-all.txt
Bragado TV,https://mp.panelchs.com:1936/8028/ngrp:8028_all/playlist.m3u8,,,,BragadoTV.ar@SD,,,,https://i.imgur.com/xP88fKG.png,General,,iptv-org-all.txt
Brat TV (1080p),https://streams2.sofast.tv/v1/master/611d79b11b77e2f571934fd80ca1413453772ac7/04072b68-dc6a-4d5e-98af-f356ba8d5063/playlist.m3u8,,,,BratTV.us@SD,,,,https://i.imgur.com/Kkcp9Bk.png,Kids,,iptv-org-all.txt
Bravo (720p),http://41.205.93.154/BRAVO/index.m3u8,,,,Bravo.us@East,,,,https://i.imgur.com/JmTIRLF.png,Undefined,,iptv-org-all.txt
Bravo Farsi TV (360p),https://bravoohls.wns.live/hls/stream.m3u8,,,,BravoFarsiTV.ir@SD,,,,https://i.ibb.co/yynxRTS/Bravo-Farsi.jpg,Movies,,iptv-org-all.txt
Bravo TV (1080p),https://redirector.rudo.video/hls-video/c54ac2799874375c81c1672abb700870537c5223/bravo/bravo.smil/playlist.m3u8,,,,BravoTV.ar@SD,,,,https://upload.wikimedia.org/wikipedia/commons/5/5e/Bravotv.png,General,,iptv-org-all.txt
Bravo! Kids TV,https://streaming.radiohub.hr/RadioHub_WEB_streaming/BHWUC27pGZ/3.m3u8,,,,BravoKidsTV.hr@SD,,,,https://i.imgur.com/JcJ6fQ9.png,Kids,,iptv-org-all.txt
Bread TV (720p),https://video.bread-tv.com:8091/hls-live24/online/index.m3u8,,,,BreadTV.cn@SD,,,,https://bread-tv.com/uploads/allimg/241202/9_1836542371.png,Undefined,,iptv-org-all.txt
Breinholts,https://jmp2.uk/plu-660d6c0094db140008fe2f74.m3u8,,,,Breinholts.se@DK,,,,https://images.pluto.tv/channels/660d6c0094db140008fe2f74/colorLogoPNG.png,Entertainment,,iptv-org-all.txt
Brevard Government Access TV (720p),https://cdn3.wowza.com/5/cXdyRHF0Z3kxN0k2/brevardfl/G2111_002/playlist.m3u8,,,,BrevardGovernmentAccessTV.us@SD,,,,https://i.imgur.com/eUTDIQ2.png,Legislative,,iptv-org-all.txt
Brian TV (720p) [Not 24/7],https://livefta.malimarcdn.com/ftaedge00/briantv.sdp/playlist.m3u8,,,,BrianTV.la@SD,,,,https://i.imgur.com/zG1WNgU.jpg,News,,iptv-org-all.txt
Bric ve Satranc TV (480p) [Not 24/7],http://139.162.182.79/live/test/index.m3u8,,,,BricveSatrancTV.tr@SD,,,,https://i.imgur.com/TXDV1ty.png,Undefined,,iptv-org-all.txt
Bride TV (576p),https://viewmedia7219.bozztv.com/wmedia/viewmedia100/web_013/Stream/playlist.m3u8,,,,BrideTV.ng@SD,,,,https://i.imgur.com/snZMucg.png,Undefined,,iptv-org-all.txt
BRIDGE (576p),http://stream.mcquack.net/318/index.m3u8,,,,BRIDGE.ru@SD,,,,https://i.imgur.com/qYObfrG.png,Music,,iptv-org-all.txt
BRIDGE Classic (576p),http://stream.mcquack.net/272/index.m3u8,,,,BRIDGEClassic.ru@SD,,,,https://i.imgur.com/JJTQq81.png,Classic;Music,,iptv-org-all.txt
BRIDGE Deluxe (1080p),http://31.148.48.15/Bridge_TV_HD/index.m3u8,,,,BRIDGEDeluxe.ru@SD,,,,https://i.imgur.com/EazL8w7.png,Music,,iptv-org-all.txt
BRIDGE Deluxe HD (576p),http://stream.mcquack.net/92/index.m3u8,,,,BRIDGEDeluxe.ru@HD,,,,https://i.imgur.com/EazL8w7.png,Music,,iptv-org-all.txt
BRIDGE Fresh (1080p),http://str2.iptvhd.ru:8080/Bridge_TV_HD/index.m3u8,,,,BRIDGEFresh.ru@SD,,,,https://i.imgur.com/IkUhaiG.png,Music,,iptv-org-all.txt
BRIDGE Hits (576p),http://stream.mcquack.net/320/index.m3u8,,,,BRIDGEHits.ru@SD,,,,https://i.imgur.com/sIW9oR4.png,Music,,iptv-org-all.txt
BRIDGE Rock (576p),http://178.134.1.158:8081/BRIDGEROCK/index.m3u8,,,,BRIDGERock.ru@SD,,,,https://i.imgur.com/MHuwct2.png,Music,,iptv-org-all.txt
Brionnais TV (720p),https://stream2.mandarine.media/brionnaistv/brionnaistv/playlist.m3u8,,,,BrionnaisTV.fr@SD,,,,https://i.imgur.com/y94bhqX.jpg,General,,iptv-org-all.txt
Brit Asia TV (1080p),https://hls.autopo.st/hls/britasiatv/index.m3u8,,,,BritAsiaTV.uk@HD,,,,https://jiotvimages.cdn.jio.com/dare_images/images/Brit_Asia.png,Undefined,,iptv-org-all.txt
Britain's Next Top Model,https://jmp2.uk/plu-67a09e5921af38000808900a.m3u8,,,,BritainsNextTopModel.se@SE,,,,https://images.pluto.tv/channels/67a09ddc21af380008088dc3/colorLogoPNG.png,Series,,iptv-org-all.txt
Britain's Next Top Model DK,https://jmp2.uk/plu-67a09ddc21af380008088dc3.m3u8,,,,BritainsNextTopModel.se@DK,,,,https://images.pluto.tv/channels/67a09ddc21af380008088dc3/colorLogoPNG.png,Series,,iptv-org-all.txt
Britain's Next Top Model NO,https://jmp2.uk/plu-67a09e25c070cf00083c40fa.m3u8,,,,BritainsNextTopModel.se@NO,,,,https://images.pluto.tv/channels/67a09ddc21af380008088dc3/colorLogoPNG.png,Series,,iptv-org-all.txt
BritBox Mysteries (1080p),https://aegis-cloudfront-1.tubi.video/c95700f8-e51c-4a36-ad46-56f70fc9f1d9/playlist.m3u8,,,,BritBoxMysteries.us@SD,,,,https://i.imgur.com/PJdzoLN.png,Documentary,,iptv-org-all.txt
British Comedy,https://jmp2.uk/plu-638e11951177840007fdd6b2.m3u8,,,,BritishComedy.us@CA,,,,https://images.pluto.tv/channels/638e11951177840007fdd6b2/colorLogoPNG_1745597179027.png,Comedy,,iptv-org-all.txt
BRK News (720p),https://mumbai-edge.smartplaytv.in/BRKNEWS/index.m3u8,,,,BRKNews.in@SD,,,,https://d229kpbsb5jevy.cloudfront.net/yuppfast/content/common/channel/logos/brk-news.png,News,,iptv-org-all.txt
Broad City,https://jmp2.uk/plu-65cba7b1ec452d0008acbed8.m3u8,,,,BroadCity.se@SE,,,,https://images.pluto.tv/channels/65cba73611ced700082123bc/colorLogoPNG.png,Comedy,,iptv-org-all.txt
Broad City DK,https://jmp2.uk/plu-65cba73611ced700082123bc.m3u8,,,,BroadCity.se@DK,,,,https://images.pluto.tv/channels/65cba73611ced700082123bc/colorLogoPNG.png,Comedy,,iptv-org-all.txt
Broad City NO,https://jmp2.uk/plu-65cba778ec452d0008acbe86.m3u8,,,,BroadCity.se@NO,,,,https://images.pluto.tv/channels/65cba73611ced700082123bc/colorLogoPNG.png,Comedy,,iptv-org-all.txt
Brondby TV,https://jmp2.uk/plu-685029cda1e091e16ff57fc8.m3u8,,,,BrondbyTV.se@DK,,,,https://images.pluto.tv/channels/685029cda1e091e16ff57fc8/colorLogoPNG_1750246109707.png,Sports,,iptv-org-all.txt
BRTV (Indonesia) (720p),https://5bf7b725107e5.streamlock.net/brtv/brtv/playlist.m3u8,,,,BRTV.id@SD,,,,https://upload.wikimedia.org/wikipedia/id/1/1f/Logo_BRTV.png,Undefined,,iptv-org-all.txt
BRTV (Turkiye) (720p) [Geo-blocked],https://live.artidijitalmedya.com/artidijital_brtv/brtv/playlist.m3u8,,,,BRTV.tr@SD,,,,https://i.imgur.com/U3qlEAp.png,Undefined,,iptv-org-all.txt
BRTV Kaku Childrens Channel,http://223.111.191.105/downflv.brtvcloud.com/kkkkasd/winfr.m3u8,,,,BRTVKakuChildrensChannel.cn@SD,,,,https://i.imgur.com/t8X4wPZ.png,Kids,,iptv-org-all.txt
Bruno Masi TV (720p),https://rds3.desdeparaguay.net/brunomasitv/brunomasitv/playlist.m3u8,,,,BrunoMasiTV.py@SD,,,,https://i.ibb.co/QFmyjZN/unnamed-1.png,General,,iptv-org-all.txt
Bruzz (720p),https://hls-origin01-bruzz.cdn02.rambla.be/main/adliveorigin-bruzz/_definst_/V3n5YY.smil/playlist.m3u8,,,,Bruzz.be@SD,,,,https://i.imgur.com/OYlYidF.png,Undefined,,iptv-org-all.txt
BS Film (576p),https://lbgo.bozztv.com/ssh101/ssh101/bsfilm/playlist.m3u8,,,,BSFilm.pk@SD,,,,https://www.vivalivetv.com/public/files/shows/0/1/3953-640x360-FFFFFF.jpg,General,,iptv-org-all.txt
BST (576p),https://bsttv.bonus-tv.ru/cdn/bst/playlist.m3u8,,,,BST.ru@SD,,,,https://i.imgur.com/IDotHmQ.png,Undefined,,iptv-org-all.txt
BSTV (Hong Kong) (576p),http://202.69.67.66:443/webcast/bshdlive-pc/playlist.m3u8,,,,BSTV.hk@SD,,,,https://i.imgur.com/GVYSSgm.png,Shop,,iptv-org-all.txt
BSTV (Pakistan) (576p),https://lbgo.bozztv.com/ssh101/ssh101/bstv/playlist.m3u8,,,,BSTV.pk@SD,,,,https://www.vivalivetv.com/public/files/shows/0/1/3952-640x360-FFFFFF.jpg,General,,iptv-org-all.txt
BT TV (720p),https://feeds.intoday.in/bttv/itgd.m3u8,,,,BTTV.in@SD,,,,https://akm-img-a-in.tosshub.com/businesstoday/resource/img/best-bank-new.png,Business;News,,iptv-org-all.txt
BTA TV (720p),https://cloud.fastchannel.es/manifiest/hls/prog9/btatv.m3u8,,,,BTATV.ve@SD,,,,https://i.imgur.com/vygOosC.png,Music,,iptv-org-all.txt
BTB 2 (1080p),https://emisja.btb.j00r.us/iptv/session/2/hls.m3u8,,,,BTB2.pl@SD,,,,https://i.imgur.com/C5g0ejM.png,General,,iptv-org-all.txt
BTB 3 (1080p),https://emisja3.btb.j00r.us/iptv/session/3/hls.m3u8,,,,BTB3.pl@HD,,,,https://i.imgur.com/Z193940.png,General,,iptv-org-all.txt
BTB Info (1080p),https://emisja2.btb.j00r.us/iptv/session/4/hls.m3u8,,,,BTBInfo.pl@SD,,,,https://btb.j00r.us/img.php?id=87fa06e1418604cb096a0bb3f24e4371&type=Primary&w=400&t=BTB+Info,Documentary;News,,iptv-org-all.txt
BTL TV (720p) [Not 24/7],https://goliveafrica.media:9998/live/638da5440743c/index.m3u8,,,,BTLTV.ke@SD,,,,https://i.imgur.com/4r09woD.jpg,Religious,,iptv-org-all.txt
BTM TV (480p) [Not 24/7],https://btmug.zerocdn.org/hls/stream.m3u8,,,,BTMTV.ug@SD,,,,https://i.imgur.com/NUvA2jf.png,General,,iptv-org-all.txt
BTN TV (Rwanda),https://tv.btnrwanda.com:3973/live/btnv2live.m3u8,,,,BTNTV.rw@SD,,,,https://i.imgur.com/WmaP8zP.png,General,,iptv-org-all.txt
BTN TV (South Korea) (1080p),https://btn.nowcdn.co.kr/btn/btnlive2m/playlist.m3u8,,,,BTNTV.kr@SD,,,,https://i.imgur.com/sOoS7RQ.png,Religious,,iptv-org-all.txt
BTV (Hungary) (360p),https://cloudfront44.lexanetwork.com:1344/freerelay/babolnatv.sdp/playlist.m3u8,,,,BTV.hu@SD,,,,https://i.imgur.com/0PKqn3V.png,General,,iptv-org-all.txt
BTV (Uganda) (480p),https://streamfi-alphadgtl1.zettawiseroutes.com:8181/hls/stream.m3u8,,,,BTV.ug@SD,,,,https://i.imgur.com/rcHZ1al.png,Entertainment,,iptv-org-all.txt
BTV News (720p),https://live-evg2.tv360.metfone.com.kh/livetest/bayontest.stream/playlist.m3u8,,,,BTVNews.kh@SD,,,,https://i.imgur.com/sUHiRj3.png,News,,iptv-org-all.txt
BTV Panama (720p) [Not 24/7],https://stream.oursnetworktv.com/latin/btvpanama/playlist.m3u8,,,,BTVPanama.pa@SD,,,,https://i.imgur.com/CiYVtgB.png,General,,iptv-org-all.txt
Bucovina TV (576i),https://www.bucovinatv.ro/proxy/video/playlist.m3u8,,,,BucovinaTV.ro@SD,,,,https://i.imgur.com/6klhXxp.png,Undefined,,iptv-org-all.txt
Budapest Europa Televizio (576p),https://cloudfront44.lexanetwork.com:1344/freerelay/bpetv.sdp/playlist.m3u8,,,,BudapestEuropaTelevizio.hu@SD,,,,https://i.imgur.com/CqqWtzo.png,General,,iptv-org-all.txt
Buena TV (1080p),https://59825a54e4454.streamlock.net:8443/papo351/papo351/playlist.m3u8,,,,BuenaTV.pr@SD,,,,https://i.imgur.com/tsajuxi.png,Entertainment,,iptv-org-all.txt
Buendia TV,https://servilive.com:3508/stream/play.m3u8,,,,BuendiaTV.hn@SD,,,,https://i.imgur.com/m5hNyNE.png,News,,iptv-org-all.txt
Buenisima Radio TV,https://canal.mediaserver.com.co/live/buenisimatv.m3u8,,,,BuenisimaRadioTV.co@SD,,,,https://i.imgur.com/URKDlOZ.png,Music,,iptv-org-all.txt
Buin Somos Todos (720p) [Not 24/7],https://bst.buin.cl/0.m3u8,,,,BuinSomosTodos.cl@SD,,,,https://i.imgur.com/zzeBtux.png,Undefined,,iptv-org-all.txt
Bukedde TV 1 (576p),https://stream.hydeinnovations.com/bukedde1flussonic/index.m3u8,,,,BukeddeTV1.ug@SD,,,,https://i.imgur.com/HFq5QlJ.png,General,,iptv-org-all.txt
Bukedde TV 2 (576p) [Not 24/7],https://stream.hydeinnovations.com/bukedde2flussonic/index.m3u8,,,,BukeddeTV2.ug@SD,,,,https://i.imgur.com/ukwPZeY.png,General,,iptv-org-all.txt
Bull,https://jmp2.uk/plu-6964b9e19bf57be1537fc7d7.m3u8,,,,Bull.se@SE,,,,https://images.pluto.tv/channels/6964b982ca459f9b939da8e6/colorLogoPNG_1770900947317.png,Series,,iptv-org-all.txt
Bull DK,https://jmp2.uk/plu-6964b982ca459f9b939da8e6.m3u8,,,,Bull.se@DK,,,,https://images.pluto.tv/channels/6964b982ca459f9b939da8e6/colorLogoPNG_1770900947317.png,Series,,iptv-org-all.txt
Bull NO,https://jmp2.uk/plu-6964b9b97d2afdec4f9390f6.m3u8,,,,Bull.se@NO,,,,https://images.pluto.tv/channels/6964b982ca459f9b939da8e6/colorLogoPNG_1770900947317.png,Series,,iptv-org-all.txt
BUM Television (720p) [Not 24/7],https://movil.ejeserver.com/live/visiondorada.m3u8,,,,BUMTelevision.co@SD,,,,https://i.imgur.com/I0eGYI0.png,General,,iptv-org-all.txt
Bungo TV (480p) [Not 24/7],https://5bf7b725107e5.streamlock.net/bungotv/bungotv/playlist.m3u8,,,,BungoTV.id@SD,,,,https://i.imgur.com/OrCrtDA.png,General,,iptv-org-all.txt
Bursa TV (720p) [Not 24/7],https://win1.yayin.com.tr/bursatv/bursatv/playlist.m3u8,,,,BursaTV.tr@SD,,,,https://i.imgur.com/9cl1MR8.png,Undefined,,iptv-org-all.txt
Business Rockstars (720p),https://stream-us-east-1.getpublica.com/playlist.m3u8?network_id=2220,,,,BusinessRockstars.us@SD,,,,https://i.imgur.com/vfAMWLJ.png,Business,,iptv-org-all.txt
Busuioc TV,https://tt.nfthost.net/static/streaming-playlists/hls/bb907ca9-5cb5-49dd-b276-d77721a9bc6d/master.m3u8,,,,BusuiocTV.md@SD,,,,https://i.imgur.com/CQtfBPu.png,Music,,iptv-org-all.txt
BUTV10 (1080p) [Not 24/7],https://cdnapisec.kaltura.com/p/2184561/sp/218456100/playManifest/entryId/1_68qxw4eu/format/applehttp/a.m3u8,,,,BUTV10.us@SD,,,,https://i.imgur.com/Iv1Fe67.png,Education,,iptv-org-all.txt
Buying Blind Denmark,https://jmp2.uk/plu-63c6a7544faf1c0007b496d7.m3u8,,,,BuyingBlindDenmark.se@SE,,,,https://images.pluto.tv/channels/63c6a7544faf1c0007b496d7/colorLogoPNG.png,Cooking;Lifestyle,,iptv-org-all.txt
Buzzfeed Unsolved,https://d39g1vxj2ef6in.cloudfront.net/v1/master/3fec3e5cac39a52b2132f9c66c83dae043dc17d4/prod-rakuten-stitched/master.m3u8?ads.xumo_channelId=88883099,,,,BuzzfeedUnsolved.pl@FAST,,,,https://images-0.rakuten.tv/storage/global-live-channel/translation/artwork/e16cfcc7-2040-4bd5-8339-16d499f8799e-width200-quality90.png,Undefined,,iptv-org-all.txt
Buzzr (1080p),http://23.237.104.106:8080/USA_BUZZR/index.m3u8,,,,Buzzr.us@SD,,,,https://static.wikia.nocookie.net/logopedia/images/1/12/0mk7F5ao.png/revision/latest/scale-to-width-down/512,Entertainment,,iptv-org-all.txt
BVC,https://vivo.solumedia.com:19360/bvnet/bvnet.m3u8,,,,BVC.ar@SD,,,,https://i.imgur.com/I06TSx0.png,Undefined,,iptv-org-all.txt
BVG (576p),https://mumt05.tangotv.in/87NeALx2BVG/index.m3u8,,,,BVG.in@SD,,,,https://jiotvimages.cdn.jio.com/dare_images/images/BVG.png,Education,,iptv-org-all.txt
BX1 (504p),https://dlgt0tdl2hpq3.cloudfront.net/rtbf/clr-rtbf/7ec67c8d/index.m3u8,,,,BX1.be@SD,,,,https://i.imgur.com/0OkSa6c.png,Undefined,,iptv-org-all.txt
BX Arts (720p),https://reflect-stream-bronxnet.cablecast.tv/live-19/live/stream-2/live.m3u8,,,,BXArts.us@SD,,,,https://i.imgur.com/PF71rdZ.png,Culture,,iptv-org-all.txt
BX Culture (720p),https://reflect-stream-bronxnet.cablecast.tv/live-7/live/stream-3/live.m3u8,,,,BXCulture.us@SD,,,,https://i.imgur.com/PF71rdZ.png,Culture,,iptv-org-all.txt
BX Inform (1080p),https://reflect-stream-bronxnet.cablecast.tv/live-8/live/stream-4/live.m3u8,,,,BXInform.us@SD,,,,https://i.imgur.com/PF71rdZ.png,General;News,,iptv-org-all.txt
BX Inspire (720p),https://reflect-stream-bronxnet.cablecast.tv/live-18/live/stream-7/live.m3u8,,,,BXInspire.us@SD,,,,https://i.imgur.com/PF71rdZ.png,General;Religious,,iptv-org-all.txt
BX Omni (720p),https://reflect-stream-bronxnet.cablecast.tv/live-16/live/stream-1/live.m3u8,,,,BXOmni.us@SD,,,,https://i.imgur.com/PF71rdZ.png,General,,iptv-org-all.txt
BYU TV (1080p),https://d13j8jpstr8iqz.cloudfront.net/BYUtv.m3u8,,,,BYUTV.us@SD,,,,https://i.imgur.com/mruGyuu.png,Undefined,,iptv-org-all.txt
C9N (720p),https://d2b5h5wyivfnfl.cloudfront.net/live/48f53430-9014-4459-a048-6169dac14140/ts:abr.m3u8,,,,C9N.py@SD,,,,https://i.imgur.com/iXkwP31.png,News,,iptv-org-all.txt
C31 Melbourne (240p),https://d1k6kax80wecy5.cloudfront.net/RLnAKY/index.m3u8,,,,C31Melbourne.au@SD,,,,https://i.imgur.com/Ge1EutY.png,General,,iptv-org-all.txt
C Malayalam TV (1080p),https://2-fss-2.streamhoster.com/pl_120/206508-3261972-1/playlist.m3u8,,,,CMalayalamTV.ca@SD,,,,https://i.imgur.com/rpg0bQA.png,Culture,,iptv-org-all.txt
C Star (1080p),http://145.239.5.177/361/index.m3u8,,,,CStar.fr@SD,,,,https://i.imgur.com/w4kAX1V.png,Entertainment,,iptv-org-all.txt
Ca Mau TV (720p) [Geo-blocked],https://tv.ctvcamau.vn/live/tv/tv.m3u8,,,,CaMauTV.vn@SD,,,,,Undefined,,iptv-org-all.txt
Cable Imagen Armstrong (540p) [Not 24/7],https://stream.arcast.com.ar/casse/casse/playlist.m3u8,,,,CableImagenArmstrong.ar@SD,,,,https://i.imgur.com/U9NuJQC.png,Undefined,,iptv-org-all.txt
Cablenoticias (1080p),http://181.78.211.244:8005/play/a09u/index.m3u8,,,,Cablenoticias.co@SD,,,,https://i.imgur.com/FfhOGR9.png,News,,iptv-org-all.txt
Cabo Frio TV (720p),https://59f2354c05961.streamlock.net:1443/ararutv/_definst_/ararutv/playlist.m3u8,,,,CaboFrioTV.br@SD,,,,https://i.imgur.com/mPi6Wp3.png,Entertainment,,iptv-org-all.txt
CAD TV,https://videoserver.tmcreativos.com:19360/dcsajkpvrh/dcsajkpvrh.m3u8,,,,CADTV.py@SD,,,,https://i.imgur.com/lafmmRa.jpeg,General,,iptv-org-all.txt
Cadena103.TV,https://streamlov.alsolnet.com/cadena103/live/playlist.m3u8,,,,Cadena103TV.ar@SD,,,,https://i.imgur.com/vBsry35.png,Undefined,,iptv-org-all.txt
Cadena Elite (720p) [Not 24/7],https://cloudvideo.servers10.com:8081/8004/index.m3u8,,,,CadenaElite.es@SD,,,,https://i.imgur.com/3yeGDTP.png,Music,,iptv-org-all.txt
Cadena TV (720p) [Not 24/7],https://tv.bitstreaming.net:3789/live/cdntvlive.m3u8,,,,CadenaTV.pe@HD,,,,https://i.imgur.com/stvzqzd.png,Undefined,,iptv-org-all.txt
Cadena TV SD,https://live-evg10.tv360.bitel.com.pe/bitel/cadenatv/playlist.m3u8,,,,CadenaTV.pe@SD,,,,https://i.imgur.com/stvzqzd.png,Undefined,,iptv-org-all.txt
Cafe Film,https://cafefhls.wns.live/hls/stream.m3u8,,,,CafeFilm.ir@SD,,,,,Movies,,iptv-org-all.txt
Cafe Trade TV,https://cafetradehls.wns.live/hls/stream.m3u8,,,,CafeTradeTV.ir@SD,,,,https://i.ibb.co/GW4cMfc/cafe-trade-tv.png,Business,,iptv-org-all.txt
CafeTV24 (720p),https://srvx1.selftv.video/cafe/live/playlist.m3u8,,,,CafeTV24.it@SD,,,,https://i.imgur.com/SRFzjja.png,Undefined,,iptv-org-all.txt
Cagney & Lacey,https://jmp2.uk/plu-6960c5a906d76f50db2816dc.m3u8,,,,CagneyLacey.de@GB,,,,https://images.pluto.tv/channels/6960c5a906d76f50db2816dc/colorLogoPNG_1767949823270.png,Series,,iptv-org-all.txt
Caillou,https://do7nccdsswstc.cloudfront.net/v1/manifest/3722c60a815c199d9c0ef36c5b73da68a62b09d1/cc-1aso0bc668saa/a5233c83-f772-4a81-959a-45ec7877ef61/5.m3u8,,,,Caillou.fr@SD,,,,https://i.imgur.com/RgKaoe4.png,Undefined,,iptv-org-all.txt
Cajamarca TV (720p),https://live-evg8.tv360.bitel.com.pe/bitel/cajamarcatvSRT/playlist.m3u8,,,,CajamarcaTV.pe@SD,,,,https://i.imgur.com/pC57NYv.png,General,,iptv-org-all.txt
Calabria TV,https://64b16f23efbee.streamlock.net/calabriatv/calabriatv/playlist.m3u8,,,,CalabriaTV.it@SD,,,,https://i.imgur.com/noTgJJp.png,General,,iptv-org-all.txt
Caldera Vision,https://tv.arkeo.cl:1936/kymczwbrge/kymczwbrge/playlist.m3u8,,,,CalderaVision.cl@SD,,,,https://i.imgur.com/A3Jiffe.png,General,,iptv-org-all.txt
California Medios TV (720p),https://s5.mexside.net:1936/medios/medios/playlist.m3u8,,,,CaliforniaMediosTV.mx@SD,,,,https://i.imgur.com/IDvpRNI.png,General,,iptv-org-all.txt
California Music Channel (1080p),https://cmc-cmctv-cineverse.amagi.tv/playlist.m3u8,,,,CaliforniaMusicChannel.us@SD,,,,https://i.imgur.com/FyNot5W.png,Music,,iptv-org-all.txt
CAM 10 TV (720p),https://stream.it-innov.com/cam10tv/index.m3u8,,,,CAM10TV.cm@SD,,,,https://i.imgur.com/xspb9uY.png,General,,iptv-org-all.txt
Camera dei Deputati (240p),https://video-ar.radioradicale.it/diretta/camera2/playlist.m3u8,,,,CameradeiDeputati.it@SD,,,,https://i.imgur.com/hv4zi9N.png,Legislative,,iptv-org-all.txt
Camera Smile TV (480p),https://rpn.bozztv.com/gusa/gusa-camerasmile/index.m3u8,,,,CameraSmileTV.us@SD,,,,https://i.imgur.com/V5h4R83.png,Comedy,,iptv-org-all.txt
Camp Kulinaris,https://jmp2.uk/plu-6400bf66dff38e00083f4ee8.m3u8,,,,CampKulinaris.se@SE,,,,https://images.pluto.tv/channels/61c1dce2fb9ae40007d0ac15/colorLogoPNG.png,Entertainment,,iptv-org-all.txt
Camp Kulinaris NO,https://jmp2.uk/plu-61c1dce2fb9ae40007d0ac15.m3u8,,,,CampKulinaris.se@NO,,,,https://images.pluto.tv/channels/61c1dce2fb9ae40007d0ac15/colorLogoPNG.png,Entertainment,,iptv-org-all.txt
Camp Spoopy (576p),https://stream.ads.ottera.tv/playlist.m3u8?network_id=269,,,,CampSpoopy.us@SD,,,,https://img2.static-ottera.com/prod/tg/linear_channel/logo/640x360/camp-spoopy-2021_1920-x-1080_option-5.jpg,Kids,,iptv-org-all.txt
Campo Abierto TV (720p),https://v2.tustreaming.cl/catvlive/index.m3u8,,,,CampoAbiertoTV.cl@SD,,,,https://i.imgur.com/KL6pgaL.png,Undefined,,iptv-org-all.txt
Campus TV (480p) [Not 24/7],https://5e85d90130e77.streamlock.net/6052/6052/playlist.m3u8,,,,CampusTV.hn@SD,,,,https://i.imgur.com/E1TmADM.png,Education,,iptv-org-all.txt
CampusTV (720p) [Not 24/7],https://pantera1-100gb-cl-movistar.dps.live/campustv/campustv.smil/playlist.m3u8,,,,CampusTV.cl@SD,,,,https://i.imgur.com/LvzLg33.png,Undefined,,iptv-org-all.txt
Camu TV (480p) [Not 24/7],https://live20.bozztv.com/akamaissh101/ssh101/camutv/playlist.m3u8,,,,CamuTV.do@SD,,,,https://i.imgur.com/3d8cLm9.jpg,General,,iptv-org-all.txt
Can Tho TV 2 (1080p),https://live.canthotv.vn/cs2/live.stream/playlist.m3u8,,,,CanThoTV2.vn@SD,,,,https://i.ibb.co/JjVvkMsf/cantho2-2025.png,Education;Science,,iptv-org-all.txt
Can Tho TV 3 (1080p),https://live.canthotv.vn/cs3/tv/chunklist.m3u8,,,,CanThoTV3.vn@SD,,,,https://i.ibb.co/d4G2PD9s/cantho3-2025.png,Undefined,,iptv-org-all.txt
Can Tho TV (1080p),https://live.canthotv.vn/live/tv/chunklist.m3u8,,,,CanThoTV.vn@SD,,,,https://i.ibb.co/MDhNH26J/cantho1-2025.png,General,,iptv-org-all.txt
CAN TV19 (1080p),https://cantv.streamguys1.com/cantv/cantv19hls/playlist.m3u8,,,,CANTV19.us@SD,,,,https://i.imgur.com/PUQtIa3.png,General,,iptv-org-all.txt
CAN TV21 (1080p),https://cantv.streamguys1.com/cantv/cantv21hls/playlist.m3u8,,,,CANTV21.us@SD,,,,https://i.imgur.com/KP5bCYr.png,General,,iptv-org-all.txt
CAN TV27 (1080p),https://cantv.streamguys1.com/cantv/cantv27hls/playlist.m3u8,,,,CANTV27.us@SD,,,,https://i.imgur.com/43EpWsD.png,General,,iptv-org-all.txt
CAN TV36 (1080p),https://cantv.streamguys1.com/cantv/cantv36hls/playlist.m3u8,,,,CANTV36.us@SD,,,,https://i.imgur.com/43EpWsD.png,General,,iptv-org-all.txt
Cana TV Digital (720p) [Not 24/7],https://stream.hostuis.com:19360/canatvdigital/canatvdigital.m3u8,,,,CanaTVDigital.do@SD,,,,https://i.imgur.com/k8jxt12.png,General,,iptv-org-all.txt
Canada One (720p) [Not 24/7],http://cdn8.live247stream.com/canadaone/tv/playlist.m3u8,,,,CanadaOne.ca@SD,,,,,Undefined,,iptv-org-all.txt
Canaf54 TV,https://5caf24a595d94.streamlock.net:1937/pvyugfkzkc/pvyugfkzkc/playlist.m3u8,,,,Canaf54TV.uk@SD,,,,https://i.imgur.com/viB0FS2.png,General,,iptv-org-all.txt
Canal 1 (Colombia) (576p),http://138.121.15.230:9002/CANAL-UNO/index.m3u8,,,,Canal1.co@SD,,,,https://i.imgur.com/YFywPLC.png,General,,iptv-org-all.txt
Canal 1 (Costa Rica) (720p) [Not 24/7],https://vid.canal1cr.com:3424/multi_live/play_720.m3u8,,,,Canal1.cr@SD,,,,https://i.ibb.co/KhNS8Dy/cropped-logoo-1.png,General,,iptv-org-all.txt
Canal 1 Mar Menor Torre Pacheco (1080p),https://directo.tuwebtv.es/canal1.m3u8,,,,Canal1MarMenorTorrePacheco.es@SD,,,,https://i.imgur.com/MQOwCdZ.png,General;News,,iptv-org-all.txt
Canal 1 Nuble,https://tls-cl.cdnz.cl/canal21tv/live/playlist.m3u8,,,,Canal1Nuble.cl@SD,,,,https://i.imgur.com/PGSixH5.png,General,,iptv-org-all.txt
Canal 2 (Costa Rica) (720p) [Not 24/7],https://d2hha8xu9trvi8.cloudfront.net/ts:abr.m3u8,,,,Canal2.cr@SD,,,,https://i.imgur.com/Nn8BtH5.png,General,,iptv-org-all.txt
Canal 2 (El Salvador) (720p),http://186.33.26.18:8000/play/a0qp/index.m3u8,,,,Canal2.sv@SD,,,,https://upload.wikimedia.org/wikipedia/commons/thumb/7/79/Canal_2_TCS.png/960px-Canal_2_TCS.png,General,,iptv-org-all.txt
Canal 2 Alpavision Neiva (720p) [Not 24/7],https://stmv1.voxtvhd.com.br/alpavision/alpavision/playlist.m3u8,,,,Canal2AlpavisionNeiva.co@SD,,,,https://i.imgur.com/Yv8XIGW.png,General,,iptv-org-all.txt
Canal 2 de Ushuaia (1080p),https://nd106.republicaservers.com:4433/hls/c6611/index.m3u8,,,,Canal2deUshuaia.ar@SD,,,,https://i.ibb.co/q5NPdK2/canal2-logo.png,General,,iptv-org-all.txt
Canal 2 Gualeguay,https://stream.arcast.net:4443/gualeguay/gualeguay/playlist.m3u8,,,,Canal2Gualeguay.ar@SD,,,,https://i.imgur.com/TOlncyp.png,General,,iptv-org-all.txt
Canal 2 Mar del Plata (720p),https://tv.streamcasthd.com:3641/live/canal2mdplive.m3u8,,,,Canal2MardelPlata.ar@SD,,,,https://i.imgur.com/wlKFPBW.jpeg,General,,iptv-org-all.txt
Canal 2 Misiones (1080p),https://nd106.republicaservers.com:4433/hls/canal2misioness/index.m3u8,,,,Canal2Misiones.ar@SD,,,,https://i.imgur.com/YqTNXDf.png,Undefined,,iptv-org-all.txt
Canal 2 NexTV Rafaela (720p),https://edge.enhdtv.com/nexthd/index.m3u8,,,,Canal2NexTVRafaela.ar@SD,,,,https://i.imgur.com/hgj3CaR.jpeg,General,,iptv-org-all.txt
Canal 2 Quellon (1080p) [Not 24/7],https://pantera1-100gb-cl-movistar.dps.live/tvquellon/tvquellon.smil/playlist.m3u8,,,,Canal2Quellon.cl@SD,,,,https://i.imgur.com/MOwLCwT.png,Undefined,,iptv-org-all.txt
Canal 3 (Burkina Faso),https://cs2.push2stream.com/CANAL3BENIN/playlist.m3u8,,,,Canal3.bf@SD,,,,https://i.imgur.com/WIrVAa2.png,General,,iptv-org-all.txt
Canal 3 (Guatemala) (720p),https://d3jocgwjuhw91y.cloudfront.net/ts:abr.m3u8,,,,Canal3.gt@SD,,,,https://i.imgur.com/yCykjIp.png,General,,iptv-org-all.txt
Canal 3 Formosa,https://stmvideo6.livecastv.com/agenfor/agenfor/playlist.m3u8,,,,Canal3Formosa.ar@SD,,,,https://i.imgur.com/rVDrNIy.png,Undefined,,iptv-org-all.txt
Canal 3 Impresionante (480p),https://cloud2.streaminglivehd.com:2020/hls/8036/8036.m3u8,,,,Canal3Impresionante.sv@SD,,,,https://i.imgur.com/mdfiWG9.png,General,,iptv-org-all.txt
Canal 3 KMK TV (720p),https://live20.bozztv.com/giatv/giatv-KMKTV/KMKTV/chunks.m3u8,,,,Canal3KMKTV.cr@SD,,,,https://i.imgur.com/sgRDRBK.jpg,Music,,iptv-org-all.txt
Canal 3 La Pampa (1080p),https://stream.arcast.com.ar/c3lapampa/ngrp:c3lapampa_all/playlist.m3u8,,,,Canal3LaPampa.ar@SD,,,,https://i.imgur.com/SsNFudZ.png,Undefined,,iptv-org-all.txt
Canal 3 Las Heras (720p),https://stream.arcast.com.ar/canal3/canal3/playlist.m3u8,,,,Canal3LasHeras.ar@SD,,,,https://i.imgur.com/bd2afET.png,Undefined,,iptv-org-all.txt
Canal 3 Pinamar,http://intelincloud01.com.ar/hls/cn3/index.m3u8,,,,Canal3Pinamar.ar@SD,,,,https://i.imgur.com/IABFaH1.png,Undefined,,iptv-org-all.txt
Canal 3 Tacural,http://vivo.canal3tacural.com.ar:8081/hls/stream.m3u8,,,,Canal3Tacural.ar@SD,,,,https://i.imgur.com/RKvSa52.jpeg,General,,iptv-org-all.txt
Canal 3 TV Biar (480p) [Not 24/7],https://avantstreaming.es/hls/canal3.m3u8,,,,Canal3TVBiar.es@SD,,,,https://i.imgur.com/cnKCZkK.png,General,,iptv-org-all.txt
Canal 4 (Costa Rica) (720p),https://dlhn7gdemxofz.cloudfront.net/ts:abr.m3u8,,,,Canal4.cr@SD,,,,https://i.imgur.com/5arZEgO.png,General,,iptv-org-all.txt
Canal 4 (El Salvador) (1080p),http://45.5.118.188:8000/play/a00j/index.m3u8,,,,Canal4.sv@SD,,,,https://upload.wikimedia.org/wikipedia/commons/thumb/1/1b/Canal_4_TCS.png/960px-Canal_4_TCS.png,General,,iptv-org-all.txt
Canal 4 Catalunya (1080p),https://limited35.todostreaming.es/live/mitjans-livestream.m3u8,,,,Canal4Catalunya.es@SD,,,,https://i.imgur.com/tQh8C3s.png,General,,iptv-org-all.txt
Canal 4 Esquel,https://stream.arcast.com.ar/canal4esquel/canal4esquel/playlist.m3u8,,,,Canal4Esquel.ar@SD,,,,https://i.imgur.com/6kbOr16.png,Undefined,,iptv-org-all.txt
Canal 4 Jujuy,https://5cd577a3dd8ec.streamlock.net/CANAL4/smil:CANAL4.smil/playlist.m3u8,,,,Canal4Jujuy.ar@SD,,,,https://i.imgur.com/qB6I274.png,Undefined,,iptv-org-all.txt
Canal 4 Mallorca (1080p),https://limited35.todostreaming.es/live/mitjans-livestream1.m3u8,,,,Canal4Mallorca.es@SD,,,,https://i.imgur.com/tQh8C3s.png,General,,iptv-org-all.txt
Canal 4 Mancha Centro (720p) [Not 24/7],https://5924d3ad0efcf.streamlock.net/canal4/canal4live/playlist.m3u8,,,,Canal4ManchaCentro.es@SD,,,,https://i.imgur.com/t3O3O9M.png,Undefined,,iptv-org-all.txt
Canal 4 Posadas (576p),https://iptv.ixfo.com.ar:30443/live/C4POS/playlist.m3u8,,,,Canal4Posadas.ar@SD,,,,https://i.imgur.com/tElJr3e.png,Undefined,,iptv-org-all.txt
Canal 4 RD (1080p),https://cdn.protvradiostream.com/canal4rd-1/ngrp:canal4rd-1_all/playlist.m3u8,,,,Canal4RD.do@SD,,,,https://i.imgur.com/3AqCAji.png,General,,iptv-org-all.txt
Canal 4 San Juan (576p),https://streamlov.alsolnet.com/canal4sanjuan/live/playlist.m3u8,,,,Canal4SanJuan.ar@SD,,,,https://i.imgur.com/MsCnwRA.png,Undefined,,iptv-org-all.txt
Canal 4 Teleaire,https://stmvideo6.livecastv.com/canal4/canal4/playlist.m3u8,,,,Canal4Teleaire.ar@SD,,,,https://i.imgur.com/XyiNvbY.png,General,,iptv-org-all.txt
Canal 4 Villa Dolores,https://stmvideo3.livecastv.com/canal4vd/canal4vd/playlist.m3u8,,,,Canal4VillaDolores.ar@SD,,,,https://i.imgur.com/ZKSnGfw.png,General,,iptv-org-all.txt
Canal 5 (Mexico) (1080p),http://45.181.87.106/CANAL5HD/index.m3u8,,,,Canal5.mx@SD,,,,https://i.imgur.com/uZdVSoW.png,General,,iptv-org-all.txt
Canal 5 (Uruguay) (720p),https://tinyurl.com/canal5uy,,,,Canal5.uy@SD,,,,https://i.imgur.com/IpYxSr1.png,General,,iptv-org-all.txt
Canal 5 Del Pueblo [Not 24/7],https://stmv4.voxtvhd.com.br/canal5pueblo/canal5pueblo/playlist.m3u8,,,,Canal5DelPueblo.ar@SD,,,,https://i.ibb.co/XzcYYMc/Canal-5-alcorta-ver.jpg,General,,iptv-org-all.txt
Canal 5 El Lider (720p),http://186.33.26.18:8000/play/a0s4/index.m3u8,,,,Canal5ElLider.hn@SD,,,,https://i.imgur.com/4hEYFa9.png,General,,iptv-org-all.txt
Canal 5 Puerto Montt,https://5ff3d9babae13.streamlock.net/aufymdjpjf/aufymdjpjf/playlist.m3u8,,,,Canal5PuertoMontt.cl@SD,,,,https://i.imgur.com/pLobTRW.png,General,,iptv-org-all.txt
Canal 5 Santa Fe (240p),https://stream.arcast.com.ar/c5sf/c5sf/playlist.m3u8,,,,Canal5SantaFe.ar@SD,,,,https://i.imgur.com/WX0esjQ.png,Undefined,,iptv-org-all.txt
Canal 5 TV Chepes,https://videostream.shockmedia.com.ar:19360/canal5alfatvchepes/canal5alfatvchepes.m3u8,,,,Canal5TVChepes.ar@SD,,,,https://i.imgur.com/AzEqroq.png,General,,iptv-org-all.txt
Canal 5 TV Cozumel (1080p),https://video0.rogohosting.com:19360/tvcozumel/tvcozumel.m3u8,,,,Canal5TVCozumel.mx@SD,,,,https://i.imgur.com/0nzNMuP.jpeg,General,,iptv-org-all.txt
Canal 5 TV Max (1080p),https://tvmaxsa.com.py/hls/FB-430927919930380-0-AbzjnbAzAIR0NaFg.m3u8,,,,Canal5TVMax.py@SD,,,,https://i.imgur.com/6oihaDM.png,General,,iptv-org-all.txt
Canal 6 (Costa Rica) (720p),https://d3xpfoln9sj56.cloudfront.net/ts:abr.m3u8,,,,Canal6.cr@SD,,,,https://i.imgur.com/nfKJftW.png,General,,iptv-org-all.txt
Canal 6 (El Salvador) (720p),http://45.167.2.101:8000/play/a0qs/index.m3u8,,,,Canal6.sv@SD,,,,https://i.imgur.com/M4muPLK.png,General,,iptv-org-all.txt
Canal 6 (Nicaragua) (480p) [Not 24/7],http://138.117.4.70:8075/Canal06_CooTel/playlist.m3u8,,,,Canal6.ni@SD,,,,https://i.imgur.com/6BWAZdq.png,General,,iptv-org-all.txt
Canal 6 Panadish (720p),https://stream.meteorito.cloud:1947/canal6/smil:canal6.smil/playlist.m3u8,,,,Canal6Panadish.gt@SD,,,,https://i.imgur.com/KJWNPiz.jpg,General,,iptv-org-all.txt
Canal 6 Posadas (1080p),https://iptv.ixfo.com.ar:30443/live/c6digital/playlist.m3u8,,,,Canal6Posadas.ar@SD,,,,https://i.imgur.com/OamBiS5.png,Undefined,,iptv-org-all.txt
Canal 6 Viento Recio,https://stmvideo6.livecastv.com/vientorecio/vientorecio/playlist.m3u8,,,,Canal6VientoRecio.ar@SD,,,,https://i.imgur.com/liyTNzK.png,Religious,,iptv-org-all.txt
Canal 7 (720p),https://d1zq2gydd8y59v.cloudfront.net/ts:abr.m3u8,,,,Canal7.gt@SD,,,,https://i.imgur.com/yVhUkot.png,General,,iptv-org-all.txt
Canal 7 Boaco (1080p) [Not 24/7],https://cdn.amixtv.com/c7boaco/index.m3u8,,,,Canal7Boaco.ni@SD,,,,https://i.imgur.com/chXNX9k.jpeg,General,,iptv-org-all.txt
Canal 7 Jujuy,https://stream.arcast.live/canal7jujuy/ngrp:canal7jujuy_all/playlist.m3u8,,,,Canal7Jujuy.ar@SD,,,,https://i.imgur.com/K0jk8p4.png,Undefined,,iptv-org-all.txt
Canal 7 Neuquen (1080p),https://stream.arcast.com.ar/c7nq/ngrp:c7nq_all/playlist.m3u8,,,,Canal7Neuquen.ar@SD,,,,https://i.ibb.co/BrvQsWm/C7neuquenlogo2023.png,General,,iptv-org-all.txt
Canal 7 Salta (1080p),https://vivo.solumedia.com:19360/cooperativa/cooperativa.m3u8,,,,Canal7Salta.ar@SD,,,,https://i.imgur.com/CudG6sl.png,Undefined,,iptv-org-all.txt
Canal 7 Talanga Vision (720p),https://amixtv.com:8081/talangavision/index.m3u8,,,,Canal7TalangaVision.hn@SD,,,,https://i.ibb.co/0cqcyz4/Logo-2020-azul-El-lider-de-la-zona.png,General,,iptv-org-all.txt
Canal 7 TeleValencia (576p),https://play.cdn.enetres.net/9E9557EFCEBB43A89CEC8FBD3C500247022/028/playlist.m3u8,,,,Canal7TeleValencia.es@SD,,,,https://i.imgur.com/ILfXDRs.png,General,,iptv-org-all.txt
Canal 7 TV (720p),https://stream.arcast.com.ar/envivo/castv/playlist.m3u8,,,,Canal7TV.ar@SD,,,,https://i.imgur.com/iJMH0UK.png,Undefined,,iptv-org-all.txt
Canal 8 (720p) [Not 24/7],https://mdstrm.com/live-stream-playlist/5a7b1e63a8da282c34d65445.m3u8,,,,Canal8.cr@SD,,,,https://i.imgur.com/nefPi2Y.png,General,,iptv-org-all.txt
Canal 8 C&C Producciones,https://video.hostingcaaguazu.com:19360/canal8cvs/canal8cvs.m3u8,,,,Canal8CCProducciones.py@SD,,,,https://i.imgur.com/SVj5fjg.jpg,General,,iptv-org-all.txt
Canal 8 Catacaos (720p) [Not 24/7],https://live.obslivestream.com/canal8/index.m3u8,,,,Canal8Catacaos.pe@SD,,,,https://i.imgur.com/O5MrFjY.png,General,,iptv-org-all.txt
Canal 8 Mar del Plata (720p) [Not 24/7],https://canal8mdq.unpocodeawita.workers.dev/,,,,Canal8MardelPlata.ar@SD,,,,https://i.imgur.com/G7TaQ1L.png,Undefined,,iptv-org-all.txt
Canal 8 San Juan (720p) [Not 24/7],https://live20.bozztv.com/akamaissh101/ssh101/canal8sanjuan/playlist.m3u8,,,,Canal8SanJuan.ar@SD,,,,https://files.catbox.moe/f7jbdo.png,General,,iptv-org-all.txt
Canal 8 TV+ (720p),https://movil.ejeserver.com/live/canal8tv.m3u8,,,,Canal8TVPlus.co@SD,,,,https://i.imgur.com/peOIG1F.png,General,,iptv-org-all.txt
Canal 9 (1080p),https://livehd.vedge.infomaniak.com/livecast/livehd/master.m3u8,,,,Canal9.ch@SD,,,,https://i.imgur.com/TNciMh2.png,Undefined,,iptv-org-all.txt
Canal 9 Bio-Bio Television (1080p) [Not 24/7],https://unlimited6-cl.dps.live/c9/c9.smil/playlist.m3u8,,,,Canal9BioBioTelevision.cl@SD,,,,https://i.imgur.com/J2G1WMs.png,Undefined,,iptv-org-all.txt
Canal 9 Cosespu,https://video2.lhdserver.es/canal9cosespu/live.m3u8,,,,Canal9Cosespu.co@SD,,,,https://i.imgur.com/w5e1d8k.png,General,,iptv-org-all.txt
Canal 9 Link,https://617c5175c970b.streamlock.net:4444/9linklivert/smil:9linkmultibr.smil/playlist.m3u8,,,,Canal9Link.ar@SD,,,,https://audios.radiosnet.com.ar/imgwikidat/img_cuerpo/canal+9+buenos+aires9.jpg,Entertainment,,iptv-org-all.txt
Canal 9 Litoral (720p),https://stream.arcast.live/ahora/ahora/playlist.m3u8,,,,Canal9Litoral.ar@SD,,,,https://upload.wikimedia.org/wikipedia/commons/a/ad/Canal_9_Litoral_2021.png,Undefined,,iptv-org-all.txt
Canal 9 Resistencia (720p),http://coninfo.net:1935/9linklivert/smil:9linkmultibr.smil/playlist.m3u8,,,,Canal9Resistencia.ar@SD,,,,https://i.imgur.com/xqgRFpC.png,General,,iptv-org-all.txt
Canal 10 (Costa Rica) (720p) [Not 24/7],https://acceso.mediosdecostarica.com:3606/hybrid/play.m3u8,,,,Canal10.cr@SD,,,,https://i.imgur.com/TO6WQbW.png,General,,iptv-org-all.txt
Canal 10 (El Salvador) (720p),https://5ca3e84a76d30.streamlock.net/tves/videotves/playlist.m3u8,,,,Canal10.sv@SD,,,,https://i.imgur.com/y2ppMnY.png,General,,iptv-org-all.txt
Canal 10 (Nicaragua) (360p),https://www.canal10.com.ni/envivo,,,,Canal10.ni@SD,,,,https://i.imgur.com/ztp781b.png,General,,iptv-org-all.txt
Canal 10 Cancun (720p) [Not 24/7],http://stream2.dynalias.com:1935/live/tvlive1/playlist.m3u8,,,,Canal10Cancun.mx@SD,,,,https://i.imgur.com/TvTn3hO.png,Undefined,,iptv-org-all.txt
Canal 10 Cordoba,https://stream.arcast.net:4443/canal10/ngrp:canal10_all/playlist.m3u8,,,,Canal10Cordoba.ar@SD,,,,https://i.imgur.com/87WCHtd.png,Undefined,,iptv-org-all.txt
Canal 10 Durango (1080p),https://5e50264bd6766.streamlock.net/canal10durango/videocanal10durango/playlist.m3u8,,,,Canal10Durango.mx@SD,,,,https://i.imgur.com/H34quHQ.png,Undefined,,iptv-org-all.txt
Canal 10 Emporda (360p) [Not 24/7],https://ventdelnord.tv:8080/escala/directe.m3u8,,,,Canal10Emporda.es@SD,,,,https://i.imgur.com/ojQ6wzX.png,Undefined,,iptv-org-all.txt
Canal 10 Mar del Plata,https://g1.mc-hor.transport.edge-access.net/a12/ngrp:canal10mdq-100044_all/Playlist.m3u8?sense=true,,,,Canal10MardelPlata.ar@SD,,,,https://i.imgur.com/bq29sfG.png,Entertainment,,iptv-org-all.txt
Canal 11 (Costa Rica) (720p),https://d3mstgwjcwqz1y.cloudfront.net/ts:abr.m3u8,,,,Canal11.cr@SD,,,,https://upload.wikimedia.org/wikipedia/commons/thumb/a/ac/Repretel_11_logo.png/960px-Repretel_11_logo.png,General,,iptv-org-all.txt
Canal 11 (Guatemala) (720p),http://179.60.224.196:8000/play/a0dv/index.m3u8,,,,Canal11.gt@SD,,,,https://i.imgur.com/nmlBLpI.png,General,,iptv-org-all.txt
Canal 11 (Honduras) (1080p),http://190.11.225.124:5000/live/canal11_hd/playlist.m3u8,,,,Canal11.hn@SD,,,,https://i.imgur.com/Sht2Rd4.png,General,,iptv-org-all.txt
Canal 11 TuTV (349p),https://stream.giostreaming.app/canal11/canal11.m3u8,,,,Canal11TuTV.sv@SD,,,,https://i.imgur.com/itqQEux.png,General,,iptv-org-all.txt
Canal 12 (576p),http://186.33.26.18:8000/play/a0nw/index.m3u8,,,,Canal12.sv@SD,,,,https://i.imgur.com/WMv3yEf.png,General,,iptv-org-all.txt
Canal 12 Web,https://nd106.republicaservers.com:4433/c7827.mp4,,,,Canal12Web.ar@SD,,,,https://i.imgur.com/VYcTRbd.png,Undefined,,iptv-org-all.txt
Canal 13 (Chile) (1080p),http://15.204.246.24:8080/Canal13HD/index.m3u8,,,,Canal13.cl@SD,,,,https://static.wikia.nocookie.net/logopedia/images/0/01/Canal_13_2018.png/revision/latest/scale-to-width-down/512/,General,,iptv-org-all.txt
Canal 13 (Guatemala) (720p),http://190.61.101.11:7050/play/a07f/index.m3u8,,,,Canal13.gt@SD,,,,https://i.imgur.com/C1yVU3J.png,General,,iptv-org-all.txt
Canal 13 Bajio (720p) [Not 24/7],https://stream-207963.castr.net/65313d270e749722b6474684/live_1c690d40dfb711eeabd66ba1b9ba93a1/index.fmp4.m3u8,,,,Canal13Bajio.mx@SD,,,,https://i.imgur.com/SlycKgZ.png,General,,iptv-org-all.txt
Canal 13 Campeche (720p) [Not 24/7],https://stream-207963.castr.net/65313d270e749722b6474684/live_38c14fb0dfbd11ee8847c303f3096501/index.fmp4.m3u8,,,,Canal13Campeche.mx@SD,,,,https://i.imgur.com/SlycKgZ.png,General,,iptv-org-all.txt
Canal 13 Chiapas (720p) [Not 24/7],https://stream-207963.castr.net/65313d270e749722b6474684/live_55784330f36711ee97a7a19a8448730c/index.fmp4.m3u8,,,,Canal13Chiapas.mx@SD,,,,https://i.imgur.com/SlycKgZ.png,General,,iptv-org-all.txt
Canal 13 Esquipulas (720p),https://tv91.hostingnuclear.com:19360/intercable/intercable.m3u8,,,,Canal13Esquipulas.gt@SD,,,,https://i.imgur.com/INKZvlN.png,General,,iptv-org-all.txt
Canal 13 Guadalajara (720p) [Not 24/7],https://stream-207963.castr.net/65313d270e749722b6474684/live_fa0ed380dfbe11eeabd66ba1b9ba93a1/index.fmp4.m3u8,,,,Canal13Guadalajara.mx@SD,,,,https://i.imgur.com/SlycKgZ.png,General,,iptv-org-all.txt
Canal 13 Jujuy (720p),https://genexservicios.com:19360/canal13jujuy/canal13jujuy.m3u8,,,,Canal13Jujuy.ar@SD,,,,https://i.imgur.com/lmKLiJ3.jpg,Religious,,iptv-org-all.txt
Canal 13 La Rioja (480p),http://arcast.net:1935/mp/mp/playlist.m3u8,,,,Canal13LaRioja.ar@SD,,,,https://i.imgur.com/OI97Sgq.png,Undefined,,iptv-org-all.txt
Canal 13 Michoacan (720p) [Not 24/7],https://stream-207963.castr.net/65313d270e749722b6474684/live_0424eb20dfbf11ee821911a0b6ba5091/index.fmp4.m3u8,,,,Canal13Michoacan.mx@SD,,,,https://i.imgur.com/SlycKgZ.png,General,,iptv-org-all.txt
Canal 13 Oaxaca (720p) [Not 24/7],https://stream-207963.castr.net/65313d270e749722b6474684/live_0bd65ed0dfbf11ee848c53d8a686e201/index.fmp4.m3u8,,,,Canal13Oaxaca.mx@SD,,,,https://i.imgur.com/SlycKgZ.png,General,,iptv-org-all.txt
Canal 13 Puebla (720p) [Not 24/7],https://stream-207963.castr.net/65313d270e749722b6474684/live_19c1e870dfbf11eeadd41749c3286f4a/index.fmp4.m3u8,,,,Canal13Puebla.mx@SD,,,,https://i.imgur.com/SlycKgZ.png,General,,iptv-org-all.txt
Canal 13 San Luis,https://stream.radiosmundiales.com:19360/sanluismas/sanluismas.m3u8,,,,Canal13SanLuis.ar@SD,,,,https://i.imgur.com/NcfMC29.png,Undefined,,iptv-org-all.txt
Canal 13 Tabasco (720p) [Not 24/7],https://stream-207963.castr.net/65313d270e749722b6474684/live_185f5f10888711ee83e2f144889e3879/index.fmp4.m3u8,,,,Canal13Tabasco.mx@SD,,,,https://i.imgur.com/SlycKgZ.png,General,,iptv-org-all.txt
Canal 13 Tapachula (720p) [Not 24/7],https://stream-207963.castr.net/65313d270e749722b6474684/live_2b589fc0dfbf11ee9ce13534ca2a46c3/index.fmp4.m3u8,,,,Canal13Tapachula.mx@SD,,,,https://i.imgur.com/SlycKgZ.png,General,,iptv-org-all.txt
Canal 14 Codazzi (720p) [Not 24/7],https://eu1.servers10.com:8081/8056/index.m3u8,,,,Canal14Codazzi.co@SD,,,,https://i.imgur.com/wNSUMhJ.png,Entertainment,,iptv-org-all.txt
Canal 15 (1080p) [Not 24/7],https://cootv.cootel.com.ni:8095/Canal15_CooTel/playlist.m3u8,,,,Canal15.ni@SD,,,,https://i.imgur.com/DGBMuEs.png,Education,,iptv-org-all.txt
Canal 15 El Zamorano [Not 24/7],https://vdo.tecnoservix.stream:3007/live/canal15zamoranolive.m3u8,,,,Canal15ElZamorano.sv@SD,,,,https://i.imgur.com/op13ujg.png,General,,iptv-org-all.txt
Canal 15 Teleor (720p),https://ares.disfrutaenlared.com:1936/activatv/activatv/playlist.m3u8,,,,Canal15Teleor.bo@SD,,,,https://i.imgur.com/w8CB2On.jpeg,General,,iptv-org-all.txt
Canal 17 RTVD (1080p),https://cdn.protvradiostream.com/rtvd17/ngrp:rtvd17_all/playlist.m3u8,,,,Canal17RTVD.do@HD,,,,https://i.ibb.co/2YvKhjW4/Quisqueya-17-AZUL.png,Culture,,iptv-org-all.txt
Canal 21 Huancayo (720p),https://play.agenciastreaming.com:8081/tvwanka/tracks-v1/index.fmp4.m3u8,,,,Canal21Huancayo.pe@HD,,,,https://i.imgur.com/Kfdkm06.png,General,,iptv-org-all.txt
Canal 21 Tachira (360p),https://stmv2.voxtvhd.com.br/canal21/canal21/playlist.m3u8,,,,Canal21Tachira.ve@SD,,,,https://i.imgur.com/7Tb7CF4.jpg,General,,iptv-org-all.txt
Canal 21 TV (1080p),https://iptv.ixfo.com.ar:30443/c21tv/hd/c21tv/playlist.m3u8,,,,Canal21TV.ar@SD,,,,https://i.imgur.com/Am7yMXg.png,Undefined,,iptv-org-all.txt
Canal 22 (720p),https://5f700d5b2c46f.streamlock.net/canal22/canal22/playlist.m3u8,,,,Canal22.ar@SD,,,,https://i.imgur.com/R4wXVxf.png,Undefined,,iptv-org-all.txt
Canal 22 Nacional (720p) [Geo-blocked],https://5fc584f3f19c9.streamlock.net/canal22/smil:canal22.smil/playlist.m3u8,,,,Canal22Nacional.mx@SD,,,,https://i.imgur.com/6qiYvhe.png,Undefined,,iptv-org-all.txt
Canal 25 Ayacucho (720p),https://live-evg10.tv360.bitel.com.pe/bitel/canal25ayacucho/playlist.m3u8,,,,Canal25Ayacucho.pe@SD,,,,https://i.imgur.com/lU02cWc.png,General,,iptv-org-all.txt
Canal 25 Jundiai (720p),https://cdn-tiva-stream01-msolutionbrasil-com-br.smartbit.co/hls/canal25/live.m3u8,,,,Canal25Jundiai.br@SD,,,,https://i.imgur.com/7igGMwH.png,Undefined,,iptv-org-all.txt
Canal 25 TV (1080p),https://limited49.todostreaming.es/live/tvbarbastro-livestream.m3u8,,,,Canal25TV.es@SD,,,,https://i.imgur.com/p6YA5k0.png,Undefined,,iptv-org-all.txt
Canal 26 (Argentina) (1080p),https://stream-gtlc.telecentro.net.ar/hls/canal26hls/main.m3u8,,,,Canal26.ar@SD,,,,https://upload.wikimedia.org/wikipedia/commons/thumb/c/c5/Canal_26_logo_%282022%29.svg/500px-Canal_26_logo_%282022%29.svg.png,News,,iptv-org-all.txt
Canal 26 (Mexico) (1080p),https://60417ddeaf0d9.streamlock.net/telemetrika3/smil:telemetrika3.smil/playlist.m3u8,,,,Canal26.mx@SD,,,,https://i.imgur.com/PAvnVN9.png,Undefined,,iptv-org-all.txt
Canal 27 (1080p),https://live.canal27.tv:3633/live/canal27live.m3u8,,,,Canal27.gt@SD,,,,https://i.imgur.com/eA4vt8A.png,Religious,,iptv-org-all.txt
Canal 30 Cintalapa (720p) [Not 24/7],https://rpn3.bozztv.com/ssh101/ssh101/canal30mx/playlist.m3u8,,,,Canal30Cintalapa.mx@SD,,,,https://i.imgur.com/xv13N7q.jpg,General,,iptv-org-all.txt
Canal 30 Loncomilla (720p),https://v1.tustreaming.cl/canal30loncomilla/index.m3u8,,,,Canal30Loncomilla.cl@SD,,,,https://i.imgur.com/dgUHqrQ.png,General,,iptv-org-all.txt
Canal 30 TV Bethel (720p) [Not 24/7],https://s.emisoras.tv:8081/canal30tvbethel/index.m3u8,,,,Canal30TVBethel.gt@SD,,,,https://i.imgur.com/PP4U1JL.png,Religious,,iptv-org-all.txt
Canal 32 STO (720p) [Not 24/7],https://s.emisoras.tv:8081/stocanal32hn/playlist.m3u8,,,,Canal32STO.hn@SD,,,,https://i.imgur.com/dS4Gb0Q.jpg,General,,iptv-org-all.txt
Canal 33 Madrid,https://media2.streambrothers.com:1936/8140/8140/playlist.m3u8,,,,Canal33Madrid.es@SD,,,,https://upload.wikimedia.org/wikipedia/commons/thumb/c/c3/Logo_Canal_33_Madrid_2025.jpg/960px-Logo_Canal_33_Madrid_2025.jpg,Undefined,,iptv-org-all.txt
Canal 33 Tijuana (720p),https://5f2c1b0d880e5.streamlock.net/canal33tijuana/videocanal33tijuana/playlist.m3u8,,,,Canal33Tijuana.mx@SD,,,,https://iili.io/JCt1Nbn.png,General;News,,iptv-org-all.txt
Canal 38 (720p),https://cdn.jmvstream.com/w/LVW-8503/LVW8503_d0V5oduFlK/playlist.m3u8,,,,Canal38.br@SD,,,,https://i.imgur.com/co7TCWC.png,News,,iptv-org-all.txt
Canal 44 (720p) [Not 24/7],https://5e50264bd6766.streamlock.net/canal442/videocanal442/playlist.m3u8,,,,Canal44.mx@SD,,,,https://i.imgur.com/YDp8MlN.png,Undefined,,iptv-org-all.txt
Canal 45 (576p),https://nlb1-live.emitstream.com/hls/625csn5et2iszm9oze65/master.m3u8,,,,Canal45.es@SD,,,,https://i.imgur.com/yEfSnGt.png,Undefined,,iptv-org-all.txt
Canal 50 Morteros,https://online.coopmorteros.coop/canal50/vivo.m3u8,,,,Canal50Morteros.ar@SD,,,,https://i.imgur.com/IDhgBav.png,Undefined,,iptv-org-all.txt
Canal 51,https://live.cn51hn.com/live/cn51.m3u8,,,,Canal51.hn@SD,,,,https://i.imgur.com/xhVEEA1.png,General,,iptv-org-all.txt
Canal 56 (576p) [Not 24/7],https://videos.canal56.com/directe/stream/index.m3u8,,,,Canal56.es@SD,,,,https://i.imgur.com/pwRVbCz.png,Undefined,,iptv-org-all.txt
Canal 56 Quiero TV (720p),http://45.5.118.152:8000/play/a08z/index.m3u8,,,,Canal56QuieroTV.bo@SD,,,,https://i.imgur.com/l9kDNld.jpeg,General,,iptv-org-all.txt
Canal 65 (1080p) [Not 24/7],https://panel.streamingtv-mediacp.online:1936/tv65/tv65/playlist.m3u8,,,,Canal65.sv@SD,,,,https://i.imgur.com/P15QovY.png,Religious,,iptv-org-all.txt
Canal 70 (720p),https://183.bozztv.com/giatv/giatv-cnal70tv/cnal70tv/playlist.m3u8,,,,Canal70.do@HD,,,,https://imgur.com/LfcHA2d.jpg,General,,iptv-org-all.txt
Canal 74 San Antonio,https://stmv5.voxtvhd.com.br/canal74hd/canal74hd/playlist.m3u8,,,,Canal74SanAntonio.cl@SD,,,,https://i.imgur.com/WRYsbjX.png,Undefined,,iptv-org-all.txt
Canal 79 La Costa (240p),https://streamconex.com:19360/lacosta/lacosta.m3u8,,,,Canal79LaCosta.ar@SD,,,,https://i.imgur.com/HYuSqJy.png,Undefined,,iptv-org-all.txt
Canal 79 Mar del Plata,https://streamconex.com:19360/mardelplata/mardelplata.m3u8,,,,Canal79MardelPlata.ar@SD,,,,https://i.imgur.com/I93ypGY.png,Undefined,,iptv-org-all.txt
Canal 79 Puan (240p),https://streamconex.com:19360/puan/puan.m3u8,,,,Canal79Puan.ar@SD,,,,https://i.imgur.com/HYuSqJy.png,Undefined,,iptv-org-all.txt
Canal 79 Santa Clara del Mar (240p),https://streamconex.com:19360/santaclara-1/santaclara-1.m3u8,,,,Canal79SantaClaradelMar.ar@SD,,,,https://i.imgur.com/I93ypGY.png,Undefined,,iptv-org-all.txt
Canal 79 Villa Maza,https://streamconex.com:19360/villamaza/villamaza.m3u8,,,,Canal79VillaMaza.ar@SD,,,,https://i.imgur.com/HYuSqJy.png,Undefined,,iptv-org-all.txt
Canal 99 Miramar,https://vivo.solumedia.com:19360/cardinal/cardinal.m3u8,,,,Canal99Miramar.ar@SD,,,,https://i.imgur.com/PblsZxz.jpeg,General,,iptv-org-all.txt
Canal 100 Chinique (1080p),https://live20.bozztv.com/giatv/giatv-chinique100tvenvivo/chinique100tvenvivo/playlist.m3u8,,,,Canal100Chinique.gt@SD,,,,https://i.imgur.com/ygNKJXx.png,Undefined,,iptv-org-all.txt
Canal 2000 (720p) [Not 24/7],http://canal2000.berkano-systems.net/streaming/streams/canal2000.m3u8,,,,Canal2000.es@SD,,,,https://i.imgur.com/9RoBASf.png,Undefined,,iptv-org-all.txt
Canal Alpha Jura (1080p),https://canalalphaju.vedge.infomaniak.com/livecast/ik:canalalphaju/playlist.m3u8,,,,CanalAlphaJura.ch@SD,,,,https://i.imgur.com/eQ8xHK9.jpg,Undefined,,iptv-org-all.txt
Canal Alpha Neuchatel (1080p) [Not 24/7],https://canalalpha.vedge.infomaniak.com/livecast/ik:canalalpha/playlist.m3u8,,,,CanalAlphaNeuchatel.ch@SD,,,,https://i.imgur.com/eQ8xHK9.jpg,Undefined,,iptv-org-all.txt
Canal Calima TV (720p),https://movil.ejeserver.com/live/calimatv.m3u8,,,,CanalCalimaTV.co@SD,,,,https://i.imgur.com/6YxtyUR.jpeg,General,,iptv-org-all.txt
Canal Capital (1080p),http://138.121.15.230:9002/CANAL-CAPITAL/index.m3u8,,,,CanalCapital.co@SD,,,,https://i.imgur.com/zAYtbYi.png,General,,iptv-org-all.txt
Canal Catorce (1080p) [Not 24/7],https://stream.haislin.com/14tv/index.m3u8,,,,CanalCatorce.do@SD,,,,https://i.imgur.com/iKLGBbA.png,General,,iptv-org-all.txt
Canal CHD,https://vs20.live.opencaster.com/canalchd2025_8d99626c/index.m3u8,,,,CanalCHD.co@SD,,,,https://i.imgur.com/cNv1MPs.jpeg,General,,iptv-org-all.txt
Canal Chilote (720p),https://videostream.chileservidores.com:8081/chiloe2/index.m3u8,,,,CanalChilote.cl@SD,,,,https://i.imgur.com/mdYIKyt.png,Entertainment,,iptv-org-all.txt
Canal CHV Noticias (1080p),http://cdn1tlinkgo.tlink.cl/chvnoticias/mono.m3u8,,,,CanalCHVNoticias.cl@SD,,,,https://i.imgur.com/sx8Aaxr.png,News,,iptv-org-all.txt
Canal Cine Dios,https://canal.mediaserver.com.co/live/cinedios.m3u8,,,,CanalCineDios.co@SD,,,,https://i.imgur.com/S4xqZgV.png,Movies,,iptv-org-all.txt
Canal Claro (720p),https://jmp2.uk/plu-68224482c5d53e1351aaf2f2.m3u8,,,,CanalClaro.cl@SD,,,,https://images.pluto.tv/channels/68224482c5d53e1351aaf2f2/colorLogoPNG_1751655767455.png,Undefined,,iptv-org-all.txt
Canal Coin TV (1080p),https://canalcoin.garjim.es/hls/directo.m3u8,,,,CanalCoinTV.es@SD,,,,https://i.imgur.com/3QPJIpa.png,General,,iptv-org-all.txt
Canal Congreso (1080p),http://138.121.15.230:9002/CANAL-CONGRESO/index.m3u8,,,,CanalCongreso.co@SD,,,,https://i.imgur.com/3VnL8dp.png,Legislative,,iptv-org-all.txt
Canal Cvision (720p) [Not 24/7],https://stream.cvision.live/cvision_stream.m3u8,,,,CanalCvision.ni@SD,,,,https://i.imgur.com/WUq3NlG.png,General,,iptv-org-all.txt
Canal de la Fe (720p),https://cdn-cloudfront.us-east-1.prod.ingest.aws-infra.dacast.com/live/dad6a736-9efb-40ce-89b6-81d1d54f92bd/master.m3u8,,,,CanaldelaFe.us@SD,,,,https://i.imgur.com/n3FffgF.png,Religious,,iptv-org-all.txt
Canal del Congreso 45.1,https://ccstreaming.packet.mx/WebRTCAppEE/streams/45.1_kd5oiNTTWO0gEOFc431277834.m3u8,,,,CanaldelCongreso451.mx@SD,,,,https://i.imgur.com/xAC6gQO.png,Legislative,,iptv-org-all.txt
Canal del Sol (1080p) [Not 24/7],https://stream.canaldelsol.com/sol26/live_1080.m3u8,,,,CanaldelSol.do@SD,,,,https://i.imgur.com/gK0M1jB.png,General,,iptv-org-all.txt
Canal del Sur (720p),https://oracle.streaminghd.cl/canal-del-sur/canal-del-sur/playlist.m3u8,,,,CanaldelSur.cl@SD,,,,https://i.imgur.com/NVLJBzy.png,Undefined,,iptv-org-all.txt
Canal Diocesano (576p),https://nlb2-live.emitstream.com/hls/5i3pxfuz4az356yu22ij/master.m3u8,,,,CanalDiocesano.es@SD,,,,https://i.imgur.com/uWhVKL3.png,Undefined,,iptv-org-all.txt
Canal Diplomatico,https://master.myplaytv.com:2020/hls/canaldiplomatico/canaldiplomatico.m3u8,,,,CanalDiplomatico.ve@SD,,,,https://i.ibb.co/34vsSzS/1439-Canal-Diplomatico.png,Culture,,iptv-org-all.txt
Canal do Boi (720p),http://45.162.64.114/CANAL_DO_BOI/index.m3u8,,,,CanaldoBoi.br@SD,,,,https://i.imgur.com/pVM5MhS.png,Undefined,,iptv-org-all.txt
Canal do Criador (1080p),https://607d2a1a47b1f.streamlock.net/crur/smil:canaldocriador.smil/playlist.m3u8,,,,CanaldoCriador.br@SD,,,,https://i.imgur.com/k29So6X.png,Outdoor,,iptv-org-all.txt
Canal do Inter (720p) [Not 24/7],https://video01.soultv.com.br/internacional/internacional/playlist.m3u8,,,,CanaldoInter.br@SD,,,,https://i.imgur.com/TQFWEIS.png,Sports,,iptv-org-all.txt
Canal Donana (720p) [Not 24/7],https://secure5.todostreaming.es/live/division-alm.m3u8,,,,CanalDonana.es@SD,,,,https://i.imgur.com/0WrKIxm.png,Undefined,,iptv-org-all.txt
Canal Dos (720p),http://131.221.41.94/hls/canal2.m3u8,,,,CanalDos.co@SD,,,,https://i.imgur.com/BYsyNHZ.jpg,General,,iptv-org-all.txt
Canal DTV (720p),https://s.emisoras.tv:8081/dtv/index.m3u8,,,,CanalDTV.do@SD,,,,https://i.imgur.com/JO5yuNC.png,General,,iptv-org-all.txt
Canal E (720p),https://unlimited1-us.dps.live/perfiltv/perfiltv.smil/playlist.m3u8,,,,CanalE.ar@SD,,,,https://i.ibb.co/y4pkxH3/Qtc8-M2-PG-400x400.jpg,Business;News,,iptv-org-all.txt
Canal Educacao (720p),http://45.162.64.114/CANAL_EDUCACAO/index.m3u8,,,,CanalEducacao.br@SD,,,,https://i.imgur.com/OOB7nrS.png,Education,,iptv-org-all.txt
Canal Extremadura (576p) [Not 24/7],https://cdnlive.codev8.net/canalextremaduralive/smil:channel1DVR.smil/playlist.m3u8?DVR=,,,,CanalExtremadura.es@SD,,,,https://upload.wikimedia.org/wikipedia/commons/thumb/7/7c/CEXMA_new.png/500px-CEXMA_new.png,General;Public,,iptv-org-all.txt
Canal FDR,https://v-us-01.wisestream.io/memfs/e4ade538-7924-4359-81ef-b9d4dd229e91.m3u8,,,,CanalFDR.br@SD,,,,https://i.imgur.com/7SE4CkE.png,Education;General,,iptv-org-all.txt
Canal Futura (720p),http://45.162.64.114/FUTURA/index.m3u8,,,,CanalFutura.br@SD,,,,https://i.imgur.com/LgynEBC.png,Education,,iptv-org-all.txt
Canal Gov (720p),http://45.177.114.115/TV_BRASIL_2/index.m3u8,,,,CanalGov.br@SD,,,,https://i.imgur.com/rHPY0Yv.png,Legislative,,iptv-org-all.txt
Canal I (1080p),https://streaming.canal-i.com/canal-i/live/master.m3u8,,,,CanalI.ve@SD,,,,https://i.imgur.com/vKfOavW.png,News,,iptv-org-all.txt
Canal Iglesia Luz y Verdad (1080p),https://stream.oursnetworktv.com/latin/IglesialuzyVerdad/playlist.m3u8,,,,CanalIglesiaLuzyVerdad.gt@SD,,,,https://i.ibb.co/x3Vdz6h/Screenshot-20231202-125205.jpg,Religious,,iptv-org-all.txt
Canal Infantil (1080p),http://bantel-cdn1.iptvperu.tv:1935/btnscrtn/canalinfantil/playlist.m3u8,,,,CanalInfantil.us@SD,,,,https://i.imgur.com/WGk7MJ3.png,Kids,,iptv-org-all.txt
Canal Institucional (720p),https://streaming.rtvc.gov.co/TV_CanalInstitucional_live/smil:live.smil/playlist.m3u8,,,,CanalInstitucional.co@SD,,,,https://i.imgur.com/hqfQVrU.png,General,,iptv-org-all.txt
Canal IPe (720p),http://187.102.210.46/IPE/index.m3u8,,,,CanalIPe.pe@SD,,,,https://upload.wikimedia.org/wikipedia/commons/thumb/2/28/Identidad_Peruana_ipe_2020.png/960px-Identidad_Peruana_ipe_2020.png,Family,,iptv-org-all.txt
Canal ISB (720p),https://unlimited1-us.dps.live/isb/isb.smil/playlist.m3u8,,,,CanalISB.cl@SD,,,,https://i.imgur.com/cQ4ggTw.png,Religious,,iptv-org-all.txt
Canal Latino 54 (360p),https://videostream.chileservidores.com:8081/latina/index.m3u8,,,,CanalLatino54.cl@SD,,,,https://i.imgur.com/mKUQoX7.png,Undefined,,iptv-org-all.txt
Canal Libras (720p),https://canallibras-stream.ebc.com.br/mux_video_ts/index-1.m3u8,,,,CanalLibras.br@SD,,,,https://i.imgur.com/LnWWKzP.png,General,,iptv-org-all.txt
Canal Local (720p),https://v2.tustreaming.cl/canallocalcl/index.m3u8,,,,CanalLocal.cl@SD,,,,https://i.imgur.com/ReZXqWR.png,General,,iptv-org-all.txt
Canal Luz,https://g4.vxral-hor.transport.edge-access.net/a11/ngrp:canal_luz01-100009_all/Playlist.m3u8,,,,CanalLuz.ar@SD,,,,https://i.imgur.com/GnY6dNT.png,Religious,,iptv-org-all.txt
Canal Luz Television (1080p),https://5d8d85cf2c308.streamlock.net:1936/CanalLuz/enDirecto/playlist.m3u8,,,,CanalLuzTelevision.es@SD,,,,https://i.imgur.com/H3JzQ1G.jpg,General,,iptv-org-all.txt
CANAL M Television (720p),https://live-evg10.tv360.bitel.com.pe/bitel/anqaratv/playlist.m3u8,,,,CANALMTelevision.pe@SD,,,,https://i.imgur.com/EcdNFuJ.png,General,,iptv-org-all.txt
Canal Macau (720p) [Not 24/7],https://live3.tdm.com.mo/ch2/ch2.live/playlist.m3u8,,,,CanalMacau.mo@SD,,,,https://i.imgur.com/oFPUZ97.png,General,,iptv-org-all.txt
Canal Malaga RTV (720p) [Not 24/7],https://canalmalaga-tv-live.flumotion.com/playlist.m3u8,,,,CanalMalagaRTV.es@SD,,,,https://i.imgur.com/QSUOxtM.png,General,,iptv-org-all.txt
Canal Mas Television (720p),https://movil.ejeserver.com/live/teledoradahd.m3u8,,,,CanalMasTelevision.co@SD,,,,https://i.imgur.com/ODMa27W.jpg,General,,iptv-org-all.txt
Canal Mas TV (720p),https://live-evg11.tv360.bitel.com.pe/bitel/mastvSRT/playlist.m3u8,,,,CanalMasTV.pe@SD,,,,https://i.imgur.com/rdHygJ1.png,General,,iptv-org-all.txt
Canal Metropolitano de Noticias,https://stmv5.samcast.com.br/claudio8701/claudio8701/playlist.m3u8,,,,CanalMetropolitanodeNoticias.br@SD,,,,https://i.imgur.com/G0x4xqa.png,News,,iptv-org-all.txt
Canal Motor (720p),https://digicom.hls.iptvdc.com/canalmotor/index.m3u8,,,,CanalMotor.no@SD,,,,https://i.imgur.com/nCAt3QN.png,Auto,,iptv-org-all.txt
Canal Multivision (720p) [Not 24/7],https://live20.bozztv.com/akamaissh101/ssh101/canalmulti24/playlist.m3u8,,,,CanalMultivision.do@SD,,,,https://i.imgur.com/puOrL7B.jpg,General,,iptv-org-all.txt
Canal Mundo Vision (720p) [Not 24/7],https://movil.ejeserver.com/live/mundovisiontv.m3u8,,,,CanalMundoVision.co@SD,,,,https://i.imgur.com/zRqfJuj.png,General,,iptv-org-all.txt
Canal N (576p),http://190.108.91.206:9050/play/a0bd/index.m3u8,,,,CanalN.pe@SD,,,,https://i.imgur.com/Xytvw3J.png,News,,iptv-org-all.txt
Canal Nets (720p) [Not 24/7],https://movil.ejeserver.com/live/nets.m3u8,,,,CanalNets.co@SD,,,,https://i.imgur.com/edaAexc.png,Entertainment,,iptv-org-all.txt
Canal Off (1080p),http://170.82.202.31/OFF/index.m3u8,,,,CanalOff.br@SD,,,,https://i.imgur.com/1biaLgJ.png,Undefined,,iptv-org-all.txt
Canal Oracion Con Son (1080p),https://canal.mediaserver.com.co/live/oracionconson.m3u8,,,,CanalOracionConSon.co@SD,,,,https://i.imgur.com/rfnFqU3.png,Religious,,iptv-org-all.txt
Canal Orbe 21,https://stream.arcast.net:4443/canal21/ngrp:canal21_all/playlist.m3u8,,,,CanalOrbe21.ar@SD,,,,https://i.imgur.com/USD6Wn8.png,Religious,,iptv-org-all.txt
Canal Parlamento (360p) [Not 24/7],https://congresodirecto.akamaized.net/hls/live/2037973/canalparlamento/master.m3u8,,,,CanalParlamento.es@SD,,,,https://i.imgur.com/BUO0wH6.png,Legislative,,iptv-org-all.txt
Canal Parlamento del Congreso de Jalisco (720p) [Not 24/7],https://60417ddeaf0d9.streamlock.net/srtc/smil:srtc.smil/playlist.m3u8,,,,CanalParlamentodelCongresodeJalisco.mx@SD,,,,https://i.imgur.com/fLpkHfZ.png,Legislative,,iptv-org-all.txt
Canal Peniel (720p) [Not 24/7],https://cdn.streamhispanatv.net:3840/live/penielfamlive.m3u8,,,,CanalPeniel.gt@SD,,,,https://i.imgur.com/Z7aKJCt.png,Religious,,iptv-org-all.txt
Canal Provincial (360p),https://streaming.telered.com.ar/provincial/streaming/mystream.m3u8,,,,CanalProvincial.ar@SD,,,,https://i.imgur.com/bXHHtcb.png,General,,iptv-org-all.txt
Canal Pulpo TV,https://vs20.live.opencaster.com/canalpulpotv_bdeee6e2/index.m3u8,,,,CanalPulpoTV.ar@SD,,,,https://new.opencaster.com/uploads/logos/logo_306_1756336707.png,Entertainment,,iptv-org-all.txt
Canal PyC (720p),https://live20.bozztv.com/akamaissh101/ssh101/pyctelevision/playlist.m3u8,,,,CanalPyC.co@SD,,,,https://i.imgur.com/3qxBDhV.png,News,,iptv-org-all.txt
Canal RCN (1080p),http://138.121.15.230:9002/RCN/index.m3u8,,,,CanalRCN.co@SD,,,,https://i.imgur.com/5PhTaHp.png,General,,iptv-org-all.txt
Canal Ricos (480p),https://5d82644094cc0.streamlock.net/ricostv/ricostv/playlist.m3u8,,,,CanalRicos.br@SD,,,,https://i.imgur.com/hs2YVJ3.png,General,,iptv-org-all.txt
Canal Rural (1080p),https://607d2a1a47b1f.streamlock.net/crur/smil:canalrural.smil/playlist.m3u8,,,,CanalRural.br@SD,,,,https://i.imgur.com/w9R9IIX.png,Outdoor,,iptv-org-all.txt
Canal San Roque (1080p) [Not 24/7],https://cdnlivevlc.codev8.net/aytosanroquelive/smil:channel1.smil/playlist.m3u8,,,,CanalSanRoque.es@SD,,,,https://i.imgur.com/SN9kFKh.png,General,,iptv-org-all.txt
Canal Santa Maria (360p),https://streaming.telered.com.ar/santa-maria/streaming/mystream.m3u8,,,,CanalSantaMaria.ar@SD,,,,https://www.canalsantamaria.com.ar/images/santamaria_logo.jpg,Religious,,iptv-org-all.txt
Canal Saude,https://eitv7.cdn.broadpeak.io/account351-i1495/event/canalsaude/format720p.m3u8,,,,CanalSaude.br@SD,,,,https://i.imgur.com/ht4tUOc.png,Education;Lifestyle,,iptv-org-all.txt
Canal Sete,http://play.canalsete.com.br:1935/canalsete/xpl-c7_source/playlist.m3u8,,,,CanalSete.br@SD,,,,https://i.imgur.com/0cq0BPp.png,General,,iptv-org-all.txt
Canal Showsport (720p),https://livestream.lumpentv.com.ar/hls/lumpen.m3u8,,,,CanalShowsport.ar@SD,,,,https://i.imgur.com/0L9tW3Z.png,Sports,,iptv-org-all.txt
Canal Sierra de Cadiz (1080p) [Not 24/7],https://s.emisoras.tv:8081/sierradecadiz/index.m3u8,,,,CanalSierradeCadiz.es@SD,,,,https://i.imgur.com/94rn7pb.png,General,,iptv-org-all.txt
Canal START (720p),https://cdn-tiva-srv5-zcast-com-br.smartbit.co/canalstart/canalstart/playlist.m3u8,,,,CanalSTART.br@SD,,,,https://storage.googleapis.com/soultv-prod-media/media/brand/Logomarca_CANAL_START_100X100_PNG_CrAzZzP.png,General,,iptv-org-all.txt
Canal Sur 2 (720p),https://cdnlive.codev8.net/rtvalive/smil:channel22.smil/playlist.m3u8,,,,CanalSur2.es@SD,,,,https://upload.wikimedia.org/wikipedia/commons/thumb/b/b4/Canal_Sur_2_-_2017_logo.png/500px-Canal_Sur_2_-_2017_logo.png,General;Public,,iptv-org-all.txt
Canal Sur Andalucia (1080p),https://dfk2a268yviz9.cloudfront.net/v1/master/3722c60a815c199d9c0ef36c5b73da68a62b09d1/cc-ddiii1m6jt6of/CanalSurAndaluciaES.m3u8,,,,CanalSurAndalucia.es@SD,,,,https://i.imgur.com/lznnA4v.png,General;Public,,iptv-org-all.txt
Canal Sur Noticias,https://cdnlive.codev8.net/rtvalive/smil:channel42.smil/playlist.m3u8,,,,CanalSurNoticias.es@SD,,,,https://i.imgur.com/A3JscwS.png,News;Public,,iptv-org-all.txt
Canal Survision Alerce (720p),https://s1.tvdatta.com:3384/live/canal20tvlive.m3u8,,,,CanalSurvisionAlerce.cl@SD,,,,https://i.imgur.com/FknQYSp.png,Undefined,,iptv-org-all.txt
Canal TDC,https://tdcserver.com:19360/tdconlione-2/tdconlione-2.m3u8,,,,CanalTDC.ar@SD,,,,https://i.imgur.com/nPG38B2.png,News,,iptv-org-all.txt
Canal Telefamilia (360p) [Not 24/7],https://stmv2.voxtvhd.com.br/telefamilia/telefamilia/playlist.m3u8,,,,CanalTelefamilia.co@SD,,,,https://i.imgur.com/D1s1Q3k.png,Religious,,iptv-org-all.txt
Canal TRV (576p),https://stream.ontvmx.com/ontv/CNMLXR0Z6FPtGdjcI4/playlist.m3u8,,,,CanalTRV.sv@SD,,,,https://i.imgur.com/g5QKQ2E.png,General,,iptv-org-all.txt
Canal TV3 (720p) [Not 24/7],https://streaming.telenetdigital.net.co:8086/canal3tv/stream.m3u8,,,,CanalTV3.co@SD,,,,https://i.imgur.com/pyeBDpg.jpeg,General,,iptv-org-all.txt
Canal TV Radio Maya TGBA (480p),https://s.emisoras.tv:8081/radiomaya/index.m3u8,,,,CanalTVRadioMayaTGBA.gt@SD,,,,https://i.imgur.com/kORStT1.png,Religious,,iptv-org-all.txt
Canal Universidad,https://videostream.shockmedia.com.ar/hls/canaluniversidadmdp/canaluniversidadmdp.m3u8,,,,CanalUniversidad.ar@SD,,,,https://i.imgur.com/trmPKYw.png,Education,,iptv-org-all.txt
Canal UOL (1080p),https://video24.mais.uol.com.br/live/6146.m3u8,,,,CanalUOL.br@SD,,,,https://conteudo.imguol.com.br/c/play/logo_canaluol_2024.svg,General,,iptv-org-all.txt
Canal Visof (720p),https://stream.oursnetworktv.com/latin/Visof/playlist.m3u8,,,,CanalVisof.gt@SD,,,,https://i.imgur.com/XiszuLl.png,General,,iptv-org-all.txt
Canal Womtv (720p),https://live.amelbatv.co:81/womtvlive/index.m3u8,,,,CanalWomtv.co@SD,,,,https://i.imgur.com/Nr4muMP.jpeg,Entertainment,,iptv-org-all.txt
Canal Z (1080p),https://d1hz1p2gea2zy4.cloudfront.net/live/rmgtv/RMG-TRENDSZFR-LIVE/index.m3u8,,,,CanalZ.be@SD,,,,https://i.imgur.com/qtiGLzZ.png,Business,,iptv-org-all.txt
Canal Zoom [Geo-blocked],https://tvlocales-live.freecaster.com/live/95d2e3af-5ab8-45a9-9dc9-f544d006b5d5/95d2e3af-5ab8-45a9-9dc9-f544d006b5d5.isml/master.m3u8,,,,CanalZoom.be@SD,,,,https://i.imgur.com/JUNP8Rx.png,General,,iptv-org-all.txt
Canal+ Action Europe Czechia,http://46.149.191.219:9106/play/a01g,,,,CanalPlusActionEurope.nl@Czechia,,,,https://upload.wikimedia.org/wikipedia/commons/thumb/5/58/Canal%2B_Action_2024.svg/1920px-Canal%2B_Action_2024.svg.png,Movies,,iptv-org-all.txt
Canal+ Action Europe Slovakia (720p),http://151.80.18.177:86/Canal+_Family_HD/index.m3u8,,,,CanalPlusActionEurope.nl@Slovakia,,,,https://upload.wikimedia.org/wikipedia/commons/thumb/5/58/Canal%2B_Action_2024.svg/1920px-Canal%2B_Action_2024.svg.png,Movies,,iptv-org-all.txt
Canal+ Cinemas (720p),http://151.80.18.177:86/Canal+_cinema_HD/index.m3u8,,,,CanalPlusCinemas.fr@SD,,,,https://i.imgur.com/fvPoNEa.jpeg,Movies,,iptv-org-all.txt
CanalCosta (1080p),https://5d8d85cf2c308.streamlock.net:1936/CanalcostaTV/endirecto/playlist.m3u8,,,,CanalCosta.es@SD,,,,https://i.imgur.com/ap4FmYb.png,Undefined,,iptv-org-all.txt
Canalda 26 HD [Not 24/7],https://canalda.rgradio.net:3084/live/canaldalive.m3u8,,,,Canalda26HD.do@HD,,,,https://canaldahd.com/wp-content/uploads/2023/03/cropped-canaldahdlogo-1.png,General,,iptv-org-all.txt
Canale 2 Altamura (576p) [Not 24/7],https://59d7d6f47d7fc.streamlock.net/canale2/canale2/playlist.m3u8,,,,Canale2Altamura.it@SD,,,,https://i.imgur.com/7XXdN5T.png,General,,iptv-org-all.txt
Canale 5 [Geo-blocked],https://live3-mediaset-it.akamaized.net/Content/hls_h0_clr_vos/live/channel(C5)/index.m3u8,,,,Canale5.it@SD,,,,https://upload.wikimedia.org/wikipedia/commons/thumb/0/02/Canale_5_-_2018_logo.svg/960px-Canale_5_-_2018_logo.svg.png,Entertainment,,iptv-org-all.txt
Canale 5 HD,https://live02-seg.msf.cdn.mediaset.net/live/ch-c5/c5-clr.isml/index.m3u8,,,,Canale5.it@HD,,,,https://upload.wikimedia.org/wikipedia/commons/thumb/0/02/Canale_5_-_2018_logo.svg/960px-Canale_5_-_2018_logo.svg.png,Entertainment,,iptv-org-all.txt
Canale 7 (480p),http://wms.shared.streamshow.it/canale7/canale7/playlist.m3u8,,,,Canale7.it@SD,,,,https://canale7.tv/assets/front/img/fb_logo.jpg,General,,iptv-org-all.txt
Canale 8 (480p),http://wms.shared.streamshow.it/canale8/canale8/playlist.m3u8,,,,Canale8.it@SD,,,,https://i.imgur.com/xwYmFgj.png,Undefined,,iptv-org-all.txt
Canale Dieci (540p) [Not 24/7],http://37.187.142.147:1935/ch10live/high.stream/playlist.m3u8,,,,CanaleDieci.it@SD,,,,https://i.imgur.com/8Pay0Vv.png,General,,iptv-org-all.txt
Cananga TV (720p),https://cdn.streamingcpanel.com:3545/live/canangatlive.m3u8,,,,CanangaTV.do@SD,,,,https://i.imgur.com/isXlMAh.png,General,,iptv-org-all.txt
Cancionero TV (360p),http://89.140.229.5/hls1/cancionero.m3u8,,,,CancioneroTV.es@SD,,,,https://i.imgur.com/tbboALa.png,Undefined,,iptv-org-all.txt
Candelaria TV (720p) [Not 24/7],https://cdn.streamhispanatv.net:3921/live/candetvlive.m3u8,,,,CandelariaTV.gt@SD,,,,https://i.imgur.com/Mq1yoUQ.png,Religious,,iptv-org-all.txt
Candelita TV (480p),https://6110f70ea8d0e.streamlock.net/1689/1689/playlist.m3u8,,,,CandelitaTV.pr@SD,,,,https://i.imgur.com/34BvVDl.png,Religious,,iptv-org-all.txt
Canela TV (1080p),https://d3cx6yargdnl7q.cloudfront.net/canelatv.m3u8,,,,CanelaTV.us@SD,,,,https://i.imgur.com/8Hllkpk.png,Entertainment,,iptv-org-all.txt
Canica TV (240p),https://stmv4.voxtvhd.com.br/canicatv/canicatv/playlist.m3u8,,,,CanicaTV.co@SD,,,,https://i.imgur.com/RuQDwTt.jpeg,Entertainment,,iptv-org-all.txt
Cannes Lerins TV (1080p),https://vdo2.pro-fhi.net:3628/live/uppodsfqlive.m3u8,,,,CannesLerinsTV.fr@SD,,,,https://i.imgur.com/atlgnum.png,General,,iptv-org-all.txt
Cao Bang TV (720p),https://stream.thingnet.vn/live/smil:CRTV.smil/chunklist.m3u8,,,,CaoBangTV.vn@SD,,,,https://i.imgur.com/dGonewm.png,General,,iptv-org-all.txt
Caoba TV Radio (720p) [Not 24/7],https://host.streamingnation.live:3940/live/caobatvlive.m3u8,,,,CaobaTVRadio.do@HD,,,,https://www.vivalivetv.com/public/files/shows/0/1/3906-294x165-FFFFFF.jpg,General,,iptv-org-all.txt
Cap Terre (1080p),http://145.239.5.177/359a/index.m3u8,,,,CapTerre.es@FR,,,,https://d3b6luslimvglo.cloudfront.net/images/79/rlaxximages/channels-rescaled/icon-white/capterre_white.png,Documentary,,iptv-org-all.txt
Cape Town TV (576p),https://cdn.freevisiontv.co.za/sttv/smil:ctv.stream.smil/playlist.m3u8,,,,CapeTownTV.za@SD,,,,https://i.imgur.com/Y8FK1Kk.png,General,,iptv-org-all.txt
Capital 21 (1080p) [Not 24/7],https://video.cdmx.gob.mx/redes/stream.m3u8,,,,Capital21.mx@SD,,,,https://i.imgur.com/8ign49i.png,Culture;Entertainment,,iptv-org-all.txt
Capital City Connection Montgomery [Not 24/7],https://capitalcityconnection.cablecast.tv/live/stream-1/live.m3u8,,,,CapitalCityConnectionMontgomery.us@SD,,,,https://image.roku.com/developer_channels/prod/a2cb55884ff88035ebbbb32ef9c60a228314d0a2ac4c86722aff5ea1cb9abcd8.png,Legislative,,iptv-org-all.txt
Capital TV,https://cdn4.mjunoon.tv:8087/streamtest/111M/chunks.m3u8,,,,CapitalTV.pk@SD,,,,https://i.imgur.com/UxAE5O4.png,News,,iptv-org-all.txt
Capital TV HD (1080p),https://streaming.tvnepal.com:19360/capitaltv/capitaltv.m3u8,,,,CapitalTVHD.np@SD,,,,https://i.imgur.com/hb4bq1t.png,General,,iptv-org-all.txt
Capital TV HD HD,https://streaming.tvnepal.com:19360/capitaltv/720p.m3u8,,,,CapitalTVHD.np@HD,,,,https://i.imgur.com/hb4bq1t.png,General,,iptv-org-all.txt
Capricho TV (720p) [Not 24/7],https://video.compuwebecuador.com:3783/live/caprichotvlive.m3u8,,,,CaprichoTV.ec@SD,,,,https://i.imgur.com/eUoj9bG.png,General,,iptv-org-all.txt
Captain (576p),https://mumbai-edge.smartplaytv.in/captain/index.m3u8,,,,Captain.in@SD,,,,https://dtil.tmsimg.com/assets/GNLZZGG0029CNNM.png?lock=720x540,Entertainment,,iptv-org-all.txt
Capuchin TV,https://goliveafrica.media:9998/live/64227f58b8413/index.m3u8,,,,CapuchinTV.ke@SD,,,,https://i.imgur.com/VCDSjX7.png,Religious,,iptv-org-all.txt
Car Chase (Sweden) (720p),https://jmp2.uk/plu-65a93be02fac9c00083cbac4.m3u8,,,,CarChase.se@SE,,,,https://images.pluto.tv/channels/65a93b0607e03a000895abda/colorLogoPNG.png,Series,,iptv-org-all.txt
Car Chase (Sweden) DK (720p),https://jmp2.uk/plu-65a93b0607e03a000895abda.m3u8,,,,CarChase.se@DK,,,,https://images.pluto.tv/channels/65a93b0607e03a000895abda/colorLogoPNG.png,Series,,iptv-org-all.txt
Car Chase (Sweden) NO (720p),https://jmp2.uk/plu-65a93b870c7ff50008d1ca47.m3u8,,,,CarChase.se@NO,,,,https://images.pluto.tv/channels/65a93b0607e03a000895abda/colorLogoPNG.png,Series,,iptv-org-all.txt
Car Chase (United States) (720p),https://jmp2.uk/plu-65244c403fd33c0008ffff31.m3u8,,,,CarChase.us@SD,,,,https://images.pluto.tv/channels/65244c403fd33c0008ffff31/colorLogoPNG.png,Entertainment,,iptv-org-all.txt
Car City Adventures,https://d39g1vxj2ef6in.cloudfront.net/v1/master/3fec3e5cac39a52b2132f9c66c83dae043dc17d4/prod-rakuten-stitched/master.m3u8?ads.xumo_channelId=88883095,,,,CarCityAdventures.pl@SD,,,,https://images-0.rakuten.tv/storage/global-live-channel/translation/artwork/bd356b80-79d9-46ff-9674-e69aaf10022f-width200-quality90.jpeg,Undefined,,iptv-org-all.txt
Carac 1 (1080p),http://145.239.5.177/371/index.m3u8,,,,Carac1.ch@SD,,,,https://i.imgur.com/TSc35U6.png,Entertainment,,iptv-org-all.txt
Carac 2 (1080p),https://onefmhd.vedge.infomaniak.com/livecast/ik:onefmhd/manifest.m3u8,,,,Carac2.ch@SD,,,,https://i.imgur.com/hCoIPen.png,Entertainment,,iptv-org-all.txt
Carac 3 (1080p),https://lfmhd.vedge.infomaniak.com/livecast/lfmhd/playlist.m3u8,,,,Carac3.ch@SD,,,,https://i.imgur.com/C4e8cjt.png,Entertainment,,iptv-org-all.txt
Carac 4 (1080p),https://edge17.vedge.infomaniak.com/livecast/ik:compack_media_1/playlist.m3u8,,,,Carac4.ch@SD,,,,https://i.imgur.com/Dj5LPy3.png,Entertainment,,iptv-org-all.txt
Carac 5,https://lfmmd.vedge.infomaniak.com/livecast/ik:carac5/manifest.m3u8,,,,Carac5.ch@SD,,,,https://i.imgur.com/giDfku4.png,Entertainment,,iptv-org-all.txt
Caracol HD2 (1080p),http://181.78.14.26:4000/play/a00d/index.m3u8,,,,CaracolHD2.co@SD,,,,https://i.imgur.com/Fww94l9.png,General,,iptv-org-all.txt
Caracol Internacional (576p),http://138.59.177.78:9999/play/a0a8/index.m3u8,,,,CaracolInternacional.co@SD,,,,https://i.imgur.com/h7LWbt5.png,General,,iptv-org-all.txt
Caracol TV (1080p),http://45.171.108.253:8888/CARACOL/index.m3u8,,,,CaracolTV.co@SD,,,,https://i.imgur.com/WbfdJbk.png,General,,iptv-org-all.txt
Caracola TV,https://wifispeed.trapemn.tv:1936/comunales/caracola-tv/chunks.m3u8,,,,CaracolaTV.cl@SD,,,,https://i.imgur.com/QGvfqug.png,General,,iptv-org-all.txt
Caras TV (1080p),https://unlimited1-us.dps.live/carastv/carastv.smil/playlist.m3u8,,,,CarasTV.ar@SD,,,,https://i.imgur.com/7dl4yQY.jpeg,Entertainment,,iptv-org-all.txt
Caribbean Gospel TV,https://25466019af9b7aed.servers.dvcloud.tv/hls/iptv_providers/fhvtgifbqbcjp0g19mdd76t18tpalu4k.m3u8,,,,CaribbeanGospelTV.jm@SD,,,,https://i.imgur.com/lhgrqmA.png,Religious,,iptv-org-all.txt
Caribbean Hot 7 TV (720p),https://586a9edea75f1.streamlock.net/caribbeanhot7tv/ch7-1.stream/playlist.m3u8,,,,CaribbeanHot7TV.lc@SD,,,,https://i.ibb.co/sjTS4xD/logo116x90-2.png,General,,iptv-org-all.txt
Carinosa TV (720p) [Not 24/7],https://cdn.streamhispanatv.net:3110/live/carinosatvlive.m3u8,,,,CarinosaTV.gt@SD,,,,https://i.imgur.com/13Kb6Lp.png,General,,iptv-org-all.txt
Caritas TV (1080p),https://rds3.desdeparaguay.net/caritastv/caritastv/playlist.m3u8,,,,CaritasTV.py@SD,,,,https://i.ibb.co/rwkpQx6/unnamed-2.png,General;Religious,,iptv-org-all.txt
Carivision (1080p) [Geo-blocked],https://ss2.tvrdomi.com:1936/carivision/carivision/playlist.m3u8,,,,Carivision.do@SD,,,,https://i.imgur.com/XjGb2UM.png,News,,iptv-org-all.txt
Caroline in the City,https://jmp2.uk/plu-66a7ab4dcd0d3100084395b4.m3u8,,,,CarolineintheCity.se@SE,,,,https://images.pluto.tv/channels/66a7aa44cd0d31000843942b/colorLogoPNG.png,Comedy,,iptv-org-all.txt
Caroline in the City DK,https://jmp2.uk/plu-66a7aa44cd0d31000843942b.m3u8,,,,CarolineintheCity.se@DK,,,,https://images.pluto.tv/channels/66a7aa44cd0d31000843942b/colorLogoPNG.png,Comedy,,iptv-org-all.txt
Caroline in the City NO,https://jmp2.uk/plu-66a7aac9d512590008ab2dcb.m3u8,,,,CarolineintheCity.se@NO,,,,https://images.pluto.tv/channels/66a7aa44cd0d31000843942b/colorLogoPNG.png,Comedy,,iptv-org-all.txt
Carousel (1080p),http://31.148.48.15/Karusel_HD/index.m3u8,,,,Carousel.ru@SD,,,,https://i.imgur.com/4wmnx1W.png,Kids,,iptv-org-all.txt
Carousel +4 (720p),http://185.37.150.46/Karusel/index.m3u8,,,,Carousel.ru@Plus4,,,,https://i.imgur.com/4wmnx1W.png,Kids,,iptv-org-all.txt
Carousel International (576p),https://fs.uplink.kz/karusel/mono.m3u8?token=onlinetv,,,,CarouselInternational.ru@SD,,,,https://i.imgur.com/DnlngRZ.png,Kids,,iptv-org-all.txt
Cartago Medios TV (720p) [Not 24/7],https://acceso.mediosdecostarica.com:3511/stream/play.m3u8,,,,CartagoMediosTV.cr@SD,,,,https://i.imgur.com/Vcd40AL.png,General,,iptv-org-all.txt
Cartoon Classics,https://daiconnect.com/live/hls/tvup/rk-cartoonclassics/578f4b7eb725168349ec0af81b21d388/index.m3u8,,,,CartoonClassics.pl@FAST,,,,https://images-3.rakuten.tv/storage/global-live-channel/translation/artwork/3227c06e-333b-4b1b-b657-3e3ab99ebd06-width200-quality90.jpeg,Animation;Kids,,iptv-org-all.txt
Casa Italia 53 (720p),https://ovp-live.akamaized.net/ac115_live/canale3.smil/playlist.m3u8,,,,CasaItalia53.it@SD,,,,https://i.imgur.com/X8BI1Md.png,Shop,,iptv-org-all.txt
Cascara TV (720p),https://ss2.tvrdomi.com:1936/cascaratv/cascaratv/playlist.m3u8,,,,CascaraTV.do@SD,,,,https://i.imgur.com/DEUR7mB.png,General,,iptv-org-all.txt
Casma TV (720p),https://live-evg7.tv360.bitel.com.pe/bitel/casmatvSRT-TRA/playlist.m3u8,,,,CasmaTV.pe@SD,,,,https://i.imgur.com/42aE0nm.jpeg,General,,iptv-org-all.txt
Catamarca TV (720p),https://stream.arcast.com.ar/canal7catamarca/ngrp:canal7catamarca_all/playlist.m3u8?DVR=,,,,CatamarcaTV.ar@SD,,,,https://i.imgur.com/CEuPoqG.png,Culture;News,,iptv-org-all.txt
Catatumbo TV (406p),https://cloud.fastchannel.es/manifiest/hls/prog9/catatumbotv.m3u8,,,,CatatumboTV.ve@SD,,,,https://i.imgur.com/LBI2la0.png,General,,iptv-org-all.txt
Catholic Faith Network (720p),https://uni8rtmp.tulix.tv/cfntv/cfntv/playlist.m3u8,,,,CatholicFaithNetwork.us@SD,,,,https://upload.wikimedia.org/wikipedia/en/0/07/Catholic_Faith_Network_2018.png,Religious,,iptv-org-all.txt
Catholic TV (1080p),https://catholictvhd-lh.akamaized.net/hls/live/2043390/CTVLiveHD/master.m3u8,,,,CatholicTV.us@SD,,,,https://i.imgur.com/EL0rWD3.png,Religious,,iptv-org-all.txt
CAtv (1080p) [Not 24/7],https://video2.getstreamhosting.com:19360/8216/8216.m3u8,,,,CAtv.pr@SD,,,,https://caribbeanadvantage.com/images/CAtv-logo-512.png,General,,iptv-org-all.txt
Catve2 (720p),https://5b33b873179a2.streamlock.net:1443/catve2/catve2/playlist.m3u8,,,,Catve2.br@SD,,,,https://i.imgur.com/qiVfsfB.png,General,,iptv-org-all.txt
Catve FM (720p) [Not 24/7],https://5b33b873179a2.streamlock.net:1443/radiocamera/livestream/playlist.m3u8,,,,CatveFM.br@SD,,,,https://i.imgur.com/w89yw36.png,General,,iptv-org-all.txt
Catve Master TV (720p) [Not 24/7],https://5b33b873179a2.streamlock.net:1443/mastertv/livestream/playlist.m3u8,,,,CatveMasterTV.br@SD,,,,https://i.imgur.com/4m7Iazm.png,General,,iptv-org-all.txt
Caught-Up TV (480p) [Not 24/7],https://webstreaming-3.viewmedia.tv/web_031/Stream/playlist.m3u8,,,,CaughtUpTV.ng@SD,,,,https://i.imgur.com/7jeoulU.png,Religious,,iptv-org-all.txt
Cay TV (720p),https://edge1.socialsmart.tv/caytv/bant1/playlist.m3u8,,,,CayTV.tr@SD,,,,https://i.imgur.com/ndupxwu.png,General,,iptv-org-all.txt
Cazador de Homicidas,https://jmp2.uk/plu-60ed5fb9c4716d0007d180c5.m3u8,,,,CazadordeHomicidas.us@Spain,,,,https://i.imgur.com/hy6FJLe.png,Documentary,,iptv-org-all.txt
CazeTV (1080i),https://dfr80qz435crc.cloudfront.net/MNOP/Amagi/Caze/Caze_TV_BR/Caze_TV.m3u8,,,,CazeTV.br@SD,,,,https://upload.wikimedia.org/wikipedia/en/thumb/6/64/Caz%C3%A9TV_logo.svg/1280px-Caz%C3%A9TV_logo.svg.png,Sports,,iptv-org-all.txt
CB TV Michoacan,https://5ca3e84a76d30.streamlock.net/cbtv/videoc3b3t3v3/playlist.m3u8,,,,CBTVMichoacan.mx@SD,,,,https://i.imgur.com/oFeCIeD.png,General,,iptv-org-all.txt
CBBC (720p) [Geo-blocked],https://vs-cmaf-pushb-uk-live.akamaized.net/x=4/i=urn:bbc:pips:service:cbbc_hd/iptv_hd_abr_v1.mpd,,,,CBBC.uk@SD,,,,https://i.imgur.com/tk8G4CU.png,Kids,,iptv-org-all.txt
CBC News Network (1080p),https://d2ny9lo79ujali.cloudfront.net/CBC_News_International.m3u8,,,,CBCNewsNetwork.ca@SD,,,,https://i.imgur.com/SjTdhvJ.png,News,,iptv-org-all.txt
CBC Sport [Geo-blocked],https://mn-nl.mncdn.com/cbcsports_live/cbcsports/playlist.m3u8,,,,CBCSport.az@HD,,,,https://i.imgur.com/3mEdjuq.png,Sports,,iptv-org-all.txt
CBC Television CBAT-DT (720p) [Geo-blocked],https://cbcrclinear-tor.akamaized.net/hls/live/2042757/CBCRCLINEAR_TOR_3/master5.m3u8,,,,CBCTelevision.ca@CBATDT,,,,https://i.imgur.com/xflShTG.png,Undefined,,iptv-org-all.txt
CBC Television CBCT-DT (720p) [Geo-blocked],https://cbcrclinear-tor.akamaized.net/hls/live/2042756/CBCRCLINEAR_TOR_2/master5.m3u8,,,,CBCTelevision.ca@CBCTDT,,,,https://upload.wikimedia.org/wikipedia/commons/thumb/8/81/CBCT-DT_2017.svg/960px-CBCT-DT_2017.svg.png,Undefined,,iptv-org-all.txt
CBC Television CBET-DT (720p) [Geo-blocked],https://cbcrclinear-tor.akamaized.net/hls/live/2042759/CBCRCLINEAR_TOR_5/master5.m3u8,,,,CBCTelevision.ca@CBETDT,,,,https://i.imgur.com/NFts1uU.png,Undefined,,iptv-org-all.txt
CBC Television CBHT-DT (720p) [Geo-blocked],https://cbcrclinear-tor.akamaized.net/hls/live/2042758/CBCRCLINEAR_TOR_4/master5.m3u8,,,,CBCTelevision.ca@CBHTDT,,,,https://i.imgur.com/jdlYY4t.png,Undefined,,iptv-org-all.txt
CBC Television CBKT-DT (720p) [Geo-blocked],https://cbcrclinear-tor.akamaized.net/hls/live/2042764/CBCRCLINEAR_TOR_10/master5.m3u8,,,,CBCTelevision.ca@CBKTDT,,,,https://i.imgur.com/PWGVjsg.png,Undefined,,iptv-org-all.txt
CBC Television CBLT-DT (720p) [Geo-blocked],https://cbcrclinear-tor.akamaized.net/hls/live/2042760/CBCRCLINEAR_TOR_6/master5.m3u8,,,,CBCTelevision.ca@CBLTDT,,,,https://upload.wikimedia.org/wikipedia/commons/thumb/6/67/CBC_Logo_1992-Present.svg/960px-CBC_Logo_1992-Present.svg.png,Undefined,,iptv-org-all.txt
CBC Television CBMT-DT (720p) [Geo-blocked],https://cbcrclinear-tor.akamaized.net/hls/live/2042761/CBCRCLINEAR_TOR_7/master5.m3u8,,,,CBCTelevision.ca@CBMTDT,,,,https://i.imgur.com/OiiM6Mz.png,Undefined,,iptv-org-all.txt
CBC Television CBNT-DT (720p) [Geo-blocked],https://cbcrclinear-tor.akamaized.net/hls/live/2042755/CBCRCLINEAR_TOR_1/master5.m3u8,,,,CBCTelevision.ca@CBNTDT,,,,https://upload.wikimedia.org/wikipedia/commons/thumb/4/48/CBNT-DT_2017.svg/960px-CBNT-DT_2017.svg.png,Undefined,,iptv-org-all.txt
CBC Television CBOT-DT (720p) [Geo-blocked],https://cbcrclinear-tor.akamaized.net/hls/live/2042762/CBCRCLINEAR_TOR_8/master5.m3u8,,,,CBCTelevision.ca@CBOTDT,,,,https://i.imgur.com/v3DJUa8.png,Undefined,,iptv-org-all.txt
CBC Television CBRT-DT (720p) [Geo-blocked],https://cbcrclinear-tor.akamaized.net/hls/live/2042763/CBCRCLINEAR_TOR_9/master5.m3u8,,,,CBCTelevision.ca@CBRTDT,,,,https://i.imgur.com/ocq1x2B.png,Undefined,,iptv-org-all.txt
CBC Television CBUT-DT (720p) [Geo-blocked],https://cbcrclinear-tor.akamaized.net/hls/live/2042768/CBCRCLINEAR_TOR_14/master5.m3u8,,,,CBCTelevision.ca@CBUTDT,,,,https://upload.wikimedia.org/wikipedia/commons/1/1a/CBUT_Logo_%28cleaned_up_ver%29.png,Undefined,,iptv-org-all.txt
CBC Television CBWT-DT (720p) [Geo-blocked],https://cbcrclinear-tor.akamaized.net/hls/live/2042767/CBCRCLINEAR_TOR_13/master5.m3u8,,,,CBCTelevision.ca@CBWTDT,,,,https://i.imgur.com/aWNHg5z.png,Undefined,,iptv-org-all.txt
CBC Television CBXT-DT (720p) [Geo-blocked],https://cbcrclinear-tor.akamaized.net/hls/live/2042765/CBCRCLINEAR_TOR_11/master5.m3u8,,,,CBCTelevision.ca@CBXTDT,,,,https://upload.wikimedia.org/wikipedia/commons/thumb/6/67/CBC_Logo_1992-Present.svg/960px-CBC_Logo_1992-Present.svg.png,Undefined,,iptv-org-all.txt
CBC Television CFYK-DT (720p) [Geo-blocked],https://cbcrclinear-tor.akamaized.net/hls/live/2042766/CBCRCLINEAR_TOR_12/master5.m3u8,,,,CBCTelevision.ca@CFYKDT,,,,https://i.imgur.com/EHGOQhj.png,Undefined,,iptv-org-all.txt
CBC TV8 (1080p) [Not 24/7],https://1740288887.rsc.cdn77.org/1740288887/index.m3u8,,,,CBCTV8.bb@SD,,,,https://i.imgur.com/WsD83lq.png,General,,iptv-org-all.txt
CBeebies (720p) [Geo-blocked],https://vs-cmaf-pushb-uk-live.akamaized.net/x=4/i=urn:bbc:pips:service:cbeebies_hd/iptv_hd_abr_v1.mpd,,,,CBeebies.uk@SD,,,,https://xstreamcp-assets-msp.streamready.in/assets/LIVETV/LIVECHANNEL/LIVETV_LIVETVCHANNEL_CBEEBIES/images/LOGO_HD/image.png,Kids,,iptv-org-all.txt
CBN Espanol (1080p),https://fastly.live.brightcove.com/6383462549112/us-east-1/734546207001/eyJhbGciOiJIUzI1NiIsInR5cCI6IkpXVCJ9.eyJob3N0IjoiczFpM3ZpLmVncmVzcy50N2M3emwiLCJhY2NvdW50X2lkIjoiNzM0NTQ2MjA3MDAxIiwiZWhuIjoiZmFzdGx5LmxpdmUuYnJpZ2h0Y292ZS5jb20iLCJpc3MiOiJibGl2ZS1wbGF5YmFjay1zb3VyY2UtYXBpIiwic3ViIjoicGF0aG1hcHRva2VuIiwiYXVkIjpbIjczNDU0NjIwNzAwMSJdLCJqdGkiOiI2MzgzNDYyNTQ5MTEyIn0.g04lznsvgqgIXQt2ZH0H_tWtIeTsMgGjVORsjOJ0T6U/playlist-hls.m3u8,,,,CBNEspanol.us@SD,,,,https://i.imgur.com/G7B4wSM.png,Religious,,iptv-org-all.txt
CBN Family (1080p),https://fastly.live.brightcove.com/6380399588112/us-east-1/734546207001/eyJhbGciOiJIUzI1NiIsInR5cCI6IkpXVCJ9.eyJob3N0IjoiczFpM3ZpLmVncmVzcy50N2M3emwiLCJhY2NvdW50X2lkIjoiNzM0NTQ2MjA3MDAxIiwiZWhuIjoiZmFzdGx5LmxpdmUuYnJpZ2h0Y292ZS5jb20iLCJpc3MiOiJibGl2ZS1wbGF5YmFjay1zb3VyY2UtYXBpIiwic3ViIjoicGF0aG1hcHRva2VuIiwiYXVkIjpbIjczNDU0NjIwNzAwMSJdLCJqdGkiOiI2MzgwMzk5NTg4MTEyIn0.LYfIeObmX4AEStY_xCnPZwMJHXgOAPFMTKfztq-9F8U/playlist-hls.m3u8,,,,CBNFamily.us@SD,,,,https://i.imgur.com/wDPkKT1.png,Religious,,iptv-org-all.txt
CBN Gospel (720p),https://59d39900ebfb8.streamlock.net/ccbn/ccbn/playlist.m3u8,,,,CBNGospel.vg@SD,,,,https://i.imgur.com/SHBAblV.png,Religious,,iptv-org-all.txt
CBN News (1080p),https://fastly.live.brightcove.com/6380396819112/us-east-1/734546207001/eyJhbGciOiJIUzI1NiIsInR5cCI6IkpXVCJ9.eyJob3N0IjoiczFpM3ZpLmVncmVzcy50N2M3emwiLCJhY2NvdW50X2lkIjoiNzM0NTQ2MjA3MDAxIiwiZWhuIjoiZmFzdGx5LmxpdmUuYnJpZ2h0Y292ZS5jb20iLCJpc3MiOiJibGl2ZS1wbGF5YmFjay1zb3VyY2UtYXBpIiwic3ViIjoicGF0aG1hcHRva2VuIiwiYXVkIjpbIjczNDU0NjIwNzAwMSJdLCJqdGkiOiI2MzgwMzk2ODE5MTEyIn0.GDYp4IWtzwPkupEWeeOavnioVknO-Ev3UGlHvM1rE6I/playlist-hls.m3u8,,,,CBNNews.us@SD,,,,https://i.imgur.com/9f9YMsA.png,Religious,,iptv-org-all.txt
CBN TV (720p),https://5790d294af2dc.streamlock.net/CBNVI/CBNVI/playlist.m3u8,,,,CBNTV.vg@SD,,,,https://i.imgur.com/SHBAblV.png,General,,iptv-org-all.txt
CBS (1080p),http://stream.cammonitorplus.net/1783/index.m3u8,,,,CBS.us@East,,,,https://upload.wikimedia.org/wikipedia/commons/thumb/e/ee/CBS_logo_%282020%29.svg/960px-CBS_logo_%282020%29.svg.png,General,,iptv-org-all.txt
CBS KCCI (720p),https://aegis-cloudfront-1.tubi.video/8d1f164d-34ef-4f70-b948-ae33826a0aaa/playlist.m3u8,,,,CBS.us@KCCI,,,,https://upload.wikimedia.org/wikipedia/commons/thumb/e/ee/CBS_logo_%282020%29.svg/960px-CBS_logo_%282020%29.svg.png,General,,iptv-org-all.txt
CBS KDBC-TV (1080p),https://linear-706.frequency.stream/dist/stirr/706/hls/master/playlist.m3u8,,,,CBS.us@KDBCTV,,,,https://upload.wikimedia.org/wikipedia/commons/thumb/e/ee/CBS_logo_%282020%29.svg/960px-CBS_logo_%282020%29.svg.png,General,,iptv-org-all.txt
CBS KEYE-TV (1080p),https://linear-704.frequency.stream/dist/stirr/704/hls/master/playlist.m3u8,,,,CBS.us@KEYETV,,,,https://upload.wikimedia.org/wikipedia/commons/thumb/e/ee/CBS_logo_%282020%29.svg/960px-CBS_logo_%282020%29.svg.png,General,,iptv-org-all.txt
CBS KIRO-TV (1080p),https://cdn-ue1-prod.tsv2.amagi.tv/linear/amg00327-coxmediagroup-kirobreaking-ono/playlist.m3u8,,,,CBS.us@KIROTV,,,,https://upload.wikimedia.org/wikipedia/commons/thumb/e/ee/CBS_logo_%282020%29.svg/960px-CBS_logo_%282020%29.svg.png,General,,iptv-org-all.txt
CBS KMTV-TV (720p),https://aegis-cloudfront-1.tubi.video/0b16cabe-a8fd-4d91-99e5-3efb7aa740cc/playlist.m3u8,,,,CBS.us@KMTVTV,,,,https://i.imgur.com/E4PkyqN.png,General,,iptv-org-all.txt
CBS KUTV (1080p),https://linear-707.frequency.stream/dist/stirr/707/hls/master/playlist.m3u8,,,,CBS.us@KUTV,,,,https://upload.wikimedia.org/wikipedia/commons/thumb/e/ee/CBS_logo_%282020%29.svg/960px-CBS_logo_%282020%29.svg.png,General,,iptv-org-all.txt
CBS KWTV-DT (720p) [Not 24/7],https://fuel-streaming-prod01.fuelmedia.io/v1/sem/e48409e7-672d-42f2-b5e0-ebb6744b0425.m3u8,,,,CBS.us@KWTVDT,,,,https://upload.wikimedia.org/wikipedia/commons/thumb/e/ee/CBS_logo_%282020%29.svg/960px-CBS_logo_%282020%29.svg.png,General,,iptv-org-all.txt
CBS KZTV (720p),https://content.uplynk.com/channel/d1f868588ae5476dadaeff450170a183.m3u8,,,,CBS.us@KZTV,,,,https://upload.wikimedia.org/wikipedia/commons/thumb/e/ee/CBS_logo_%282020%29.svg/960px-CBS_logo_%282020%29.svg.png,General,,iptv-org-all.txt
CBS WCBI-TV (720p),https://townnews.g-mana.live/media/4efc62fa-ad0b-445c-a839-4d1e7636988e/main.m3u8,,,,CBS.us@WCBITV,,,,https://upload.wikimedia.org/wikipedia/commons/thumb/e/ee/CBS_logo_%282020%29.svg/960px-CBS_logo_%282020%29.svg.png,General,,iptv-org-all.txt
CBS WDEF-TV (720p),https://townnews.g-mana.live/media/a54a6409-5e91-46f0-9fee-06904c1fd094/main.m3u8,,,,CBS.us@WDEFTV,,,,https://upload.wikimedia.org/wikipedia/commons/thumb/e/ee/CBS_logo_%282020%29.svg/960px-CBS_logo_%282020%29.svg.png,General,,iptv-org-all.txt
CBS WHIO-TV (1080p),https://cdn-ue1-prod.tsv2.amagi.tv/linear/amg00327-coxmediagroup-whiobreaking-ono/playlist.m3u8,,,,CBS.us@WHIOTV,,,,https://upload.wikimedia.org/wikipedia/commons/thumb/e/ee/CBS_logo_%282020%29.svg/960px-CBS_logo_%282020%29.svg.png,General,,iptv-org-all.txt
CBS WJAX-TV (1080p),https://cdn-ue1-prod.tsv2.amagi.tv/linear/amg00327-coxmediagroup-wjaxbreaking-ono/playlist.m3u8,,,,CBS.us@WJAXTV,,,,https://i.imgur.com/TBjVU9L.png,General,,iptv-org-all.txt
CBS WKRC-TV (1080p),https://linear-691.frequency.stream/dist/stirr/691/hls/master/playlist.m3u8,,,,CBS.us@WKRCTV,,,,https://upload.wikimedia.org/wikipedia/commons/thumb/e/ee/CBS_logo_%282020%29.svg/960px-CBS_logo_%282020%29.svg.png,General,,iptv-org-all.txt
CBS WPEC (1080p),https://linear-692.frequency.stream/dist/stirr/692/hls/master/playlist.m3u8,,,,CBS.us@WPEC,,,,https://upload.wikimedia.org/wikipedia/commons/thumb/e/ee/CBS_logo_%282020%29.svg/960px-CBS_logo_%282020%29.svg.png,General,,iptv-org-all.txt
CBS WTVR-TV (720p),https://aegis-cloudfront-1.tubi.video/d8fc1d6c-fd55-45c8-973b-b7327ee1a6e0/playlist.m3u8,,,,CBS.us@WTVRTV,,,,https://upload.wikimedia.org/wikipedia/commons/thumb/e/ee/CBS_logo_%282020%29.svg/960px-CBS_logo_%282020%29.svg.png,General,,iptv-org-all.txt
CBS WWMT (1080p),https://linear-701.frequency.stream/dist/stirr/701/hls/master/playlist.m3u8,,,,CBS.us@WWMT,,,,https://upload.wikimedia.org/wikipedia/commons/thumb/e/ee/CBS_logo_%282020%29.svg/960px-CBS_logo_%282020%29.svg.png,General,,iptv-org-all.txt
CBS en espanol,https://jmp2.uk/plu-668c5cb4f01dbe0008dd4082.m3u8,,,,CBSenespanol.us@SD,,,,https://images.pluto.tv/channels/668c5cb4f01dbe0008dd4082/colorLogoPNG.png,Entertainment,,iptv-org-all.txt
CBS News 24/7 (720p),https://jmp2.uk/plu-6350fdd266e9ea0007bedec5.m3u8,,,,CBSNews247.us@SD,,,,https://upload.wikimedia.org/wikipedia/commons/thumb/b/b0/CBS_News_247_logo.svg/960px-CBS_News_247_logo.svg.png,News,,iptv-org-all.txt
CBS News Baltimore (720p),https://lineup.cbsivideo.com/playout/8877a7d5-b094-4ac8-bc72-75a5fed68e5b/index.m3u8,,,,CBSNewsBaltimore.us@SD,,,,https://i.imgur.com/jy3UfCe.png,News,,iptv-org-all.txt
CBS News Bay Area (720p),https://cbsn-sf.cbsnstream.cbsnews.com/out/v1/dac63c1abb3f4a2dac9f508f44bb072a/master.m3u8,,,,CBSNewsBayArea.us@SD,,,,https://static.wikia.nocookie.net/logopedia/images/1/1a/Logo-cbsn-bayarea-1920x1080.jpg/revision/latest/scale-to-width-down/512,News,,iptv-org-all.txt
CBS News Boston (720p),https://cbsn-bos.cbsnstream.cbsnews.com/out/v1/589d66ec6eb8434c96c28de0370d1326/master.m3u8,,,,CBSNewsBoston.us@SD,,,,https://i.imgur.com/9un7R3N.png,News,,iptv-org-all.txt
CBS News Chicago (720p),https://cbsn-chi.cbsnstream.cbsnews.com/out/v1/b2fc0d5715d54908adf07f97d2616646/master.m3u8,,,,CBSNewsChicago.us@SD,,,,https://i.imgur.com/qGbVQir.png,News,,iptv-org-all.txt
CBS News Colorado (720p),https://cbsn-den.cbsnstream.cbsnews.com/out/v1/2e49baf2906244ecb01b07d9885fbe7a/master.m3u8,,,,CBSNewsColorado.us@SD,,,,https://i.imgur.com/2oyYwBw.png,News,,iptv-org-all.txt
CBS News Detroit (720p),https://cbsn-det.cbsnstream.cbsnews.com/out/v1/169f5c001bc74fa7a179b19c20fea069/master.m3u8,,,,CBSNewsDetroit.us@SD,,,,https://i.imgur.com/cMels2Y.png,News,,iptv-org-all.txt
CBS News Los Angeles (720p),https://cbsn-la.cbsnstream.cbsnews.com/out/v1/57b6c4534a164accb6b1872b501e0028/master.m3u8,,,,CBSNewsLosAngeles.us@SD,,,,https://i.imgur.com/klULxMV.png,News,,iptv-org-all.txt
CBS News Miami (720p),https://cbsn-mia.cbsnstream.cbsnews.com/out/v1/ac174b7938264d24ae27e56f6584bca0/master.m3u8,,,,CBSNewsMiami.us@SD,,,,https://i.imgur.com/DExbVa9.png,News,,iptv-org-all.txt
CBS News Minnesota (720p),https://cbsn-min.cbsnstream.cbsnews.com/out/v1/76518f06941246ba810c8d175600bf74/master.m3u8,,,,CBSNewsMinnesota.us@SD,,,,https://i.imgur.com/ubxwfMY.png,News,,iptv-org-all.txt
CBS News New York (720p),https://cbsn-ny.cbsnstream.cbsnews.com/out/v1/ec3897d58a9b45129a77d67aa247d136/master.m3u8,,,,CBSNewsNewYork.us@SD,,,,https://i.imgur.com/bpc4v0u.png,News,,iptv-org-all.txt
CBS News Philly (720p),https://cbsn-phi.cbsnstream.cbsnews.com/out/v1/5c9ad3e215984b0e9ad845b335216b72/master.m3u8,,,,CBSNewsPhilly.us@SD,,,,https://i.imgur.com/FmtTbNY.png,News,,iptv-org-all.txt
CBS News Pittsburgh (720p),https://cbsn-pit.cbsnstream.cbsnews.com/out/v1/6966dabf8150405ab26f854e3cd6a2b8/master.m3u8,,,,CBSNewsPittsburgh.us@SD,,,,https://i.imgur.com/Un9IrUh.png,News,,iptv-org-all.txt
CBS News Sacramento (720p),https://lineup.cbsivideo.com/playout/c1ed69db-6b71-4581-a937-a70ab4089f8a/index.m3u8,,,,CBSNewsSacramento.us@SD,,,,https://i.imgur.com/0e1kSGX.png,News,,iptv-org-all.txt
CBS Sports Golazo Network (720p),https://dai.google.com/linear/hls/event/7f3Wv6f7QEKfQna22jHqLQ/master.m3u8,,,,CBSSportsGolazoNetwork.us@SD,,,,https://i.imgur.com/eMjutHS.png,Sports,,iptv-org-all.txt
CBS Sports HQ (720p),https://jmp2.uk/plu-5e9f2c05172a0f0007db4786.m3u8,,,,CBSSportsHQ.us@SD,,,,https://i.imgur.com/q8BENJg.png,Sports,,iptv-org-all.txt
CC Pluto TV,https://jmp2.uk/plu-5d4947590ba40f75dc29c26b.m3u8,,,,CCPlutoTV.de@DACH,,,,https://images.pluto.tv/channels/5d4947590ba40f75dc29c26b/colorLogoPNG.png,Comedy,,iptv-org-all.txt
CC-TV (720p),https://cdn3.wowza.com/5/cHYzekYzM2kvTVFH/charlotte/G0055_009/playlist.m3u8,,,,CCTV.us@SD,,,,,Undefined,,iptv-org-all.txt
CCI Channel (1080p),https://livestream.mediacci.com/ccitv/index.m3u8,,,,CCIChannel.hn@SD,,,,https://i.imgur.com/c6hm03f.png,Religious,,iptv-org-all.txt
CCTN 47 (1080p) [Not 24/7],http://122.55.252.134:8443/live/bba5b536faeacb9b56a3239f1ee8e3b3/1.m3u8,,,,CCTN47.ph@SD,,,,https://i.imgur.com/IFpAmvW.png,Religious,,iptv-org-all.txt
CCTV+ 1 (600p) [Not 24/7],https://cd-live-stream.news.cctvplus.com/live/smil:CHANNEL1.smil/playlist.m3u8,,,,CCTVPlus1.cn@SD,,,,https://i.imgur.com/U8d4Is6.png,News,,iptv-org-all.txt
CCTV+ 2 (600p) [Not 24/7],https://cd-live-stream.news.cctvplus.com/live/smil:CHANNEL2.smil/playlist.m3u8,,,,CCTVPlus2.cn@SD,,,,https://i.imgur.com/qSg862A.png,News,,iptv-org-all.txt
CCTV-1 (720p),http://74.91.26.218:82/live/cctv1hd.m3u8,,,,CCTV1.cn@SD,,,,https://i.imgur.com/TpA3cUl.png,General,,iptv-org-all.txt
CCTV-1 HD (1080p),http://69.30.245.50/live/cctv1.m3u8,,,,CCTV1.cn@HD,,,,https://i.imgur.com/TpA3cUl.png,General,,iptv-org-all.txt
CCTV-2 (720p),http://74.91.26.218:82/live/cctv2hd.m3u8,,,,CCTV2.cn@SD,,,,https://i.imgur.com/ILamhwU.png,Business,,iptv-org-all.txt
CCTV-3 (720p),http://74.91.26.218:82/live/cctv3hd.m3u8,,,,CCTV3.cn@SD,,,,https://i.imgur.com/iFlkIuw.png,Entertainment,,iptv-org-all.txt
CCTV-4 America (1080p),https://global.cgtn.cicc.media.caton.cloud/master/cgtn-america.m3u8,,,,CCTV4America.cn@SD,,,,https://i.imgur.com/gBbLyqh.png,General,,iptv-org-all.txt
CCTV-4 Asia (720p),http://74.91.26.218:82/live/cctv4hd.m3u8,,,,CCTV4Asia.cn@SD,,,,https://i.imgur.com/tWt4Wou.png,General,,iptv-org-all.txt
CCTV-4 Europe,https://dash2.antik.sk/live/test_cctv_tizen/playlist.m3u8,,,,CCTV4Europe.cn@SD,,,,https://i.imgur.com/HGLFdfk.png,General,,iptv-org-all.txt
CCTV-4K HD (1080p),http://198.204.240.250:82/live/cctv4k.m3u8,,,,CCTV4K.cn@HD,,,,https://i.imgur.com/fxusYlX.png,General,,iptv-org-all.txt
CCTV-5+,https://myip.pdtvhd.com/Sports/streams/CCTV5pul.m3u8,,,,CCTV5Plus.cn@SD,,,,https://i.imgur.com/OK8mdJV.png,Sports,,iptv-org-all.txt
CCTV-6 [Geo-blocked],https://live.eac-news.com/CCTV/streams/cctv6.m3u8,,,,CCTV6.cn@SD,,,,https://i.imgur.com/rFiaef7.png,Movies,,iptv-org-all.txt
CCTV-6 HD (1080p),http://69.30.245.50/live/cctv6.m3u8,,,,CCTV6.cn@HD,,,,https://i.imgur.com/rFiaef7.png,Movies,,iptv-org-all.txt
CCTV-7 (720p),http://74.91.26.218:82/live/cctv7hd.m3u8,,,,CCTV7.cn@SD,,,,https://i.imgur.com/CKcPMQC.png,Education,,iptv-org-all.txt
CCTV-8 (720p),http://74.91.26.218:82/live/cctv8hd.m3u8,,,,CCTV8.cn@SD,,,,https://i.imgur.com/GyHaZ8X.png,Culture,,iptv-org-all.txt
CCTV-8K HD (1080p),http://192.151.150.154/live/cctv8k.m3u8,,,,CCTV8K.cn@HD,,,,https://i.imgur.com/fxVPMJF.png,Undefined,,iptv-org-all.txt
CCTV-9 (576i),https://xykt-fix.github.io/Y77.m3u8,,,,CCTV9.cn@SD,,,,https://i.imgur.com/3tivvMm.png,Documentary,,iptv-org-all.txt
CCTV-10 (720p),http://74.91.26.218:82/live/cctv10hd.m3u8,,,,CCTV10.cn@SD,,,,https://i.imgur.com/sSSO7UD.png,Education,,iptv-org-all.txt
CCTV-11 (720p),http://74.91.26.218:82/live/cctv11hd.m3u8,,,,CCTV11.cn@SD,,,,https://i.imgur.com/CjOWx7L.png,Music,,iptv-org-all.txt
CCTV-12 (720p),http://74.91.26.218:82/live/cctv12hd.m3u8,,,,CCTV12.cn@SD,,,,https://i.imgur.com/3yTuiOM.png,Lifestyle,,iptv-org-all.txt
CCTV-13 (720p),http://74.91.26.218:82/live/cctv13hd.m3u8,,,,CCTV13.cn@SD,,,,https://i.imgur.com/6MTar6J.png,News,,iptv-org-all.txt
CCTV-13 HD (1080p),http://go.bkpcp.top/mg/cctv13,,,,CCTV13.cn@HD,,,,https://i.imgur.com/6MTar6J.png,News,,iptv-org-all.txt
CCTV-14 HD (1080p),http://74.91.26.218:82/live/cctv14hd.m3u8,,,,CCTV14.cn@HD,,,,https://i.imgur.com/c5SXW7i.png,Kids,,iptv-org-all.txt
CCTV-15 (1080p),https://xykt-fix.github.io/play/a02e/index.m3u8,,,,CCTV15.cn@SD,,,,https://i.imgur.com/CCV0eRG.png,Music,,iptv-org-all.txt
CCTV-16 HD (1080p),http://74.91.26.218:82/live/cctv16hd.m3u8,,,,CCTV16.cn@HD,,,,https://i.imgur.com/ZzV6JQp.png,Sports,,iptv-org-all.txt
CCTV-17 HD (1080p),http://74.91.26.218:82/live/cctv17hd.m3u8,,,,CCTV17.cn@HD,,,,https://i.imgur.com/jSQURxS.png,Education;Outdoor,,iptv-org-all.txt
CCTV-Billiards (1080p),http://38.75.136.137:98/gslb/dsdqpub/ystq.m3u8?auth=testpub,,,,CCTVBilliards.cn@HD,,,,https://i.imgur.com/WK3keM9.png,Sports,,iptv-org-all.txt
CCTV-Culture of Quality SD (1080p),http://38.75.136.137:98/gslb/dsdqpub/ysjp.m3u8?auth=testpub,,,,CCTVCultureofQuality.cn@SD,,,,https://i.imgur.com/Paig8gG.png,Undefined,,iptv-org-all.txt
CCTV-Golf & Tennis (1080p),http://38.75.136.137:98/gslb/dsdqpub/gefwq.m3u8?auth=testpub,,,,CCTVGolfTennis.cn@HD,,,,https://i.imgur.com/iqJJTmH.png,Sports,,iptv-org-all.txt
CCTV-Health (1080p),http://38.75.136.137:98/gslb/dsdqpub/wsjk.m3u8?auth=testpub,,,,CCTVHealth.cn@HD,,,,https://i.imgur.com/AzpRtCz.png,Lifestyle,,iptv-org-all.txt
CCTV-Nostalgia Theater (1080p),http://38.75.136.137:98/gslb/dsdqpub/hjjc.m3u8?auth=testpub,,,,CCTVNostalgiaTheater.cn@HD,,,,https://i.imgur.com/TVs9PBc.png,Classic,,iptv-org-all.txt
CCTV-Storm Football (1080p),http://38.75.136.137:98/gslb/dsdqpub/fyzq.m3u8?auth=testpub,,,,CCTVStormFootball.cn@HD,,,,https://i.imgur.com/Fy6HkX0.png,Sports,,iptv-org-all.txt
CCTV-Storm Music (1080p),http://38.75.136.137:98/gslb/dsdqpub/fyyy.m3u8?auth=testpub,,,,CCTVStormMusic.cn@HD,,,,https://i.imgur.com/IiiRmrf.png,Music,,iptv-org-all.txt
CCTV-Storm Theater (1080p),http://38.75.136.137:98/gslb/dsdqpub/fyjc.m3u8?auth=testpub,,,,CCTVStormTheater.cn@HD,,,,https://i.imgur.com/rEttkKm.png,Movies,,iptv-org-all.txt
CCTV-The First Theater (1080p),http://38.75.136.137:98/gslb/dsdqpub/dyjc.m3u8?auth=testpub,,,,CCTVTheFirstTheater.cn@HD,,,,https://i.imgur.com/eFxD3hq.png,Movies,,iptv-org-all.txt
CCTV-Weapon & Technology (1080p),http://38.75.136.137:98/gslb/dsdqpub/gfjs.m3u8?auth=testpub,,,,CCTVWeaponTechnology.cn@HD,,,,https://i.imgur.com/QlF96eS.png,Documentary,,iptv-org-all.txt
CCTV-Women's Fashion SD (1080p),http://38.75.136.137:98/gslb/dsdqpub/nxss.m3u8?auth=testpub,,,,CCTVWomensFashion.cn@SD,,,,https://i.imgur.com/FVbP0aP.png,Lifestyle,,iptv-org-all.txt
CCTV-World Geography SD (1080p),http://38.75.136.137:98/gslb/dsdqpub/sjdl.m3u8?auth=testpub,,,,CCTVWorldGeography.cn@SD,,,,https://i.imgur.com/V2ncOXi.png,Education,,iptv-org-all.txt
CCV (480p),https://5a1178b42cc03.streamlock.net/8212/8212/playlist.m3u8,,,,CCV.in@SD,,,,https://i.imgur.com/4ss0KfA.png,General,,iptv-org-all.txt
CCX1 (1080p),http://reflect-ccx.cablecast.tv/live-9/live/stream-1/live.m3u8,,,,CCX1.us@SD,,,,https://i.imgur.com/1hHW3IK.png,General,,iptv-org-all.txt
CDM Internacional (480p) [Not 24/7],https://627bb251f23c7.streamlock.net:444/CDMInternacional/CDMInternacional/playlist.m3u8,,,,CDMInternacional.pr@SD,,,,https://i.imgur.com/N7IneVk.png,Religious,,iptv-org-all.txt
CDN (576p),http://190.61.90.17:40000/play/a03p/index.m3u8,,,,CDN.do@SD,,,,https://i.imgur.com/eQyjIgf.png,General,,iptv-org-all.txt
CDN Deportes (720p) [Not 24/7],https://hls.tvabierta.net/hls/036.m3u8,,,,CDNDeportes.do@SD,,,,https://i.imgur.com/yU5LqTL.png,Sports,,iptv-org-all.txt
CDNN 23 (1080p) [Not 24/7],https://cootv.cootel.com.ni:8095/Canal23_CooTel/playlist.m3u8,,,,CDNN23.ni@SD,,,,https://i.imgur.com/7CNzlB6.png,News,,iptv-org-all.txt
CDO (1080p),http://cdn1tlinkgo.tlink.cl/cdo/mono.m3u8,,,,CDO.cl@SD,,,,https://i.imgur.com/zH3jHIT.png,Sports,,iptv-org-all.txt
CEACOM TV (1080p) [Not 24/7],https://eu1.servers10.com:8081/ceacom/index.m3u8,,,,CEACOMTV.bo@SD,,,,https://i.imgur.com/hutdRfk.png,General;Lifestyle;Music;News,,iptv-org-all.txt
Cekmekoy TV (1080p),https://cdn-cekmekoybeltv.yayin.com.tr/cekmekoybeltv/cekmekoybeltv_1080p/playlist.m3u8,,,,CekmekoyTV.tr@SD,,,,https://i.imgur.com/sjAGFWu.png,General,,iptv-org-all.txt
Celebes TV [Not 24/7],https://ams.juraganstreaming.com:5443/LiveApp/streams/celebesmedia.m3u8,,,,CelebesTV.id@SD,,,,https://upload.wikimedia.org/wikipedia/id/8/81/Logo_Celebes_TV_2020.png,General,,iptv-org-all.txt
Celebrity Name Game (1080p) [Geo-blocked],https://amg00353-amg00353c19-xumo-us-2608.playouts.now.amagi.tv/lionsgate-clbng/playlist.m3u8,,,,CelebrityNameGame.us@SD,,,,https://provider-static.plex.tv/epg/cms/production/773232e1-5c36-490b-922e-e5be8ec12eb2/celebrityd5796a3e14bf45513f7b3071b90d030.png,Series,,iptv-org-all.txt
Celebrity Scene TV (720p),https://rpn.bozztv.com/gusa/gusa-celebrityscene/index.m3u8,,,,CelebritySceneTV.us@SD,,,,https://i.imgur.com/n36jriB.png,Undefined,,iptv-org-all.txt
Celestial Movies (576i),http://103.58.160.157:8278/720-CELESTIALMOVIES/playlist.m3u8,,,,CelestialMovies.hk@SD,,,,https://i.imgur.com/Mb5ssnu.png,Movies,,iptv-org-all.txt
Celta TV (240p),https://vivo.solumedia.com:19360/celta/celta.m3u8,,,,CeltaTV.ar@SD,,,,https://i.imgur.com/rwoIF4w.png,Undefined,,iptv-org-all.txt
Cenovision HD (720p),https://5790d294af2dc.streamlock.net/cenovision/cenovision/playlist.m3u8,,,,CenovisionHD.do@HD,,,,https://imgur.com/ShPaOvn.jpg,General,,iptv-org-all.txt
Center TV (1080p),https://eu1.streams.gr:8081/centertv/index.m3u8,,,,CenterTV.gr@SD,,,,https://i.imgur.com/52JW71Q.png,General,,iptv-org-all.txt
Central TV (Chile) (720p),https://freya.mivideo.pro/centraltv/video.m3u8,,,,CentralTV.cl@SD,,,,https://cdn.m3u.cl/logo/1706_Central_TV.png,General,,iptv-org-all.txt
Cerritos TV3 (360p),https://cdn3.wowza.com/5/UWpORHhLSEs5SkJs/cerritos/G0010_002/playlist.m3u8,,,,CerritosTV3.us@SD,,,,https://i.imgur.com/huCBOIy.png,General,,iptv-org-all.txt
Cetelmon TV (404p),http://player.cetelmon.tv/protecteddfd43c2f3a8b41f3f28582bf8993aca6/992_high.m3u8,,,,CetelmonTV.es@SD,,,,https://i.imgur.com/GGn7itj.png,Religious,,iptv-org-all.txt
CETV-1 (576p),http://117.161.133.51:81/gitv_live/G_CETV-1/G_CETV-1.m3u8?p=GITV,,,,CETV1.cn@SD,,,,https://i.imgur.com/6sOHLq8.png,Education,,iptv-org-all.txt
CETV-2 (576p),http://117.161.133.51:81/gitv_live/G_CETV-2/G_CETV-2.m3u8?p=GITV,,,,CETV2.cn@SD,,,,https://i.imgur.com/ZD8XPmw.png,Education,,iptv-org-all.txt
CFM TV Channel 98 (360p),https://cdn3.wowza.com/5/djRwZmQvTEJidmZD/cityftmyers/G2083_002/playlist.m3u8,,,,CFMTVChannel98.us@SD,,,,https://i.imgur.com/LGs524I.png,Legislative,,iptv-org-all.txt
CG Entertainment,https://cgentertainment-cgtv-1-it.samsung.wurl.tv/playlist.m3u8,,,,CGEntertainment.it@SD,,,,https://i.imgur.com/XeWzy7e.png,Entertainment,,iptv-org-all.txt
CGNTV Chinese (1080p),https://d3e05csss9c272.cloudfront.net/out/v1/f0bf71c57581470fb9379f603e8f5d83/CGNWebLiveCN.m3u8,,,,CGNTVChinese.tw@SD,,,,https://i.imgur.com/bPoPAbR.png,Religious,,iptv-org-all.txt
CGTN (1080p),https://amg00405-rakutentv-cgtn-rakuten-i9tar.amagi.tv/master.m3u8,,,,CGTN.cn@SD,,,,https://upload.wikimedia.org/wikipedia/commons/thumb/8/81/CGTN.svg/960px-CGTN.svg.png,News,,iptv-org-all.txt
CGTN Arabic,https://dash3.antik.sk/live/test_cgtn_arb_tizen/playlist.m3u8,,,,CGTNArabic.cn@SD,,,,https://i.imgur.com/AkFFrS7.png,News,,iptv-org-all.txt
CGTN Documentary (1080p),https://amg00405-rakutentv-cgtndocumentary-rakuten-0ql8j.amagi.tv/master.m3u8,,,,CGTNDocumentary.cn@SD,,,,https://i.imgur.com/JHv0WxM.png,Documentary,,iptv-org-all.txt
CGTN French (1080p),http://145.239.5.177/214/index.m3u8,,,,CGTNFrench.cn@SD,,,,https://i.imgur.com/BwhledK.png,News,,iptv-org-all.txt
CGTN Global Biz (1080p),https://fastlive.cctvplus.com/out/v1/2b3d8a0c805d437f9dc85b764c2ac599/index.m3u8,,,,CGTNGlobalBiz.cn@SD,,,,https://i.imgur.com/qBmomnF.png,Business,,iptv-org-all.txt
CGTN Russian (1080p),https://russian-livews.cgtn.com/hls/LSvexABhNipibK5KRuUkvHZ7220802LSTeze9o8tdFXMHsb1VosgoT220802cd/playlist.m3u8,,,,CGTNRussian.cn@SD,,,,https://i.imgur.com/nDWkCmL.png,News,,iptv-org-all.txt
CGTN Spanish (1080p),https://espanol-livews.cgtn.com/hls/LSveOGBaBw41Ea7ukkVAUdKQ220802LSTexu6xAuFH8VZNBLE1ZNEa220802cd/playlist.m3u8,,,,CGTNSpanish.cn@SD,,,,https://i.imgur.com/Poz3xfi.png,News,,iptv-org-all.txt
CGTV (720p),https://champaign-cablecast.cablecast.tv/live/stream-2/live.m3u8,,,,CGTV.us@SD,,,,https://champaignil.gov/wp-content/uploads/2011/06/cgtv-page-logo.jpg,Legislative,,iptv-org-all.txt
Ch4Teen Documentary (1080p),https://ch14.tv/live/ch4teendoc/playlist.m3u8,,,,Ch4TeenDocumentary.kw@SD,,,,https://i.imgur.com/pHpFGeg.png,Religious,,iptv-org-all.txt
Chabiba TV (360p) [Not 24/7],https://endour.net/hls/RUgLAPCbPdF5oPSTX2Hvl/index.m3u8,,,,ChabibaTV.sn@SD,,,,https://i.imgur.com/qVTOklV.png,Religious,,iptv-org-all.txt
Chaco TV (720p) [Not 24/7],https://wowzasrv.chaco.gov.ar/Streamtv/chacotv/playlist.m3u8,,,,ChacoTV.ar@SD,,,,https://i.imgur.com/b6RerDw.png,Undefined,,iptv-org-all.txt
Chacra TV,https://5f700d5b2c46f.streamlock.net/chacratv/chacratv/playlist.m3u8,,,,ChacraTV.ar@SD,,,,https://i.imgur.com/gy7AEfO.png,Outdoor,,iptv-org-all.txt
Chada TV (720p),https://edge13.vedge.infomaniak.com/livecast/ik:chadatv/manifest.m3u8,,,,ChadaTV.ma@SD,,,,https://freebox.cdn.scw.iliad.fr/medium_Logo_chada_tv_2ee1412d38.png,General,,iptv-org-all.txt
Chamame TV,https://srv4.zcast.com.br/chamametv/chamametv/playlist.m3u8,,,,ChamameTV.ar@SD,,,,https://i.imgur.com/JigzJck.png,Music,,iptv-org-all.txt
Champion TV,https://stream.berosat.live/hls/champion-tv/champion-tv.m3u8,,,,ChampionTV.ci@SD,,,,https://i.imgur.com/WjHSrHN.png,Business,,iptv-org-all.txt
Chandel TV (720p),https://kali.vdopanel.com:3660/live/vj6jlam1rlive.m3u8,,,,ChandelTV.tg@SD,,,,https://i.imgur.com/jQO7dVE.png,Entertainment,,iptv-org-all.txt
Channel 5 (Russia) (576p),http://str2.iptvhd.ru:8080/5_kanal/index.m3u8,,,,Channel5.ru@SD,,,,https://i.imgur.com/KPXMa3U.png,General,,iptv-org-all.txt
Channel 5 (Thailand) (1080p),https://639bc5877c5fe.streamlock.net/tv5hdlive/tv5hdlive/playlist.m3u8,,,,Channel5.th@SD,,,,https://i.imgur.com/wOIaqg7.png,General,,iptv-org-all.txt
Channel 5 International (576p),http://178.134.1.158:8081/5channel/index.m3u8,,,,Channel5International.ru@SD,,,,https://i.imgur.com/KPXMa3U.png,General,,iptv-org-all.txt
Channel 7 (Kazakhstan) (576p),http://stream.mcquack.net/27/index.m3u8,,,,Channel7.kz@SD,,,,https://i.imgur.com/LebKU09.png,General,,iptv-org-all.txt
Channel 7 (Thailand) (1080p),https://lb1-live-mv.v2h-cdn.com/hls/ffac/gohg/gohg.m3u8,,,,Channel7.th@SD,,,,https://i.imgur.com/SBCIwek.png,General,,iptv-org-all.txt
Channel 7 Ukraine (720p),http://cdn10.live-tv.od.ua:8081/7tvod/7tvod-abr/7tvod/7tvod/playlist.m3u8,,,,Channel7Ukraine.ua@SD,,,,https://i.imgur.com/9Ll0BIo.png,General,,iptv-org-all.txt
Channel 8 (Greece) (1080p),https://gra1.crystalweb.net:1936/channel8/channel8/playlist.m3u8,,,,Channel8.gr@HD,,,,https://www.channel8.gr/img/channel8.png,Undefined,,iptv-org-all.txt
Channel8 (720p),https://live.channel8.com/Channel8-Kurdish/index.fmp4.m3u8,,,,Channel8.iq@SD,,,,https://upload.wikimedia.org/wikipedia/commons/thumb/4/40/Channel8corp.png/960px-Channel8corp.png,News,,iptv-org-all.txt
Channel 8 (Russia) (576p),http://45.11.139.43:8555/8kanal/index.m3u8,,,,Channel8.ru@SD,,,,https://i.imgur.com/nUSx1jF.png,Entertainment,,iptv-org-all.txt
Channel 8 (Singapore) (720p),https://cdn.qd.je/163189/ch8,,,,Channel8.sg@SD,,,,https://upload.wikimedia.org/wikipedia/commons/thumb/5/55/Mediacorp_Channel_8_2023.svg/960px-Mediacorp_Channel_8_2023.svg.png,General,,iptv-org-all.txt
Channel 8 (Thailand),https://lb1-live-mv.v2h-cdn.com/hls/ffbe/jvcxf/jvcxf.m3u8,,,,Channel8.th@SD,,,,https://i.imgur.com/P3c5jAu.png,General,,iptv-org-all.txt
Channel 9 (Australia) (720p) [Geo-blocked],https://9now-livestreams-fhd-t.akamaized.net/u/prod/simulcast/syd/ch9/hls/r1/index.m3u8,,,,Channel9.au@Sydney,,,,https://www.nineforbrands.com.au/wp-content/uploads/2025/06/9_BLUE.png,General,,iptv-org-all.txt
Channel 9 (Australia) Adelaide (720p) [Geo-blocked],https://9now-livestreams-fhd-t.akamaized.net/u/prod/simulcast/adl/ch9/hls/r1/index.m3u8,,,,Channel9.au@Adelaide,,,,https://www.nineforbrands.com.au/wp-content/uploads/2025/06/9_BLUE.png,General,,iptv-org-all.txt
Channel 9 (Australia) Brisbane (720p) [Geo-blocked],https://9now-livestreams-fhd-t.akamaized.net/u/prod/simulcast/bne/ch9/hls/r1/index.m3u8,,,,Channel9.au@Brisbane,,,,https://www.nineforbrands.com.au/wp-content/uploads/2025/06/9_BLUE.png,General,,iptv-org-all.txt
Channel 9 (Australia) Perth (720p) [Geo-blocked],https://9now-livestreams-fhd-t.akamaized.net/u/prod/simulcast/per/ch9/hls/r1/index.m3u8,,,,Channel9.au@Perth,,,,https://www.nineforbrands.com.au/wp-content/uploads/2025/06/9_BLUE.png,General,,iptv-org-all.txt
Channel 9 (Israel) (1080p),https://contact.gostreaming.tv/Con-11/index.m3u8,,,,Channel9.il@SD,,,,https://i.imgur.com/pttM3KQ.png,News,,iptv-org-all.txt
Channel 9 (Myanmar) (720p),https://mmtvs.exliatycl.online/channel9/stream.m3u8,,,,Channel9.mm@SD,,,,https://upload.wikimedia.org/wikipedia/en/6/6e/Channel_9_Myanmar_Logo.jpg,Undefined,,iptv-org-all.txt
Channel 10 (Russia) (576i),https://bl.rutube.ru/livestream/c9e26bf5c003fd8d477200065ca1a05f/index.m3u8?e=2072611029&s=eqlTXebDP9wSWTZgre6BwQ&scheme=https,,,,Channel10.ru@SD,,,,https://i.imgur.com/k8JjFDw.png,General,,iptv-org-all.txt
Channel 10 (United States) (720p),https://cdn3.wowza.com/5/cFh0V0QwUVc4SDl2/santa-paula/G0930_002/playlist.m3u8,,,,Channel10.us@SD,,,,https://spcity.org/ImageRepository/Document?documentID=4246,Legislative,,iptv-org-all.txt
Channel 12 (1080p),https://12channel.bonus-tv.ru/cdn/12channel/playlist.m3u8,,,,Channel12.ru@SD,,,,https://i.imgur.com/OA9hm6e.png,General,,iptv-org-all.txt
Channel 13 (Maldives),https://sunplay-cdn.bitratelabs.com/live/local-channel-fhd/ch13-28754fda0a7f338e8fccfe7206ab9be8_1080p/index.m3u8,,,,Channel13.mv@SD,,,,https://i.imgur.com/lR5jUSU.jpeg,General,,iptv-org-all.txt
Channel 18 GAC,https://reflect-channel18vod-springfield-il-us.cablecast.tv/live-13/live/stream-1/live.m3u8,,,,Channel18GAC.us@SD,,,,https://i.imgur.com/au07aLr.png,Legislative,,iptv-org-all.txt
Channel 24 (Ukraine) (1080p),https://streamvideol1.luxnet.ua/news24/smil:news24.stream.smil/playlist.m3u8,,,,Channel24.ua@SD,,,,https://upload.wikimedia.org/wikipedia/commons/thumb/a/ab/24_Group_Ukraine_04.png/960px-24_Group_Ukraine_04.png,News,,iptv-org-all.txt
Channel 44 (480p),https://d1k6kax80wecy5.cloudfront.net/WFqZJc/index.m3u8,,,,Channel44.au@SD,,,,https://i.imgur.com/P2wUGh9.png,General,,iptv-org-all.txt
Channel 200 (540p),https://d1jlnqid3sfc6m.cloudfront.net/out/v1/3fc2254c865a457c8d7fbbce227a2aae/index.m3u8,,,,Channel200.nz@SD,,,,https://i.imgur.com/gAebu4q.png,Entertainment,,iptv-org-all.txt
Channel A [Geo-blocked],http://channelalive.ktcdn.co.kr/chalivepc/_definst_/atv2/playlist.m3u8,,,,ChannelA.kr@SD,,,,https://i.imgur.com/W9laHPD.png,General,,iptv-org-all.txt
Channel Divya (1080p),https://vg-pitaaratvlive.akamaized.net/v1/vglive-sk-906482/playlist.m3u8,,,,ChannelDivya.in@SD,,,,https://dtil.tmsimg.com/assets/s143010_ld_h15_aa.png?lock=720x540,Religious,,iptv-org-all.txt
Channel K (720p),https://mmtvs.exliatycl.online/channelk/stream.m3u8,,,,ChannelK.mm@SD,,,,https://i.imgur.com/6PqxuhF.png,Entertainment,,iptv-org-all.txt
Channel One (Russia) (1080p),http://31.148.48.15/Pervii_kanal_HD/index.m3u8,,,,ChannelOne.ru@SD,,,,https://i.imgur.com/RUSX0rX.png,General,,iptv-org-all.txt
Channel One (Russia) HD (720p),https://edge1.1internet.tv/dash-live2/streams/1tv-dvr/1tvdash.mpd,,,,ChannelOne.ru@HD,,,,https://i.imgur.com/RUSX0rX.png,General,,iptv-org-all.txt
Channel One (United States),https://pemirateshls.persiana.live/hls/stream.m3u8,,,,ChannelOne.us@SD,,,,https://i.imgur.com/igskUo0.png,Culture;News,,iptv-org-all.txt
Channel One CIS (576p),https://fs.uplink.kz/perviy_kanal_sng/mono.m3u8?token=onlinetv,,,,ChannelOneCIS.ru@SD,,,,https://i.imgur.com/RUSX0rX.png,General,,iptv-org-all.txt
Channel One Eurasia (576p),https://fs.uplink.kz/perviy_kanal_evrasia/mono.m3u8?token=onlinetv,,,,ChannelOneEurasia.kz@SD,,,,https://i.imgur.com/vm5sJHP.png,General,,iptv-org-all.txt
Channel S (Bangladesh),https://app.ncare.live/c3VydmVyX8RpbEU9Mi8xNy8yMDE0GIDU6RgzQ6NTAgdEoaeFzbF92YWxIZTO0U0ezN1IzMyfvcGVMZEJCTEFWeVN3PTOmdFsaWRtaW51aiPhnPTI2/channels.stream/live-orgin/channels.stream/playlist.m3u8,,,,ChannelS.bd@SD,,,,https://www.channels.com.bd/storage/project_files/logo/2024-05-14a_n17156821814310.png,Culture,,iptv-org-all.txt
Channel S (United Kingdom) (576p),https://app.ncare.live/c3VydmVyX8RpbEU9Mi8xNy8yMDE0GIDU6RgzQ6NTAgdEoaeFzbF92YWxIZTO0U0ezN1IzMyfvcGVMZEJCTEFWeVN3PTOmdFsaWRtaW51aiPhnPTI/chsukoff.stream/playlist.m3u8,,,,ChannelS.uk@SD,,,,https://i.imgur.com/hJxFLvF.png,Culture,,iptv-org-all.txt
Channel U (720p),https://cdn.qd.je/163189/chu,,,,ChannelU.sg@SD,,,,https://upload.wikimedia.org/wikipedia/commons/thumb/d/d5/Mediacorp_Channel_U_2023.svg/960px-Mediacorp_Channel_U_2023.svg.png,Entertainment,,iptv-org-all.txt
Channel WIN (720p),https://cdn.pishow.tv/ott/live/229/master.m3u8,,,,ChannelWIN.in@SD,,,,https://xstreamcp-assets-msp.streamready.in/assets/LIVETV/LIVECHANNEL/LIVETV_LIVETVCHANNEL_CHANNEL_WIN/images/LOGO_HD/image.png,Religious,,iptv-org-all.txt
Channel-16 (406p) [Not 24/7],http://serv25.vintera.tv:8081/test/k16/playlist.m3u8,,,,Channel16.ru@SD,,,,https://i.imgur.com/7tNDKHe.png,General,,iptv-org-all.txt
Channels 24,https://live20.bozztv.com/dvrfl06/astv/astv-channel24africa/index.m3u8,,,,Channels24.ng@SD,,,,https://i.imgur.com/ww5zNmY.png,News,,iptv-org-all.txt
Channels TV,https://cs2.push2stream.com/CHANNELSTV-DVR/playlist.m3u8,,,,ChannelsTV.ng@SD,,,,https://upload.wikimedia.org/wikipedia/en/7/76/Channels_TV.jpg,News,,iptv-org-all.txt
Chaos City,https://jmp2.uk/plu-60afbad343e3840007164348.m3u8,,,,ChaosCity.us@Germany,,,,https://i.imgur.com/1UZNdRH.png,Series,,iptv-org-all.txt
Chaozhou Public Channel,http://113.64.146.48:1688/hls/4/index.m3u8,,,,ChaozhouPublicChannel.cn@SD,,,,https://i.imgur.com/8YIrgB7.png,General,,iptv-org-all.txt
Chappelle's Show,https://jmp2.uk/plu-65e9783b0d456100082d9e05.m3u8,,,,ChappellesShow.se@SE,,,,https://images.pluto.tv/channels/65e976ad0d456100082d9b74/colorLogoPNG.png,Comedy,,iptv-org-all.txt
Chappelle's Show DK,https://jmp2.uk/plu-65e976ad0d456100082d9b74.m3u8,,,,ChappellesShow.se@DK,,,,https://images.pluto.tv/channels/65e976ad0d456100082d9b74/colorLogoPNG.png,Comedy,,iptv-org-all.txt
Chappelle's Show NO,https://jmp2.uk/plu-65e977a618036500082ec972.m3u8,,,,ChappellesShow.se@NO,,,,https://images.pluto.tv/channels/65e976ad0d456100082d9b74/colorLogoPNG.png,Comedy,,iptv-org-all.txt
Charana TV (360p),https://edge3-moblive.yuppcdn.net/transhd2/smil:chtv05.smil/index.m3u8,,,,CharanaTV.lk@SD,,,,,Education;Entertainment,,iptv-org-all.txt
Charapa TV (720p),https://live-evg10.tv360.bitel.com.pe/bitel/charapatvSRT/playlist.m3u8,,,,CharapaTV.pe@SD,,,,https://i.imgur.com/tFRmMkf.png,General,,iptv-org-all.txt
Chardikla Gurbaani TV (1080p),https://chardikalatimestv.gigabitcdn.net/in-chardikala/chardikala-gurbani-tv/playlist.m3u8,,,,ChardiklaGurbaaniTV.in@SD,,,,https://i.imgur.com/NXD8CPq.png,News,,iptv-org-all.txt
Chardikla Time TV (1080p),https://chardikalagurbanitv.gigabitcdn.net/in-chardikala/chardikala-timetv/playlist.m3u8,,,,ChardiklaTimeTV.in@SD,,,,https://xstreamcp-assets-msp.streamready.in/assets/LIVETV/LIVECHANNEL/LIVETV_LIVETVCHANNEL_CHARDIKLA_TIME_TV/images/LOGO_HD/image.png,News,,iptv-org-all.txt
Chardikla Time TV North America (1080p),https://chardikalanorthamerica.gigabitcdn.net/in-chardikala/chardikala-north-usa/playlist.m3u8,,,,ChardiklaTimeTVNorthAmerica.in@SD,,,,https://i.imgur.com/IUeMFey.jpg,News,,iptv-org-all.txt
Charge! (1080p),https://fast-channels.sinclairstoryline.com/CHARGE/index.m3u8,,,,Charge.us@SD,,,,https://static.wikia.nocookie.net/logopedia/images/0/09/Charge!_network_logo.png/revision/latest/scale-to-width-down/512/,Movies,,iptv-org-all.txt
Charity TV,https://652930de05533.streamlock.net/live/ngrp:livestream_all/playlist.m3u8,,,,CharityTV.lb@SD,,,,https://i.imgur.com/U9z8WBY.png,Religious,,iptv-org-all.txt
Charoen Cable 37 TV,http://www5.cabletv.co.th/StreamToCTV/cablechannel/playlist.m3u8,,,,CharoenCable37TV.th@SD,,,,https://www.cabletv.co.th/wp-content/uploads/2023/01/Artboard-3.png,General,,iptv-org-all.txt
Charterfeber,https://jmp2.uk/plu-61c1dda0fe470d00080f85b8.m3u8,,,,Charterfeber.se@NO,,,,https://images.pluto.tv/channels/61c1dda0fe470d00080f85b8/colorLogoPNG.png,Entertainment,,iptv-org-all.txt
CHC Action (1080p),http://39.134.19.68/dbiptv.sn.chinamobile.com/PLTV/88888888/224/3221226465/index.m3u8,,,,CHCAction.cn@SD,,,,https://i.imgur.com/AuiVcyh.png,Movies,,iptv-org-all.txt
CHC Home Theater (1080p),http://39.134.19.153/dbiptv.sn.chinamobile.com/PLTV/88888888/224/3221226462/index.m3u8,,,,CHCHomeTheater.cn@SD,,,,https://i.imgur.com/AwBldBE.png,Undefined,,iptv-org-all.txt
CHCO-TV (720p) [Geo-blocked],https://temp4.isilive.ca/live/CHCOTV/live/index.m3u8,,,,CHCOTV.ca@SD,,,,https://i.imgur.com/EpMawIy.png,General,,iptv-org-all.txt
Che! (576p),http://flussonic.linkintel.ru/che/index.m3u8,,,,Che.ru@SD,,,,https://i.imgur.com/ZOcDGpB.png,Entertainment,,iptv-org-all.txt
Cheddar News (1080p),https://hls.livecdn.io/cheddar.com/cheddar/playlist.m3u8,,,,CheddarNews.us@SD,,,,https://i.imgur.com/tuP9GW8.png,News,,iptv-org-all.txt
Cheers (Sweden) NO,https://jmp2.uk/plu-63e389dcc111bc0008ee5b8c.m3u8,,,,Cheers.se@NO,,,,https://images.pluto.tv/channels/642e9575af2bd900088527dd/colorLogoPNG.png,Comedy,,iptv-org-all.txt
Cheers (United States),https://jmp2.uk/plu-62bdb7f0db2eb30007376d4d.m3u8,,,,Cheers.us@CA,,,,https://images.pluto.tv/channels/62bdb7f0db2eb30007376d4d/colorLogoPNG.png,Series,,iptv-org-all.txt
Cheers + Frasier,https://jmp2.uk/plu-66ba495ffe11e5000881f049.m3u8,,,,CheersPlusFrasier.us@SD,,,,https://images.pluto.tv/channels/66ba495ffe11e5000881f049/colorLogoPNG.png,Comedy,,iptv-org-all.txt
Chef Champion (720p) [Not 24/7],https://rpn.bozztv.com/gusa/gusa-chefchampion/index.m3u8,,,,ChefChampion.us@SD,,,,https://i.imgur.com/15a9pG9.png,Cooking,,iptv-org-all.txt
Chef Roc Show (720p) [Not 24/7],https://rpn.bozztv.com/gusa/gusa-chefrock/index.m3u8,,,,ChefRocShow.us@SD,,,,https://i.imgur.com/vhVnAzE.png,Cooking,,iptv-org-all.txt
Chef TV (720p),http://168.197.104.22/CHEF_TV/index.m3u8,,,,ChefTV.br@SD,,,,https://i.imgur.com/UYksTee.png,Cooking,,iptv-org-all.txt
Cheksiz TV,https://fl.biztv.media/cheksiz_tv_480_unif7hujidth7f4du83jrhuid3k94j8hfj8d93eubych8eju93n4ubt/tracks-v1a1/mono.m3u8,,,,CheksizTV.uz@SD,,,,https://i.imgur.com/f7hHmmR.jpeg,Entertainment,,iptv-org-all.txt
Cherniveckiy promin (720p),https://langate.tv/promin/live_720/index.m3u8,,,,Cherniveckiypromin.ua@SD,,,,https://i.imgur.com/O9nQ5po.png,News,,iptv-org-all.txt
Chifeng Comprehensive News Chanel,http://play1-qk.nmtv.cn/live/1735546697341033.m3u8,,,,ChifengComprehensiveNewsChanel.cn@SD,,,,https://www.tvchinese.net/uploads/tv/cfxwzhpd.jpg,News,,iptv-org-all.txt
Chikitoonz (1080p),http://45.70.201.81:8000/play/a00p/index.m3u8,,,,Chikitoonz.pe@SD,,,,https://chikitoonz.com/site/wp-content/uploads/2024/08/logochikitoonz2.png,Kids,,iptv-org-all.txt
Chile Channel (720p),https://v2.tustreaming.cl/chilechannel/index.m3u8,,,,ChileChannel.cl@SD,,,,https://i.imgur.com/F1it6fh.png,Entertainment;Travel,,iptv-org-all.txt
ChileVision (1080p),http://15.204.246.24:8080/CHVHD/index.m3u8,,,,ChileVision.cl@SD,,,,https://i.imgur.com/PRijvR0.png,General,,iptv-org-all.txt
Chiloe Red 25 (720p),https://v2.tustreaming.cl/chiloered/index.m3u8,,,,ChiloeRed25.cl@SD,,,,https://i.imgur.com/3tqrImm.png,Culture,,iptv-org-all.txt
China Channel (720p),https://v2.tustreaming.cl/chinachannel/index.m3u8,,,,ChinaChannel.cl@SD,,,,https://cdn.m3u.cl/logo/1769_China_Channel.png,General,,iptv-org-all.txt
China Travel (1080p),https://fastlive.cctvplus.com/out/v1/ca6f9297b7314a63959435028af287fc/index.m3u8,,,,ChinaTravel.cn@SD,,,,https://i.imgur.com/vSgY3CD.png,Culture;Documentary;Travel,,iptv-org-all.txt
Chinola TV (480p),https://tv.wracanal10.com:3300/live/chinolatvlive.m3u8,,,,ChinolaTV.do@SD,,,,https://i.imgur.com/ybud4dI.png,Kids,,iptv-org-all.txt
Chithiram (576p),https://cdn.pishow.tv/ott/live/1243/master.m3u8,,,,Chithiram.in@SD,,,,https://i.imgur.com/xv9cWSh.png,Kids,,iptv-org-all.txt
Chocolate FM (720p),https://5eaccbab48461.streamlock.net:1936/8180/8180/playlist.m3u8,,,,ChocolateFM.cl@SD,,,,https://cdn.m3u.cl/logo/382_ChocolateFM.png,Music,,iptv-org-all.txt
Cholusat Sur 36 (214p) [Not 24/7],http://audiotvserver.net:1935/livemedia/cholusat/playlist.m3u8,,,,CholusatSur36.hn@SD,,,,https://i.imgur.com/6qL2hE5.png,News,,iptv-org-all.txt
Choluteca TV (1080p),https://s.emisoras.tv:8081/cholutecatv/index.m3u8,,,,CholutecaTV.hn@SD,,,,https://i.imgur.com/mpc4Isd.png,Religious,,iptv-org-all.txt
Choppertown (720p),https://linear-11.frequency.stream/dist/glewedtv/11/hls/master/playlist.m3u8,,,,Choppertown.us@SD,,,,https://i.imgur.com/U6cu5Ms.png,Auto;Series,,iptv-org-all.txt
Chosen TV English (360p),https://viewmedia7219.bozztv.com/wmedia/viewmedia100/web_024/Stream/playlist.m3u8,,,,ChosenTVEnglish.ng@SD,,,,,Religious,,iptv-org-all.txt
ChP info (576p),http://edge3.iptv.macc.com.ua/life/magnolia_3/index.m3u8,,,,ChPinfo.ua@SD,,,,https://i.imgur.com/2cYzroj.png,News,,iptv-org-all.txt
Christian Youth Channel CYC (1080p),http://media3.smc-host.com:1935/cycnow.com/smil:cyc.smil/playlist.m3u8,,,,ChristianYouthChannelCYC.us@SD,,,,https://i.imgur.com/61eV77C.png,Kids;Religious,,iptv-org-all.txt
Chroma TV (480p),https://5c483b9d1019c.streamlock.net/8054/8054/playlist.m3u8,,,,ChromaTV.br@SD,,,,https://i.imgur.com/SnaIMgj.png,Entertainment,,iptv-org-all.txt
CHTV (1080p),https://viewhn.com/chtv/live/playlist.m3u8,,,,CHTV.hn@SD,,,,https://i.imgur.com/QLQgwc6.png,General,,iptv-org-all.txt
Chuxiong News Channel [Not 24/7],http://hwapi.yntv.net/ew265l/848y54.m3u8,,,,ChuxiongNewsChannel.cn@SD,,,,https://www.tvchinese.net/uploads/tv/chuxiongtv.jpg,News,,iptv-org-all.txt
Cibaena TV (720p),https://streamunoapp.com:3958/live/cibaenatvlive.m3u8,,,,CibaenaTV.do@SD,,,,https://i.imgur.com/iHjdckl.png,Entertainment,,iptv-org-all.txt
Cielo TV (1080p),https://streaming.servervideo.net:1936/cielotv/cielotv/playlist.m3u8,,,,CieloTV.do@SD,,,,https://i.imgur.com/2PNw6BA.png,Religious,,iptv-org-all.txt
Ciftci TV (720p) [Not 24/7],https://live.artidijitalmedya.com/artidijital_ciftcitv/ciftcitv/playlist.m3u8,,,,CiftciTV.tr@SD,,,,https://i.imgur.com/CLzP4vL.png,Culture;Education,,iptv-org-all.txt
Cin Cin,https://jmp2.uk/plu-65cb78b83a116800079e2e35.m3u8,,,,CinCin.de@IT,,,,https://images.pluto.tv/channels/65cb78b83a116800079e2e35/colorLogoPNG.png,Classic;Series,,iptv-org-all.txt
CINDIE TV (1080p),https://cc-hqw8u5r1nshjc.akamaized.net/scheduler/scheduleMaster/352.m3u8,,,,CINDIETV.br@HD,,,,https://a.jsrdn.com/hls/23208/cindie-tv/logo_20250225_222520_68.png,Movies,,iptv-org-all.txt
Cine34 [Geo-blocked],https://live3-mediaset-it.akamaized.net/Content/hls_h0_clr_vos/live/channel(b6)/index.m3u8,,,,Cine34.it@SD,,,,https://upload.wikimedia.org/wikipedia/commons/thumb/d/d7/Cine34_logo.svg/960px-Cine34_logo.svg.png,Movies,,iptv-org-all.txt
Cine34 HD (1080p),https://live02-seg.msf.cdn.mediaset.net/live/ch-b6/b6-clr.isml/index.m3u8,,,,Cine34.it@HD,,,,https://upload.wikimedia.org/wikipedia/commons/thumb/d/d7/Cine34_logo.svg/960px-Cine34_logo.svg.png,Movies,,iptv-org-all.txt
Cine 666 by Pluto TV,https://jmp2.uk/plu-6823648580b2665220d9e69a.m3u8,,,,Cine666byPlutoTV.de@FR,,,,https://images.pluto.tv/channels/6823648580b2665220d9e69a/colorLogoPNG-1757404141.png,Movies,,iptv-org-all.txt
Cine Action by Pluto TV,https://jmp2.uk/plu-5f8ed1ff5c39700007e2204a.m3u8,,,,CineActionbyPlutoTV.de@FR,,,,https://images.pluto.tv/channels/5f8ed1ff5c39700007e2204a/colorLogoPNG_1752228138963.png,Movies,,iptv-org-all.txt
Cine Adrenalina,https://jmp2.uk/plu-5d8d164d92e97a5e107638d2.m3u8,,,,CineAdrenalina.us@SD,,,,https://i.imgur.com/njCKaMv.png,Movies,,iptv-org-all.txt
Cine Amor,https://jmp2.uk/plu-5f5136317aedfb0007016f93.m3u8,,,,CineAmor.us@SD,,,,https://i.imgur.com/eAS86qH.png,Movies,,iptv-org-all.txt
Cine aventura,https://jmp2.uk/plu-60fb2f47c133270007327375.m3u8,,,,Cineaventura.us@SD,,,,https://images.pluto.tv/channels/60fb2f47c133270007327375/colorLogoPNG_1757954279063.png,Entertainment,,iptv-org-all.txt
Cine by Pluto TV,https://jmp2.uk/plu-5f8ed0f17564a300082b676a.m3u8,,,,CinebyPlutoTV.de@FR,,,,https://images.pluto.tv/channels/5f8ed0f17564a300082b676a/colorLogoPNG_1775048900088.png,Movies,,iptv-org-all.txt
Cine Catastrophe by Pluto TV,https://jmp2.uk/plu-65a69ef53af63d000825e0ee.m3u8,,,,CineCatastrophebyPlutoTV.de@FR,,,,https://images.pluto.tv/channels/65a69ef53af63d000825e0ee/colorLogoPNG_1751272916058.png,Movies,,iptv-org-all.txt
Cine d'Asie by Pluto TV,https://jmp2.uk/plu-62f3e2d000418d00070f7dbc.m3u8,,,,CinedAsiebyPlutoTV.de@FR,,,,https://images.pluto.tv/channels/62f3e2d000418d00070f7dbc/colorLogoPNG_1751272759694.png,Movies,,iptv-org-all.txt
Cine en espanol,https://jmp2.uk/plu-5cf96b1c4f1ca3f0629f4bf0.m3u8,,,,Cineenespanol.us@SD,,,,https://images.pluto.tv/channels/5cf96b1c4f1ca3f0629f4bf0/colorLogoPNG.png,Entertainment,,iptv-org-all.txt
Cine Familiar (1080p),http://bantel-cdn1.iptvperu.tv:1935/btnscrtn/cinefamiliar.stream/playlist.m3u8,,,,CineFamiliar.us@SD,,,,https://i.imgur.com/ZgP2hE3.png,Movies,,iptv-org-all.txt
Cine Friki (1080p),https://d2mr4fu91mjx9m.cloudfront.net/v1/master/3722c60a815c199d9c0ef36c5b73da68a62b09d1/cc-rb0tx75ojbc5u/CineFriki_ES.m3u8,,,,CineFriki.es@SD,,,,https://i.imgur.com/b3Ospym.png,Movies,,iptv-org-all.txt
Cine Hispano (1080p),http://bantel-cdn1.iptvperu.tv:1935/btnscrtn/cinehispano.stream/playlist.m3u8,,,,CineHispano.us@SD,,,,https://i.imgur.com/tfgyfrw.png,Movies,,iptv-org-all.txt
Cine Horreur by Pluto TV,https://jmp2.uk/plu-66e1978babec540008ce41ac.m3u8,,,,CineHorreurbyPlutoTV.de@FR,,,,https://images.pluto.tv/channels/66e1978babec540008ce41ac/colorLogoPNG_1751272165674.png,Movies,,iptv-org-all.txt
Cine Nanar (1080p),https://zylo-cinenanar-rakuten.amagi.tv/playlist.m3u8,,,,CineNanar.fr@SD,,,,https://i.imgur.com/YnUZd3W.png,Movies,,iptv-org-all.txt
Cine Premiere,https://jmp2.uk/plu-5cf968040ab7d8f181e6a68b.m3u8,,,,CinePremiere.us@SD,,,,https://i.imgur.com/PdhWTO6.png,Movies,,iptv-org-all.txt
Cine Premium (1080p),http://bantel-cdn1.iptvperu.tv:1935/btnscrtn/cinepremium.stream/playlist.m3u8,,,,CinePremium.us@SD,,,,https://i.imgur.com/tC3jGd4.png,Movies,,iptv-org-all.txt
Cine Retro by Pluto TV,https://jmp2.uk/plu-5f8ed168f72fcd0007e56269.m3u8,,,,CineRetrobyPlutoTV.de@FR,,,,https://images.pluto.tv/channels/5f8ed168f72fcd0007e56269/colorLogoPNG_1751272859383.png,Movies,,iptv-org-all.txt
Cine Romance by Pluto TV,https://jmp2.uk/plu-60812fc8539963000707d1e1.m3u8,,,,CineRomancebyPlutoTV.de@FR,,,,https://images.pluto.tv/channels/60812fc8539963000707d1e1/colorLogoPNG_1775048649580.png,Movies,,iptv-org-all.txt
Cine Romantico (720p),https://d1si3n1st4nkgb.cloudfront.net/10502/88886011/hls/master.m3u8?ads.xumo_channelId=88886011,,,,CineRomantico.us@SD,,,,https://i.imgur.com/FUrrDrb.png,Movies,,iptv-org-all.txt
Cine Sci-Fi by Pluto TV,https://jmp2.uk/plu-60c34592c911890007f29a73.m3u8,,,,CineSciFibyPlutoTV.de@FR,,,,https://images.pluto.tv/channels/60c34592c911890007f29a73/colorLogoPNG.png,Movies,,iptv-org-all.txt
Cine Sony (720p),https://a-cdn.klowdtv.com/live1/cine_720p/playlist.m3u8,,,,CineSony.us@SD,,,,https://i.imgur.com/bZWoDTg.png,Movies,,iptv-org-all.txt
Cine Terror,https://jmp2.uk/plu-5d8d180092e97a5e107638d3.m3u8,,,,CineTerror.us@US,,,,https://images.pluto.tv/channels/5f12111c9e6c2c00078ef3bb/colorLogoPNG.png,Movies,,iptv-org-all.txt
Cine Terror BR,https://jmp2.uk/plu-5f12111c9e6c2c00078ef3bb.m3u8,,,,CineTerror.us@BR,,,,https://images.pluto.tv/channels/5f12111c9e6c2c00078ef3bb/colorLogoPNG.png,Movies,,iptv-org-all.txt
Cine Terror LatAm,https://jmp2.uk/plu-5dcddf1ed95e740009fef7ab.m3u8,,,,CineTerror.us@LatAm,,,,https://images.pluto.tv/channels/5f12111c9e6c2c00078ef3bb/colorLogoPNG.png,Movies,,iptv-org-all.txt
Cine Thrillers by Pluto TV,https://jmp2.uk/plu-60c3472a51a2050008dad272.m3u8,,,,CineThrillersbyPlutoTV.de@FR,,,,https://images.pluto.tv/channels/60c3472a51a2050008dad272/colorLogoPNG_1751272093012.png,Movies,,iptv-org-all.txt
Cine Western (France) (1080p),https://amg00711-zylo-amg00711c8-rakuten-uk-2686.playouts.now.amagi.tv/playlist/amg00711-zylofast-cinewestern-rakutenuk/playlist.m3u8,,,,CineWestern.fr@SD,,,,https://i.imgur.com/tteOFkL.png,Movies,,iptv-org-all.txt
Cine Western (Spain) (1080p),https://d2nq34q0i1r3la.cloudfront.net/v1/master/3722c60a815c199d9c0ef36c5b73da68a62b09d1/cc-awohw8g217ho8/CineWestern_ES.m3u8,,,,CineWestern.es@SD,,,,https://i.imgur.com/2UROzSc.png,Movies,,iptv-org-all.txt
Cine Western by Pluto TV,https://jmp2.uk/plu-65cca3e2ec452d0008af3a65.m3u8,,,,CineWesternbyPlutoTV.de@FR,,,,https://images.pluto.tv/channels/65cca3e2ec452d0008af3a65/colorLogoPNG_1751272826143.png,Movies,,iptv-org-all.txt
Cine+ Emotion (720p),http://145.239.5.177/337/index.m3u8,,,,CinePlusEmotion.fr@SD,,,,https://i.imgur.com/upYjPvc.jpeg,Movies,,iptv-org-all.txt
Cine+ Kids (576p),http://dtv.vol.net.ua/Cine_plus_Kids_HD/index.m3u8,,,,CinePlusKids.ua@SD,,,,https://i.imgur.com/lmfc2u4.png,Kids,,iptv-org-all.txt
Cinecanal (1080p),http://15.204.246.24:8080/CinecanalHD/index.m3u8,,,,Cinecanal.us@Panregional,,,,https://upload.wikimedia.org/wikipedia/commons/thumb/e/e6/CinecanalLA.png/960px-CinecanalLA.png,Movies,,iptv-org-all.txt
Cinecanal Pacific (1080p),http://138.121.15.230:9002/CINECANAL/index.m3u8,,,,Cinecanal.us@Pacific,,,,https://upload.wikimedia.org/wikipedia/commons/thumb/e/e6/CinecanalLA.png/960px-CinecanalLA.png,Movies,,iptv-org-all.txt
CineLatino (720p),http://45.162.193.35/CINELATINO_HD/index.m3u8,,,,CineLatino.mx@SD,,,,https://i.imgur.com/2V0R0xT.png,Movies,,iptv-org-all.txt
Cinema (Russia) (576p),http://flussonic.linkintel.ru/cinema/index.m3u8,,,,Cinema.ru@SD,,,,https://i.imgur.com/b5e9qUA.png,Movies,,iptv-org-all.txt
CinemaWorld (720p),http://nmk.ioapk.com:5050/4gtv-live069/index.m3u8,,,,CinemaWorld.my@SD,,,,https://i.imgur.com/D2qNVZ7.png,Movies,,iptv-org-all.txt
Cinemax Action East HD (1080p),https://sra72yz.s.gy/CINEMAX_ACTION_HD.m3u8,,,,CinemaxAction.us@EastHD,,,,https://upload.wikimedia.org/wikipedia/en/thumb/7/78/Cinemax_Action_Logo.png/960px-Cinemax_Action_Logo.png,Movies,,iptv-org-all.txt
Cinemax Classics (1080p),http://23.237.104.106:8080/USA_5STARMAX/index.m3u8,,,,CinemaxClassics.us@East,,,,https://upload.wikimedia.org/wikipedia/en/thumb/6/66/Cinemax_Classics_Logo.png/960px-Cinemax_Classics_Logo.png,Movies,,iptv-org-all.txt
Cinemax Hits (1080p),http://23.237.104.106:8080/USA_MOREMAX/index.m3u8,,,,CinemaxHits.us@East,,,,https://upload.wikimedia.org/wikipedia/en/thumb/f/fb/Cinemax_Hits_Logo.png/960px-Cinemax_Hits_Logo.png,Movies,,iptv-org-all.txt
CinePride (720p),https://stream-us-east-1.getpublica.com/playlist.m3u8?network_id=2223,,,,CinePride.us@SD,,,,https://i.imgur.com/Y4Wgq8I.png,Lifestyle,,iptv-org-all.txt
Cinerama Television (720p),https://live.cineramatvbo.com/hls/stream.m3u8,,,,CineramaTelevision.bo@SD,,,,https://play-lh.googleusercontent.com/RJ49IeJve4VPALBXqrqJGeAYOEoLQIZZ4zWwtJhofisng6ZYwGemZ-VXCx9ZQ-u7fw,Entertainment,,iptv-org-all.txt
CineStar 1 Bulgaria,http://213.91.179.28:8000/play/a05h,,,,CineStar1Bulgaria.bg@SD,,,,https://i.imgur.com/t9vVTLH.png,Movies,,iptv-org-all.txt
Cinevault 80s (720p),https://aegis-cloudfront-1.tubi.video/ea1ab5d1-f554-4f6b-b03f-2611fcd94257/playlist.m3u8,,,,Cinevault80s.us@SD,,,,https://i.imgur.com/xaCyyDd.png,Movies,,iptv-org-all.txt
Cinevault Westerns (540p) [Geo-blocked],https://gsn-cinevault-westerns-2-us.roku.wurl.tv/playlist.m3u8,,,,CinevaultWesterns.us@SD,,,,https://i.imgur.com/K1W137J.png,Classic,,iptv-org-all.txt
Cinevision Canal 19 (1080p) [Not 24/7],https://5790d294af2dc.streamlock.net/tvhdlive/tvhdlive/playlist.m3u8,,,,CinevisionCanal19.do@SD,,,,https://i.imgur.com/mJN2XNm.png,General,,iptv-org-all.txt
Cinturao Verde,https://play.redecinturaoverde.com.br/playlist.m3u8,,,,CinturaoVerde.br@SD,,,,https://eswqkrogupaisirwcsys.supabase.co/storage/v1/object/public/mbc-media/canais/1775688612576-u0628igjimf.png,General,,iptv-org-all.txt
Cira TV (1080p),https://hlspackager.akamaized.net/live/DB/CIRA_TV/HLS/CIRA_TV.m3u8,,,,CiraTV.de@SD,,,,https://i.imgur.com/YFnmSLW.png,Undefined,,iptv-org-all.txt
Ciracu TV (720p) [Not 24/7],https://cloud37.ecuatel.com/ciracutv/live/manifest.m3u8,,,,CiracuTV.ec@SD,,,,https://i.imgur.com/mkf2TJ6.png,Culture,,iptv-org-all.txt
Circle (1080p),https://circle-roku.amagi.tv/playlist.m3u8,,,,Circle.us@SD,,,,https://upload.wikimedia.org/wikipedia/commons/thumb/e/e8/Circle_Network_logo.svg/960px-Circle_Network_logo.svg.png,Entertainment,,iptv-org-all.txt
Citrico TV (480p) [Not 24/7],https://edge.essastream.com/citricotv/playlist.m3u8,,,,CitricoTV.do@SD,,,,https://enhd.ar/wp-content/uploads/2022/01/0e4a83fc-ba5b-4f26-a333-31f8bd544bcb-300x260.jpeg,News,,iptv-org-all.txt
City 41 (576p),http://163.61.227.29:8000/play/a02r/index.m3u8,,,,City41.pk@SD,,,,https://i.imgur.com/U5BdY2g.png,News,,iptv-org-all.txt
City Channel (720p) [Not 24/7],https://dev.aftermind.xyz/edge-hls/unitrust/citychannel/index.m3u8?token=8TXWzhY3h6jrzqEqx,,,,CityChannel.cy@SD,,,,https://i.imgur.com/oo2fxta.png,Undefined,,iptv-org-all.txt
City Eden AutoGid [Not 24/7],https://cityeden.catcast.tv/content/47515/index.m3u8,,,,CityEdenAutoGid.ru@HD,,,,https://i.imgur.com/qpe8L27.png,Auto,,iptv-org-all.txt
City Eden Birma Play [Not 24/7],https://cityeden.catcast.tv/content/34364/index.m3u8,,,,CityEdenBirmaPlay.ru@HD,,,,https://i.imgur.com/38Q5L5W.png,Music,,iptv-org-all.txt
City Eden Classic Music [Not 24/7],https://cityeden.catcast.tv/content/47400/index.m3u8,,,,CityEdenClassicMusic.ru@HD,,,,https://i.imgur.com/l7BE8l6.png,Music,,iptv-org-all.txt
City Eden KinoAction [Not 24/7],https://cityeden.catcast.tv/content/41333/index.m3u8,,,,CityEdenKinoAction.ru@HD,,,,https://i.imgur.com/uuzuvD0.png,Movies,,iptv-org-all.txt
City Eden KinoArt [Not 24/7],https://cityeden.catcast.tv/content/38398/index.m3u8,,,,CityEdenKinoArt.ru@HD,,,,https://i.imgur.com/67CWCtz.png,Movies,,iptv-org-all.txt
City Eden KinoAsia [Not 24/7],https://cityeden.catcast.tv/content/34393/index.m3u8,,,,CityEdenKinoAsia.ru@HD,,,,https://i.imgur.com/gaket4B.png,Movies,,iptv-org-all.txt
City Eden KinoDetektiv [Not 24/7],https://cityeden.catcast.tv/content/41327/index.m3u8,,,,CityEdenKinoDetektiv.ru@HD,,,,https://i.imgur.com/9rKHwBV.png,Movies,,iptv-org-all.txt
City Eden KinoDok [Not 24/7],https://cityeden.catcast.tv/content/38354/index.m3u8,,,,CityEdenKinoDok.ru@HD,,,,https://i.imgur.com/itRbMX3.png,Documentary;Series,,iptv-org-all.txt
City Eden KinoDrama [Not 24/7],https://cityeden.catcast.tv/content/45269/index.m3u8,,,,CityEdenKinoDrama.ru@HD,,,,https://i.imgur.com/29ddffh.png,Movies,,iptv-org-all.txt
City Eden KinoFantastika [Not 24/7],https://cityeden.catcast.tv/content/45268/index.m3u8,,,,CityEdenKinoFantastika.ru@HD,,,,https://i.imgur.com/I64FeIO.png,Movies,,iptv-org-all.txt
City Eden KinoKlassika [Not 24/7],https://cityeden.catcast.tv/content/34185/index.m3u8,,,,CityEdenKinoKlassika.ru@HD,,,,https://i.imgur.com/0qGCS1S.png,Movies,,iptv-org-all.txt
City Eden KinoKomediya [Not 24/7],https://cityeden.catcast.tv/content/41331/index.m3u8,,,,CityEdenKinoKomediya.ru@HD,,,,https://i.imgur.com/Aga2XVA.png,Movies,,iptv-org-all.txt
City Eden KinoMistika [Not 24/7],https://cityeden.catcast.tv/content/40783/index.m3u8,,,,CityEdenKinoMistika.ru@HD,,,,https://i.imgur.com/s1Pid0K.png,Movies,,iptv-org-all.txt
City Eden KinoSemya [Not 24/7],https://v2.catcast.tv/content/38128/index.m3u8,,,,CityEdenKinoSemya.ru@HD,,,,https://i.imgur.com/YoWOZMx.png,Movies,,iptv-org-all.txt
City Eden MedZdrav [Not 24/7],https://cityeden.catcast.tv/content/47519/index.m3u8,,,,CityEdenMedZdrav.ru@HD,,,,https://i.imgur.com/BM4E0Kr.png,Lifestyle,,iptv-org-all.txt
City Eden Play [Not 24/7],https://cityeden.catcast.tv/content/34100/index.m3u8,,,,CityEdenPlay.ru@HD,,,,https://i.imgur.com/ozEqob9.png,Music,,iptv-org-all.txt
City Eden Recepty Gurmana [Not 24/7],https://cityeden.catcast.tv/content/47516/index.m3u8,,,,CityEdenReceptyGurmana.ru@HD,,,,https://i.imgur.com/wR0pvRc.png,Cooking,,iptv-org-all.txt
City Eden Sirtaki TV [Not 24/7],https://cityeden.catcast.tv/content/46421/index.m3u8,,,,CityEdenSirtakiTV.ru@HD,,,,https://i.imgur.com/V3MTfyc.png,Music,,iptv-org-all.txt
City Eden TeleNovella [Not 24/7],https://cityeden.catcast.tv/content/46209/index.m3u8,,,,CityEdenTeleNovella.ru@HD,,,,https://i.imgur.com/mT5liTh.png,Series,,iptv-org-all.txt
City Eden TV [Not 24/7],https://cityeden.catcast.tv/content/34246/index.m3u8,,,,CityEdenTV.ru@HD,,,,https://i.imgur.com/X9kACKi.png,General;Religious,,iptv-org-all.txt
City of Fairfield Channel 26 (720p) [Geo-blocked],https://reflect-fairfield-ca.cablecast.tv/live-8/live/live.m3u8,,,,CityofFairfieldChannel26.us@SD,,,,https://i.imgur.com/fiqaiUe.png,General,,iptv-org-all.txt
City of Fort Pierce (720p),https://edge-f.swagit.com/live/fortpiercefl/live-1-a/playlist.m3u8,,,,CityofFortPierce.us@SD,,,,https://i.imgur.com/2ChoSsi.png,Legislative,,iptv-org-all.txt
City of Loveland TV (1080p),https://reflect-cityofloveland-co.cablecast.tv/live-3/live/live.m3u8,,,,CityofLovelandTV.us@SD,,,,https://i.imgur.com/K9eCdXD.png,General,,iptv-org-all.txt
City of Monroe Government Channel,https://reflect-monroe-mi-ci.cablecast.tv/live-1/live/live.m3u8,,,,CityofMonroeGovernmentChannel.us@SD,,,,https://i.imgur.com/U5fZkCN.jpeg,Legislative,,iptv-org-all.txt
City of Pompano Beach (720p),https://cdn3.wowza.com/5/M0lyamVmM2JWcjhQ/pompano/G0765_005/playlist.m3u8,,,,CityofPompanoBeach.us@SD,,,,https://i.imgur.com/Bv9OGrH.png,Legislative,,iptv-org-all.txt
City TV (Bulgaria) (576p) [Not 24/7],https://tv.city.bg/play/tshls/citytv/index.m3u8,,,,CityTV.bg@SD,,,,https://i.imgur.com/mFL452f.png,Music,,iptv-org-all.txt
City TV (Hungary),https://citytv.hu/playlist.m3u8,,,,CityTV.hu@SD,,,,https://i.imgur.com/u0AKhzj.png,General,,iptv-org-all.txt
City TV Carlsbad (720p),https://edge-f.swagit.com/live/carlsbadca/live-3-a-1/playlist.m3u8,,,,CityTVCarlsbad.us@SD,,,,https://i.imgur.com/G6h8efT.png,General,,iptv-org-all.txt
City TV Channel 3/41 (360p),https://edge-f.swagit.com/live/chinohillsca/live-1-a/playlist.m3u8,,,,CityTVChannel341.us@SD,,,,https://i.imgur.com/L0vaDea.png,Legislative,,iptv-org-all.txt
CityNews Calgary (720p),https://citynewsregional.akamaized.net/hls/live/1024053/Regional_Live_8/master.m3u8,,,,CityNewsCalgary.ca@SD,,,,https://m.media-amazon.com/images/I/51Icdznow+L.png,News,,iptv-org-all.txt
CityNews Edmonton,https://citynewsregional.akamaized.net/hls/live/1024053/Regional_Live_8/Video-2Mbps.m3u8,,,,CityNewsEdmonton.ca@SD,,,,https://m.media-amazon.com/images/I/51Icdznow+L.png,News,,iptv-org-all.txt
CityNews Toronto (720p),https://citynewsregional.akamaized.net/hls/live/1024052/Regional_Live_7/master.m3u8,,,,CityNewsToronto.ca@SD,,,,https://m.media-amazon.com/images/I/51Icdznow+L.png,News,,iptv-org-all.txt
CityNews Vancouver (720p),https://citynewsregional.akamaized.net/hls/live/1024054/Regional_Live_9/master.m3u8,,,,CityNewsVancouver.ca@SD,,,,https://m.media-amazon.com/images/I/51Icdznow+L.png,News,,iptv-org-all.txt
CityTV 20 Santa Monica (360p) [Not 24/7],https://cdn3.wowza.com/5/bGZUOHp2TnhudnM2/santamonica/G0039_002/playlist.m3u8,,,,CityTV20SantaMonica.us@SD,,,,https://i.imgur.com/NY4fOLy.png,Legislative,,iptv-org-all.txt
Citytv Bogota (1080p),http://138.121.15.230:9002/CITY-TV/index.m3u8,,,,CitytvBogota.co@SD,,,,https://i.imgur.com/h7K9EW9.png,General,,iptv-org-all.txt
CityTV Lakewood (720p),https://dlttx48mxf9m3.cloudfront.net/vod_clients/lakewood/live/ch1/video.m3u8,,,,CityTVLakewood.us@SD,,,,https://i.imgur.com/e1shzv9.png,General,,iptv-org-all.txt
CityTV San Diego (360p),https://cdn3.wowza.com/5/dk84U1p2UUdoMGxT/sandiego/G1826_005/playlist.m3u8,,,,CityTVSanDiego.us@SD,,,,https://i.imgur.com/OfNV6I7.png,Legislative,,iptv-org-all.txt
CityTV Whittier (720p),https://whittier.cablecast.tv/live/stream-1/live.m3u8,,,,CityTVWhittier.us@SD,,,,https://i.imgur.com/68n7ifH.png,Legislative,,iptv-org-all.txt
Ciudad Magica (720p),https://lbgo.bozztv.com/ssh101/ssh101/verycoolfgr/playlist.m3u8,,,,CiudadMagica.ar@SD,,,,https://i.imgur.com/HJkSz2U.png,Outdoor,,iptv-org-all.txt
Ciudad TV Resistencia (720p),https://617c5175c970b.streamlock.net:4444/chacodxdtv/livenew/playlist.m3u8,,,,CiudadTVResistencia.ar@SD,,,,https://i.imgur.com/oL8SMTL.png,General,,iptv-org-all.txt
Ciudadano Radio (720p),https://oracle.streaminghd.cl/ciudadanoradiotv/ciudadanoradiotv/playlist.m3u8,,,,CiudadanoRadio.cl@SD,,,,https://cdn.m3u.cl/logo/1655_Ciudadano_Radio.png,General,,iptv-org-all.txt
Ciudades del Ocio TV (720p),https://cloudvideo.servers10.com:8081/8024/index.m3u8,,,,CiudadesdelOcioTV.es@SD,,,,https://i.imgur.com/CTQgqsM.png,Entertainment,,iptv-org-all.txt
CJ OnStyle (540p),https://live-ch1.cjonstyle.net/cjmalllive/stream2/playlist.m3u8,,,,CJOnStyle.kr@SD,,,,https://i.imgur.com/JiSfEBv.png,Shop,,iptv-org-all.txt
CJ OnStyle+ (540p),https://live-ch2.cjonstyle.net/cjosplus/live2/playlist.m3u8,,,,CJOnStylePlus.kr@SD,,,,https://i.imgur.com/OYmOL20.png,Shop,,iptv-org-all.txt
CKNO-FM (616p),https://videostream.jpbgdigital.com/NOWTV.m3u8,,,,CKNOFM.ca@SD,,,,https://i.imgur.com/sF2g7KE.png,Music,,iptv-org-all.txt
Clan (1080p),https://lge-lgla2.otteravision.com/lge/lgcla/lgcla.m3u8,,,,Clan.es@SD,,,,https://i.ibb.co/vv3FC2Nv/clan.png,Kids;Public,,iptv-org-all.txt
Clan Internacional,https://xyktmobile00.s.gy/PPV906_CLAN_INTE,,,,ClanInternacional.es@SD,,,,https://i.ibb.co/vv3FC2Nv/clan.png,Kids;Public,,iptv-org-all.txt
Clarity 4K (2160p) [Geo-blocked],https://pb-qyrvophnifz47.akamaized.net/Clarity_4K.m3u8,,,,Clarity4K.us@SD,,,,https://i.imgur.com/M87kbVk.png,General,,iptv-org-all.txt
Claro Television Dominicana (360p),https://streamunoapp.com:3960/live/claroteledomlive.m3u8,,,,ClaroTelevisionDominicana.do@SD,,,,https://i.imgur.com/fJD7OxB.png,General,,iptv-org-all.txt
Claro Vision TV (720p),https://streamunoapp.com:3057/live/clarovisiontvlive.m3u8,,,,ClaroVisionTV.do@SD,,,,https://i.imgur.com/MpTgJMJ.png,Entertainment,,iptv-org-all.txt
Class CNBC (1080p) [Geo-blocked],https://amg14891-amg14891c5-amgplt0020.playout.now3.amagi.tv/playlist.m3u8,,,,ClassCNBC.it@SD,,,,https://upload.wikimedia.org/wikipedia/commons/thumb/8/8d/Class_CNBC_2026.svg/960px-Class_CNBC_2026.svg.png,Business,,iptv-org-all.txt
Classic Arts Showcase (720p),https://classicarts.akamaized.net/hls/live/1024257/CAS/master.m3u8,,,,ClassicArtsShowcase.us@SD,,,,https://i.imgur.com/M6FFkc3.png,Culture;Education,,iptv-org-all.txt
Classic Cinema (240p) [Not 24/7],https://rpn.bozztv.com/gusa/gusa-classiccinema/index.m3u8,,,,ClassicCinema.us@SD,,,,https://i.imgur.com/FJoPnTb.png,Movies,,iptv-org-all.txt
Classic Movie Westerns,https://jmp2.uk/plu-61f33318210549000806a530.m3u8,,,,ClassicMovieWesterns.us@SD,,,,https://images.pluto.tv/channels/61f33318210549000806a530/colorLogoPNG.png,Movies;Series,,iptv-org-all.txt
Classic Movies Channel,https://jmp2.uk/plu-561c5b0dada51f8004c4d855.m3u8,,,,ClassicMoviesChannel.us@SD,,,,https://i.imgur.com/pQJxov2.png,Movies,,iptv-org-all.txt
Classic Music (1080p),http://stream.mcquack.net/312/index.m3u8,,,,ClassicMusic.ru@SD,,,,https://i.imgur.com/TpXs1qA.png,Music,,iptv-org-all.txt
Classic TV,https://clshls.wns.live/hls/stream.m3u8,,,,ClassicTV.ir@SD,,,,,Classic,,iptv-org-all.txt
Classic TV Comedy,https://jmp2.uk/plu-5f15e32b297f96000768f928.m3u8,,,,ClassicTVComedy.us@SD,,,,https://i.imgur.com/wg5I5Fb.png,Comedy,,iptv-org-all.txt
Classic TV Crime Drama,https://jmp2.uk/plu-61325c4f982acd000723287e.m3u8,,,,ClassicTVCrimeDrama.us@SD,,,,https://images.pluto.tv/channels/61325c4f982acd000723287e/colorLogoPNG.png,Classic,,iptv-org-all.txt
Classic TV Drama,https://jmp2.uk/plu-5f15e3cccf49290007053c67.m3u8,,,,ClassicTVDrama.us@SD,,,,https://i.imgur.com/XHQxv0x.png,Classic,,iptv-org-all.txt
Classic TV: Families,https://jmp2.uk/plu-61325d18f5166c00081b84e0.m3u8,,,,ClassicTVFamilies.us@US,,,,https://images.pluto.tv/channels/62e91af00c43540007f2bb43/colorLogoPNG.png,Classic,,iptv-org-all.txt
Classic TV: Families CA,https://jmp2.uk/plu-62e91af00c43540007f2bb43.m3u8,,,,ClassicTVFamilies.us@CA,,,,https://images.pluto.tv/channels/62e91af00c43540007f2bb43/colorLogoPNG.png,Classic,,iptv-org-all.txt
Classica (720p),https://jmp2.uk/plu-5f779951372da90007fd45e8.m3u8,,,,Classica.us@SD,,,,https://i.imgur.com/bLjmQTU.png,Music,,iptv-org-all.txt
Classique TV (360p),https://stmv1.srvif.com/classique/classique/playlist.m3u8,,,,ClassiqueTV.br@SD,,,,https://i.imgur.com/rHxcraT.png,Movies,,iptv-org-all.txt
Clergy TV (720p) [Not 24/7],https://goliveafrica.media:9998/live/650452cf2ddb2/index.m3u8,,,,ClergyTV.ke@SD,,,,https://i.imgur.com/RcxBEUo.jpg,Religious,,iptv-org-all.txt
ClickTV Chile (720p),https://v2.tustreaming.cl/clicktv/playlist.m3u8,,,,ClickTVChile.cl@SD,,,,https://i.imgur.com/H0XNbMS.png,Documentary,,iptv-org-all.txt
Cloudflare TV (720p),https://cloudflare.tv/hls/live.m3u8,,,,CloudflareTV.us@SD,,,,https://i.imgur.com/l4m0is8.jpeg,Education,,iptv-org-all.txt
cLoveworld TV (480p),https://live-hls-5rxy.livepush.io/live_cdn/em_LJ5aZjqp0LdiQ/index.m3u8,,,,cLoveworldTV.ng@SD,,,,https://i.imgur.com/MKKap2F.png,Religious,,iptv-org-all.txt
CLTV 36 (720p) [Not 24/7],https://live.cltv36.tv:5443/LiveApp/streams/cltvlive.m3u8,,,,CLTV36.ph@SD,,,,https://i.imgur.com/2fGhl7q.png,General,,iptv-org-all.txt
Club TV,https://tv.arkeo.cl:1936/clubtv/clubtv/playlist.m3u8,,,,ClubTV.cl@SD,,,,https://i.imgur.com/6fmQLF8.png,Undefined,,iptv-org-all.txt
Clubbing TV France,https://d1j2csarxnwazk.cloudfront.net/v1/master/3722c60a815c199d9c0ef36c5b73da68a62b09d1/cc-uze1m6xh4fiyr-ssai-prd/master.m3u8,,,,ClubbingTV.us@France,,,,https://i.imgur.com/MyiA92q.png,Music,,iptv-org-all.txt
Clubbing TV UK (720p),https://a-cdn.klowdtv.com/live3/clubbingtv_720p/playlist.m3u8,,,,ClubbingTV.us@UK,,,,https://i.imgur.com/MyiA92q.png,Music,,iptv-org-all.txt
CMAC 1 (720p),https://reflect-vod-cmac.cablecast.tv/live-11/live/stream-1/live.m3u8,,,,CMAC1.us@SD,,,,https://i.imgur.com/PYhdQy9.png,General,,iptv-org-all.txt
CMAC 2 (720p),https://reflect-vod-cmac.cablecast.tv/live-11/live/stream-2/live.m3u8,,,,CMAC2.us@SD,,,,https://i.imgur.com/O0sYOED.png,Education,,iptv-org-all.txt
CMAC 3 (720p),https://reflect-vod-cmac.cablecast.tv/live-11/live/stream-3/live.m3u8,,,,CMAC3.us@SD,,,,https://i.imgur.com/ToZzguz.png,Legislative,,iptv-org-all.txt
CMAP Channel 17 (720p),https://livestream.telvue.com/cmap1/f7b44cfafd5c52223d5498196c8a2e7b.sdp/playlist.m3u8,,,,CMAPChannel17.us@SD,,,,https://i.imgur.com/wlYUEYc.png,Legislative,,iptv-org-all.txt
CMAP Channel 18 (720p),https://livestream.telvue.com/cmap3/f7b44cfafd5c52223d5498196c8a2e7b.sdp/playlist.m3u8,,,,CMAPChannel18.us@SD,,,,https://i.imgur.com/wlYUEYc.png,General,,iptv-org-all.txt
CMAP Channel 19 (720p),https://livestream.telvue.com/cmap4/f7b44cfafd5c52223d5498196c8a2e7b.sdp/playlist.m3u8,,,,CMAPChannel19.us@SD,,,,https://i.imgur.com/wlYUEYc.png,Undefined,,iptv-org-all.txt
CMAP Channel 20 (720p),https://livestream.telvue.com/cmap5/f7b44cfafd5c52223d5498196c8a2e7b.sdp/playlist.m3u8,,,,CMAPChannel20.us@SD,,,,https://i.imgur.com/wlYUEYc.png,General,,iptv-org-all.txt
CMB Television (1080p),https://cdn1.cmbcolombia.tv/bethesda/video.m3u8,,,,CMBTelevision.co@SD,,,,https://i.imgur.com/akGKPsk.png,Religious,,iptv-org-all.txt
CMC TV (1080p),https://stream.cmctv.hr:49998/cmc/live.m3u8,,,,CMCTV.hr@SD,,,,https://i.imgur.com/FCb7Ag2.png,Music,,iptv-org-all.txt
CMC-USA Country Music Channel (720p),https://hwlive.streamingmediahosting.com/14215-live/0_obd393sh/playlist.m3u8,,,,CMCUSACountryMusicChannel.us@SD,,,,https://i.imgur.com/QsANRSu.png,Music,,iptv-org-all.txt
CMT (720p),http://23.237.104.106:8080/USA_CMT/index.m3u8,,,,CMT.us@East,,,,https://i.imgur.com/S7DOpdY.png,Music,,iptv-org-all.txt
CMT Equal Play (720p),https://jmp2.uk/plu-5f68f53eb1e5800007390bf8.m3u8,,,,CMTEqualPlay.us@SD,,,,https://i.imgur.com/9ysjkkL.png,Music,,iptv-org-all.txt
CMTV (720p),https://cdn3.wowza.com/5/UWpORHhLSEs5SkJs/costamesa/G0075_002/playlist.m3u8,,,,CMTV.us@SD,,,,https://i.imgur.com/73LKwAK.png,General,,iptv-org-all.txt
CMTv Kenya (576p) [Not 24/7],https://goliveafrica.media:9998/live/64ede813cfe1a/index.m3u8,,,,CMTvKenya.ke@SD,,,,https://i.imgur.com/ewHBokK.jpg,General,,iptv-org-all.txt
CNA (Albania) (1080p),https://live1.mediadesk.al/cnatvlive.m3u8,,,,CNA.al@SD,,,,https://codeit.al/wp-content/uploads/2020/08/cna.png,News,,iptv-org-all.txt
CNA (Algeria) (360p) [Not 24/7],https://live.creacast.com/cna/stream/playlist.m3u8,,,,CNA.dz@SD,,,,https://i.imgur.com/Ki3ySUE.png,Religious,,iptv-org-all.txt
CNA (Singapore) (1080p) [Geo-blocked],https://d2e1asnsl7br7b.cloudfront.net/7782e205e72f43aeb4a48ec97f66ebbe/index.m3u8,,,,CNA.sg@SD,,,,https://i.imgur.com/awIDugE.png,News,,iptv-org-all.txt
CNA International (576p),https://mumt05.tangotv.in/87NeALx2CNA/index.m3u8,,,,CNAInternational.sg@SD,,,,https://i.imgur.com/xWglicB.png,News,,iptv-org-all.txt
CNA Originals (1080p),https://amg01082-cna-amg01082c1-rlaxx-us-11304.playouts.now.amagi.tv/playlist.m3u8,,,,CNAOriginals.sg@SD,,,,https://upload.wikimedia.org/wikipedia/commons/thumb/8/83/CNA_new_logo.svg/500px-CNA_new_logo.svg.png,Documentary,,iptv-org-all.txt
CNBC (720p),http://4.30.180.36:8420/cnbc/index.m3u8?token=test,,,,CNBC.us@SD,,,,https://upload.wikimedia.org/wikipedia/commons/thumb/b/bc/CNBC_2025.svg/960px-CNBC_2025.svg.png,Business,,iptv-org-all.txt
CNBC Arabiya (1080p),https://cnbc-live.akamaized.net/cnbc/master.m3u8,,,,CNBCArabiya.ae@SD,,,,https://upload.wikimedia.org/wikipedia/commons/thumb/e/ea/CNBC_Arabia_2025.svg/960px-CNBC_Arabia_2025.svg.png,Business,,iptv-org-all.txt
CNBC Asia (720p),http://nmk.ioapk.com:5050/4gtv-live130/index.m3u8,,,,CNBCAsia.sg@SD,,,,https://upload.wikimedia.org/wikipedia/commons/thumb/b/bc/CNBC_2025.svg/960px-CNBC_2025.svg.png,Business,,iptv-org-all.txt
CNBC Awaaz (1080p),https://n18syndication.akamaized.net/bpk-tv/CNBC_Awaaz_NW18_MOB/output01/master.m3u8,,,,CNBCAwaaz.in@SD,,,,https://jiotvimages.cdn.jio.com/dare_images/images/CNBCAwaaz.png,Business,,iptv-org-all.txt
CNBC Bajar (1080p),https://n18syndication.akamaized.net/bpk-tv/CNBC_Bazaar_NW18_MOB/output01/master.m3u8,,,,CNBCBajar.in@SD,,,,https://jiotvimages.cdn.jio.com/dare_images/images/CNBCBajar.png,Business,,iptv-org-all.txt
