频道名,地址,回播地址,回播类型,回播天数,tvg-id,tvg-name,国家分组,语言分组,图标,原分组,分辨率,来源文件
Kanaal Z (1080p),https://d1hz1p2gea2zy4.cloudfront.net/live/rmgtv/RMG-TRENDSZNL-LIVE/index.m3u8,,,,KanaalZ.be@SD,,,,https://i.imgur.com/YzgYJxM.png,Business,,iptv-org-all.txt
Kanak News (576p),https://mumbai-edge.smartplaytv.in/kanaknews/index.m3u8,,,,KanakNews.in@SD,,,,https://xstreamcp-assets-msp.streamready.in/assets/LIVETV/LIVECHANNEL/LIVETV_LIVETVCHANNEL_KANAK_NEWS/images/LOGO_HD/image.png,News,,iptv-org-all.txt
Kanal 3 (1080p) [Not 24/7],https://live.artidijitalmedya.com/artidijital_kanal3/kanal3/playlist.m3u8,,,,Kanal3.tr@SD,,,,https://i.imgur.com/eXErSv0.png,General,,iptv-org-all.txt
Kanal 5 (360p),https://s2.teve.mk/tvstanici/2/playlist.m3u8,,,,Kanal5.mk@SD,,,,https://i.imgur.com/Qw7N3S2.png,General,,iptv-org-all.txt
Kanal 6 (288p),https://restreamer1.tnt.ba/hls/kanal6.m3u8,,,,Kanal6.ba@SD,,,,https://i.imgur.com/GGhvR0l.png,General,,iptv-org-all.txt
Kanal 7 (720p),https://kanal7.blutv.com/blutv_kanal7_live/live.m3u8,,,,Kanal7.tr@SD,,,,https://i.imgur.com/0gq9xOm.png,Entertainment,,iptv-org-all.txt
Kanal 7 Avrupa (720p) [Not 24/7],https://livetv.radyotvonline.net/kanal7live/kanal7avr/playlist.m3u8,,,,Kanal7Avrupa.tr@SD,,,,https://i.imgur.com/wlfyj5l.png,Entertainment,,iptv-org-all.txt
Kanal 10 Asia (540p),http://cdn-kanal10.crossnet.net:1935/kanal10/kanal10asia/playlist.m3u8,,,,Kanal10Asia.se@SD,,,,https://i.imgur.com/tY7IJva.png,Religious,,iptv-org-all.txt
Kanal 12 (720p),https://live.artidijitalmedya.com/artidijital_kanal12/kanal12/playlist.m3u8,,,,Kanal12.tr@SD,,,,https://i.imgur.com/51xCkXG.png,General,,iptv-org-all.txt
Kanal12 Spremberg TV (404p) [Not 24/7],https://58de7a369a9c4.streamlock.net/sprembergtv/live/playlist.m3u8,,,,Kanal12SprembergTV.de@SD,,,,https://i.ibb.co/1LzJz7Y/Channels4-profile-7.jpg,General,,iptv-org-all.txt
Kanal 15 (720p) [Not 24/7],https://live.artidijitalmedya.com/artidijital_kanal15/kanal15/playlist.m3u8,,,,Kanal15.tr@SD,,,,https://i.imgur.com/wb1Cdc9.png,General,,iptv-org-all.txt
Kanal 23 (1080p),https://cdn-kanal23.yayin.com.tr/kanal23/index.m3u8,,,,Kanal23.tr@SD,,,,https://i.imgur.com/3br8RCq.png,General,,iptv-org-all.txt
Kanal 26 (720p) [Not 24/7],https://live.artidijitalmedya.com/artidijital_kanal26/kanal26/playlist.m3u8,,,,Kanal26.tr@SD,,,,https://i.imgur.com/Mr7XPii.png,General,,iptv-org-all.txt
Kanal 32 (720p) [Not 24/7],https://edge1.socialsmart.tv/kanal32/bant1/playlist.m3u8,,,,Kanal32.tr@SD,,,,,General,,iptv-org-all.txt
Kanal 33 (720p) [Not 24/7],https://edge1.socialsmart.tv/kanal33/bant1/playlist.m3u8,,,,Kanal33.tr@SD,,,,https://i.imgur.com/5WYaoFZ.png,General,,iptv-org-all.txt
Kanal 34 (720p) [Not 24/7],https://vdo.digitalbox.xyz:3266/live/kanal34tvlive.m3u8,,,,Kanal34.tr@SD,,,,https://i.imgur.com/SIaI6Sj.png,General,,iptv-org-all.txt
Kanal 35 (720p),https://str2.yodacdn.net/kanal35/index.m3u8,,,,Kanal35.az@SD,,,,https://live.ntv.az/kanal35.png,General,,iptv-org-all.txt
Kanal 58 (720p) [Not 24/7],https://live.artidijitalmedya.com/artidijital_kanal58/kanal58/playlist.m3u8,,,,Kanal58.tr@SD,,,,https://i.imgur.com/Rgc66sv.png,General,,iptv-org-all.txt
Kanal A,https://streamer01.xploretv.si/__cl/cg:prod/__c/A1_SI_AKANALHD_ott/__op/dash-default/__dci/__f/index.m3u8?admin=xploreTv_test_user&redirect=true,,,,KanalA.si@SD,,,,https://i.imgur.com/JHNpcqF.png,General,,iptv-org-all.txt
Kanal D2 (1080i),https://stream2.kanald.ro/iphone/knd2-live.m3u8,,,,KanalD2.ro@SD,,,,https://i.imgur.com/0SMSIm9.png,Undefined,,iptv-org-all.txt
Kanal D (Romania) (480p),https://stream1.kanald.ro/iphone/knd-live.m3u8,,,,KanalD.ro@SD,,,,https://i.imgur.com/15ILp0P.png,General,,iptv-org-all.txt
Kanal D (Turkiye) (1080p),https://demiroren.daioncdn.net/kanald/kanald.m3u8?app=kanald_web&ce=3,,,,KanalD.tr@SD,,,,https://i.imgur.com/9o1atM6.png,General,,iptv-org-all.txt
Kanal D Drama (1080p),http://190.93.224.42/KANAL-D-DRAMA/index.m3u8,,,,KanalDDrama.tr@SD,,,,https://i.imgur.com/WIeZMKT.png,Entertainment,,iptv-org-all.txt
Kanal Firat (720p) [Not 24/7],https://live.artidijitalmedya.com/artidijital_kanalfirat/kanalfirat/playlist.m3u8,,,,KanalFirat.tr@SD,,,,https://i.imgur.com/3o8Rokp.png,General,,iptv-org-all.txt
Kanal Hayat (1080p),https://tbn02a.ltnschedule.com/hls/nx21i.m3u8,,,,KanalHayat.tr@SD,,,,https://i.imgur.com/eikZj19.png,General,,iptv-org-all.txt
Kanal Hovedstaden (720p) [Not 24/7],http://khkbh.dk:8080/hls/livestream/index.m3u8,,,,KanalHovedstaden.dk@SD,,,,https://i.imgur.com/afujBQs.jpeg,General,,iptv-org-all.txt
Kanal Jadid,https://kjhls.wns.live/hls/stream.m3u8,,,,KanalJadid.uk@SD,,,,https://i.imgur.com/7oGGgfD.png,General,,iptv-org-all.txt
Kanal S,https://lives.atv.az:5443/KANAL-S/streams/kanals.m3u8,,,,KanalS.az@SD,,,,https://raw.githubusercontent.com/songwenhui239/Songwenhui239/refs/heads/main/Kanal%20S.png,General,,iptv-org-all.txt
Kanal V (720p) [Not 24/7],https://live.artidijitalmedya.com/artidijital_kanalv/kanalv/playlist.m3u8,,,,KanalV.tr@SD,,,,https://i.imgur.com/7RNjTno.png,General,,iptv-org-all.txt
KandelaTV (480p),https://streamtv.intervenhosting.net:3718/live/kandelamedioslive.m3u8,,,,KandelaTV.ve@SD,,,,https://i.imgur.com/cCFxyIp.jpg,Music,,iptv-org-all.txt
Kangba TV,http://110.185.237.164:8888/hls/30/index.m3u8,,,,KangbaTV.cn@SD,,,,https://www.tvchinese.net/uploads/tv/kangbatv.jpg,General,,iptv-org-all.txt
Kanizsa TV (400p),https://cloudfront44.lexanetwork.com:1344/freerelay/kanizsavtv.sdp/playlist.m3u8,,,,KanizsaTV.hu@SD,,,,https://i.imgur.com/l02znlE.png,General,,iptv-org-all.txt
Kanshi TV (720p) [Not 24/7],https://live.kanshitv.co.uk/mobile/kanshitvkey.m3u8,,,,KanshiTV.uk@SD,,,,https://i.imgur.com/w6uXMrK.png,Religious,,iptv-org-all.txt
Kantipur Max [Geo-blocked],https://ktvhdsg.ekantipur.com:8443/ktvmax2025/match2/playlist.m3u8,,,,KantipurMax.np@SD,,,,https://i.imgur.com/EZUyzhG.jpg,Movies,,iptv-org-all.txt
Kantipur TV,https://ktvhdsg.ekantipur.com:8443/high_quality_85840165/hd/kantipurtv/hd_1080/chunks.m3u8,,,,KantipurTV.np@HD,,,,https://i.imgur.com/HEVo2Gc.png,General,,iptv-org-all.txt
Kantipur TV SD (1080p),https://ktvhdsg.ekantipur.com:8443/high_quality_85840165/hd/playlist.m3u8,,,,KantipurTV.np@SD,,,,https://i.imgur.com/HEVo2Gc.png,General,,iptv-org-all.txt
Kapaz TV,http://85.132.78.122:8050/hls/stream/index.m3u8,,,,KapazTV.az@SD,,,,https://upload.wikimedia.org/wikipedia/az/thumb/3/3e/K%C9%99p%C9%99z_TV_%282019-h.h.%29.png/500px-K%C9%99p%C9%99z_TV_%282019-h.h.%29.png,News,,iptv-org-all.txt
Kapitan Fantastika (1080p),http://stream.mcquack.net/144/index.m3u8,,,,KapitanFantastika.ru@SD,,,,https://i.imgur.com/K3PSHiT.png,Kids,,iptv-org-all.txt
Kapitan Fantastika HD (1080p),http://str2.iptvhd.ru:8080/Ginger_HD/index.m3u8,,,,KapitanFantastika.ru@HD,,,,https://i.imgur.com/K3PSHiT.png,Kids,,iptv-org-all.txt
Kapos TV (1080p),https://cloudfront63.lexanetwork.com:1344/relay01/livestream004.sdp/playlist.m3u8,,,,KaposTV.hu@SD,,,,https://i.imgur.com/ZMrj2C5.png,General,,iptv-org-all.txt
Kappa TV (576p),https://mumt03.tangotv.in/Dsly5z3HKAPPATV/index.m3u8,,,,KappaTV.in@SD,,,,https://jiotvimages.cdn.jio.com/dare_images/images/Kappa_TV.png,Lifestyle,,iptv-org-all.txt
Karbala Documentary,https://ktvlive.online/stream/hls/ch3.m3u8,,,,KarbalaDocumentary.iq@HD,,,,https://www.karbala-tv.iq/documentary/static/img/logo.png,Documentary;Religious,,iptv-org-all.txt
Karcag TV (720p),https://cloudfront41.lexanetwork.com:1344/relay03/livestream003.sdp/playlist.m3u8,,,,KarcagTV.hu@SD,,,,https://i.imgur.com/QcrVj3Q.png,General,,iptv-org-all.txt
Karibena (720p),http://187.102.210.46/KARIBENA/index.m3u8,,,,Karibena.pe@SD,,,,https://i.imgur.com/cgHjg1e.png,Music,,iptv-org-all.txt
Kartoon Channel! (1080p),https://lightning-fnf-samsungaus.amagi.tv/playlist.m3u8,,,,KartoonChannel.us@SD,,,,https://i.imgur.com/1luzP3T.png,Kids,,iptv-org-all.txt
Kashish News (720p),https://server.thelegitpro.in/kashishnews/kashishnews/index.m3u8,,,,KashishNews.in@SD,,,,https://i.imgur.com/qfINs2r.png,News,,iptv-org-all.txt
Kass TV (720p) [Not 24/7],https://goliveafrica.media:9998/live/62f643cdca8cf/index.m3u8,,,,KassTV.ke@SD,,,,https://i.imgur.com/MW8wZ5v.png,General,,iptv-org-all.txt
KassouaTV (720p),https://playtv4k.live/live/kassouatv/index.m3u8,,,,KassouaTV.bj@SD,,,,https://i.imgur.com/EfX3HNG.png,General,,iptv-org-all.txt
KaufBei TV (576p),https://api.alpaca.t62a.com/hls/9103/index.m3u8,,,,KaufBeiTV.de@SD,,,,https://i.imgur.com/CVJWiM0.png,Shop,,iptv-org-all.txt
Kaumudy TV (720p),https://oqgdrkxby4rm-hls-live.5centscdn.com/kaumudytv/live.stream/playlist.m3u8,,,,KaumudyTV.in@SD,,,,https://dtil.tmsimg.com/assets/s143259_ld_h15_aa.png?lock=720x540,General,,iptv-org-all.txt
Kavkaz 24 (576p),https://vgtrkregion-reg.cdnvideo.ru/vgtrk/stavropol/kavkaz24-hd/index.m3u8,,,,Kavkaz24.ru@SD,,,,https://i.imgur.com/DyJw1Pi.png,General,,iptv-org-all.txt
Kawanua TV (720p),http://122.248.43.242:1935/KAWANUATV/_definst_/myStream/playlist.m3u8,,,,KawanuaTV.id@SD,,,,https://upload.wikimedia.org/wikipedia/commons/5/5f/Logo_kawanua_tv.png,General,,iptv-org-all.txt
Kay2 HD (1080p),http://103.250.28.74:8000/play/a027/index.m3u8,,,,Kay2HD.pk@SD,,,,https://i.imgur.com/CRKk0iP.png,General,,iptv-org-all.txt
Kay TV (576p) [Geo-blocked],https://live.artidijitalmedya.com/artidijital_kaytv/kaytv/playlist.m3u8,,,,KayTV.tr@SD,,,,https://i.imgur.com/MymuDJ1.png,General,,iptv-org-all.txt
Kayhan TV (720p),https://playout395.livestreamingcdn.com/live/Stream1/playlist.m3u8,,,,KayhanTV.af@SD,,,,https://i.imgur.com/2MDjU7x.png,Music,,iptv-org-all.txt
KBC News (1080p),https://stream.ottlive.co.in/kbcnews/index.m3u8,,,,KBCNews.in@SD,,,,https://jiotvimages.cdn.jio.com/dare_images/images/kbcnews.png,News,,iptv-org-all.txt
KBEV (1080p),https://s3-us-west-2.amazonaws.com/beverly-hills-high-school.castus-vod/live/ch1/video.m3u8,,,,KBEV.us@SD,,,,https://i.imgur.com/YFVrphZ.png,Education,,iptv-org-all.txt
KBP Times (1080p),https://kbpnews.cloud/Kbptimes/Kbptimeslive/video.m3u8,,,,KBPTimes.in@SD,,,,https://jiotvimages.cdn.jio.com/dare_images/images/KBPTimes.png,News,,iptv-org-all.txt
KBRI-8 (720p),https://brightonco.cablecast.tv/live-4/live/live.m3u8,,,,KBRI8.us@SD,,,,https://i.imgur.com/r8lLsyh.png,Legislative,,iptv-org-all.txt
KBS Joy [Not 24/7],https://xykt-fix.github.io/flv/KJ_W.m3u8,,,,KBSJoy.kr@SD,,,,https://upload.wikimedia.org/wikipedia/commons/thumb/6/6b/KBS_JOY.svg/960px-KBS_JOY.svg.png,Entertainment,,iptv-org-all.txt
KBSV 23.1 (720p) [Not 24/7],http://66.242.170.53/hls/live/temp/index.m3u8,,,,KBSV231.us@SD,,,,https://i.imgur.com/6lklsyN.png,General;Religious,,iptv-org-all.txt
KC2 (720p) [Not 24/7],http://197.243.19.131:1935/kc2/kc2/chunklist.m3u8,,,,KC2.rw@SD,,,,https://i.imgur.com/PsYPzNc.png,Entertainment,,iptv-org-all.txt
KCAT (1080p),https://reflect-kcat-live.cablecast.tv/live-2/live/live.m3u8,,,,KCAT.us@SD,,,,https://i.imgur.com/ZAypRkk.png,Education,,iptv-org-all.txt
KCHTV (1080p),http://iptv.kchtv.video.makrodigital.com:8081/kchtv/iptv/playlist.m3u8,,,,KCHTV.ec@SD,,,,https://i.imgur.com/CwQmZm7.jpeg,General,,iptv-org-all.txt
KCL TV (720p),https://kcltv.livebox.co.in/kclhls/live.m3u8,,,,KCLTV.in@SD,,,,https://i.imgur.com/bkp9dIm.png,Entertainment,,iptv-org-all.txt
KCM India (1080p) [Geo-blocked],https://amg02159-amg02159c7-samsung-in-4001.playouts.now.amagi.tv/playlist/amg02159-kcglobal-kcm-samsungin/playlist.m3u8,,,,KCM.sg@India,,,,https://jiotvimages.cdn.jio.com/dare_images/images/KCM.png,Entertainment;Movies,,iptv-org-all.txt
KCTV (720p) [Not 24/7],http://119.77.96.184:1935/chn05/chn05/playlist.m3u8,,,,KCTV.kr@SD,,,,https://i.imgur.com/IHkZpaI.png,General,,iptv-org-all.txt
Kecskemeti TV (416p) [Not 24/7],http://rtmp1.40e.hu:8000/live/ktv.m3u8,,,,KecskemetiTV.hu@SD,,,,https://i.imgur.com/yxwrX2N.png,General,,iptv-org-all.txt
Kemet TV,https://kemettv.cm/memfs/4e7fb105-9f92-4e8d-a7cd-09923f17a577.m3u8,,,,KemetTV.cm@SD,,,,https://i.imgur.com/NZ0YqOb.jpeg,Culture,,iptv-org-all.txt
KempenTV (480p),http://ms7.mx-cd.net/tv/Omroep_de_Kempen.smil/playlist.m3u8,,,,KempenTV.nl@SD,,,,https://i.imgur.com/ZiPL9ar.png,General,,iptv-org-all.txt
Kenan & Kel,https://jmp2.uk/plu-5fcea93ffcf94500071c4b2f.m3u8,,,,KenanKel.us@LatAm,,,,https://images.pluto.tv/channels/5ffcc5130fd98c0007f2e216/colorLogoPNG.png,Series,,iptv-org-all.txt
Kenan & Kel BR,https://jmp2.uk/plu-5ffcc5130fd98c0007f2e216.m3u8,,,,KenanKel.us@BR,,,,https://images.pluto.tv/channels/5ffcc5130fd98c0007f2e216/colorLogoPNG.png,Series,,iptv-org-all.txt
Kent Turk (1080p) [Not 24/7],https://live.artidijitalmedya.com/artidijital_kentturktv/kentturktv/playlist.m3u8,,,,KentTurk.tr@SD,,,,https://i.imgur.com/FQKPjsm.png,General,,iptv-org-all.txt
Kentucky Educational Television WKMJ-TV (480p),https://2-fss-1.streamhoster.com/pl_122/amlst:200914-2942150/playlist.m3u8,,,,KentuckyEducationalTelevision.us@WKMJTV,,,,https://static.wikia.nocookie.net/tvstations/images/2/29/WKLE.png/revision/latest?cb=20210528010650,Undefined,,iptv-org-all.txt
Kentucky Educational Television WKPC-TV (480p),https://2-fss-2.streamhoster.com/pl_132/amlst:200914-1315486/playlist.m3u8,,,,KentuckyEducationalTelevision.us@WKPCTV,,,,https://static.wikia.nocookie.net/tvstations/images/2/29/WKLE.png/revision/latest?cb=20210528010650,Undefined,,iptv-org-all.txt
Kerala Vision (576p),https://mumt03.tangotv.in/Dsly5z3HKERALAVISION/index.m3u8,,,,KeralaVision.in@SD,,,,https://i.imgur.com/SWNjyyp.png,Entertainment,,iptv-org-all.txt
Kerman TV,https://ncdn.telewebion.ir/kerman/live/playlist.m3u8,,,,KermanTV.ir@SD,,,,https://upload.wikimedia.org/wikipedia/commons/thumb/9/9b/Kerman_irib_logo_%28blue_version%29.png/960px-Kerman_irib_logo_%28blue_version%29.png,General,,iptv-org-all.txt
Kern County TV,https://cdn3.wowza.com/5/dk84U1p2UUdoMGxT/kern/G0169_003/playlist.m3u8,,,,KernCountyTV.us@SD,,,,https://i.imgur.com/AJcuBCF.png,Legislative,,iptv-org-all.txt
Kerusso TV (720p),https://s.emisoras.tv:8081/kerussotv/index.m3u8,,,,KerussoTV.hn@SD,,,,https://i.imgur.com/S79uof0.png,Religious,,iptv-org-all.txt
Ketchup TV (720p),https://d24p9tv2w5yorn.cloudfront.net/vod.m3u8,,,,KetchupTV.us@SD,,,,https://i.imgur.com/XRGioQX.png,Kids,,iptv-org-all.txt
Kevin Hart's LOL! Network (720p),https://d1kt53vrikzr5o.cloudfront.net/v1/lol_lolnetwork_5/samsungheadend_us/latest/main/hls/playlist.m3u8,,,,KevinHartsLOLNetwork.us@SD,,,,https://i.imgur.com/Tiy3Ur2.png,Comedy,,iptv-org-all.txt
Key & Peele,https://jmp2.uk/plu-65cba798d77d450008d056e5.m3u8,,,,KeyPeele.se@SE,,,,https://images.pluto.tv/channels/65cba715dc10a40008034917/colorLogoPNG.png,Comedy,,iptv-org-all.txt
Key & Peele DK,https://jmp2.uk/plu-65cba715dc10a40008034917.m3u8,,,,KeyPeele.se@DK,,,,https://images.pluto.tv/channels/65cba715dc10a40008034917/colorLogoPNG.png,Comedy,,iptv-org-all.txt
Key & Peele NO,https://jmp2.uk/plu-65cba7573ba51e00084d76e1.m3u8,,,,KeyPeele.se@NO,,,,https://images.pluto.tv/channels/65cba715dc10a40008034917/colorLogoPNG.png,Comedy,,iptv-org-all.txt
KFON TV (720p) [Geo-blocked],https://reflect-watchkfon-fontana.cablecast.tv/live-3/live/live.m3u8,,,,KFONTV.us@SD,,,,https://i.imgur.com/MQHYm3V.png,General,,iptv-org-all.txt
Khabar (576p),https://fs.uplink.kz/habar/mono.m3u8?token=onlinetv,,,,Khabar.kz@SD,,,,https://i.imgur.com/xG3HxId.png,General,,iptv-org-all.txt
Khabar Fast (576p),https://mumt04.tangotv.in/m18aqlK4KHABARFAST/index.m3u8,,,,KhabarFast.in@SD,,,,https://jiotvimages.cdn.jio.com/dare_images/images/Khabar_Fast.png,News,,iptv-org-all.txt
Khabrain Abhi Tak (576p),https://mumt05.tangotv.in/87NeALx2KHABRAINABHITAK/index.m3u8,,,,KhabrainAbhiTak.in@SD,,,,https://dtil.tmsimg.com/assets/s143262_ld_h15_aa.png?lock=720x540,News,,iptv-org-all.txt
Khalij-e Fars TV,https://ncdn.telewebion.ir/khalijefars/live/playlist.m3u8,,,,KhalijeFarsTV.ir@SD,,,,https://upload.wikimedia.org/wikipedia/fa/thumb/7/7c/Bandar_KHALI_J_e_FARS_TV.svg/960px-Bandar_KHALI_J_e_FARS_TV.svg.png,General,,iptv-org-all.txt
Khanh Hoa TV (1080p),https://cdnbaokhanhhoa.com/live/1332e3a79e27.m3u8?vhost=video,,,,KhanhHoaTV.vn@SD,,,,https://i.imgur.com/qLMcGPT.png,General,,iptv-org-all.txt
Khatlon (576p),https://live.teleradiocom.tj/10/3m.m3u8,,,,Khatlon.tj@SD,,,,https://i.imgur.com/X4xVpBj.png,General,,iptv-org-all.txt
Khavaran TV,https://ncdn.telewebion.ir/khavaran/live/playlist.m3u8,,,,KhavaranTV.ir@SD,,,,https://upload.wikimedia.org/wikipedia/fa/8/86/KHAVARAN_tv.png,General,,iptv-org-all.txt
KHL (720p),http://31.148.48.15/KHL_TV/index.m3u8,,,,KHL.ru@SD,,,,https://i.imgur.com/RgdHdOV.png,Sports,,iptv-org-all.txt
KHL Prime (1080p),http://str2.iptvhd.ru:8080/KHL_TV_HD/index.m3u8,,,,KHLPrime.ru@HD,,,,https://i.imgur.com/pwxT0ON.png,Sports,,iptv-org-all.txt
Khorasan Razavi TV,https://ncdn.telewebion.ir/khorasanrazavi/live/playlist.m3u8,,,,KhorasanRazaviTV.ir@SD,,,,https://upload.wikimedia.org/wikipedia/fa/b/bd/%D9%84%D9%88%DA%AF%D9%88_%D8%B4%D8%A8%DA%A9%D9%87_%D8%AE%D8%B1%D8%A7%D8%B3%D8%A7%D9%86_%D8%B1%D8%B6%D9%88%DB%8C.png,General,,iptv-org-all.txt
Khozestan TV,https://ncdn.telewebion.ir/khoozestan/live/playlist.m3u8,,,,KhozestanTV.ir@SD,,,,https://upload.wikimedia.org/wikipedia/fa/thumb/9/9a/Ahwaz_TV.svg/960px-Ahwaz_TV.svg.png,General,,iptv-org-all.txt
Khushboo Bangla (720p),https://cdn.pishow.tv/ott/live/1473/master.m3u8,,,,KhushbooBangla.in@SD,,,,https://xstreamcp-assets-msp.streamready.in/assets/LIVETV/LIVECHANNEL/LIVETV_LIVETVCHANNEL_KHUSHBOO_BANGLA/images/LOGO_HD/image.png,Entertainment,,iptv-org-all.txt
KidOO (1080p) [Geo-blocked],http://15.204.246.24:8080/KidooHD/index.m3u8,,,,KidOO.us@SD,,,,https://digitaltv.prensariozone.com/wp-content/uploads/2022/11/Logo-KidOO.png,Animation;Kids,,iptv-org-all.txt
Kidoodle.TV (1080p),https://amg07653-apmc-amg07653c9-samsung-us-8740.playouts.now.amagi.tv/playlist.m3u8,,,,KidoodleTV.ca@SD,,,,https://i.imgur.com/MaFtbM5.png,Kids,,iptv-org-all.txt
Kids Movie Club,https://jmp2.uk/plu-5db0ad56edc89300090d2ebb.m3u8,,,,KidsMovieClub.us@SD,,,,https://i.imgur.com/avFk0Tt.png,Kids;Movies,,iptv-org-all.txt
Kids TV,http://origin5.mediacdn.ru/live/kidstv/index.m3u8,,,,KidsTV.id@SD,,,,https://i.imgur.com/B5YiUIP.png,Kids,,iptv-org-all.txt
Kids Zone (720p),http://103.250.28.74:8000/play/a04m/index.m3u8,,,,KidsZone.pk@SD,,,,https://i.imgur.com/mJWBVH1.png,Kids,,iptv-org-all.txt
KidsFlix (1080p) [Not 24/7],https://stream-us-east-1.getpublica.com/playlist.m3u8?network_id=50,,,,KidsFlix.us@SD,,,,https://i.imgur.com/4Pn0ADQ.png,Kids;Movies,,iptv-org-all.txt
KIIO-LD 10.1,http://livestream.usatv.com/hls/master-iUSATVLIVENET.m3u8,,,,KIIOLD101.us@HD,,,,https://i.imgur.com/wkzwXFO.png,Culture,,iptv-org-all.txt
KIIO-LD 10.4 (480p),https://streamer1.connectto.com/AABC_WEB_1201/index.m3u8,,,,KIIOLD104.us@SD,,,,https://i.imgur.com/Spu4s89.png,Culture,,iptv-org-all.txt
KiKA (1080p) [Not 24/7],https://kikahls.akamaized.net/hls/live/2022690/livetvkika_ww/master.m3u8,,,,KiKA.de@SD,,,,https://i.imgur.com/vZdNp5S.png,Kids,,iptv-org-all.txt
KiKA HD,https://dash4.antik.sk/live/test_kika_tizen/playlist.m3u8,,,,KiKA.de@HD,,,,https://i.imgur.com/vZdNp5S.png,Kids,,iptv-org-all.txt
Kilisuci TV,https://5bf7b725107e5.streamlock.net/kstv/kstv/playlist.m3u8,,,,KilisuciTV.id@SD,,,,https://upload.wikimedia.org/wikipedia/id/e/e4/Kilisuci_TV_NEW_LOGO_2016.png,General,,iptv-org-all.txt
Kin24,http://51.254.199.122:8080/kin24/index.m3u8,,,,Kin24.cd@SD,,,,https://i.imgur.com/Lak10Wo.png,News,,iptv-org-all.txt
Kineko (1080p),http://31.148.48.15/Kineko_HD/index.m3u8,,,,Kineko.ru@SD,,,,https://i.imgur.com/Otfvlmf.png,Movies,,iptv-org-all.txt
King TV (720p) [Not 24/7],https://streamer12.vdn.dstreamone.net/kingtv/kingtv/playlist.m3u8,,,,KingTV.pk@SD,,,,https://i.imgur.com/dujrwRE.png,Religious,,iptv-org-all.txt
Kingsview TV (1080p),https://j78dp6reyq5r-hls-live.5centscdn.com/4896_push_1963_001/00cb1f2e4ff89048f2e77e26940c00e6.sdp/playlist.m3u8,,,,KingsviewTV.ng@SD,,,,https://i.imgur.com/py1XOXX.png,Entertainment,,iptv-org-all.txt
Kino 1 (Russia) [Not 24/7],http://kino-1.catcast.tv/content/38617/index.m3u8,,,,Kino1.ru@International,,,,https://i.imgur.com/zsCPLs4.png,Movies,,iptv-org-all.txt
Kino 24 (720p),http://sirius.greenhosting.ru/Kino24Ru/video.m3u8,,,,Kino24.ru@SD,,,,https://i.imgur.com/QAdDARF.png,Movies,,iptv-org-all.txt
Kino TV (720p),http://31.148.48.15/Kino_TV_HD/index.m3u8,,,,KinoTV.ru@SD,,,,https://i.imgur.com/sMpamNO.png,Movies,,iptv-org-all.txt
Kino TV HD (1080p),http://176.118.197.101/KinoTvHD/playlist.m3u8,,,,KinoTV.ru@HD,,,,https://i.imgur.com/sMpamNO.png,Movies,,iptv-org-all.txt
KinoBoevik (1080p),https://fs.uplink.kz/kinoboevik/mono.m3u8?token=onlinetv,,,,KinoBoevik.kz@SD,,,,https://kt.server-img.lfstrm.tv/images/channel_logos/logo_66b351f01f828dca40d006b3.png,Movies,,iptv-org-all.txt
KinoHit (576p),http://stream.mcquack.net/126/index.m3u8,,,,KinoHit.ru@SD,,,,https://i.imgur.com/Ge8vkQM.png,Movies,,iptv-org-all.txt
Kinokomedija (576p),http://stream.mcquack.net/265/index.m3u8,,,,Kinokomedija.ru@SD,,,,https://i.imgur.com/dVjtth0.png,Comedy,,iptv-org-all.txt
Kinomix (576p),http://93.170.254.17/Kinomiks/index.m3u8,,,,Kinomix.ru@SD,,,,https://i.imgur.com/D4q2XUT.png,Movies,,iptv-org-all.txt
Kinopokaz (576p),http://stream.mcquack.net/64/index.m3u8,,,,Kinopokaz.ru@SD,,,,https://i.imgur.com/nNjMyAq.png,Movies,,iptv-org-all.txt
Kinopokaz HD (1080p),http://hls127.freeott.top:8080/Kinopokaz_HD/video.m3u8,,,,Kinopokaz.ru@HD,,,,https://i.imgur.com/nNjMyAq.png,Movies,,iptv-org-all.txt
Kinopremyera (1080p),http://5.188.159.128:8070/KINOPREMIERA/index.m3u8,,,,Kinopremyera.ru@SD,,,,https://i.imgur.com/s0UYT8T.png,Movies,,iptv-org-all.txt
Kinopremyera HD (1080p),https://fs.uplink.kz/kinopremiera_hd/mono.m3u8?token=onlinetv,,,,Kinopremyera.ru@HD,,,,https://i.imgur.com/s0UYT8T.png,Movies,,iptv-org-all.txt
KinoSat (576p),http://31.148.48.15/Kineko/index.m3u8,,,,KinoSat.ru@SD,,,,https://i.imgur.com/7KsNvBz.png,Movies,,iptv-org-all.txt
Kinosemja (576p),http://stream.mcquack.net/170/index.m3u8,,,,Kinosemja.ru@SD,,,,https://i.imgur.com/4BF5VeK.png,Movies,,iptv-org-all.txt
Kinoseriya (1080p),http://hls127.freeott.top:8080/Kinoseriya_HD/video.m3u8,,,,Kinoseriya.ru@SD,,,,https://i.imgur.com/iao7zLZ.png,Movies,,iptv-org-all.txt
Kinosvidanie (576p),http://5.188.159.128:8070/kinosvidanie/index.m3u8,,,,Kinosvidanie.ru@SD,,,,https://i.imgur.com/ZRaWqxj.png,Movies,,iptv-org-all.txt
Kinoteatr (1080p),https://stream8.cinerama.uz/1009/tracks-v1a1/playlist.m3u8,,,,Kinoteatr.uz@SD,,,,https://i.imgur.com/emH1BgC.png,Movies,,iptv-org-all.txt
Kinouzhas (576p),http://stream.mcquack.net/278/index.m3u8,,,,Kinouzhas.ru@SD,,,,https://i.imgur.com/mAcAAQF.png,Movies,,iptv-org-all.txt
Kish TV,https://ncdn.telewebion.ir/kish/live/playlist.m3u8,,,,KishTV.ir@SD,,,,https://upload.wikimedia.org/wikipedia/fa/thumb/1/14/Kish_tv.svg/960px-Kish_tv.svg.png,General,,iptv-org-all.txt
Kiskoros TV (720p),https://5cd03f21c7193.streamlock.net/kiskorostv/korostvlive/playlist.m3u8,,,,KiskorosTV.hu@SD,,,,https://i.imgur.com/Y74Mve1.png,General,,iptv-org-all.txt
Kiss Kiss Napoli TV (720p),https://58f12ffd2447a.streamlock.net/KKTVNapoli/livestream/playlist.m3u8,,,,KissKissNapoliTV.it@SD,,,,https://i.imgur.com/RsGiBwE.png,Music,,iptv-org-all.txt
Kiss Kiss TV (1080p),https://58f12ffd2447a.streamlock.net/KKMulti/livestream/playlist.m3u8,,,,KissKissTV.it@SD,,,,https://i.imgur.com/ja6c2YZ.png,Music,,iptv-org-all.txt
Kiss TV (1080p),https://tv.broadcasting.ro/kisstv/a629c031-2170-4ee9-a36d-87a891aa3131.m3u8,,,,KissTV.ro@SD,,,,https://i.imgur.com/NKfVymH.png,Music,,iptv-org-all.txt
KIT-TV (720p),https://everest.pa-hosting.de:3591/live/joseflive.m3u8,,,,KITTV.at@SD,,,,https://i.imgur.com/5rDo1Za.png,Religious,,iptv-org-all.txt
Kite Victers (720p) [Not 24/7],https://932y4x26ljv8-hls-live.5centscdn.com/victers/tv.stream/playlist.m3u8,,,,KiteVicters.in@SD,,,,https://i.imgur.com/kj4OEsb.png,Education,,iptv-org-all.txt
KIX,https://liveh34.vtvprime.vn/hls/KIX/04.m3u8,,,,KIX.hk@SD,,,,https://i.imgur.com/zWcUAdb.png,Entertainment,,iptv-org-all.txt
KK TV (1080p),https://w1.manasat.com/ktv-angola/smil:ktv-angola.smil/playlist.m3u8,,,,KKTV.ao@SD,,,,https://i.imgur.com/jWOB0oU.png,Religious,,iptv-org-all.txt
KKRtv (720p) [Not 24/7],http://stream.kkr.dk/live/kkr/playlist.m3u8,,,,KKRtv.dk@SD,,,,https://i.imgur.com/TbtjWHI.png,Religious,,iptv-org-all.txt
Klan Kosova (720p),http://5.254.89.106/8706/index.m3u8,,,,KlanKosova.xk@SD,,,,https://i.imgur.com/pQjSsNQ.png,General,,iptv-org-all.txt
Klape i Tambure TV (1080p),https://stream.cmctv.hr:49998/kit/live.m3u8,,,,KlapeiTambureTV.hr@SD,,,,https://i.imgur.com/sKj3dgc.png,Music,,iptv-org-all.txt
Klara (720p),https://live.vrtcdn.be/groupb/live/9c429b62-e160-417a-b438-cdf985bcd352/live.isml/.m3u8,,,,Klara.be@SD,,,,https://i.ibb.co/YdDkSJW/VRT-Klara-2020-svg.png,Music,,iptv-org-all.txt
Klasik (576p) [Not 24/7],https://178.253.194.105/klasiktv/playlist.m3u8,,,,Klasik.hr@SD,,,,https://i.imgur.com/C90BYlb.png,Movies,,iptv-org-all.txt
Klovn,https://jmp2.uk/plu-65a63ff00d9ab400080b101c.m3u8,,,,Klovn.se@SE,,,,https://images.pluto.tv/channels/65a63ff00d9ab400080b101c/colorLogoPNG.png,Comedy,,iptv-org-all.txt
Kluch (576p),http://hls127.freeott.top:8080/Kluch/video.m3u8,,,,Kluch.ru@SD,,,,https://i.imgur.com/WA9TOPi.png,Entertainment,,iptv-org-all.txt
KMCT-TV 39.1,https://wggstv16.ddns.net:9953/hls/KMCT1.m3u8,,,,KMCTTV391.us@HD,,,,https://upload.wikimedia.org/wikipedia/en/d/d9/KMCT_Monroe%27s_Christian_Television_logo.png,Entertainment,,iptv-org-all.txt
KN Music TV,https://cdn4.yayin.com.tr/kntv/tracks-v1a1/mono.m3u8,,,,KNMusicTV.az@SD,,,,https://www.knmusictv.com/wp-content/uploads/2026/01/LOGO2112.png,Music,,iptv-org-all.txt
Knal 4 Quiche (720p) [Not 24/7],https://cdn.streamhispanatv.net:3482/live/knal4gtlive.m3u8,,,,Knal4Quiche.gt@SD,,,,https://i.imgur.com/YRSv2Tf.png,General,,iptv-org-all.txt
KNino (1080p),https://ats-edge-iqui-1.live.clarovtrcdn.vtrplay.com/kninohdchi/vxfmt=dp/playlist.m3u8?device_profile=STB_HLS_VCAS_LIVE_HD,,,,KNino.us@SD,,,,https://ipuntotv.com/IMAGES/Knino-logo.png,Entertainment,,iptv-org-all.txt
Knock Bhakti (1080p),https://knocktv2.wiseplayout.com/Knock_Bhakti_EST/master.m3u8,,,,KnockBhakti.in@SD,,,,https://jiotvimages.cdn.jio.com/dare_images/images/KnockBhakti.png,Religious,,iptv-org-all.txt
KNOV-CD 41.1 (720p),http://media4.tripsmarter.com:1935/LiveTV/NOTVHD/playlist.m3u8,,,,KNOVCD411.us@HD,,,,https://i.imgur.com/D7Lzqyl.png,Travel,,iptv-org-all.txt
Knowledge Network (720p) [Geo-blocked],https://d1wal6k3d7ssin.cloudfront.net/out/v1/ea91db0906c847a4931b46a9ec36e77b/index.m3u8,,,,KnowledgeNetwork.ca@SD,,,,https://i.imgur.com/VfofmZZ.png,Education;Kids,,iptv-org-all.txt
KNXV-TV 61.1 (720p),https://aegis-cloudfront-1.tubi.video/e923f4ce-7229-4e01-a25e-d453993dab82/playlist.m3u8,,,,KNXVTV611.us@HD,,,,https://i.imgur.com/43s7KXt.png,General,,iptv-org-all.txt
Kocaeli TV (1080p),https://edge.taksimbilisim.com/kocaelitv/bant1/playlist.m3u8,,,,KocaeliTV.tr@SD,,,,https://i.imgur.com/LeTP4zq.png,General,,iptv-org-all.txt
Koch'en pa toppen,https://jmp2.uk/plu-660d667519ca71000849a1e1.m3u8,,,,Kochenpatoppen.se@DK,,,,https://images.pluto.tv/channels/660d667519ca71000849a1e1/colorLogoPNG.png,Cooking;Lifestyle,,iptv-org-all.txt
KOCT Channel 18 (720p),https://securestream10.champds.com/LIVE/KOCTCALIVE/KOCTCALIVE.m3u8,,,,KOCTChannel18.us@SD,,,,https://i.imgur.com/6C71KwP.png,General,,iptv-org-all.txt
KOCT Channel 19 (720p),https://securestream10.champds.com/LIVE/KOCTCALIVE2/KOCTCALIVE2.m3u8,,,,KOCTChannel19.us@SD,,,,https://i.imgur.com/6C71KwP.png,Education,,iptv-org-all.txt
Kohavision (720p),http://5.254.89.106/8705/index.m3u8,,,,Kohavision.xk@SD,,,,https://i.imgur.com/LOi9yma.png,News,,iptv-org-all.txt
Kohenoor News (576p),http://103.250.28.74:8000/play/a00r/index.m3u8,,,,KohenoorNews.pk@SD,,,,https://i.imgur.com/cD3Ogdh.png,News,,iptv-org-all.txt
Kokshe (720p) [Not 24/7],https://stream.kaztrk.kz/regional/kokshetautv/index.m3u8,,,,Kokshe.kz@SD,,,,https://i.imgur.com/pOR3FSR.png,General,,iptv-org-all.txt
Kolalnas TV,https://htvint.mada.ps/kolalnas/index.m3u8,,,,KolalnasTV.ps@SD,,,,https://i.imgur.com/OyMxcRG.png,News,,iptv-org-all.txt
Kolkata TV (1080p),https://cdn.ottlive.co.in/kolkatatv/index.m3u8,,,,KolkataTV.in@SD,,,,https://dtil.tmsimg.com/assets/s143271_ld_h15_aa.png?lock=720x540,News,,iptv-org-all.txt
Komala TV,https://komhls.wns.live/hls/stream.m3u8,,,,KomalaTV.se@SD,,,,https://i.imgur.com/D6KBLB8.png,Culture,,iptv-org-all.txt
Komaromi Televizio (400p),https://cloudfront44.lexanetwork.com:1344/relay01/HDE017.sdp/playlist.m3u8,,,,KomaromiTelevizio.hu@SD,,,,https://i.imgur.com/DifVZkz.png,General,,iptv-org-all.txt
Komedia (576p),http://stream.mcquack.net/68/index.m3u8,,,,Komedia.ru@SD,,,,https://i.imgur.com/VRC5juh.png,Comedy,,iptv-org-all.txt
Komediynoe HD (1080p),http://stream.mcquack.net/74/index.m3u8,,,,Komediynoe.ru@HD,,,,https://i.imgur.com/cEKe8XC.png,Comedy,,iptv-org-all.txt
Komlos TV (1080p) [Not 24/7],https://stream.streaming4u.hu/KomlosTV/tracks-v1a1/mono.m3u8,,,,KomlosTV.hu@SD,,,,https://i.imgur.com/dnITSUz.png,General,,iptv-org-all.txt
Komsan TV [Not 24/7],http://tv.cootel.com.kh:8077/streams/d/Komsan/playlist.m3u8,,,,KomsanTV.kh@SD,,,,https://i.imgur.com/SNTf2r3.png,Movies,,iptv-org-all.txt
Kongress TV (1080p),https://live-3.otcnet.ru/congresstv/index.m3u8,,,,KongressTV.ru@SD,,,,https://tvcongress.ru/bitrix/templates/mbntheme/img/logo_tvc.svg,General,,iptv-org-all.txt
Kontra Channel (1080p),https://kontralive.siliconweb.com/live/kontratv/playlist.m3u8,,,,KontraChannel.gr@SD,,,,https://kontrachannel.gr/images/kontrachannel24.png,General,,iptv-org-all.txt
Konya Olay TV (720p),https://live.artidijitalmedya.com/artidijital_konyaolaytv/konyaolaytv/playlist.m3u8,,,,KonyaOlayTV.tr@SD,,,,https://www.konyaolaytv.com/upload/tema/20230307__5154687762.jpg,General,,iptv-org-all.txt
Koogi TV (1080p),https://5d658d7e9f562.streamlock.net/koogi.tv/koogi.smil/playlist.m3u8,,,,KoogiTV.eg@SD,,,,https://i.imgur.com/zojMTP9.png,Kids;Religious,,iptv-org-all.txt
Kool TV (720p),https://twitch-m3u8.bastypro112.workers.dev/kooltvlive/index.m3u8,,,,KoolTV.ph@SD,,,,https://yt3.googleusercontent.com/opqPJfc0Ptd9ohl4R-2hPjaquIAdWuqvRb0T_LBCmfyGznIvfGN0HOlcWZk6Lj2jk11s2Zlk=s1200-c-k-c0x00ffffff-no-rj,Music,,iptv-org-all.txt
Kora TV,https://s3.tvdatta.com:3700/live/jjrtvlive.m3u8,,,,KoraTV.pe@SD,,,,https://i.imgur.com/ahBYv4x.png,Entertainment,,iptv-org-all.txt
Kordestan TV,https://ncdn.telewebion.ir/kordestan/live/playlist.m3u8,,,,KordestanTV.ir@SD,,,,https://upload.wikimedia.org/wikipedia/fa/thumb/2/2c/Sanandaj_KORDESTAN.svg/960px-Sanandaj_KORDESTAN.svg.png,General,,iptv-org-all.txt
Kordia TV (1080p),https://ptvlive.kordia.net.nz/out/v1/3fc2254c865a457c8d7fbbce227a2aae/index.m3u8,,,,KordiaTV.nz@SD,,,,https://i.imgur.com/BQ0qWzX.png,Undefined,,iptv-org-all.txt
Korean Central Television (1080p),https://kctv.koryofront.org/stream/index.m3u8,,,,KoreanCentralTelevision.kp@HD,,,,https://i.imgur.com/p02AEOF.png,General,,iptv-org-all.txt
Kos TV (720p),https://eu1.streams.gr:8081/kostv/index.m3u8,,,,KosTV.gr@SD,,,,https://i.imgur.com/bdJnQ1W.png,General,,iptv-org-all.txt
Kozoom TV (1080p),https://streams2.sofast.tv/v1/master/611d79b11b77e2f571934fd80ca1413453772ac7/fdd6f243-f971-4a1a-9510-97ac01d6b37f/manifest.m3u8,,,,KozoomTV.fr@SD,,,,https://i.imgur.com/M1Ee79b.png,Sports,,iptv-org-all.txt
Kpop Mix (720p),https://cloud.tvomix.com/KPOPMIX/index.m3u8,,,,KpopMix.ar@SD,,,,https://tvomix.com/Logos/Kpopmix.png,Undefined,,iptv-org-all.txt
KpopTV Play (576p),https://giatv.bozztv.com/giatv/giatv-kpoptvplay/kpoptvplay/playlist.m3u8,,,,KpopTVPlay.br@SD,,,,https://i.imgur.com/Tf0vweF.png,Music,,iptv-org-all.txt
KPVM-LD 25.1,https://2-fss-1.streamhoster.com/pl_122/206858-4405346-1/playlist.m3u8,,,,KPVMLD251.us@HD,,,,https://i.imgur.com/dGoQ88j.png,General,,iptv-org-all.txt
Kral Pop TV (720p),https://dogus-live.daioncdn.net/kralpoptv/playlist.m3u8,,,,KralPopTV.tr@SD,,,,https://i.imgur.com/ch365lh.png,Music,,iptv-org-all.txt
KRC TV,https://channels.ad-ug.com/live/ch03/index.m3u8,,,,KRCTV.ug@SD,,,,https://i.imgur.com/8c9Uqks.jpeg,General,,iptv-org-all.txt
KRGV-TV 5.2 [Geo-blocked],https://d3svnrf3rmq619.cloudfront.net/krgv-live/smil:krgv-somos.smil/playlist.m3u8,,,,KRGVTV52.us@HD,,,,https://i.imgur.com/kTh2jgF.png,Entertainment,,iptv-org-all.txt
Krik-TV (1080p),http://cdn-01.bonus-tv.ru/kriktv_edge/playlist.m3u8,,,,KrikTV.ru@SD,,,,https://i.imgur.com/rtuChZR.png,News,,iptv-org-all.txt
Kriti TV (1080p),https://cretetvlive.siliconweb.com/cretetv/liveabr/playlist.m3u8,,,,KritiTV.gr@SD,,,,https://i.imgur.com/X7jKwYl.png,General,,iptv-org-all.txt
Kronehit (1080p),https://bitcdn-kronehit.bitmovin.com/v2/hls/playlist.m3u8,,,,Kronehit.at@SD,,,,https://i.imgur.com/dQJQv1X.png,Music,,iptv-org-all.txt
KSCE 38.1 (360p),https://2-fss-2.streamhoster.com/pl_138/200226-1359204-1/playlist.m3u8,,,,KSCE381.us@HD,,,,https://i.imgur.com/FioxUa3.png,Religious,,iptv-org-all.txt
KSCE 38.3 (360p),https://2-fss-1.streamhoster.com/pl_122/200226-1427780-1/playlist.m3u8,,,,KSCE383.us@HD,,,,https://i.imgur.com/P0vZXU0.png,Religious,,iptv-org-all.txt
KSTV Uganda,https://live.esteem.africa/kstv/hls/0/stream.m3u8,,,,KSTVUganda.ug@SD,,,,https://i.imgur.com/MMPzPSl.png,Religious,,iptv-org-all.txt
KTK (576p),http://stream.mcquack.net/26/index.m3u8,,,,KTK.kz@SD,,,,https://i.imgur.com/BurrNTo.png,General,,iptv-org-all.txt
KTK HD (720p) [Not 24/7],http://89.218.30.37/ktklive/live.hq/playlist.m3u8,,,,KTK.kz@HD,,,,https://i.imgur.com/BurrNTo.png,General,,iptv-org-all.txt
KTN News (360p),https://vodzong.mjunoon.tv:8087/streamtest/KTNNews-151/playlist.m3u8,,,,KTNNews.pk@SD,,,,https://i.imgur.com/RtEzpPQ.png,News,,iptv-org-all.txt
KTO (504p),http://145.239.5.177/354/index.m3u8,,,,KTO.fr@SD,,,,https://i.imgur.com/EY6TsdV.png,Religious,,iptv-org-all.txt
Kto est kto (576p),http://str2.iptvhd.ru:8080/kto_est_kto/index.m3u8,,,,Ktoestkto.ru@SD,,,,https://i.imgur.com/PmD17UQ.png,Education,,iptv-org-all.txt
KTOO 360TV KTOO-TV,https://api.v3.invintus.com/StreamURI/persis/2147483647/KTOO360TV.stream/media.m3u8,,,,KTOO360TV.us@KTOOTV,,,,https://i.imgur.com/ppn5oJy.png,Undefined,,iptv-org-all.txt
KTV 1 (1080p),https://kwtktv1ta.cdn.mangomolo.com/ktv1/smil:ktv1.stream.smil/chunklist.m3u8,,,,KTV1.kw@SD,,,,https://i.imgur.com/kG0d8Ay.png,General,,iptv-org-all.txt
KTV 2 (1080p),https://kwtktv2ta.cdn.mangomolo.com/ktv2/smil:ktv2.stream.smil/chunklist.m3u8,,,,KTV2.kw@SD,,,,https://i.imgur.com/hB57mNh.png,Culture;News,,iptv-org-all.txt
KTV (South Korea) (1080p),https://hlive.ktv.go.kr/live/klive_h.stream/playlist.m3u8,,,,KTV.kr@SD,,,,https://i.ibb.co/WkrLDJW/Screenshot-20230714-135036-removebg-preview.png,Legislative;News,,iptv-org-all.txt
KTV Al Qurain (1080p),https://kwtktvaqta.cdn.mangomolo.com/ktvaq/smil:tktvaq.stream.smil/chunklist.m3u8,,,,KTVAlQurain.kw@SD,,,,https://i.imgur.com/naVEZtj.png,Religious,,iptv-org-all.txt
KTV Arabe (1080p),https://kwtktvata.cdn.mangomolo.com/ktva/smil:tktva.stream.smil/chunklist.m3u8,,,,KTVArabe.kw@SD,,,,https://i.imgur.com/jg3VAxO.png,Culture,,iptv-org-all.txt
KTV Bangla (720p),https://server.livelegitpro.in:9899/tribetv/tribetv/index.m3u8,,,,KTVBangla.in@SD,,,,https://jiotvimages.cdn.jio.com/dare_images/images/channel/2f8e3b371c660faa2f43a7f0942948a4.png,General,,iptv-org-all.txt
KTV Ethraa (1080p),https://kwtethta.cdn.mangomolo.com/eth/smil:eth.stream.smil/chunklist.m3u8,,,,KTVEthraa.kw@SD,,,,https://i.imgur.com/hqEbc49.png,Religious,,iptv-org-all.txt
KTV News (1080p),https://kwtkbta.cdn.mangomolo.com/kb/smil:kb.stream.smil/chunklist.m3u8,,,,KTVNews.kw@SD,,,,https://i.imgur.com/erZ0Ol1.png,News,,iptv-org-all.txt
KTV Sport (1080p),https://kwtspta.cdn.mangomolo.com/sp/smil:sp.stream.smil/chunklist.m3u8,,,,KTVSport.kw@SD,,,,https://i.imgur.com/R1hGX1d.png,Sports,,iptv-org-all.txt
KTV Sport Plus (1080p),https://kwtsplta.cdn.mangomolo.com/spl/smil:spl.stream.smil/chunklist.m3u8,,,,KTVSportPlus.kw@SD,,,,https://i.imgur.com/l4oX0gf.png,Sports,,iptv-org-all.txt
Kuhnya (576p),http://stream.mcquack.net/179/index.m3u8,,,,Kuhnya.ru@SD,,,,https://i.imgur.com/7jxZnuS.png,Cooking,,iptv-org-all.txt
Kulinar TV (576p),https://api.alpaca.t62a.com/hls/9110/stream0.m3u8,,,,KulinarTV.ru@SD,,,,https://smotret.tv/images/kulinar-tv.webp,Cooking,,iptv-org-all.txt
KulturMD (1080p),http://58bd5b7a98e04.streamlock.net/medienasa-live/kulturmd_high/playlist.m3u8,,,,KulturMD.de@SD,,,,https://i.imgur.com/io7cJ1Z.png,Culture,,iptv-org-all.txt
Kunskapskanalen HD (1080p) [Geo-blocked],https://svt-live-channel.akamaized.net/l6/se/svtk/master-fmp4.m3u8?defaultSubLang=1&format=hls,,,,Kunskapskanalen.se@HD,,,,https://upload.wikimedia.org/wikipedia/commons/thumb/3/37/Kunskapskanalen_2017.svg/960px-Kunskapskanalen_2017.svg.png,Education,,iptv-org-all.txt
Kuraj-TV (576p),https://bsttv.bonus-tv.ru/cdn/kurai/playlist.m3u8,,,,KurajTV.ru@SD,,,,https://i.imgur.com/hZXBD9F.png,General,,iptv-org-all.txt
Kurd Channel,https://kurdchhls.wns.live/hls/stream.m3u8,,,,KurdChannel.iq@SD,,,,https://i.imgur.com/xPwzad9.png,Undefined,,iptv-org-all.txt
Kurdistan 24 (1080p),https://hlspackager.akamaized.net/live/DB/K24/HLS/K24.m3u8,,,,Kurdistan24.iq@SD,,,,https://i.imgur.com/9QWs2ms.png,News,,iptv-org-all.txt
Kurdistan TV (720p) [Not 24/7],https://5a3ed7a72ed4b.streamlock.net/live/SMIL:myStream.smil/playlist.m3u8,,,,KurdistanTV.iq@SD,,,,https://i.imgur.com/mjQptpc.png,General,,iptv-org-all.txt
Kurdsat (1080p),https://hlspackager.akamaized.net/live/DB/KURDSAT_HD/HLS/KURDSAT_HD.m3u8,,,,Kurdsat.iq@SD,,,,https://i.imgur.com/UAbSwYA.png,Entertainment,,iptv-org-all.txt
Kurdsat News (1080p),https://hlspackager.akamaized.net/live/DB/KURDSAT_NEWS/HLS/KURDSAT_NEWS.m3u8,,,,KurdsatNews.iq@SD,,,,https://i.imgur.com/F3XRwkt.png,News,,iptv-org-all.txt
Kuriakos Cine (1080p),https://w2.manasat.com/kcine/smil:kcine.smil/playlist.m3u8,,,,KuriakosCine.pt@SD,,,,https://i.imgur.com/CZViCwB.jpg,Movies,,iptv-org-all.txt
Kuriakos Kids (1080p),https://w2.manasat.com/kkids/smil:kkids.smil/playlist.m3u8,,,,KuriakosKids.pt@SD,,,,https://i.imgur.com/SRX6EPY.png,Animation;Kids;Religious,,iptv-org-all.txt
Kuriakos Music (1080p),http://195.23.211.179:1935/kmusic/smil:kmusic.smil/playlist.m3u8,,,,KuriakosMusic.pt@SD,,,,https://i.imgur.com/Zl40NYi.jpg,Music,,iptv-org-all.txt
Kuriakos TV (1080p),https://w1.manasat.com/ktv/smil:ktv.smil/playlist.m3u8,,,,KuriakosTV.pt@SD,,,,https://i.imgur.com/xdAW0D5.png,Religious,,iptv-org-all.txt
Kus-Kus,https://dash2.antik.sk/live/test_kuskus_tv_atktv/playlist.m3u8,,,,KusKus.ua@SD,,,,https://i.imgur.com/4a4qX0P.png,Undefined,,iptv-org-all.txt
KVN TV (576p),http://178.124.179.122:8080/KVN-TV/index.m3u8,,,,KVNTV.ru@SD,,,,https://i.imgur.com/Vw3LFLX.png,Comedy,,iptv-org-all.txt
KVTN-DT 25.1 (720p),https://jk3lzkn4lw79-hls-live.5centscdn.com/VTN2/bcaafe9ad8d42834b08e762ac58596b8.sdp/playlist.m3u8,,,,KVTNDT251.us@HD,,,,https://i.imgur.com/CjKQuEP.png,Religious,,iptv-org-all.txt
Kyiv (1080p),https://api-tv.ipnet.ua/api/v1/manifest/1293296300.m3u8,,,,Kyiv.ua@SD,,,,https://i.imgur.com/TVuCY4N.png,News,,iptv-org-all.txt
L1 (1080p),http://45.4.1.201:8000/play/a1ai/index.m3u8,,,,L1.pe@SD,,,,https://i.imgur.com/eRmXneK.png,Sports,,iptv-org-all.txt
L1 Max (1080p),http://190.93.224.42/LIGA-1-MAX/index.m3u8,,,,L1Max.pe@SD,,,,https://i.imgur.com/2fziU2B.png,Sports,,iptv-org-all.txt
L1 TV (720p) [Not 24/7],https://d34pj260kw1xmk.cloudfront.net/live/l1/tv/index.m3u8,,,,L1TV.nl@SD,,,,https://i.imgur.com/SDD5KS5.png,General,,iptv-org-all.txt
L!ke (1080p),https://cnl-cl.otteravision.com/cnl/cl_h265/cl_h265.m3u8,,,,Lke.br@SD,,,,https://i.imgur.com/chHsCzB.png,Undefined,,iptv-org-all.txt
L'altro Corriere TV,https://52ee6512fee4427889eba89957975fa0.msvdn.net/live/S24350460/BEj8ZmQiQ9UG/playlist.m3u8,,,,LaltroCorriereTV.it@SD,,,,https://i.imgur.com/05YWVCq.png,News,,iptv-org-all.txt
La 1 UHD (2160p),http://185.47.212.25:8080/tdp_HD/index.m3u8,,,,La1.es@UHD,,,,https://i.ibb.co/MxJNPHsn/La-1.png,General;Public,,iptv-org-all.txt
La 1 Canarias (720p),https://ztnr.rtve.es/ztnr/5190066.m3u8,,,,La1Canarias.es@SD,,,,https://i.ibb.co/MxJNPHsn/La-1.png,General;Public,,iptv-org-all.txt
La 1 Catalunya (720p),https://ztnr.rtve.es/ztnr/3293681.m3u8,,,,La1Catalunya.es@SD,,,,https://i.ibb.co/MxJNPHsn/La-1.png,General;Public,,iptv-org-all.txt
La 2,https://rtvelivestream.rtve.es/rtvesec/la2/la2_main.m3u8,,,,La2.es@SD,,,,https://i.ibb.co/rfsr9PSh/La-2.png,General;Public,,iptv-org-all.txt
La 2 Canarias (720p),https://ztnr.rtve.es/ztnr/5468585.m3u8,,,,La2Canarias.es@SD,,,,https://upload.wikimedia.org/wikipedia/commons/thumb/4/43/Logo_La_2_Canarias.png/960px-Logo_La_2_Canarias.png,General;Public,,iptv-org-all.txt
La 2 Catalunya (720p),https://ztnr.rtve.es/ztnr/3987218.m3u8,,,,La2Catalunya.es@SD,,,,https://i.ibb.co/Lztt9rgr/La-2-Catalunya.png,General;Public,,iptv-org-all.txt
La5 [Geo-blocked],https://live3-mediaset-it.akamaized.net/Content/hls_h0_clr_vos/live/channel(ka)/index.m3u8,,,,La5.it@SD,,,,https://upload.wikimedia.org/wikipedia/commons/thumb/d/da/La5_Mediaset.svg/960px-La5_Mediaset.svg.png,Entertainment,,iptv-org-all.txt
LA7d (720p),https://d15umi5iaezxgx.cloudfront.net/LA7D/CLN/HLS-B/Live.m3u8,,,,LA7d.it@SD,,,,https://i.imgur.com/sM0A3GD.png,General,,iptv-org-all.txt
La 8 Mediterraneo (1080p),https://newscript.gestec-video.com/hls/8TVEVENTOS.m3u8,,,,La8Mediterraneo.es@SD,,,,https://tbsfibra.es/wp-content/uploads/2022/07/17-8-MEDITERRANEO.png,General,,iptv-org-all.txt
LA36 (1080p),https://reflect-channel36-la.cablecast.tv/live-3/live/stream-1/live.m3u8,,,,LA36.us@SD,,,,https://i.imgur.com/JxTzUEq.png,Education,,iptv-org-all.txt
La 98.1 TV (720p) [Not 24/7],https://6019dcac4147f.streamlock.net:9443/la98/Invosa/playlist.m3u8,,,,La981TV.hn@SD,,,,https://i.imgur.com/7380kTN.png,Music,,iptv-org-all.txt
La 100 (1080p),https://mdstrm.com/live-stream-playlist/68b74fd1d6512526f1f7c75a.m3u8,,,,La100.ar@SD,,,,https://cloudfront-us-east-1.images.arcpublishing.com/radiomitre/CZJMM4BJVRFANO4VGMMYWSTEVE.png,Music,,iptv-org-all.txt
La C TV (720p),https://f5842579ff984c1c98d63b8d789673eb.msvdn.net/live/S47282891/JWjL3xqPf4bX/playlist.m3u8,,,,LaCTV.it@SD,,,,https://i.imgur.com/TF4LKp0.png,General,,iptv-org-all.txt
La Caleta TV (720p) [Not 24/7],https://edge.essastream.com/lacaletatv/playlist.m3u8,,,,LaCaletaTV.do@SD,,,,https://i.imgur.com/EfMtOja.png,General,,iptv-org-all.txt
La Chilena TV,https://vdochile.com:3134/stream/play.m3u8,,,,LaChilenaTV.cl@SD,,,,https://i.imgur.com/GHJkxaB.png,General,,iptv-org-all.txt
LA CityView 35 (1080p),https://reflect-losangeles.cablecast.tv/live-3/live/live.m3u8,,,,LACityView35.us@SD,,,,https://i.imgur.com/3PnD83G.png,Legislative,,iptv-org-all.txt
La Clave (720p),https://unlimited1-cl-isp.dps.live/laclavetv/laclavetv.smil/playlist.m3u8,,,,LaClave.cl@SD,,,,https://cdn.m3u.cl/logo/1270_La_Clave.png,Music,,iptv-org-all.txt
La Comarca TV (720p),https://v2.tustreaming.cl/lcomarcatv/index.m3u8,,,,LaComarcaTV.cl@SD,,,,https://cdn.m3u.cl/logo/1698_La_Comarca_TV.png,General,,iptv-org-all.txt
La Descarga TV [Geo-blocked],https://video.udwn.net:19360/ladescargatv/ladescargatv.m3u8,,,,LaDescargaTV.do@HD,,,,https://imgur.com/kq1CrDE.png,General,,iptv-org-all.txt
La Fabulosa TV (720p),https://eu1.servers10.com:8081/8004/index.m3u8,,,,LaFabulosaTV.pe@SD,,,,https://i.imgur.com/GjME5H0.png,Music,,iptv-org-all.txt
La Granja TV,https://oracle.streaminghd.cl/8126/8126/playlist.m3u8,,,,LaGranjaTV.cl@SD,,,,https://i.imgur.com/90luGab.png,Music,,iptv-org-all.txt
La Hermandad Salsera (1080p) [Not 24/7],https://streamlov.alsolnet.com/hermandadsalsera/live/playlist.m3u8,,,,LaHermandadSalsera.co@SD,,,,https://i.imgur.com/7Wlt6bc.png,Music,,iptv-org-all.txt
La Hora TV (720p) [Not 24/7],https://edge.enhdtv.com/8206/index.m3u8,,,,LaHoraTV.do@HD,,,,https://lahoratv.org/imagen/lahora.jpeg,General,,iptv-org-all.txt
La Kalle (720p),https://mdstrm.com/live-stream-playlist/58d191f07290fbb058025843.m3u8,,,,LaKalle.co@SD,,,,https://www.tdtparatodos.tv/sites/default/files/la_kalle.png,Music,,iptv-org-all.txt
La Melinkana TV (720p),https://v1.tustreaming.cl/melinkana/index.m3u8,,,,LaMelinkanaTV.cl@SD,,,,https://i.imgur.com/I0nzI1y.png,Entertainment,,iptv-org-all.txt
La Metro TV (1080p),https://jireh-8-hls-video-us-isp.dps.live/hls-video/931b584451fa6dd1313ee66efbfd5802e3f3bcea/metropolitanatv/metropolitanatv.smil/playlist.m3u8,,,,LaMetroTV.cl@SD,,,,https://i.imgur.com/0aoI5Zd.jpeg,General,,iptv-org-all.txt
La Morada Radio TV (720p),https://movil.ejeserver.com/live/lamoradatv.m3u8,,,,LaMoradaRadioTV.co@SD,,,,https://i.imgur.com/E3wDEX5.png,Music,,iptv-org-all.txt
La Nuestra (1080p),https://redirector.rudo.video/hls-video/339f69c6122f6d8f4574732c235f09b7683e31a5/ln/ln.smil/playlist.m3u8,,,,LaNuestra.cl@SD,,,,https://i.imgur.com/WExojSG.png,Entertainment,,iptv-org-all.txt
La Nueva Radio TV 97.7 (1080p),https://sv72.ecuaradiotv.net/lanuevatv/live/playlist.m3u8,,,,LaNuevaRadioTV977.ec@SD,,,,https://i.imgur.com/19FN4Lp.png,Entertainment,,iptv-org-all.txt
La Nuova TV,https://5dcabf026b188.streamlock.net/lanuovatvbas/livestream/playlist.m3u8,,,,LaNuovaTV.it@SD,,,,https://i.imgur.com/OHMv86A.png,General,,iptv-org-all.txt
La Perla Radio TV (720p) [Not 24/7],https://eu1.servers10.com:8081/8068/index.m3u8,,,,LaPerlaRadioTV.ec@SD,,,,https://i.imgur.com/8wDMgmB.jpg,Music,,iptv-org-all.txt
La Popular TV,https://tv.arkeo.cl:1936/enlacetv1/enlacetv1/playlist.m3u8,,,,LaPopularTV.cl@SD,,,,https://i.imgur.com/AWdgMCC.png,General,,iptv-org-all.txt
La Potente Radio TV,https://latamvdo.com:3626/hybrid/play.m3u8,,,,LaPotenteRadioTV.cr@SD,,,,https://i.imgur.com/ti5Fg5D.png,Entertainment,,iptv-org-all.txt
La Que Buena Atlanta,https://streamyes.alsolnet.com/quebuenaatlanta/live/index.m3u8,,,,LaQueBuenaAtlanta.us@SD,,,,https://iili.io/JysD2a4.png,Music,,iptv-org-all.txt
La Red (1080p),http://cdn1tlinkgo.tlink.cl/laredhd/mono.m3u8,,,,LaRed.cl@SD,,,,https://i.imgur.com/nJOVM6e.png,General,,iptv-org-all.txt
La Reina TV [Geo-blocked],https://cloud2.streaminglivehd.com:1936/lareinatv/lareinatv/playlist.m3u8,,,,LaReinaTV.do@HD,,,,https://www.vivalivetv.com/public/files/shows/0/1/3386-294x165-FFFFFF.jpg,General,,iptv-org-all.txt
La Rosa de Guadalupe (360p),https://app.viloud.tv/hls/channel/9c88161fe675b59d4b008c776f033960.m3u8,,,,LaRosadeGuadalupe.us@SD,,,,https://i.imgur.com/tK9zOgo.png,Series,,iptv-org-all.txt
La Ruta TV,https://streamunoapp.com:3983/live/larutatvlive.m3u8,,,,LaRutaTV.do@HD,,,,https://www.vivalivetv.com/public/files/shows/0/1/2896-294x165-FFFFFF.jpg,General,,iptv-org-all.txt
La Sultana del Este TV (720p) [Not 24/7],https://micanal.ovh/livestreams/544.EP3QGO4KPL66.m3u8,,,,LaSultanadelEsteTV.do@SD,,,,https://i.imgur.com/UNiyOvd.png,General,,iptv-org-all.txt
La Tele (1080p),http://190.93.224.42/LA-TELE/index.m3u8,,,,LaTele.pe@SD,,,,https://upload.wikimedia.org/wikipedia/commons/thumb/8/80/LaTele_Per%C3%BA_2018_Logo.png/960px-LaTele_Per%C3%BA_2018_Logo.png,Entertainment,,iptv-org-all.txt
La Tele Tuya (576p),http://181.78.8.199:8000/play/a0fs/index.m3u8,,,,LaTeleTuya.ve@SD,,,,https://i.ibb.co/vvqk2hw/LOGO-HORIZONTAL-text.png,Entertainment,,iptv-org-all.txt
La Top 102.9 (720p),https://59d39900ebfb8.streamlock.net/top102/top102/playlist.m3u8,,,,LaTop1029.hn@SD,,,,https://i.imgur.com/ZqwLPag.jpg,Music,,iptv-org-all.txt
La Top 107.7 (720p),https://59d39900ebfb8.streamlock.net/top107/top107/playlist.m3u8,,,,LaTop1077.hn@SD,,,,https://i.imgur.com/vgHhh1W.jpg,Music,,iptv-org-all.txt
La TR3 Marsala (720p),https://tsw.streamingwebtv24.it:1936/eslife1/eslife1/playlist.m3u8,,,,LaTR3Marsala.it@SD,,,,https://i.imgur.com/R4sqZQu.png,General,,iptv-org-all.txt
La Trois (1080p),http://145.239.5.177/330/index.m3u8,,,,LaTrois.be@SD,,,,https://i.imgur.com/jMs4h9F.png,General,,iptv-org-all.txt
La Une (720p),http://145.239.5.177/329/index.m3u8,,,,LaUne.be@SD,,,,https://i.imgur.com/jMwZp7z.png,Entertainment,,iptv-org-all.txt
La Urban TV (1080p) [Not 24/7],https://urbanrevolution.es:8443/live/TV/playlist.m3u8,,,,LaUrbanTV.es@SD,,,,https://i.imgur.com/hythjEn.png,Music,,iptv-org-all.txt
La Voz de Jesus HD (720p),https://live20.bozztv.com/giatvplayout7/giatv-208429/playlist.m3u8,,,,LaVozdeJesusHD.do@HD,,,,https://gia.tv/streams/pstream/208429.png,Religious,,iptv-org-all.txt
La Voz de Maria (720p),https://live.lavozdemaria.com:3436/live/lavozdemarialive.m3u8,,,,LaVozdeMaria.do@SD,,,,https://i.imgur.com/Zv8CxZX.png,Religious,,iptv-org-all.txt
La Voz del Tropico (480p) [Geo-blocked],https://ss2.tvrdomi.com:1936/lavozdeltropico/lavozdeltropico/playlist.m3u8,,,,LaVozdelTropico.do@SD,,,,https://i.imgur.com/DKDFpHt.png,Music,,iptv-org-all.txt
La-X (720p),https://stream.eleden.com/livelax/ngrp:livelax_all/playlist.m3u8,,,,LaX.pr@SD,,,,https://i.imgur.com/i2GnQTq.png,Music,,iptv-org-all.txt
LabbaykTV,https://ncdn.telewebion.ir/labbayk/live/playlist.m3u8,,,,LabbaykTV.ir@SD,,,,https://static.telewebion.com/channelsLogo/ZDVlODRiYjI3NWUyOTFmOGJmYjIwOTQyMDAyMzRkMmUzYjVmOGUyMTBhNTE0MGI5ZDAyOTMzZDdmZDQyNDM5OA/default,Undefined,,iptv-org-all.txt
labor14 (720p),https://5acade5fc0c29.streamlock.net/OKGera/tmbz_live_high.stream/playlist.m3u8,,,,labor14.de@HD,,,,https://www.tlm.de/assets/uploads/general/Sonstiges/LogoExt/_500xAUTO_crop_center-center_none/21labor14.jpg,Undefined,,iptv-org-all.txt
Laboral TV (360p),https://tv.laboralsst.com.br/hls/stream.m3u8,,,,LaboralTV.br@SD,,,,https://tv.laboralsst.com.br/logo.png,Business,,iptv-org-all.txt
LaC News 24 (720p),https://f5842579ff984c1c98d63b8d789673eb.msvdn.net/live/S27391994/HVvPMzy/playlist.m3u8,,,,LaCNews24.it@SD,,,,https://www.omnys.com/media/news/lac-news24-icona.png,News,,iptv-org-all.txt
Lacrosse TV (720p),https://a-cdn.klowdtv.com/live2/lsn_720p/playlist.m3u8,,,,LacrosseTV.us@SD,,,,https://yt3.googleusercontent.com/ytc/AIdro_m_xSJFydxZ9QBU-85OuchjmzS0Bo0_Tukmk7to8hBfyl8=s512-c-k-c0x00ffffff-no-rj,Sports,,iptv-org-all.txt
Laff (576p),http://tvsen7.aynascope.net/laff/index.m3u8,,,,Laff.us@SD,,,,https://upload.wikimedia.org/wikipedia/commons/thumb/1/1e/LAFF_logo.png/960px-LAFF_logo.png,Comedy,,iptv-org-all.txt
Laff WJLP (576p),http://4.30.180.36:8420/laff/index.m3u8?token=test,,,,Laff.us@WJLP,,,,https://upload.wikimedia.org/wikipedia/commons/thumb/1/1e/LAFF_logo.png/960px-LAFF_logo.png,Comedy,,iptv-org-all.txt
Laguna TV (1080p) [Not 24/7],https://cnn.hostlagarto.com/lagutv/playlist.m3u8,,,,LagunaTV.do@HD,,,,https://dominicanchannels.com/wp-content/uploads/lagunatv.jpg,General,,iptv-org-all.txt
Lahore News (720p) [Not 24/7],https://vcdn.dunyanews.tv/lahorelive/ngrp:lnews_1_all/playlist.m3u8,,,,LahoreNews.pk@SD,,,,https://i.imgur.com/bQfQeEA.jpeg,News,,iptv-org-all.txt
Lahore Rang (1080p),http://103.250.28.74:8000/play/a01q/index.m3u8,,,,LahoreRang.pk@SD,,,,https://i.imgur.com/hglxHTa.png,News,,iptv-org-all.txt
Lake Havasu City 4,https://cdn3.wowza.com/5/cHYzekYzM2kvTVFH/lakehavasucity/G0643_003/playlist.m3u8,,,,LakeHavasuCity4.us@SD,,,,https://yt3.googleusercontent.com/ytc/AIdro_lQ_vy6By43AoSdSQbFUzQePU0NWWIM-uzsAqnbbQXAql4=s512,Legislative,,iptv-org-all.txt
LakeFront TV (720p),https://reflect-lakefront-leesburgflorida.cablecast.tv/live-6/live/live.m3u8,,,,LakeFrontTV.us@SD,,,,https://i.imgur.com/ROb1BNG.png,Legislative,,iptv-org-all.txt
Lakewood Channel 8 (720p),https://live8fd.lakewood.org/live-2/live/live.m3u8,,,,LakewoodChannel8.us@SD,,,,https://i.imgur.com/5ibsRhM.png,Undefined,,iptv-org-all.txt
Lalegul TV (1080p),https://lbl.netmedya.net/hls/lalegultv.m3u8,,,,LalegulTV.tr@SD,,,,https://i.imgur.com/wwCysFs.png,Religious,,iptv-org-all.txt
Lam Dong TV (480p),http://118.107.85.5:1935/live/smil:LTV.smil/chunklist.m3u8,,,,LamDongTV.vn@SD,,,,https://i.imgur.com/lSMoGlv.png,General,,iptv-org-all.txt
LAMIL35 TV,https://vd01.streaminghd.net.ar:3349/live/bzuctkgnlive.m3u8,,,,LAMIL35TV.ar@SD,,,,https://www.appcreator24.com/srv/imgs/gen/3544498_ico.png,Animation;Classic;Entertainment,,iptv-org-all.txt
Lamore Rock Show WebTV (720p),https://a.cdni.live/rodrigo2364/rodrigo2364/playlist.m3u8,,,,LamoreRockShowWebTV.br@SD,,,,https://www.lamorerockshowwebtv.com.br/wp-content/uploads/2024/11/logo_rockshow.avif,Music,,iptv-org-all.txt
Lana TV (576p),https://cdn.streamlane.tv/hls/ltv/master.m3u8,,,,LanaTV.lb@SD,,,,https://i.imgur.com/xPoycVY.png,General,,iptv-org-all.txt
Lancelot TV (404p),https://5c0956165db0b.streamlock.net:8090/directo/_definst_/lancelot.television/master.m3u8,,,,LancelotTV.es@SD,,,,https://i.imgur.com/RlzVIJP.png,General,,iptv-org-all.txt
Landle TV (1080p) [Not 24/7],https://streaming13.huberwebmedia.at/LiveApp/streams/985585225397790082777809.m3u8,,,,LandleTV.at@SD,,,,https://i.imgur.com/omLVQ4r.png,General,,iptv-org-all.txt
Langstraat TV (720p),https://d1qpgfi3ivud4k.cloudfront.net/nlpo/clr-nlpo/langstraat/index.m3u8,,,,LangstraatTV.nl@SD,,,,https://i.imgur.com/xchUfks.png,General,,iptv-org-all.txt
Langt fra Bryggen,https://jmp2.uk/plu-654a3fe6986ad20008a42add.m3u8,,,,LangtfraBryggen.se@DK,,,,https://images.pluto.tv/channels/654a3fe6986ad20008a42add/colorLogoPNG.png,Entertainment,,iptv-org-all.txt
Lansingerland TV (720p),https://ms7.mx-cd.net/tv/278-3414514/RTV_Lansingerland.smil/playlist.m3u8,,,,LansingerlandTV.nl@SD,,,,https://i.imgur.com/1r7IZ7Q.png,General,,iptv-org-all.txt
Lanthung TV,https://live-us1.thaimomo.com/live-as/chlantung-2/playlist.m3u8,,,,LanthungTV.th@SD,,,,,Undefined,,iptv-org-all.txt
Lanzhou Comprehensive News Channel,https://liveplus.lzr.com.cn/xwzh/HD/live.m3u8,,,,LanzhouComprehensiveNewsChannel.cn@SD,,,,https://p3-pc.douyinpic.com/img/aweme-avatar/tos-cn-avt-0015_c2a13a952c0111b21f081d672798c8ed~c5_300x300.jpeg?from=2956013662,News,,iptv-org-all.txt
Lanzhou Culture & Tourism Channel,https://liveplus.lzr.com.cn/wlpd/HD/live.m3u8,,,,LanzhouCultureTourismChannel.cn@SD,,,,https://www.tvchinese.net/uploads/tv/lanzhou.jpg,Culture,,iptv-org-all.txt
Lao Net TV (720p),https://livefta.malimarcdn.com/ftaedge00/laonet.sdp/playlist.m3u8,,,,LaoNetTV.la@SD,,,,https://i.imgur.com/ohbRT05.png,Undefined,,iptv-org-all.txt
Lao SV TV (480p),https://livefta.malimarcdn.com/ftaedge00/laosvtv.stream/playlist.m3u8,,,,LaoSVTV.vn@SD,,,,https://i.imgur.com/ZIXtazI.png,Shop,,iptv-org-all.txt
Lao-Thai TV (720p),https://livefta.malimarcdn.com/ftaedge00/laothaius.sdp/playlist.m3u8,,,,LaoThaiTV.us@SD,,,,https://i.imgur.com/q6cQzbv.png,Shop,,iptv-org-all.txt
Lapki Live (576p),https://fs.uplink.kz/lapki_live/mono.m3u8?token=onlinetv,,,,LapkiLive.ru@SD,,,,https://lapki.live/lapki_og.png,Undefined,,iptv-org-all.txt
LaPuraCrema Television,https://streamlov.alsolnet.com/lapuracrema/live/playlist.m3u8,,,,LaPuraCremaTelevision.ve@SD,,,,https://i.imgur.com/EJf1eRt.png,Music,,iptv-org-all.txt
Lara en Redes,https://streamtv.laraenredes.com:3020/hybrid/play.m3u8,,,,LaraenRedes.ve@SD,,,,https://laraenredes.com/wp-content/uploads/elementor/thumbs/LOGO-LARA-EN-REDES-2025-r768xu4o4gvkigl9v1lorc3aq3n35710u0g7cah8e0.jpg,Entertainment,,iptv-org-all.txt
Larivision TV,https://cloud5.larivision.net/hls/live.m3u8,,,,LarivisionTV.do@HD,,,,https://www.larivision.com/web/wp-content/uploads/2025/07/logow.png,General,,iptv-org-all.txt
Las Estrellas (1080p),https://channel01-onlymex.akamaized.net/hls/live/2022749/event01/index.m3u8,,,,LasEstrellas.mx@SD,,,,https://i.imgur.com/g5ShxZ7.png,General,,iptv-org-all.txt
Las Estrellas Latin America (1080p),http://15.204.246.24:8080/LasEstrellasHD/index.m3u8,,,,LasEstrellasLatinAmerica.mx@SD,,,,https://i.imgur.com/g5ShxZ7.png,General,,iptv-org-all.txt
Las Tortugas Ninja (720p),https://jmp2.uk/plu-63dd5d7a4e83e700088fbca8.m3u8,,,,LasTortugasNinja.us@LatAm,,,,https://i.imgur.com/urJdNc9.png,Animation,,iptv-org-all.txt
Las Vegas Tonight with Dale Davidson (1080p),https://cdn.vegasplus.us/vegas/lasvegastonight/playlist.m3u8,,,,LasVegasTonightwithDaleDavidson.us@HD,,,,https://i.imgur.com/05Xdqa6.png,General,,iptv-org-all.txt
LatacungaTV (360p),https://stmv1.voxtvhd.com.br/latacungatv/latacungatv/playlist.m3u8,,,,LatacungaTV.ec@SD,,,,https://i.imgur.com/YjgYYH3.png,Entertainment,,iptv-org-all.txt
Latest TV (480p),https://5a0e89631aa14.streamlock.net/live/LatestTelevision/playlist.m3u8,,,,LatestTV.uk@SD,,,,https://i.imgur.com/Cl1iGEb.jpeg,General,,iptv-org-all.txt
Latina (1080p),http://190.93.224.42/LATINA/index.m3u8,,,,Latina.pe@SD,,,,https://i.imgur.com/MOsWriY.png,General,,iptv-org-all.txt
Latina Clasicos (1080p),http://45.171.108.253:8888/LATINA/index.m3u8,,,,LatinaClasicos.pe@SD,,,,https://i.imgur.com/q0dAWyj.png,Series,,iptv-org-all.txt
Latina Noticias 24/7 (1080p),https://dai.google.com/linear/hls/event/oYQGDqEGTmGdHE_fz9oLlg/master.m3u8,,,,LatinaNoticias247.pe@SD,,,,https://assets.rudo.video/assets/latina/live/logoApi_4b43aad719f5bbf7aa2813c2199e6e3e1755620584.png,News,,iptv-org-all.txt
Latina Podcast (720p),https://redirector.rudo.video/hls-video/plus226/latina4/latina4.smil/playlist.m3u8,,,,LatinaPodcast.pe@SD,,,,https://assets.rudo.video/assets/latina/live/backgroundApi_347d1f0b8f6b597bc08abeb60c975c471769447202.png,General,,iptv-org-all.txt
Latina TV (1080p),https://streamtv.latinamedios.com:3413/live/latinatvlive.m3u8,,,,LatinaTV.ve@SD,,,,https://i0.wp.com/latinamedios.com/wp-content/uploads/2023/03/LOGO-LATINA-TV-H-500.png?w=500&ssl=1,General,,iptv-org-all.txt
Latina TV Internacional (720p),https://5790d294af2dc.streamlock.net/latinatv/latinatv/chunklist.m3u8,,,,LatinaTVInternacional.do@SD,,,,https://i.imgur.com/UAfyeYT.png,General,,iptv-org-all.txt
Latino Channel TV (1080p),https://cdn.vegasplus.us/vegas/latch/playlist.m3u8,,,,LatinoChannelTV.us@HD,,,,https://i.imgur.com/FcLIOGp.png,General,,iptv-org-all.txt
LATV (1080p) [Geo-blocked],https://amg00779-latv-amg00779c1-cineverse-us-1746.playouts.now.amagi.tv/playlist/amg00779-latvnetworkllc-latv-cineverseus/playlist.m3u8,,,,LATV.us@SD,,,,https://i.imgur.com/Vr9LLc5.png,Entertainment,,iptv-org-all.txt
Laura Dave Media TV (720p),https://streaming.lauradavemedia.com/ldm/index.m3u8,,,,LauraDaveMediaTV.cm@SD,,,,https://i.imgur.com/zzG1S2n.png,General,,iptv-org-all.txt
Lausitzwelle (1080p),https://h056.video-stream-hosting.de/easycast11-live/_definst_/mp4:livestreamhd2/playlist.m3u8?ref=,,,,Lausitzwelle.de@SD,,,,https://i.imgur.com/4kYF4bK.png,Music,,iptv-org-all.txt
Law & Crime (720p),https://a-cdn.klowdtv.com/live3/law_720p/playlist.m3u8,,,,LawCrime.us@SD,,,,https://yt3.googleusercontent.com/CRP3YudPa55QypbDnIvuh3erLZTsn2HK8ESR-2fJFFiLJVf7US2CKQELCKK_UowmHA3wCjAdxg=s512-c-k-c0x00ffffff-no-rj,Documentary,,iptv-org-all.txt
LaXitosa Panama (360p) [Not 24/7],https://stmvideo2.livecastv.com/lax953/lax953/playlist.m3u8,,,,LaXitosaPanama.pa@SD,,,,https://i.imgur.com/Pt4F9Xz.png,Music,,iptv-org-all.txt
Lazio Style Channel HD (720p),https://distribution.sportitalialive.it/origin/laziostyle_abr/playlist.m3u8,,,,LazioStyleChannel.it@HD,,,,https://i.imgur.com/vDB8HFq.png,Sports,,iptv-org-all.txt
Lazio TV (576p),http://151.0.207.99:1935/live/LAZIOTV12/playlist.m3u8,,,,LazioTV.it@SD,,,,https://i.imgur.com/TNLD9yD.png,General,,iptv-org-all.txt
LBC (576p),http://185.9.2.18/chid_327/index.m3u8,,,,LBC.sa@SD,,,,https://s3.eu-central-1.amazonaws.com/rotana.website/channels/1688402500.webp,General,,iptv-org-all.txt
LBC International (1080p),http://185.9.2.18/chid_521/index.m3u8,,,,LBCInternational.lb@SD,,,,https://i.imgur.com/h26xtUv.png,General,,iptv-org-all.txt
LBFD RTV (1080p),https://tnt-television.com/LBFD_RTV/index.m3u8,,,,LBFDRTV.cd@SD,,,,https://i.imgur.com/buMvLJc.jpeg,Religious,,iptv-org-all.txt
LCI HD (1080p),http://145.239.5.177/368/index.m3u8,,,,LCI.fr@HD,,,,https://i.imgur.com/DED8EXs.png,News,,iptv-org-all.txt
LCN [Geo-blocked],https://tvalive.akamaized.net/hls/live/2014213/tvan01/tvan01.m3u8,,,,LCN.ca@SD,,,,https://i.imgur.com/iKDLgOG.png,News,,iptv-org-all.txt
LDPR TV (1080p),http://46.46.143.222:1935/live/mp4:ldpr.stream/playlist.m3u8,,,,LDPRTV.ru@SD,,,,https://i.imgur.com/gCmCRfe.png,General,,iptv-org-all.txt
Le Cronache TV (720p),http://77.68.40.210:8888/hls/cronache.m3u8,,,,LeCronacheTV.it@SD,,,,https://i.imgur.com/d8ziiEJ.png,General,,iptv-org-all.txt
Le Figaro TV Ile-de-France (1080p),https://figarotv-live.freecaster.com/live/freecaster/figarotv.m3u8,,,,LeFigaroTVIledeFrance.fr@SD,,,,https://i.imgur.com/a8RuRUQ.png,General,,iptv-org-all.txt
Le miracle de l'amour,https://jmp2.uk/plu-60549c238c3f21000753d3e0.m3u8,,,,Lemiracledelamour.us@France,,,,https://i.imgur.com/3Xz4hjD.png,Series,,iptv-org-all.txt
Le Monde en 24h,https://stream.berosat.live/hls/monde24h-tv-index/monde24h-tv-index.m3u8,,,,LeMondeen24h.cd@SD,,,,https://i.imgur.com/2igwi7g.png,News,,iptv-org-all.txt
Le Nouveau Manager TV,https://lnmlive.com/live/lnmtv.m3u8,,,,LeNouveauManagerTV.bj@SD,,,,https://i.imgur.com/pEoOtEf.jpeg,Business,,iptv-org-all.txt
Le sorelle McLeod,https://jmp2.uk/plu-60a2837f8154ab0007c4dcdf.m3u8,,,,LesorelleMcLeod.us@Italy,,,,https://i.imgur.com/OkGiH9a.png,Series,,iptv-org-all.txt
Legendarnyy 24,https://sevas.1tvcrimea.ru/legendarniy24.m3u8,,,,Legendarnyy24.ru@SD,,,,https://i.imgur.com/z9t6x8B.png,News,,iptv-org-all.txt
Legislative Assembly of British Columbia,https://cdn3.wowza.com/5/YldIU1hsTlljRWZF/hbs-prim-house-httpo/HouseP.smil/playlist.m3u8,,,,LegislativeAssemblyofBritishColumbia.ca@SD,,,,https://i.imgur.com/5QGxHhh.png,Legislative,,iptv-org-all.txt
Legislative Assembly of British Columbia Committee A,https://cdn3.wowza.com/5/YldIU1hsTlljRWZF/hbs-prim-dougfir-httpo/DougFirP.smil/playlist.m3u8,,,,LegislativeAssemblyofBritishColumbiaCommitteeA.ca@SD,,,,,Legislative,,iptv-org-all.txt
Legislative Assembly of El Salvador (1080p) [Not 24/7],https://streaming.asamblea.gob.sv/hls/plenariahd.m3u8,,,,LegislativeAssemblyofElSalvador.sv@SD,,,,https://i.imgur.com/OBuiCyb.png,Legislative,,iptv-org-all.txt
Legislative Assembly of Ontario,https://temp3.isilive.ca/live/_definst_/ontla/house-en/playlist.m3u8,,,,LegislativeAssemblyofOntario.ca@SD,,,,https://i.imgur.com/n24MrsX.png,Legislative,,iptv-org-all.txt
Legislative Assembly TV Nunavut,http://temp2.isilive.ca/live/nunavut/live-eng/index.m3u8,,,,LegislativeAssemblyTVNunavut.ca@SD,,,,https://i.imgur.com/wY9WhYS.png,Legislative,,iptv-org-all.txt
Lego Channel (1080p),https://dltiqboxjw21d.cloudfront.net/index.m3u8,,,,LegoChannel.us@SD,,,,https://i.imgur.com/xePwW13.png,Kids,,iptv-org-all.txt
LEGO Kids TV,https://jmp2.uk/plu-60fb01a24795a6000762fe83.m3u8,,,,LEGOKidsTV.us@SD,,,,https://i.imgur.com/tMfEsVr.png,Kids,,iptv-org-all.txt
Leman Bleu (1080p),http://livevideo.infomaniak.com/streaming/livecast/naxoo/playlist.m3u8,,,,LemanBleu.ch@SD,,,,https://i.imgur.com/6ijbSTr.png,News,,iptv-org-all.txt
Lemar TV (720p),https://tgn.bozztv.com/eshgtv-dvrfl05/gin-lemar/index.m3u8,,,,LemarTV.af@SD,,,,https://upload.wikimedia.org/wikipedia/en/5/5b/Lemar_logo_2016.png,Entertainment,,iptv-org-all.txt
Lena TV [Not 24/7],https://5790d294af2dc.streamlock.net/lenaratv/lenaratv/playlist.m3u8,,,,LenaTV.do@SD,,,,https://www.vivalivetv.com/public/files/shows/0/1/3232-294x165-FFFFFF.jpg,General,,iptv-org-all.txt
Lenca TV (720p) [Not 24/7],https://lencatelevision.com/hls/stream.m3u8,,,,LencaTV.hn@SD,,,,https://i.imgur.com/fc5IHSy.png,News,,iptv-org-all.txt
LenTV24,https://player.smotrim.ru/iframe/stream/live_id/3e95d201-f87d-4ac1-8897-db2c66bb9657,,,,LenTV24.ru@SD,,,,https://i.imgur.com/d02uxkB.png,General,,iptv-org-all.txt
LEO Middelse TV (480p),https://ms7.mx-cd.net/tv/238-2061506/Omroep_LEO_TV.smil/playlist.m3u8,,,,LEOMiddelseTV.nl@SD,,,,https://i.imgur.com/wF3FFZv.png,General,,iptv-org-all.txt
Leomax 24 (1080p),https://tvshops.bonus-tv.ru/cdn/shop24/playlist.m3u8,,,,Leomax24.ru@SD,,,,https://i.imgur.com/qU9ohQu.png,Shop,,iptv-org-all.txt
Leominster TV Educational (720p),https://livestream.telvue.com/leominster2/f7b44cfafd5c52223d5498196c8a2e7b.sdp/playlist.m3u8,,,,LeominsterTVEducational.us@SD,,,,https://i.imgur.com/Cy94oLl.png,Education,,iptv-org-all.txt
Leominster TV Government (720p),https://livestream.telvue.com/leominster3/f7b44cfafd5c52223d5498196c8a2e7b.sdp/playlist.m3u8,,,,LeominsterTVGovernment.us@SD,,,,https://i.imgur.com/aHkRDQw.png,Legislative,,iptv-org-all.txt
Leominster TV Public (720p) [Not 24/7],https://livestream.telvue.com/leominster1/f7b44cfafd5c52223d5498196c8a2e7b.sdp/playlist.m3u8,,,,LeominsterTVPublic.us@SD,,,,https://i.imgur.com/lTzoshf.png,General,,iptv-org-all.txt
Lepanto TV,https://fr.crystalweb.net:1936/lepantotv/lepantotv/playlist.m3u8,,,,LepantoTV.gr@SD,,,,https://static-media.streema.com/media/cache/52/5e/525e3ae49d881cb702f2d4156b3c14a3.jpg,General,,iptv-org-all.txt
Les Annees fac,https://jmp2.uk/plu-60afae68a7fc50000737186d.m3u8,,,,LesAnneesfac.us@France,,,,https://i.imgur.com/M1OjaB0.png,Series,,iptv-org-all.txt
Les filles d'a cote,https://jmp2.uk/plu-60549d97cd7b090007c73314.m3u8,,,,Lesfillesdacote.us@France,,,,https://i.imgur.com/dxipSaQ.png,Series,,iptv-org-all.txt
Les Nouveaux Detectives,https://jmp2.uk/plu-5f8edb6df1ebb800072edf10.m3u8,,,,LesNouveauxDetectives.us@France,,,,https://i.imgur.com/ego8ozn.png,Series,,iptv-org-all.txt
Lex TV (720p),https://cdn3.wowza.com/5/M0lyamVmM2JWcjhQ/lfucg/G0264_005/playlist.m3u8,,,,LexTV.us@SD,,,,https://i.imgur.com/a36SPo6.png,Legislative,,iptv-org-all.txt
LGD Television (720p),https://streamtv.intervenhosting.net:3403/hybrid/play.m3u8,,,,LGDTelevision.ve@SD,,,,https://i.imgur.com/a9E0DTY.jpeg,Religious,,iptv-org-all.txt
LGTV (1080p),https://livestream.telvue.com/lexmedia3/f7b44cfafd5c52223d5498196c8a2e7b.sdp/lexmedia3/stream1/playlist.m3u8,,,,LGTV.us@SD,,,,https://i.imgur.com/d5w2pT4.png,Legislative,,iptv-org-all.txt
Liangshan TV [Not 24/7],http://118.122.2.29:9999/hls/47/index.m3u8,,,,LiangshanTV.cn@SD,,,,https://www.tvchinese.net/uploads/tv/liangshantv.jpg,General,,iptv-org-all.txt
Liaoning TV (1080p),http://39.134.39.37/PLTV/88888888/224/3221226209/index.m3u8,,,,LiaoningTV.cn@SD,,,,https://i.imgur.com/XRfeNTd.png,General,,iptv-org-all.txt
Libertas TV (1080p),https://stream.luci.xyz/hls/LTV.m3u8,,,,LibertasTV.hr@SD,,,,https://i.imgur.com/4R4fhbd.png,General,,iptv-org-all.txt
Libya Al Wataniya (360p),https://cdn-globecast.akamaized.net/live/eds/libya_al_watanya/hls_roku/index.m3u8,,,,LibyaAlWataniya.ly@SD,,,,https://i.imgur.com/KSUny9D.jpeg,General,,iptv-org-all.txt
Liceum TV (576p),http://193.225.32.62:8890/live.m3u8,,,,LiceumTV.hu@SD,,,,https://i.imgur.com/Hf122ZD.png,Culture;Education,,iptv-org-all.txt
Lider TV (Brazil) (720p),https://cdn-tiva-video08-logicahost-com-br.smartbit.co/lidertvssp/lidertvssp/playlist.m3u8,,,,LiderTV.br@SD,,,,https://i0.wp.com/lidertv.com.br/wp-content/uploads/2024/11/cropped-cropped-LOGO-LIDER-EM-BAIXA.png?fit=512%2C228&ssl=1,General,,iptv-org-all.txt
Lider TV (Peru) (720p),https://chankillo.agenciastreaming.com/lidertv/index.m3u8,,,,LiderTV.pe@SD,,,,https://i.imgur.com/naZXUdR.jpeg,General,,iptv-org-all.txt
Lietuvos Rytas TV (1080p),https://live.lietuvosryto.tv/live/hls/eteris.m3u8,,,,LietuvosRytasTV.lt@SD,,,,https://i.imgur.com/5wpxVI0.png,Entertainment,,iptv-org-all.txt
Life TV (Estonia) (432p) [Not 24/7],http://lifetv.bitflip.ee/live/stream1_1/index.m3u8,,,,LifeTV.ee@SD,,,,https://i.imgur.com/JhrTB82.png,Religious,,iptv-org-all.txt
Life TV (India) (720p),https://lifetv.livebox.co.in/lifetvhls/lifetv.m3u8,,,,LifeTV.in@SD,,,,https://i.ibb.co/v1C0bdR/logo-1.png,Religious,,iptv-org-all.txt
Life TV (Turkiye) (720p) [Not 24/7],https://live.artidijitalmedya.com/artidijital_lifetv/lifetv/playlist.m3u8,,,,LifeTV.tr@SD,,,,https://i.imgur.com/lWeJxm0.png,News,,iptv-org-all.txt
Lifetime (720p),http://4.30.180.36:8420/lifetime/index.m3u8?token=test,,,,Lifetime.us@East,,,,https://upload.wikimedia.org/wikipedia/commons/thumb/9/9c/Logo_Lifetime_2020.svg/960px-Logo_Lifetime_2020.svg.png,Entertainment,,iptv-org-all.txt
Lifetime Asia (1080p),http://nmk.ioapk.com:5050/4gtv-live029/index.m3u8,,,,LifetimeAsia.us@SD,,,,https://upload.wikimedia.org/wikipedia/commons/thumb/9/9c/Logo_Lifetime_2020.svg/960px-Logo_Lifetime_2020.svg.png,Entertainment,,iptv-org-all.txt
Lifetime Latin America (1080p),http://138.121.15.230:9002/LIFETIME/index.m3u8,,,,LifetimeLatinAmerica.us@Panregional,,,,https://upload.wikimedia.org/wikipedia/commons/thumb/9/9c/Logo_Lifetime_2020.svg/960px-Logo_Lifetime_2020.svg.png,Entertainment,,iptv-org-all.txt
Lifetime Latin America Brazil (720p),http://170.83.16.50/LIFETIME/index.m3u8,,,,LifetimeLatinAmerica.us@Brazil,,,,https://upload.wikimedia.org/wikipedia/commons/thumb/9/9c/Logo_Lifetime_2020.svg/960px-Logo_Lifetime_2020.svg.png,Entertainment,,iptv-org-all.txt
Lifetime Movies (1080p),http://23.237.104.106:8080/USA_LMN/index.m3u8,,,,LifetimeMovies.us@East,,,,https://i.imgur.com/BWmqYTO.png,Movies,,iptv-org-all.txt
LifeTv (1080p),https://lifetv.mpks.sk/s.m3u8,,,,LifeTv.sk@SD,,,,https://i.imgur.com/jO8kAY2.png,Religious,,iptv-org-all.txt
LifevisionTV (406p) [Not 24/7],https://tgn.bozztv.com/lifevision/lifevision/index.m3u8,,,,LifevisionTV.us@SD,,,,,Religious,,iptv-org-all.txt
Light Channel (Bulgaria) (480p) [Not 24/7],https://streamer1.streamhost.org/salive/GMIlcbgM/playlist.m3u8,,,,LightChannel.bg@SD,,,,https://i.imgur.com/S3Fbf8T.png,Religious,,iptv-org-all.txt
Light Channel (Germany) (576p) [Not 24/7],http://streamer1.streamhost.org:1935/salive/lctvde/playlist.m3u8,,,,LightChannel.de@SD,,,,https://i.imgur.com/0OmBlfE.png,Religious,,iptv-org-all.txt
Light Channel (Romania) (480p) [Not 24/7],http://streamer1.streamhost.org:1935/salive/GMIlcbgM/playlist.m3u8,,,,LightChannel.ro@SD,,,,https://i.imgur.com/S3Fbf8T.png,Undefined,,iptv-org-all.txt
Lila TV Pencahue,https://tv.arkeo.cl:1936/radiolila/radiolila/playlist.m3u8,,,,LilaTVPencahue.cl@SD,,,,https://i.imgur.com/widaSu3.png,General,,iptv-org-all.txt
Limon TV (1080p) [Not 24/7],http://k4.usastreams.com/limontv1/limontv1/playlist.m3u8,,,,LimonTV.cr@SD,,,,https://i.ibb.co/rdpcv7C/1689421727166.jpg,General,,iptv-org-all.txt
Lindell TV (720p),https://rumble.com/live-hls/6v67mu/playlist.m3u8,,,,LindellTV.us@SD,,,,https://ml.globenewswire.com/Resource/Download/93a3878f-0cee-4b51-b851-bd519049af8d,News,,iptv-org-all.txt
Line TV (720p) [Not 24/7],https://edge1.socialsmart.tv/linetv/bant1/playlist.m3u8,,,,LineTV.tr@SD,,,,https://i.imgur.com/6GNp7f8.png,General,,iptv-org-all.txt
Lingkar TV,https://lingkartv.my.id/hls/lingkartv.m3u8,,,,LingkarTV.id@SD,,,,https://lingkartv.com/assets/img/logo-square.png,Music;News;Religious,,iptv-org-all.txt
Linieros TV (480p) [Not 24/7],https://soportedvb.click:3017/live/linierostvlive.m3u8,,,,LinierosTV.do@SD,,,,https://i.imgur.com/bLutjkf.png,News,,iptv-org-all.txt
LINQ TV (480p),https://ms7.mx-cd.net/dtv-09/246-2090022/Linq_Media_TV.smil/playlist.m3u8,,,,LINQTV.nl@SD,,,,https://i.imgur.com/0DgP3vu.png,General,,iptv-org-all.txt
Lira TV,https://a928c0678d284da5b383f29ecc5dfeec.msvdn.net/live/S57315730/8kTBWibNteJA/playlist.m3u8,,,,LiraTV.it@SD,,,,https://i.imgur.com/sC9ELuY.jpg,News,,iptv-org-all.txt
LiraTV (720p),https://cloud2.streaminglivehd.com:1936/liratv/liratv/playlist.m3u8,,,,LiraTV.es@SD,,,,https://i.imgur.com/hBswXYZ.png,Music,,iptv-org-all.txt
Litoral Atlantico HD (720p),https://cdn4.streamgato.us:3595/live/litoralhdlive.m3u8,,,,LitoralAtlanticoHD.hn@SD,,,,https://i.imgur.com/UXsgEPX.png,General,,iptv-org-all.txt
Little Guyana TV (1080p),https://video1.getstreamhosting.com:1936/8122/8122/playlist.m3u8,,,,LittleGuyanaTV.us@SD,,,,https://i.imgur.com/b475xOT.jpg,General,,iptv-org-all.txt
Little Stars Universe,https://jmp2.uk/plu-51c75f7bb6f26ba1cd00002f.m3u8,,,,LittleStarsUniverse.us@SD,,,,https://i.imgur.com/RasrA0s.png,Kids,,iptv-org-all.txt
Littleton 8 TV (1080p),https://ch8.littletongov.org/live-2/live/live.m3u8,,,,Littleton8TV.us@SD,,,,https://i.imgur.com/7Qxih9P.png,General,,iptv-org-all.txt
Littoral FM TV (720p),https://live.creacast.com/littoralfm-ch1/stream/playlist.m3u8,,,,LittoralFMTV.fr@SD,,,,https://i.imgur.com/DCZKAQ1.png,Music,,iptv-org-all.txt
Litus TV (720p) [Not 24/7],https://edge.enhdtv.com/litustv/index.m3u8,,,,LitusTV.ar@SD,,,,https://i.imgur.com/QIGSf4L.png,General,,iptv-org-all.txt
Liv (720p),https://live-fi.tvkaista.net/liv/live.m3u8?hd=true,,,,Liv.fi@SD,,,,https://i.imgur.com/k6NsXBj.png,Entertainment,,iptv-org-all.txt
Live99FM (1080p),https://media.streambrothers.com:1936/8014/8014/playlist.m3u8,,,,Live99FM.bq@SD,,,,https://i.imgur.com/U43UrQT.png,Music,,iptv-org-all.txt
Live Music,https://jmp2.uk/plu-5873fc21cad696fb37aa9054.m3u8,,,,LiveMusic.us@SD,,,,https://images.pluto.tv/channels/5873fc21cad696fb37aa9054/colorLogoPNG.png,Entertainment,,iptv-org-all.txt
Live Times (720p),https://stream.ottlive.co.in/livetimetv/index.m3u8,,,,LiveTimes.in@SD,,,,https://www.livetimes.news/wp-content/uploads/2021/11/LT-logoConverted-01.png,News,,iptv-org-all.txt
LiveNOW from FOX (720p),https://fox-foxnewsnow-vizio.amagi.tv/playlist.m3u8,,,,LiveNOWfromFOX.us@SD,,,,https://i.imgur.com/1JnyzHv.png,News,,iptv-org-all.txt
LIVExLIVE (1080p),https://livestream.liveone.com/lc1/p1.m3u8,,,,LIVExLIVE.us@SD,,,,https://i.imgur.com/KFzEoed.png,Music,,iptv-org-all.txt
Living Asia Channel (1080p),https://cdn.vegasplus.us/vegas/lac/playlist.m3u8,,,,LivingAsiaChannel.ph@HD,,,,https://i.imgur.com/q3UToRM.png,Travel,,iptv-org-all.txt
Living Faith TV (540p),https://cdn-unified-hls.streamspot.com/ingest1/0b5c0f18e9/playlist.m3u8?origin=1,,,,LivingFaithTV.us@SD,,,,https://i.imgur.com/FuNpesJ.png,Religious,,iptv-org-all.txt
Living India News (1080p),https://stream.ottlive.co.in/livingindia/index.m3u8,,,,LivingIndiaNews.in@SD,,,,https://i.imgur.com/YikaJvd.png,News,,iptv-org-all.txt
LLBN His Light (720p),https://brightstar-hislight-pull-secure.akamaized.net/brightstarhislight/stream.m3u8,,,,LLBNHisLight.us@SD,,,,https://i.imgur.com/YkLZjRw.png,Religious,,iptv-org-all.txt
LLBN His Word (720p),https://brightstar-hisword-pull-secure.akamaized.net/brightstarhisword/stream.m3u8,,,,LLBNHisWord.us@SD,,,,https://i.imgur.com/GbyHlS2.png,Religious,,iptv-org-all.txt
LLBN TV Arabic (480p),https://brightstar-arabic-pull-secure.akamaized.net/brightstararabic/stream.m3u8,,,,LLBNTVArabic.us@SD,,,,https://i.imgur.com/fbrQpC4.png,Religious,,iptv-org-all.txt
LLBN TV Chinese (480p),https://brightstar-chinese-pull-secure.akamaized.net/brightstarchinese/stream.m3u8,,,,LLBNTVChinese.us@SD,,,,https://i.imgur.com/C0jUDMn.png,Religious,,iptv-org-all.txt
LLBN TV Korean (480p),https://brightstar-korean-pull-secure.akamaized.net/brightstarkorean/stream.m3u8,,,,LLBNTVKorean.us@SD,,,,https://i.imgur.com/WsOfy19.png,Religious,,iptv-org-all.txt
LLBN TV Latino (480p),https://brightstar-latino-pull-secure.akamaized.net/brightstarlatino/stream.m3u8,,,,LLBNTVLatino.us@SD,,,,https://i.imgur.com/WsOfy19.png,Religious,,iptv-org-all.txt
LLBN TV Romanian (480p),https://brightstar-romanian-pull-secure.akamaized.net/brightstarromanian/stream.m3u8,,,,LLBNTVRomanian.us@SD,,,,https://i.imgur.com/WsOfy19.png,Religious,,iptv-org-all.txt
LLBN TV South Asia (480p),https://brightstar-southasia-pull-secure.akamaized.net/brightstarsouthasia/stream.m3u8,,,,LLBNTVSouthAsia.us@SD,,,,https://i.imgur.com/WsOfy19.png,Religious,,iptv-org-all.txt
LM TV French (720p) [Not 24/7],https://video1.getstreamhosting.com:1936/8282/8282/playlist.m3u8,,,,LMTVFrench.ci@SD,,,,https://i.imgur.com/FVnq2cQ.png,Religious,,iptv-org-all.txt
LN24SA (1080p),https://cdnstack.internetmultimediaonline.org/ln24/ln24.stream/playlist.m3u8,,,,LN24SA.za@SD,,,,https://i.imgur.com/Hg5YTwu.png,News,,iptv-org-all.txt
LN247 (1080p),https://go5lmb6oyawb-hls-live.5centscdn.com/station/3dfd3752af3d7aec5c53992c2da3a316.sdp/playlist.m3u8,,,,LN247.ng@SD,,,,https://i.imgur.com/s6PUehQ.jpg,News,,iptv-org-all.txt
Loading (720p),https://stmv1.srvif.com/loadingtv/loadingtv/playlist.m3u8,,,,Loading.br@SD,,,,https://i.imgur.com/R0aflu1.png,Entertainment,,iptv-org-all.txt
Lobo TV (720p),https://5ca3e84a76d30.streamlock.net/tvlobo/videotvlobo/playlist.m3u8,,,,LoboTV.mx@SD,,,,https://i.imgur.com/3fA50RJ.png,Music,,iptv-org-all.txt
Localish (1080p),https://dnmfq3sh1jipj.cloudfront.net/DisneyLocalish.m3u8,,,,Localish.us@SD,,,,https://i.imgur.com/ACEbGD5.png,Lifestyle,,iptv-org-all.txt
LOE TV (720p),https://58c04fb1d143f.streamlock.net/loemedia/loemedia/playlist.m3u8,,,,LOETV.nl@SD,,,,https://i.imgur.com/8i6OwaS.png,General,,iptv-org-all.txt
Logo Pluto TV,https://jmp2.uk/plu-5ce5a8954311f992edbe1da2.m3u8,,,,LogoPlutoTV.us@SD,,,,https://i.imgur.com/GtNgJ28.png,Entertainment,,iptv-org-all.txt
Logos TV (Spain) (1080p) [Not 24/7],https://streamer1.streamhost.org/salive/logosH/master.m3u8,,,,LogosTV.es@SD,,,,https://i.imgur.com/Kr3U3Ub.png,Religious,,iptv-org-all.txt
Logos TV (United States) (1080p) [Not 24/7],https://5a8308add0b31.streamlock.net/logoschannel.com/logostv.smil/playlist.m3u8,,,,LogosTV.us@SD,,,,https://i.imgur.com/h8DioXU.png,Religious,,iptv-org-all.txt
Logos TV English (1080p) [Not 24/7],https://5aafcc5de91f1.streamlock.net/logoschannel.com/logoseng/playlist.m3u8,,,,LogosTVEnglish.us@SD,,,,https://i.imgur.com/LDfEK81.png,Religious,,iptv-org-all.txt
Logos TV Estudio (720p) [Not 24/7],https://streamer1.streamhost.org/salive/logosdirectaH/playlist.m3u8,,,,LogosTVEstudio.es@SD,,,,https://i.imgur.com/qkHrttj.png,Religious,,iptv-org-all.txt
Logos TV Kids (720p) [Not 24/7],https://streamer1.streamhost.org/salive/logoskidsH/playlist.m3u8,,,,LogosTVKids.es@SD,,,,https://i.imgur.com/Kr3U3Ub.png,Kids;Religious,,iptv-org-all.txt
Logos TV Salud (720p) [Not 24/7],https://streamer1.streamhost.org/salive/logossaludH/playlist.m3u8,,,,LogosTVSalud.es@SD,,,,https://i.imgur.com/qkHrttj.png,Lifestyle,,iptv-org-all.txt
Lokale Omroep Zeewolde (720p),https://5e2b3e3114872.streamlock.net:1443/lozlive/smil:lozlive/playlist.m3u8,,,,LokaleOmroepZeewolde.nl@SD,,,,https://i.imgur.com/Dw4u9wT.png,General,,iptv-org-all.txt
Lokshahi News (576p),https://mumt05.tangotv.in/87NeALx2LOKSAAHI/index.m3u8,,,,LokshahiNews.in@SD,,,,https://xstreamcp-assets-msp.streamready.in/assets/LIVETV/LIVECHANNEL/LIVETV_LIVETVCHANNEL_LOKSHAHI/images/LOGO_HD/image.png,News,,iptv-org-all.txt
Lollywood HD TV,https://stream.berosat.live/hls/lollywood-hd/lollywood-hd.m3u8,,,,LollywoodHDTV.cd@SD,,,,https://i.imgur.com/fQhrsdr.png,Movies,,iptv-org-all.txt
Lolwe TV (576p) [Not 24/7],https://goliveafrica.media:9998/live/62580e144eb43/index.m3u8,,,,LolweTV.ke@SD,,,,https://i.imgur.com/tjZ1cOP.png,News,,iptv-org-all.txt
Lombardia TV,https://5db313b643fd8.streamlock.net/lmbiatv/lmbiatv/playlist.m3u8,,,,LombardiaTV.it@SD,,,,https://i.imgur.com/frVhm9q.png,General,,iptv-org-all.txt
LON TV (720p),https://streamingserver02.omroepnuenen.nl/lon/lonweb/chunklist_w1463772894.m3u8,,,,LONTV.nl@SD,,,,https://i.imgur.com/bH4XSGw.png,Undefined,,iptv-org-all.txt
Lone Star (1080p),https://lonestar-rakuten.amagi.tv/playlist.m3u8,,,,LoneStar.us@SD,,,,https://xstreamcp-assets-msp.streamready.in/assets/DISTROTV/LIVECHANNEL/666988e3bac4421ebc533621/images/logo_20231219_215208_70.png,Entertainment,,iptv-org-all.txt
Lone Star Poland (720p),https://6b88cde9.wurl.com/master/f36d25e7e52f1ba8d7e56eb859c636563214f541/UmFrdXRlblRWLWV1X0xvbmVTdGFyX0hMUw/playlist.m3u8,,,,LoneStar.us@Poland,,,,https://xstreamcp-assets-msp.streamready.in/assets/DISTROTV/LIVECHANNEL/666988e3bac4421ebc533621/images/logo_20231219_215208_70.png,Entertainment,,iptv-org-all.txt
Look Thoong TV (720p) [Not 24/7],https://livefta.malimarcdn.com/ftaedge00/lookthoongtv.sdp/playlist.m3u8,,,,LookThoongTV.la@SD,,,,https://i.imgur.com/eT7iE34.png,Music,,iptv-org-all.txt
Loreto TV (720p),https://loretotv.moxapps.shop/live/QFM7KYOlxWd47ybXB3Z1u2P13Py1/index.m3u8,,,,LoretoTV.ec@SD,,,,https://i.imgur.com/3qGSAT3.png,General,,iptv-org-all.txt
Los Angeles TV Radio,https://stmv6.voxtvhd.com.br/losangeles/losangeles/playlist.m3u8,,,,LosAngelesTVRadio.py@SD,,,,https://i.imgur.com/CaNdkpJ.jpeg,Music,,iptv-org-all.txt
Los archivos del FBI,https://jmp2.uk/plu-5f1acbed25948a0007ffbe65.m3u8,,,,LosarchivosdelFBI.us@Spain,,,,https://i.imgur.com/eDCdJO2.png,Series,,iptv-org-all.txt
Los Asesinatos de Midsomer,https://jmp2.uk/plu-5f1aca8310a30e00074fab92.m3u8,,,,LosAsesinatosdeMidsomer.us@Spain,,,,https://i.imgur.com/JIbupT1.png,Series,,iptv-org-all.txt
LotPlus TV (720p),https://ontvcable.streamottmas.workers.dev/ontvcable.m3u8,,,,LotPlusTV.pe@SD,,,,https://i.imgur.com/gBbCDCL.png,General,,iptv-org-all.txt
Lotte Home Shopping (720p),https://pchlslivesw.lotteimall.com/live/livestream/lotteimalllive_mp4.m3u8,,,,LotteHomeShopping.kr@SD,,,,https://i.imgur.com/dJeNehc.png,Shop,,iptv-org-all.txt
Lotte OneTV (720p),https://onetvhlslive.lotteimall.com/lotteonetvlive/lotteonetvlive.mp4.m3u8,,,,LotteOneTV.kr@SD,,,,https://i.imgur.com/bXe7tYE.png,Shop,,iptv-org-all.txt
Louga TV (480p),https://stream.sen-gt.com/Mbacke/myStream/playlist.m3u8,,,,LougaTV.sn@SD,,,,https://i.ibb.co/xXZ5kFy/unnamed.jpg,General,,iptv-org-all.txt
Louis La Brocante,https://jmp2.uk/plu-5f8ed6d569d2d4000864a976.m3u8,,,,LouisLaBrocante.us@France,,,,https://i.imgur.com/I1w7rFb.png,Series,,iptv-org-all.txt
Love & Hip Hop,https://jmp2.uk/plu-5d51ddf0369acdb278dfb05e.m3u8,,,,LoveHipHop.us@SD,,,,https://i.imgur.com/rhGyebf.png,Series,,iptv-org-all.txt
Love Nature (1080p),https://aegis-cloudfront-1.tubi.video/6d6d0f24-8445-4b4c-bdf6-44f9e38beaa4/playlist.m3u8,,,,LoveNature.ca@SD,,,,https://tv.lovenature.com/wp-content/uploads/2024/10/LoveNature2024_Logo_full_colour-copy.png,Outdoor,,iptv-org-all.txt
Love Nature 4K (2160p) [Geo-blocked],https://pb-ehs1glsha1juy.akamaized.net/Love_Nature_4K.m3u8,,,,LoveNature.ca@4K,,,,https://tv.lovenature.com/wp-content/uploads/2024/10/LoveNature2024_Logo_full_colour-copy.png,Outdoor,,iptv-org-all.txt
Love Nature HD (1080p),https://mumbai-edge.smartplaytv.in/LoveNature/index.m3u8,,,,LoveNature.ca@HD,,,,https://tv.lovenature.com/wp-content/uploads/2024/10/LoveNature2024_Logo_full_colour-copy.png,Outdoor,,iptv-org-all.txt
Love Nature en Espanol (1080p) [Geo-blocked],https://amg01515-amg01515c17-xumo-us-2489.playouts.now.amagi.tv/bamus-lovenaturespanish-roku/playlist.m3u8,,,,LoveNatureenEspanol.us@SD,,,,https://i.imgur.com/7uNdcWB.png,Undefined,,iptv-org-all.txt
Love Pets (1080p),https://amg01576-blueskyeenterta-lovepetsemea-samsungse-ctamh.amagi.tv/playlist/amg01576-blueskyeenterta-lovepetsemea-samsungse/playlist.m3u8,,,,LovePets.ca@US,,,,https://lovepetstv.com/wp-content/uploads/2022/12/LovePets_Logo_SecondaryColor.png,Documentary,,iptv-org-all.txt
Love The Planet (1080p),https://amg01821-lovetvchannels-lovetheplanetuksamsung-samsunguk-apopw.amagi.tv/playlist/amg01821-lovetvchannels-lovetheplanetuksamsung-samsunguk/playlist.m3u8,,,,LoveThePlanet.es@EN,,,,https://i.imgur.com/RBcD49X.png,Documentary,,iptv-org-all.txt
Love The Planet DE (1080p) [Geo-blocked],https://amg01821-amg01821c12-rlaxx-gb-10461.playouts.now.amagi.tv/playlist.m3u8,,,,LoveThePlanet.es@DE,,,,https://i.imgur.com/RBcD49X.png,Documentary,,iptv-org-all.txt
Love The Planet ES (1080p) [Geo-blocked],https://amg01821-lovetv-amg01821c9-rlaxx-gb-10458.playouts.now.amagi.tv/playlist.m3u8,,,,LoveThePlanet.es@ES,,,,https://i.imgur.com/RBcD49X.png,Documentary,,iptv-org-all.txt
Love The Planet IT (1080p) [Geo-blocked],https://amg01821-amg01821c11-rlaxx-gb-10459.playouts.now.amagi.tv/playlist.m3u8,,,,LoveThePlanet.es@IT,,,,https://i.imgur.com/RBcD49X.png,Documentary,,iptv-org-all.txt
Love TV (1080p) [Not 24/7],https://stream.nasatv.com.mk/lovetv/hls/lovetv_live.m3u8,,,,LoveTV.mk@SD,,,,https://i.imgur.com/B8iaejQ.png,Music,,iptv-org-all.txt
Loverseny kozvetites (420p),http://87.229.103.60:1935/liverelay/loverseny2.sdp/playlist.m3u8,,,,Loversenykozvetites.hu@SD,,,,https://i.imgur.com/IGajR6G.png,Sports,,iptv-org-all.txt
LoveWorld Arabic (360p),https://go5lm6a6dawb-hls-live.5centscdn.com/lwarabic/53132d996b4263ec0d7b602292c46eaf.sdp/playlist.m3u8,,,,LoveWorldArabic.ng@SD,,,,https://i.imgur.com/KYMjRjK.png,Religious,,iptv-org-all.txt
LoveWorld Persia (720p),https://cdn3.wowza.com/5/aVJETlF0UFdmYTFu/LWPP/ngrp:persia.stream_all/playlist.m3u8,,,,LoveWorldPersia.ng@SD,,,,https://i.imgur.com/Vd2xPxh.png,Religious,,iptv-org-all.txt
LoveWorld UK (1080p) [Not 24/7],https://cdn3.wowza.com/5/L1Uzd2FrbVlLRG1W/live/smil:lwukweb.smil/playlist.m3u8,,,,LoveWorldUK.ng@SD,,,,https://i.imgur.com/JgHbDmF.png,Religious,,iptv-org-all.txt
LoveWorld USA (720p),https://cdn3.wowza.com/5/RGtVZkFxL3FOQkxX/LWU/ngrp:lwu.stream_all/playlist.m3u8,,,,LoveWorldUSA.ng@SD,,,,,Religious,,iptv-org-all.txt
LoveworldSAT (1080p),https://cdnstack.internetmultimediaonline.org/lwsat/lwsat.stream/index.m3u8,,,,LoveworldSAT.ng@SD,,,,https://i.imgur.com/Fg65XCS.png,Religious,,iptv-org-all.txt
LRT Klasika (1080p),https://stream-live.lrt.lt/klasika/master.m3u8,,,,LRTKlasika.lt@SD,,,,https://i.imgur.com/Fa8Vhu0.png,Music,,iptv-org-all.txt
LRT Lituanica (1080p) [Geo-blocked],https://stream-live.lrt.lt/lituanica/master.m3u8,,,,LRTLituanica.lt@SD,,,,https://upload.wikimedia.org/wikipedia/commons/thumb/d/d2/LRT_Lituanica_Logo_2022.svg/960px-LRT_Lituanica_Logo_2022.svg.png,General,,iptv-org-all.txt
LRT Opus (1080p),https://stream-live.lrt.lt/opus/master.m3u8,,,,LRTOpus.lt@SD,,,,https://i.imgur.com/oLuZTMH.png,Music,,iptv-org-all.txt
LRT Plius (1080p),http://stream.mcquack.net/353/index.m3u8,,,,LRTPlius.lt@SD,,,,https://upload.wikimedia.org/wikipedia/commons/thumb/6/61/LRT_Plius_Logo_2022.svg/960px-LRT_Plius_Logo_2022.svg.png,Culture;Sports,,iptv-org-all.txt
LRT Radijas (1080p),https://stream-live.lrt.lt/radijas/master.m3u8,,,,LRTRadijas.lt@SD,,,,https://i.imgur.com/gYoaqju.png,News,,iptv-org-all.txt
LS TV (480p),https://livefta.malimarcdn.com/ftaedge00/laostv.sdp/playlist.m3u8,,,,LSTV.la@SD,,,,https://i.imgur.com/fs3dQ6J.png,Shop,,iptv-org-all.txt
LTN Family SD (576p),http://103.250.28.74:8000/play/a02j/index.m3u8,,,,LTNFamily.pk@SD,,,,https://i.imgur.com/n4CenYn.png,Family,,iptv-org-all.txt
LTV (Chile) (2160p) [Not 24/7],https://live.cdnlivecdn.com/live/c9fe062eed2978749aa00df6485940d298449f5e.m3u8,,,,LTV.cl@SD,,,,https://i.imgur.com/XHs06BX.png,Undefined,,iptv-org-all.txt
LTV (Honduras) (720p) [Not 24/7],https://5e85d90130e77.streamlock.net/6022/6022/playlist.m3u8,,,,LTV.hn@SD,,,,https://i.imgur.com/KBYUOcP.png,General,,iptv-org-all.txt
Lucky Dog (720p),https://d3j95sejv6mybj.cloudfront.net/Lucky_Dog.m3u8,,,,LuckyDog.us@SD,,,,https://i.imgur.com/1j4gwL3.png,Documentary,,iptv-org-all.txt
Lugansk 24,https://streaming.televizor-24-tochka.ru/live/29.m3u8,,,,Lugansk24.ua@SD,,,,https://i.imgur.com/AihoVc0.png,General,,iptv-org-all.txt
Luksusfaelden,https://jmp2.uk/plu-61c19b7785706b00072d421a.m3u8,,,,Luksusfaelden.se@DK,,,,https://images.pluto.tv/channels/61c19b7785706b00072d421a/colorLogoPNG.png,Entertainment,,iptv-org-all.txt
Luksusfellen,https://jmp2.uk/plu-61c1e060197fe600073c1ffb.m3u8,,,,Luksusfellen.se@NO,,,,https://images.pluto.tv/channels/61c1e060197fe600073c1ffb/colorLogoPNG.png,Entertainment,,iptv-org-all.txt
Luksusfellen Sverige,https://jmp2.uk/plu-61c1e0f1d6d97900076ea16f.m3u8,,,,LuksusfellenSverige.se@NO,,,,https://images.pluto.tv/channels/61c1e0f1d6d97900076ea16f/colorLogoPNG.png,Series,,iptv-org-all.txt
Luli (1080p),http://str2.iptvhd.ru:8080/HOT_Luli/index.m3u8,,,,Luli.il@SD,,,,https://cdn.epg.one/img2/2695.png,Kids,,iptv-org-all.txt
Luna TV Canal 53 (720p),https://tv.wracanal10.com:3671/live/lunatvcanal53live.m3u8,,,,LunaTVCanal53.do@SD,,,,https://i.imgur.com/EvX5aqI.png,General,,iptv-org-all.txt
Luxe TV (1080p),http://103.154.3.101:5001/live/1736.m3u8,,,,LuxeTV.lu@SD,,,,https://i.imgur.com/24ehonx.png,Lifestyle,,iptv-org-all.txt
Luyaa TV (480p) [Not 24/7],https://goliveafrica.media:9998/live/659e7c6432815/index.m3u8,,,,LuyaaTV.ke@SD,,,,https://i.imgur.com/bnq7DNt.jpg,General,,iptv-org-all.txt
Luys TV (1080p),https://b01c02nl.mediatriple.net/videoonlylive/mtpayqrfkgirxelive/broadcast_5e91c5ac96898.smil/playlist.m3u8,,,,LuysTV.tr@SD,,,,https://i.imgur.com/9EruWIQ.png,Culture,,iptv-org-all.txt
Luz Divina TV [Not 24/7],https://tv.wracanal10.com:3776/live/luzdivinatvlive.m3u8,,,,LuzDivinaTV.do@HD,,,,https://imgur.com/BHZw3PK.jpeg,Religious,,iptv-org-all.txt
Luz Naciente TV,https://streeming.protoscr.com:3858/live/streeminglive.m3u8,,,,LuzNacienteTV.cr@SD,,,,https://i.imgur.com/GC2lubh.png,Religious,,iptv-org-all.txt
Lyxfallan,https://jmp2.uk/plu-61c18f62f5acaf0007f83135.m3u8,,,,Lyxfallan.se@SE,,,,https://images.pluto.tv/channels/61c18f62f5acaf0007f83135/colorLogoPNG.png,Entertainment,,iptv-org-all.txt
Lyxfallan Danmark,https://jmp2.uk/plu-61c19165decece0007e9b2f3.m3u8,,,,LyxfallanDanmark.se@SE,,,,https://images.pluto.tv/channels/61c19165decece0007e9b2f3/colorLogoPNG.png,Entertainment,,iptv-org-all.txt
Lyxfallan Norge,https://jmp2.uk/plu-67f7d328efc5473b6b4ac5f4.m3u8,,,,LyxfallanNorge.se@SE,,,,https://images.pluto.tv/channels/67f7d328efc5473b6b4ac5f4/colorLogoPNG_1745915912635.png,Entertainment,,iptv-org-all.txt
M2 (Hungary) (1080p),http://88.212.15.19/live/m2_hun/index.m3u8,,,,M2.hu@SD,,,,https://i.imgur.com/B0nYT0l.png,Entertainment,,iptv-org-all.txt
m2o TV (1080p),https://4c4b867c89244861ac216426883d1ad0.msvdn.net/live/S62628868/uhdWBlkC1AoO/playlist.m3u8,,,,m2oTV.it@SD,,,,https://upload.wikimedia.org/wikipedia/commons/thumb/3/34/Radio_m2o_-_Logo_2019.svg/500px-Radio_m2o_-_Logo_2019.svg.png,Music,,iptv-org-all.txt
M5 (1080p),http://88.212.15.19/live/test_m_5_hun_atk_1200/playlist.m3u8,,,,M5.hu@SD,,,,https://i.imgur.com/y21wFd0.png,Education,,iptv-org-all.txt
M6 Music (720p),http://145.239.5.177/320/index.m3u8,,,,M6Music.fr@SD,,,,https://upload.wikimedia.org/wikipedia/en/c/c9/M6_Music_%282012%29.png,Music,,iptv-org-all.txt
M95 Television Marbella (1080p) [Not 24/7],https://limited2.todostreaming.es/live/m95-livestream.m3u8,,,,M95TelevisionMarbella.es@SD,,,,https://i.imgur.com/RzAkP1V.png,News,,iptv-org-all.txt
M Entertainment Channel (720p),https://mmtvs.exliatycl.online/mchannel/stream.m3u8,,,,MEntertainmentChannel.mm@SD,,,,https://i.imgur.com/6PcdTZ2.png,Entertainment,,iptv-org-all.txt
M News (1080p),https://cdn.rabta.stream/M-News/index.m3u8,,,,MNews.pk@SD,,,,https://mnews.pk/wp-content/uploads/2025/10/mnews-logo-news.png,News,,iptv-org-all.txt
M Sports (1080p),https://cdn.rabta.stream/M-Sports/index.m3u8,,,,MSports.pk@SD,,,,https://msports.pk/wp-content/uploads/2026/02/m-sports-300.png,Sports,,iptv-org-all.txt
M-1 (480p),https://m-1.data.lt/m-1/smil:m-1.smil/playlist.m3u8,,,,M1.lt@SD,,,,https://i.ibb.co/gb4NmNHT/M1-2025.png,Music,,iptv-org-all.txt
M-Net HD (720p),http://ares.mnet.mk/hls/mnet.m3u8,,,,MNetHD.mk@SD,,,,https://i.imgur.com/HDYqWuR.png,General,,iptv-org-all.txt
M-Net Info,https://live.mnet.mk/hls/mnet-info.m3u8,,,,MNetInfo.mk@SD,,,,https://i.ibb.co/0fnY2cj/IMG-20230419-161527.jpg,News,,iptv-org-all.txt
M-Net Kids (720p),http://ares.mnet.mk/hls/mnet-kids.m3u8,,,,MNetKids.mk@SD,,,,https://i.imgur.com/SbKkpuH.png,Kids,,iptv-org-all.txt
M-Net Sport (720p),http://ares.mnet.mk/hls/mnet-sport.m3u8,,,,MNetSport.mk@SD,,,,https://i.imgur.com/7k8ar1Z.png,Sports,,iptv-org-all.txt
Ma'an TV (720p),https://htvmada.mada.ps:4443/maannews/index.m3u8,,,,MaanTV.ps@SD,,,,https://i.imgur.com/hRFa03k.png,News,,iptv-org-all.txt
Maah TV (720p),https://hls.maahtv.live/hls/stream.m3u8,,,,MaahTV.my@SD,,,,https://i.imgur.com/FkyueH6.png,Movies,,iptv-org-all.txt
Maasranga TV (720p),http://tvsen5.aynascope.net/maasrangatv/index.m3u8,,,,MaasrangaTV.bd@SD,,,,https://i.imgur.com/uVZJMed.png,Entertainment,,iptv-org-all.txt
MacGyver (Sweden),https://jmp2.uk/plu-63a19eceb3d0eb0007439c34.m3u8,,,,MacGyver.se@SE,,,,https://images.pluto.tv/channels/654a59742c1d33000865a797/colorLogoPNG.png,Classic;Series,,iptv-org-all.txt
MacGyver (Sweden) DK,https://jmp2.uk/plu-654a59742c1d33000865a797.m3u8,,,,MacGyver.se@DK,,,,https://images.pluto.tv/channels/654a59742c1d33000865a797/colorLogoPNG.png,Classic;Series,,iptv-org-all.txt
MacGyver (Sweden) NO,https://jmp2.uk/plu-654a59d483595c0008187514.m3u8,,,,MacGyver.se@NO,,,,https://images.pluto.tv/channels/654a59742c1d33000865a797/colorLogoPNG.png,Classic;Series,,iptv-org-all.txt
MacGyver (United States),https://jmp2.uk/plu-63eb9dc84e83e70008abea92.m3u8,,,,MacGyver.us@BR,,,,https://images.pluto.tv/channels/63eb9dc84e83e70008abea92/colorLogoPNG.png,Classic,,iptv-org-all.txt
MacGyver (United States) LatAm,https://jmp2.uk/plu-63eb95baa99571000898a078.m3u8,,,,MacGyver.us@LatAm,,,,https://images.pluto.tv/channels/63eb9dc84e83e70008abea92/colorLogoPNG.png,Classic,,iptv-org-all.txt
Mad Dog and Merrill (540p) [Not 24/7],https://rpn.bozztv.com/gusa/gusa-mwg/index.m3u8,,,,MadDogandMerrill.us@SD,,,,https://i.imgur.com/5QQy3aW.png,Cooking,,iptv-org-all.txt
Madani Channel Bangla (1080p),https://streaming.madanichannel.tv/static/streaming-playlists/hls/d3e49b76-ac06-4689-a641-9200445b647f/master.m3u8,,,,MadaniChannelBangla.bd@SD,,,,https://i.imgur.com/vIJTVia.png,Religious,,iptv-org-all.txt
Madani Channel English (720p),http://tvsen7.aynascope.net/MadaniTV/index.m3u8,,,,MadaniChannelEnglish.pk@SD,,,,https://i.imgur.com/Abi9j0A.png,Religious,,iptv-org-all.txt
Madani Channel Urdu (720p),https://streaming.madanichannel.tv/static/streaming-playlists/hls/b9790f10-cb0d-4e30-82bf-84a756234e58/master.m3u8,,,,MadaniChannelUrdu.pk@SD,,,,https://i.imgur.com/MitLeCJ.png,Religious,,iptv-org-all.txt
Madani TV (720p),https://stream.asianastream.com/madani/madanitv.smil/playlist.m3u8,,,,MadaniTV.id@SD,,,,https://i.imgur.com/8aonQ0v.png,Religious,,iptv-org-all.txt
Madaniyat va ma'rifat (576p),https://stream8.cinerama.uz/1005/tracks-v1a1/playlist.m3u8,,,,Madaniyatvamarifat.uz@SD,,,,https://i.imgur.com/eeNLXCP.png,General,,iptv-org-all.txt
Made In Hollywood,https://connection3-ent-nz.samsung.wurl.tv/playlist.m3u8,,,,MadeInHollywood.us@SD,,,,https://i.imgur.com/p16HNIM.png,Movies,,iptv-org-all.txt
MadeinBO TV (1080p),https://srvx1.selftv.video/dmchannel/live/playlist.m3u8,,,,MadeinBOTV.it@SD,,,,https://i.imgur.com/47X44DD.png,Sports,,iptv-org-all.txt
Madha TV (576p),https://mumt07.tangotv.in/zHjX9OFlMADHATV/index.m3u8,,,,MadhaTV.in@SD,,,,https://dtil.tmsimg.com/assets/s143287_ld_h15_aa.png?lock=720x540,Religious,,iptv-org-all.txt
Madhimugam TV (576p),https://mumt01.tangotv.in/O5aw8Zn3MATHIMUGAMTV/index.m3u8,,,,MadhimugamTV.in@SD,,,,https://jiotvimages.cdn.jio.com/dare_images/images/Madhimugam_TV.png,News,,iptv-org-all.txt
Madras FM TV (1080p),https://edge12.vedge.infomaniak.com/livecast/ik:madrasfmtv/manifest.m3u8,,,,MadrasFMTV.gp@SD,,,,https://i.imgur.com/spGg1CZ.png,Music,,iptv-org-all.txt
Maestrat TV (1080p),https://stream.maestrat.tv/hls/stream.m3u8,,,,MaestratTV.es@SD,,,,https://i.imgur.com/9gOS1ts.png,General,,iptv-org-all.txt
Maestro (576p),http://str2.iptvhd.ru:8080/maestro/index.m3u8,,,,Maestro.ge@SD,,,,https://i.imgur.com/nUz1VRv.png,Undefined,,iptv-org-all.txt
MagellanTV Now (1080p),https://amg00376-magellan-amg00376c5-samsung-au-1708.playouts.now.amagi.tv/playlist/amg00376-magellantv-magellantvnowww-samsungau/playlist.m3u8,,,,MagellanTVNow.us@SD,,,,https://i.imgur.com/gEraSp5.png,Documentary,,iptv-org-all.txt
MagentaMusik 360 (1080p),https://streaming.magentamusik.de/csm/573870/magentamusik1/index.m3u8,,,,MagentaMusik360.de@SD,,,,https://i.imgur.com/R74gG7U.png,Music,,iptv-org-all.txt
Magic PowerRadio (288p) [Not 24/7],https://server-23.stream-server.nl:1936/Magic-PowerRadio/Magic-PowerRadio/playlist.m3u8,,,,MagicPowerRadio.nl@SD,,,,https://i.imgur.com/sWcwIte.png,Entertainment,,iptv-org-all.txt
Magic TV (Bulgaria) (720p),https://bss1.neterra.tv/magictv/magictv.m3u8,,,,MagicTV.bg@SD,,,,https://i.imgur.com/n7bcrrp.png,Music,,iptv-org-all.txt
Magic TV (Romania) (720p),https://tv.broadcasting.ro/magictv/925f90db-5c88-4190-a53d-5163cdffe6f4.m3u8,,,,MagicTV.ro@SD,,,,https://i.imgur.com/9izrr4d.png,Music,,iptv-org-all.txt
Magna Channel (1080p) [Not 24/7],https://edge.medcom.id/live-edge/smil:magna.smil/playlist.m3u8,,,,MagnaChannel.id@SD,,,,https://i.imgur.com/tfJo0SO.png,General,,iptv-org-all.txt
Magnat (1080p),https://s1.tv-nano.com/Magnat_HD_5119705/video.m3u8,,,,Magnat.ru@SD,,,,https://i.imgur.com/r485aZL.png,Shop,,iptv-org-all.txt
Magnavision TV (720p),https://manatv.akamaized.net/120723/smil:magnavision.smil/playlist.m3u8,,,,MagnavisionTV.uk@SD,,,,https://i.imgur.com/mUHixbi.png,Entertainment,,iptv-org-all.txt
Magnificent Movies Network,https://mmn1-301f.kxcdn.com/hls/MMN-HLS.m3u8,,,,MagnificentMoviesNetwork.us@SD,,,,https://i.imgur.com/CXjo8kn.png,Movies;Shop,,iptv-org-all.txt
Maha Movie (576p),https://cdn.pishow.tv/ott/live/10007/master.m3u8,,,,MahaMovie.in@SD,,,,https://jiotvimages.cdn.jio.com/dare_images/images/Maha_Movies.png,Movies,,iptv-org-all.txt
Maha Punjabi,https://cdn.pishow.tv/ott/live/1521/master.m3u8,,,,MahaPunjabi.in@SD,,,,https://i.imgur.com/AWUcSb8.png,Entertainment,,iptv-org-all.txt
Mahaa Bhakti (1080p),https://mumbai-edge.smartplaytv.in/MahaBhakthi/index.m3u8,,,,MahaaBhakti.in@SD,,,,https://yt3.googleusercontent.com/OWECRvCVJh-dXU2MTRZhMRIDvFvcWan0YMoWWfXsM5_WEHobQy2QoHQbGr7AZUXzMOByTMAXbg=s900-c-k-c0x00ffffff-no-rj,Religious,,iptv-org-all.txt
Mahaa Max (1080p),https://mumbai-edge.smartplaytv.in/MahaMax/index.m3u8,,,,MahaaMax.in@SD,,,,https://objectstorage.ap-mumbai-1.oraclecloud.com/p/7Eg7LPw1gBcncVDrfwf__7yyrg13awaU6DmMk4gutavGYZgoAuAziv8e0aSEdU4G/n/bmaqqlwez184/b/GTPL_CHANNEL_LOGO/o/gtpl/MAHAA+MAX+LOGO.png,Entertainment,,iptv-org-all.txt
Mahaa News (1080p),https://mumbai-edge.smartplaytv.in/MahaNews/index.m3u8,,,,MahaaNews.in@SD,,,,https://i.imgur.com/buT76vR.png,News,,iptv-org-all.txt
Mahaasin TV,https://mahaasintv.livebox.co.in/mahaasintvhls/mahaasintv.m3u8,,,,MahaasinTV.tz@SD,,,,https://i.imgur.com/wdfdKvC.png,Religious,,iptv-org-all.txt
Mahabad TV,https://ncdn.telewebion.ir/mahabad/live/playlist.m3u8,,,,MahabadTV.ir@SD,,,,https://upload.wikimedia.org/wikipedia/fa/c/cb/Mahabad_tv.png,General,,iptv-org-all.txt
Mahalla (576p),https://stream8.cinerama.uz/1013/tracks-v1a1/playlist.m3u8,,,,Mahalla.uz@SD,,,,https://i.imgur.com/GtABiJI.png,Undefined,,iptv-org-all.txt
Mahimai TV (576p),https://mahimai.iptelevision.live/mahimaitv/video.m3u8,,,,MahimaiTV.in@SD,,,,https://mahimaitv.com/images/mahimaitamil.png,Religious,,iptv-org-all.txt
Maidan (720p),https://live-maidantv.cdnvideo.ru/maidantv/maidantv.smil/playlist.m3u8,,,,Maidan.ru@SD,,,,https://i.imgur.com/C8CCjZK.png,Music,,iptv-org-all.txt
Maimon TV Canal 3 (720p) [Not 24/7],https://tele-stream.telecasa.net/live/st3/maimontv-hd/index.m3u8,,,,MaimonTVCanal3.do@SD,,,,https://i.imgur.com/twldaaC.png,Music,,iptv-org-all.txt
Maincast Cybersport (1080p),http://stream.mcquack.net/487/index.m3u8,,,,MaincastCybersport.ua@SD,,,,https://upload.wikimedia.org/wikipedia/commons/5/57/Maincast_%28HD_Logo%29_2024.png,Sports,,iptv-org-all.txt
Maincast Sport (1080p),http://stream.mcquack.net/490/index.m3u8,,,,MaincastSport.ua@SD,,,,https://upload.wikimedia.org/wikipedia/commons/5/57/Maincast_%28HD_Logo%29_2024.png,Sports,,iptv-org-all.txt
Majestad Television (720p),https://videoserver.tmcreativos.com:19360/majestadtv/majestadtv.m3u8,,,,MajestadTelevision.ec@SD,,,,https://i.imgur.com/d1GWRnm.png,General,,iptv-org-all.txt
Majestad TV (480p) [Not 24/7],https://livetv.305streamhd.com:3667/live/majestadtvlive.m3u8,,,,MajestadTV.us@SD,,,,https://i.imgur.com/BJhrvtL.png,Religious,,iptv-org-all.txt
Majid Al Mohandis (1080p),https://shd-amg-fast.edgenextcdn.net/tx019/playlist.m3u8,,,,MajidAlMohandis.sa@SD,,,,https://i.discogs.com/Fk9Bm8gTYJYeVXIJKX-EOGmYQ90sVQPtkIW5ZK4fydo/rs:fit/g:sm/q:90/h:372/w:412/czM6Ly9kaXNjb2dz/LWRhdGFiYXNlLWlt/YWdlcy9MLTE2OTY4/MzMtMTU2ODk0NjI5/MC01Njk2LmpwZWc.jpeg,Music,,iptv-org-all.txt
Makan 33 (1080p),https://kancdn.medonecdn.net/livehls/oil/kancdn-live/live/makan/live.livx/playlist.m3u8,,,,Makan33.il@SD,,,,https://i.imgur.com/RVtQTed.png,News,,iptv-org-all.txt
Makao TV (1080i),https://live.obslivestream.com/makaomux/index.m3u8,,,,MakaoTV.do@SD,,,,https://i.imgur.com/asD5y7i.png,Music,,iptv-org-all.txt
Makina TV (720p) [Not 24/7],https://vdopanel.jlahozconsulting.com:3303/live/makinalive.m3u8,,,,MakinaTV.do@SD,,,,https://www.vivalivetv.com/public/files/shows/0/1/2951-294x165-FFFFFF.jpg,General,,iptv-org-all.txt
Makkah TV (576p),https://media2.streambrothers.com:1936/8122/8122/playlist.m3u8,,,,MakkahTV.sa@SD,,,,https://i.ibb.co/r2k71w5N/download.png,Religious,,iptv-org-all.txt
Makkal TV (576i),https://5k8q87azdy4v-hls-live.wmncdn.net/MAKKAL/271ddf829afeece44d8732757fba1a66.sdp/playlist.m3u8,,,,MakkalTV.in@SD,,,,https://xstreamcp-assets-msp.streamready.in/assets/LIVETV/LIVECHANNEL/LIVETV_LIVETVCHANNEL_MAKKAL_TV/images/LOGO_HD/image.png,General,,iptv-org-all.txt
Makoi Varosi Televizio (576p),http://makomedia.mikrohalo.hu/hls/makotv.m3u8,,,,MakoiVarosiTelevizio.hu@SD,,,,https://i.imgur.com/PF3BP4X.png,General,,iptv-org-all.txt
Makon TV (576i),https://stream8.cinerama.uz/1497/tracks-v1a1/mono.m3u8,,,,MakonTV.uz@SD,,,,https://i.imgur.com/vCc0ED1.png,Entertainment,,iptv-org-all.txt
Malai Murasu TV (576p),https://streams.tangotv.in/MALAIMURASUSEITHIGAL/ORIGIN/index.m3u8,,,,MalaiMurasuTV.in@SD,,,,https://i.imgur.com/OC5TQxp.png,News,,iptv-org-all.txt
Maldives TV (720p),https://lana.psm.mv/live/mtv.m3u8,,,,MaldivesTV.mv@SD,,,,https://i.imgur.com/Zl2FmFC.png,Travel,,iptv-org-all.txt
MaLive (1080p),https://live.salto.nl/hls/malive_high.m3u8,,,,MaLive.nl@SD,,,,https://i.imgur.com/0Vzg2OR.png,Entertainment,,iptv-org-all.txt
Mama (576p),http://stream.mcquack.net/79/index.m3u8,,,,Mama.ru@SD,,,,https://i.imgur.com/kmMIjjf.png,Kids,,iptv-org-all.txt
Man with a Plan,https://jmp2.uk/plu-6825efbb9eed174f7ffbe5b0.m3u8,,,,ManwithaPlan.se@SE,,,,https://images.pluto.tv/channels/678f88bb272ded16b1558c5e/colorLogoPNG.png,Comedy,,iptv-org-all.txt
Man with a Plan DK,https://jmp2.uk/plu-678f88bb272ded16b1558c5e.m3u8,,,,ManwithaPlan.se@DK,,,,https://images.pluto.tv/channels/678f88bb272ded16b1558c5e/colorLogoPNG.png,Comedy,,iptv-org-all.txt
Man with a Plan NO,https://jmp2.uk/plu-6825eeeeb19ce6d4a34ebb2a.m3u8,,,,ManwithaPlan.se@NO,,,,https://images.pluto.tv/channels/678f88bb272ded16b1558c5e/colorLogoPNG.png,Comedy,,iptv-org-all.txt
Mana Church Online (1080p) [Not 24/7],https://w2.manasat.com/church-online/smil:church-online.smil/playlist.m3u8,,,,ManaChurchOnline.pt@SD,,,,https://i.imgur.com/FRDJSim.png,Religious,,iptv-org-all.txt
Mana Cirkev Online (1080p) [Not 24/7],https://w2.manasat.com/cirkev-online/smil:cirkev-online.smil/playlist.m3u8,,,,ManaCirkevOnline.pt@SD,,,,https://i.imgur.com/tYhXeRq.png,Religious,,iptv-org-all.txt
Mana Eglise Online (1080p) [Not 24/7],https://w2.manasat.com/eglise-online/smil:eglise-online.smil/playlist.m3u8,,,,ManaEgliseOnline.pt@SD,,,,https://i.imgur.com/xQYly8O.png,Religious,,iptv-org-all.txt
Mana Iglesia Online (1080p) [Not 24/7],https://w2.manasat.com/iglesia-online/smil:iglesia-online.smil/playlist.m3u8,,,,ManaIglesiaOnline.pt@SD,,,,https://i.imgur.com/0IUvfcJ.png,Religious,,iptv-org-all.txt
Mana Igreja Online (1080p) [Not 24/7],https://w1.manasat.com/igrejaonline/smil:igrejaonline.smil/playlist.m3u8,,,,ManaIgrejaOnline.pt@SD,,,,https://i.imgur.com/0IUvfcJ.png,Religious,,iptv-org-all.txt
Mana Tserkov' Onlayn (1080p) [Not 24/7],https://w2.manasat.com/tserkov-online/smil:tserkov-online.smil/playlist.m3u8,,,,ManaTserkovOnlayn.pt@SD,,,,https://i.imgur.com/PruXLqS.png,Religious,,iptv-org-all.txt
Manaclar Television [Not 24/7],https://5790d294af2dc.streamlock.net/manaclar/manaclar/playlist.m3u8,,,,ManaclarTelevision.do@SD,,,,https://www.vivalivetv.com/public/files/shows/0/1/3445-294x165-FFFFFF.jpg,General,,iptv-org-all.txt
Manas TV (1080p),http://212.42.111.152:8080/hls/manas.m3u8,,,,ManasTV.kg@SD,,,,https://i.ibb.co/2Kvcj5Q/manas.jpg,Culture;Education;Entertainment,,iptv-org-all.txt
Manavision (480p),https://play.once.net.ec/play/Ily2oYdd3E1fi9wK2zORoRovFU9P5xM0g3CNVK2MT0M/.m3u8,,,,Manavision.ec@SD,,,,https://i.imgur.com/mZkW342.png,Culture,,iptv-org-all.txt
Mango (India) (576p),https://stmv6.voxtvhd.com.br/cinehindi/cinehindi/playlist.m3u8,,,,Mango.in@SD,,,,https://i.imgur.com/neZm4CY.png,Entertainment,,iptv-org-all.txt
Mango (Poland) (1080p) [Geo-blocked],https://lb2.pluscdn.pl/ch/1580235/3496/hls/a149fc4b/masterlist.m3u8,,,,Mango.pl@SD,,,,https://upload.wikimedia.org/wikipedia/commons/7/73/NewLogoMango.svg,Shop,,iptv-org-all.txt
Mango Mobile TV (1080p),https://amg01911-mangotv-amg01911c1-xiaomi-in-1270.playouts.now.amagi.tv/playlist/amg01911-mangomassmedia-mangotv-xiaomiin/playlist.m3u8,,,,MangoMobileTV.in@HD,,,,https://dvvlqr1rtlak3.cloudfront.net/Mango/MANGOTVLOGO.jpg,Entertainment,,iptv-org-all.txt
Mangorn (720p),http://49.0.87.24:1936/HDDragon/Dragon/playlist.m3u8,,,,Mangorn.th@SD,,,,,General,,iptv-org-all.txt
Mangystay (540p) [Not 24/7],https://stream.kaztrk.kz/regional/mangystautv/index.m3u8,,,,Mangystay.kz@SD,,,,https://i.imgur.com/9JfLseu.png,General,,iptv-org-all.txt
Maniel TV (720p) [Not 24/7],https://mp.panelchs.com/hls/8024/8024.m3u8,,,,ManielTV.do@HD,,,,https://www.vivalivetv.com/public/files/shows/0/1/4060-294x165-FFFFFF.jpg,General,,iptv-org-all.txt
Manorama News (1080p),https://mmtvnews1.akamaized.net/v1/master/673630b269b766886555eebfddd4f27f3de3ab50/mmtvNewsCampaign1/index.m3u8,,,,ManoramaNews.in@SD,,,,https://i.imgur.com/adjRrVx.png,News,,iptv-org-all.txt
Manoranjan Grand (720p),https://cdn.pishow.tv/ott/live/1011/master.m3u8,,,,ManoranjanGrand.in@SD,,,,https://dtil.tmsimg.com/assets/s143302_ld_h15_aa.png?lock=720x540,Movies,,iptv-org-all.txt
Manoranjan Movies (576p),https://mumt04.tangotv.in/m18aqlK4MANORANJANMOVIES/index.m3u8,,,,ManoranjanMovies.in@SD,,,,https://dtil.tmsimg.com/assets/s143303_ld_h15_aa.png?lock=720x540,Movies,,iptv-org-all.txt
Manoranjan Prime (576p),https://mumt06.tangotv.in/qYyB8fXVMANORANJANPRIME/index.m3u8,,,,ManoranjanPrime.in@SD,,,,https://blogger.googleusercontent.com/img/b/R29vZ2xl/AVvXsEjrGNUi4TMw8UslbIJF1ja-NrA1Ps656h9cxrj6aTfl3Cm-_C2gxtBBAKz-fLdPk7rJ0YrXfNvcQaBSDFTUdPgSYt8sBA0xn4aSMPnl-J2hiKa7P3Ybjd3BlE3XjoAJ0d7HNvhy8mZFDbf1JfAdMVBpdnPBuim3y3x0zMw1D3ryOw3NCoOsPA5fMMplPbU/s500/manoranjan-prime-tv-schedule-on-dd-freedish.jpg,Entertainment,,iptv-org-all.txt
Manoranjan TV (720p),https://cdn.pishow.tv/ott/live/1013/master.m3u8,,,,ManoranjanTV.in@SD,,,,https://xstreamcp-assets-msp.streamready.in/assets/LIVETV/LIVECHANNEL/LIVETV_LIVETVCHANNEL_MANORANJAN_TV/images/LOGO_HD/image.png,Entertainment,,iptv-org-all.txt
Manoto,https://ca-rt.onetv.app/manototv/index-0.m3u8?token=onetv202,,,,Manoto.uk@SD,,,,https://i.imgur.com/8wE1Lbp.png,Entertainment,,iptv-org-all.txt
Mantavya News (576p),https://d1msejlow1t3l4.cloudfront.net/fta/mantavya/playlist.m3u8,,,,MantavyaNews.in@SD,,,,https://jiotvimages.cdn.jio.com/dare_images/images/Mantavya_News.png,News,,iptv-org-all.txt
Manu Chat,https://vmi747311.contaboserver.net/hls/livetv.m3u8,,,,ManuChat.iq@SD,,,,https://i.imgur.com/voyoljW.png,Undefined,,iptv-org-all.txt
Maqui TV,https://streamyes.alsolnet.com/maquiradio/live/playlist.m3u8,,,,MaquiTV.cl@SD,,,,https://i.imgur.com/U849xvX.png,Music,,iptv-org-all.txt
Maray TV,https://5eaccbab48461.streamlock.net:1936/8242/ngrp:8242_all/playlist.m3u8,,,,MarayTV.cl@SD,,,,https://i.imgur.com/YinMA8c.png,General,,iptv-org-all.txt
Maraya (1080p),https://shd-amg-fast.edgenextcdn.net/tx008/playlist.m3u8,,,,Maraya.sa@HD,,,,https://shahid.mbc.net/mediaObject/d089a559-4f41-4def-a786-f98fcfbf0464?height=auto&width=288&croppingPoint=&version=1&type=png,Series,,iptv-org-all.txt
Marca TV (1080p),http://200.7.219.221:8088/live/livetv/index.m3u8,,,,MarcaTV.ec@SD,,,,https://i.imgur.com/ez1NxwJ.jpg,General,,iptv-org-all.txt
Marga Marga TV (720p),https://v1.tustreaming.cl/margamargatv/index.m3u8,,,,MargaMargaTV.cl@SD,,,,https://i.imgur.com/4cg51eE.png,General,,iptv-org-all.txt
Maria Vision (360p) [Not 24/7],https://1601580044.rsc.cdn77.org/live/_jcn_/amlst:Mariavision/master.m3u8,,,,MariaVision.mx@SD,,,,https://i.imgur.com/GylOPxE.png,Religious,,iptv-org-all.txt
Maria Vision Italia (1080p),https://1601580044.rsc.cdn77.org/live/_jcn_/amlst:CHANNEL_2/playlist.m3u8,,,,MariaVisionItalia.it@SD,,,,https://i.imgur.com/gP3XAlV.jpeg,Religious,,iptv-org-all.txt
Maria Vision USA (1080p),https://1601580044.rsc.cdn77.org/live/_jcn_/amls:PALMIAMI/playlist.m3u8,,,,MariaVisionUSA.us@SD,,,,https://i.imgur.com/eaVt8R1.png,Religious,,iptv-org-all.txt
Maria+Vision Medjugorje (720p),https://1601580044.rsc.cdn77.org/live/_jcn_/amlst:Italiasette/playlist.m3u8,,,,MariaPlusVisionMedjugorje.ba@SD,,,,https://i.imgur.com/xUOspBx.png,Religious,,iptv-org-all.txt
Marina TV (1080p),https://ffs.gulfsat.com/Marina-TV-HD/index.m3u8,,,,MarinaTV.kw@SD,,,,https://i.imgur.com/F2PzEaw.png,Music,,iptv-org-all.txt
Mario Pinto TV (720p) [Not 24/7],https://eu1.servers10.com:8081/8028/index.m3u8,,,,MarioPintoTV.ec@SD,,,,https://i.imgur.com/9rU6yWo.jpg,News,,iptv-org-all.txt
Marjaeyat TV Arabic (1080p),https://livefa.marjaeyattv.com/mtv_ar/playlist.m3u8,,,,MarjaeyatTVArabic.iq@SD,,,,https://i.imgur.com/LsYYkUI.png,Religious,,iptv-org-all.txt
Marjaeyat TV English (1080p),https://livefa.marjaeyattv.com/mtv_en/playlist.m3u8,,,,MarjaeyatTVEnglish.iq@SD,,,,https://i.imgur.com/Dvf61Jp.png,Religious,,iptv-org-all.txt
Marjaeyat TV Persian (240p) [Not 24/7],https://livefa.marjaeyattv.com/mtv_fa/playlist.m3u8,,,,MarjaeyatTVPersian.iq@SD,,,,https://i.imgur.com/fCj05f0.png,Religious,,iptv-org-all.txt
Marka TV (720p) [Not 24/7],https://5790d294af2dc.streamlock.net/markatv/markatv/playlist.m3u8,,,,MarkaTV.do@HD,,,,https://www.vivalivetv.com/public/files/shows/0/1/3355-294x165-FFFFFF.jpg,General,,iptv-org-all.txt
Marla Vision (576p) [Not 24/7],https://soportedvb.click:3877/live/merlavisionlive.m3u8,,,,MarlaVision.do@SD,,,,https://www.vivalivetv.com/public/files/shows/0/1/3738-294x165-FFFFFF.jpg,General,,iptv-org-all.txt
Married with Children,https://jmp2.uk/plu-66bb3212fe11e5000883ea6b.m3u8,,,,MarriedwithChildren.us@UK,,,,https://i.imgur.com/L9Epmtf.png,Series,,iptv-org-all.txt
Marsella TV,https://stmv2.voxtvhd.com.br/marsella/marsella/playlist.m3u8,,,,MarsellaTV.co@SD,,,,https://i.imgur.com/wwYOa00.png,General,,iptv-org-all.txt
Martin County TV (720p),https://cdn3.wowza.com/5/UWpORHhLSEs5SkJs/martin/G0074_002/playlist.m3u8,,,,MartinCountyTV.us@SD,,,,https://i.imgur.com/7VzlbLp.png,Legislative,,iptv-org-all.txt
Marutam TV (1080p),https://mntv.livebox.co.in/mntvhls/live.m3u8,,,,MarutamTV.in@SD,,,,https://i.imgur.com/cFNw4Af.png,Entertainment,,iptv-org-all.txt
Mas23 TV,https://movil.ejeserver.com/live/mas23tv.m3u8,,,,Mas23TV.pa@SD,,,,https://i.imgur.com/y0h8dlX.png,Music,,iptv-org-all.txt
Mas adrenalina,https://jmp2.uk/plu-687fea9a4fa995eff284a1c8.m3u8,,,,Masadrenalina.us@SD,,,,https://images.pluto.tv/channels/687fea9a4fa995eff284a1c8/colorLogoPNG_1755151031497.png,Entertainment,,iptv-org-all.txt
Mas FM (720p),https://vivo.solumedia.com:19360/masfm/masfm.m3u8,,,,MasFM.ar@SD,,,,https://i.imgur.com/TJ4gWQM.png,Music,,iptv-org-all.txt
Mas Norte TV [Not 24/7],https://live.arnoproducciones.com/hls/norte.m3u8,,,,MasNorteTV.co@SD,,,,https://i.imgur.com/NmsWlj6.jpeg,General,,iptv-org-all.txt
Mas Noticias Television (720p),https://www.amixtv.com:8081/mntvh/index.m3u8,,,,MasNoticiasTelevision.hn@SD,,,,https://i.imgur.com/FG4nfRX.jpg,News,,iptv-org-all.txt
Mas Talk (1080p),https://vod2live.univtec.com/manifest/89290956-94ab-4950-accb-a54bbd7e176f.m3u8,,,,MasTalk.ve@SD,,,,https://i.imgur.com/unE2LGz.jpg,Entertainment,,iptv-org-all.txt
MAS TV,https://cdn.streamhispanatv.net:3011/live/mastvgtlive.m3u8,,,,MASTV.gt@SD,,,,https://i.imgur.com/3XuwlkQ.jpg,General,,iptv-org-all.txt
Masala TV (576p),http://103.250.28.74:8000/play/a02x/index.m3u8,,,,MasalaTV.pk@SD,,,,https://upload.wikimedia.org/wikipedia/id/0/06/Logo_Hum_Masala.jpeg,Cooking,,iptv-org-all.txt
Mashariki TV (720p) [Not 24/7],https://goliveafrica.media:9998/live/634adc0806f2b/index.m3u8,,,,MasharikiTV.ke@SD,,,,https://i.imgur.com/5Qcwpg5.jpg,General,,iptv-org-all.txt
Mashriq TV (576p),http://103.250.28.74:8000/play/a02s/index.m3u8,,,,MashriqTV.pk@SD,,,,https://i.imgur.com/8pMiqcp.png,News,,iptv-org-all.txt
MasMusica FM (720p),https://movil.ejeserver.com/live/masmusica.m3u8,,,,MasMusicaFM.co@SD,,,,https://i.imgur.com/tCg7owd.png,Music,,iptv-org-all.txt
Master Chefs Academy TV (720p),https://platform-iuoamc.uk/iptv/mca-tv/index.m3u8,,,,MasterChefsAcademyTV.uk@HD,,,,https://platform-iuoamc.uk/storage/tv/branding/mca-tv-official-logo.png,Cooking;Education,,iptv-org-all.txt
Master TV (720p),https://live-evg5.tv360.bitel.com.pe/bitel/mastertvSRT/playlist.m3u8,,,,MasterTV.pe@SD,,,,https://i.imgur.com/K2ZimRv.png,General,,iptv-org-all.txt
Master's TV (720p),https://mn-nl.mncdn.com/commectv_live/masterstv/index.m3u8,,,,MastersTV.ng@SD,,,,,Religious,,iptv-org-all.txt
MasterChef,https://jmp2.uk/plu-6077045b6031bd00078de127.m3u8,,,,MasterChef.us@Brazil,,,,https://i.imgur.com/lOuySbz.png,Series,,iptv-org-all.txt
MasterChef Danmarks storste madtalenter,https://jmp2.uk/plu-61c19edbf535220007075c4e.m3u8,,,,MasterChefDanmarksstorstemadtalenter.se@DK,,,,https://images.pluto.tv/channels/61c19edbf535220007075c4e/colorLogoPNG.png,Cooking;Lifestyle,,iptv-org-all.txt
Mastiii (576p),https://mumbai-edge.smartplaytv.in/MastiMusic/index.m3u8,,,,Mastiii.in@SD,,,,https://i.imgur.com/lxgXHx4.png,Music,,iptv-org-all.txt
Match! Arena (720p),http://31.148.48.15/Match_Arena_HD/index.m3u8,,,,MatchArena.ru@SD,,,,https://i.imgur.com/udTzwzu.png,Sports,,iptv-org-all.txt
Match! Boets (576p),http://stream.mcquack.net/112/index.m3u8,,,,MatchBoets.ru@SD,,,,https://i.imgur.com/DogOkA4.png,Sports,,iptv-org-all.txt
Match! Igra (720p),http://31.148.48.15/Match_Igra_HD/index.m3u8,,,,MatchIgra.ru@SD,,,,https://i.imgur.com/5XWpF19.png,Sports,,iptv-org-all.txt
Match! Igra HD (1080p),http://str2.iptvhd.ru:8080/Match_Igra_HD/index.m3u8,,,,MatchIgra.ru@HD,,,,https://i.imgur.com/5XWpF19.png,Sports,,iptv-org-all.txt
Match! Planeta (576p),https://fs.uplink.kz/match_planeta/mono.m3u8?token=onlinetv,,,,MatchPlaneta.ru@SD,,,,https://i.imgur.com/vhyMb9D.png,Sports,,iptv-org-all.txt
Match! Strana (720p),http://31.148.48.15/Match_Strana/index.m3u8,,,,MatchStrana.ru@SD,,,,https://i.imgur.com/X02s2UE.png,Sports,,iptv-org-all.txt
Match! Ultra (1080p),http://str2.iptvhd.ru:8080/Match_TV_HD/index.m3u8,,,,MatchUltra.ru@4K,,,,https://www.kartina.tv/media/news/images/News/SEO/kanal-match-ultra.jpg,Sports,,iptv-org-all.txt
Matele (1080p) [Not 24/7],https://live.matele.be/hls/live.m3u8,,,,Matele.be@SD,,,,https://i.imgur.com/rw72POr.png,General,,iptv-org-all.txt
Mathrubhumi News (576p),https://streams.tangotv.in/MATHRUBHUMINEWS/ORIGIN/index.m3u8,,,,MathrubhumiNews.in@SD,,,,https://i.imgur.com/diQftzP.png,News,,iptv-org-all.txt
Matlock (Sweden),https://jmp2.uk/plu-66290c12801af8000850c1a9.m3u8,,,,Matlock.se@SE,,,,https://images.pluto.tv/channels/66290a779e68c20008a18cf3/colorLogoPNG.png,Classic;Series,,iptv-org-all.txt
Matlock (Sweden) DK,https://jmp2.uk/plu-66290a779e68c20008a18cf3.m3u8,,,,Matlock.se@DK,,,,https://images.pluto.tv/channels/66290a779e68c20008a18cf3/colorLogoPNG.png,Classic;Series,,iptv-org-all.txt
Matlock (Sweden) NO,https://jmp2.uk/plu-66290b7523e24f000832cc17.m3u8,,,,Matlock.se@NO,,,,https://images.pluto.tv/channels/66290a779e68c20008a18cf3/colorLogoPNG.png,Classic;Series,,iptv-org-all.txt
Matlock (United States),https://jmp2.uk/plu-60f754f98185580007eb0754.m3u8,,,,Matlock.us@SD,,,,https://images.pluto.tv/channels/63da365f60bc8f0008a50f44/colorLogoPNG.png,Series,,iptv-org-all.txt
Matlock (United States) CA,https://jmp2.uk/plu-63da365f60bc8f0008a50f44.m3u8,,,,Matlock.us@CA,,,,https://images.pluto.tv/channels/63da365f60bc8f0008a50f44/colorLogoPNG.png,Series,,iptv-org-all.txt
Matribhumi TV (720p),http://live.playmax.live/matribhumi/index.m3u8,,,,MatribhumiTV.bd@HD,,,,https://www.jagobd.com/wp-content/uploads/2024/10/matribhumi.jpg,Undefined,,iptv-org-all.txt
Maverick Black Cinema (1080p),https://maverick-maverick-black-cinema-3-us.roku.wurl.tv/playlist.m3u8,,,,MaverickBlackCinema.us@SD,,,,https://images.fubo.tv/station_logos/maverick_black_cinema_c.png,Movies,,iptv-org-all.txt
MaviKaradeniz TV (1080p) [Not 24/7],https://live.artidijitalmedya.com/artidijital_mavikaradeniz/mavikaradeniz/playlist.m3u8,,,,MaviKaradenizTV.tr@SD,,,,https://i.imgur.com/wyWappU.png,General,,iptv-org-all.txt
Max (576p),http://5.254.89.106:80/8882/index.m3u8,,,,Max.al@HD,,,,https://i.imgur.com/bJ13Rmt.png,Movies,,iptv-org-all.txt
MAX Anime (1080p),https://cdnlive.klicgo.net/maxanime/live/playlist.m3u8,,,,MAXAnime.ve@SD,,,,https://i.imgur.com/Oj3hEBh.jpg,Animation,,iptv-org-all.txt
Max Sport 1 (1080p),http://hls127.freeott.top:8080/BG_MAX_Sport_1_HD/video.m3u8,,,,MaxSport1.bg@SD,,,,https://i.imgur.com/0ohnpql.png,Sports,,iptv-org-all.txt
Max Sport 2 (1080p),http://hls127.freeott.top:8080/BG_MAX_Sport_2_HD/video.m3u8,,,,MaxSport2.bg@SD,,,,https://i.imgur.com/33m1wPN.png,Sports,,iptv-org-all.txt
Max Sport 3 (1080p),http://hls127.freeott.top:8080/BG_MAX_Sport_3_HD/video.m3u8,,,,MaxSport3.bg@SD,,,,https://i.imgur.com/eGiGgZ2.png,Sports,,iptv-org-all.txt
Max Sport 4 (1080p),http://hls127.freeott.top:8080/BG_MAX_Sport_4_HD/video.m3u8,,,,MaxSport4.bg@SD,,,,https://i.imgur.com/7IxXX6f.png,Sports,,iptv-org-all.txt
Max TV (1080p),https://cdn.katapy.io/cache/stream/katapytv/dieu/playlist.m3u8,,,,MaxTV.ch@SD,,,,https://i.imgur.com/13PjEk8.png,General,,iptv-org-all.txt
Maxima TV,https://maximatv.net/hls/stream.m3u8,,,,MaximaTV.ve@SD,,,,https://i.imgur.com/HMZRVL5.jpeg,Entertainment,,iptv-org-all.txt
Maxivision TV (720p),https://video03.logicahost.com.br/maxivisiontv/maxivisiontv/playlist.m3u8,,,,MaxivisionTV.gt@SD,,,,https://i.imgur.com/UC8WrEN.jpg,Entertainment,,iptv-org-all.txt
MaxTV [Not 24/7],https://inliveserver.com:1936/8078/8078/playlist.m3u8,,,,MaxTV.co@HD,,,,https://gia.tv/streams/pstream/209851.png,Entertainment,,iptv-org-all.txt
Maya Channel,http://146.88.62.69:1935/Transcoder/มายาHD.stream_576p/playlist.m3u8,,,,MayaChannel.th@SD,,,,https://i.imgur.com/UropueN.png,Entertainment,,iptv-org-all.txt
Maya TV,https://media.streambrothers.com:19360/8036/8036.m3u8,,,,MayaTV.hn@SD,,,,https://upload.wikimedia.org/wikipedia/commons/thumb/7/77/Maya_TV_logo.png/960px-Maya_TV_logo.png,News,,iptv-org-all.txt
Mazhavil Manorama (576p),https://mumt03.tangotv.in/Dsly5z3HMAZHAVILMANORAMAINT/index.m3u8,,,,MazhavilManorama.in@SD,,,,https://i.imgur.com/fjgzW20.png,Entertainment,,iptv-org-all.txt
Mazhavil Manorama HD (1080p),https://mmtv-vglivessai.akamaized.net/v1/master/673630b269b766886555eebfddd4f27f3de3ab50/f8a0827f-030f-4a0d-b7e5-338996c09a5b/index.m3u8,,,,MazhavilManorama.in@HD,,,,https://i.imgur.com/fjgzW20.png,Entertainment,,iptv-org-all.txt
Mazzika (576p),http://149.100.11.235:8080/Mazzika/index.m3u8,,,,Mazzika.eg@SD,,,,https://i.imgur.com/P7PUHIx.png,Music,,iptv-org-all.txt
MBC 1 (1080p),https://shd-gcp-live.edgenextcdn.net/live/bitmovin-mbc-1/15cf99af5de54063fdabfefe66adc075/index.m3u8,,,,MBC1.ae@SD,,,,https://i.imgur.com/CiA3plN.png,General,,iptv-org-all.txt
MBC 1 Egypt (1080p),https://shd-gcp-live.edgenextcdn.net/live/bitmovin-mbc-1-na/eec141533c90dd34722c503a296dd0d8/index.m3u8,,,,MBC1Egypt.eg@HD,,,,https://i.imgur.com/CiA3plN.png,General,,iptv-org-all.txt
MBC 1 USA (1080p) [Geo-blocked],https://shd-gcp-live.edgenextcdn.net/live/bitmovin-mbc-1-usa/fdac3a4fc0473f1f56e07ec1d63a4b7b/index.m3u8,,,,MBC1USA.us@SD,,,,https://i.imgur.com/CiA3plN.png,General,,iptv-org-all.txt
MBC 3 USA (1080p) [Geo-blocked],https://shd-gcp-live.edgenextcdn.net/live/bitmovin-mbc-3-usa/5d58265a862a476dc7f97694addb5ded/index.m3u8,,,,MBC3USA.us@SD,,,,https://i.imgur.com/PVt8OPN.png,Kids,,iptv-org-all.txt
MBC 4 (1080p),https://shd-gcp-live.edgenextcdn.net/live/bitmovin-mbc-4/24f134f1cd63db9346439e96b86ca6ed/index.m3u8,,,,MBC4.ae@SD,,,,https://i.imgur.com/BcXASJp.png,Entertainment,,iptv-org-all.txt
MBC 5 (1080p),https://shd-gcp-live.edgenextcdn.net/live/bitmovin-mbc-5/ee6b000cee0629411b666ab26cb13e9b/index.m3u8,,,,MBC5.ae@SD,,,,https://i.imgur.com/fRWaDyF.png,Family,,iptv-org-all.txt
MBC (1080p),https://cdn8.fntvchannel.com/v1/master/02eeb1726c343dc9c30c32e93dee82013e157021/FNTV-CHANNEL_CDN77/index.m3u8,,,,MBC.uk@HD,,,,https://mybingechannel.co.uk/wp-content/uploads/2023/02/mbc-logo-for-website.png,Undefined,,iptv-org-all.txt
MBC America (1080p),https://cdn-us-east-prod-ingest-infra-dacast-com.akamaized.net/624ff8f9-db18-da92-4d42-896fa2ff3eb3/source/index.m3u8,,,,MBCAmerica.us@SD,,,,https://i.imgur.com/RRc23ra.png,Culture;Entertainment;Music,,iptv-org-all.txt
MBC Bollywood (1080p) [Geo-blocked],https://shd-gcp-live.edgenextcdn.net/live/bitmovin-mbc-bollywood/546eb40d7dcf9a209255dd2496903764/index.m3u8,,,,MBCBollywood.ae@SD,,,,https://i.imgur.com/TTAGFHG.png,Movies,,iptv-org-all.txt
MBC Brasil TV,https://play.mbcbrasil.tv.br/playlist.m3u8,,,,MBCBrasilTV.br@SD,,,,https://eswqkrogupaisirwcsys.supabase.co/storage/v1/object/public/mbc-media/canais/1775702325773-d10vtu076za.png,General,,iptv-org-all.txt
MBC Drama (South Korea) (480p) [Geo-blocked],http://mytv.dothome.co.kr/ch/catv/26.php,,,,MBCDrama.kr@SD,,,,https://i.imgur.com/Q20rqnX.png,Entertainment,,iptv-org-all.txt
MBC Drama (United Arab Emirates) (1080p),https://shd-gcp-live.edgenextcdn.net/live/bitmovin-mbc-drama/2c28a458e2f3253e678b07ac7d13fe71/index.m3u8,,,,MBCDrama.ae@SD,,,,https://i.imgur.com/g5PWnqp.png,Entertainment,,iptv-org-all.txt
MBC Drama USA (1080p),https://shd-gcp-live.edgenextcdn.net/live/bitmovin-mbc-drama-usa/ea2f5db904aff224b7066e59c7f585a2/index.m3u8,,,,MBCDramaUSA.us@SD,,,,https://i.imgur.com/g5PWnqp.png,Series,,iptv-org-all.txt
MBC FM (1080p),https://dbbv9umqcd7cs.cloudfront.net/out/v1/db15b75c3cc0400c91961468d6a232ac/index.m3u8,,,,MBCFM.ae@SD,,,,https://i.imgur.com/lF8UxvR.png,Music,,iptv-org-all.txt
MBC Gyeongnam TV (1080p) [Not 24/7],https://624a79c87201d.streamlock.net/MBCTV/TV1.stream/playlist.m3u8,,,,MBCGyeongnamTV.kr@SD,,,,https://i.imgur.com/Ronb1JP.png,General,,iptv-org-all.txt
MBC Iraq (1080p),https://shd-gcp-live.edgenextcdn.net/live/bitmovin-mbc-iraq/e38c44b1b43474e1c39cb5b90203691e/index.m3u8,,,,MBCIraq.iq@SD,,,,https://i.imgur.com/D0LxiPE.png,General,,iptv-org-all.txt
MBC Loud,https://radio-loud-fm.mbc.net/radio-loud-fm_1.m3u8,,,,MBCLoud.sa@SD,,,,https://i.imgur.com/mptwwLs.png,Music,,iptv-org-all.txt
MBC Masr 2 (1080p),https://shd-gcp-live.edgenextcdn.net/live/bitmovin-mbc-masr-2/754931856515075b0aabf0e583495c68/index.m3u8,,,,MBCMasr2.eg@SD,,,,https://i.imgur.com/KHo7Gtn.png,General,,iptv-org-all.txt
MBC Masr (1080p),https://shd-gcp-live.edgenextcdn.net/live/bitmovin-mbc-masr/956eac069c78a35d47245db6cdbb1575/index.m3u8,,,,MBCMasr.eg@SD,,,,https://i.imgur.com/o2elx0u.png,General,,iptv-org-all.txt
MBC Masr Drama (1080p),https://shd-gcp-live.edgenextcdn.net/live/bitmovin-mbc-masr-drama/567b703c19ede6598222de81b0e4508b/index.m3u8,,,,MBCMasrDrama.sa@SD,,,,https://media0070.elcinema.com/tvguide/1399_1.png,Series,,iptv-org-all.txt
MBC Masr USA (1080p),https://shd-gcp-live.edgenextcdn.net/live/bitmovin-mbc-masr-usa/cd8d40acdab28aac0582faa3bd3983f1/index.m3u8,,,,MBCMasrUSA.us@SD,,,,https://i.imgur.com/o2elx0u.png,General,,iptv-org-all.txt
MBC Mood (1080p),https://shd-gcp-live.edgenextcdn.net/live/bitmovin-mbc-mood/78367bf48ccdba501d0d014a10c21031/index.m3u8,,,,MBCMood.sa@HD,,,,https://shahid.mbc.net/mediaObject/c2b6a882-458b-446e-b0fe-f97f7992149a?height=auto&width=144&croppingPoint=&version=1&type=png,Music,,iptv-org-all.txt
MBC Net (480p) [Geo-blocked],http://mytv.dothome.co.kr/ch/catv/28.php,,,,MBCNet.kr@SD,,,,https://upload.wikimedia.org/wikipedia/commons/thumb/9/91/MBCNET_%EB%A1%9C%EA%B3%A0.svg/960px-MBCNET_%EB%A1%9C%EA%B3%A0.svg.png,Undefined,,iptv-org-all.txt
MBC Persia (1080p),https://shd-gcp-live.edgenextcdn.net/live/bitmovin-mbc-persia/818ee8e4b592dc497608f066d825bfb4/index.m3u8,,,,MBCPersia.ae@SD,,,,https://i.imgur.com/4FXiyjn.png,Entertainment,,iptv-org-all.txt
MBC TV (576p),https://mumbai-edge.smartplaytv.in/MBCTV/index.m3u8,,,,MBCTV.in@SD,,,,https://dtil.tmsimg.com/assets/s135691_ld_h15_aa.png?lock=720x540,General,,iptv-org-all.txt
MBC+ Drama (1080p),https://shd-gcp-live.edgenextcdn.net/live/bitmovin-mbc-plus-drama/e37251ec2aac8f6c98f75cd0fa37cd28/index.m3u8,,,,MBCPlusDrama.sa@SD,,,,https://i.imgur.com/lxWdjXG.png,Movies,,iptv-org-all.txt
MBG TV (1080p),https://stream.convergen.co/mbg_stream/smil:mbStream.smil/playlist.m3u8,,,,MBGTV.id@FHD,,,,https://i.imgur.com/t7GsFJN.jpeg,Legislative,,iptv-org-all.txt
MBTV (720p),https://edge-f.swagit.com/live/miamibeachfl/live-1-a/playlist.m3u8,,,,MBTV.us@SD,,,,https://i.imgur.com/LyqFr9E.png,Legislative,,iptv-org-all.txt
MC TV (720p),https://rrr.sz.xlcdn.com/?account=mceutv&file=mc2&output=playlist.m3u8&protocol=https&service=wowza&type=live,,,,MCTV.de@HD,,,,https://upload.wikimedia.org/wikipedia/tr/c/ca/MC_TV_logosu.png,Entertainment,,iptv-org-all.txt
MCI Television (1080p),https://video.ejeserver.com/live/mcitelevision.m3u8,,,,MCITelevision.co@SD,,,,https://pbs.twimg.com/profile_images/1836009952420274177/FfYonU6r_400x400.jpg,Family;General;Movies,,iptv-org-all.txt
McLeod's Daughters (1080p),https://amg00627-amg00627c5-samsung-nz-2807.playouts.now.amagi.tv/playlist/amg00627-banijayfast-mcleodsdaughters-samsungnz/playlist.m3u8,,,,McLeodsDaughters.us@UK,,,,https://i.imgur.com/q4BBDzw.png,Series,,iptv-org-all.txt
McLeods Tochter,https://jmp2.uk/plu-66c6fcfc6838ee00085beb1a.m3u8,,,,McLeodsTochter.de@DACH,,,,https://images.pluto.tv/channels/66c6fcfc6838ee00085beb1a/colorLogoPNG.png,Series,,iptv-org-all.txt
MCM Top (576p),http://46.32.176.50/mcmtop/index.m3u8,,,,MCMTop.ru@SD,,,,https://i.imgur.com/EVtWQLd.png,Music,,iptv-org-all.txt
MCN6 Arts Channel (1080p) [Not 24/7],https://d18fcxaqfnwjhj.cloudfront.net/CDN_Ingest/MCN6_COMEDY.smil/Playlist.m3u8,,,,MCN6ArtsChannel.us@SD,,,,https://i.imgur.com/j6IiysJ.png,Culture;Education,,iptv-org-all.txt
MCN6 Main Channel (1080p) [Not 24/7],https://d18fcxaqfnwjhj.cloudfront.net/CDN_Ingest/MCN6_MAIN.smil/Playlist.m3u8,,,,MCN6MainChannel.us@SD,,,,https://i.imgur.com/j6IiysJ.png,Entertainment;General,,iptv-org-all.txt
MCN6 Music Channel (1080p) [Not 24/7],https://d18fcxaqfnwjhj.cloudfront.net/CDN_Ingest/MCN6_MUSIC.smil/Playlist.m3u8,,,,MCN6MusicChannel.us@SD,,,,https://i.imgur.com/j6IiysJ.png,Animation;Kids;Music,,iptv-org-all.txt
MCN Television (720p),https://eu1.servers10.com:8081/8338/index.m3u8,,,,MCNTelevision.gt@SD,,,,https://i.imgur.com/SNUaCCw.png,Religious,,iptv-org-all.txt
MCOT HD,https://lb1-live-mv.v2h-cdn.com/hls/ffbb/gdhk/gdhk.m3u8,,,,MCOTHD.th@SD,,,,https://i.imgur.com/ejPxGmU.png,General,,iptv-org-all.txt
MCPSS TV,https://5b200f5268ceb.streamlock.net/MCPSS/MCPSS247.smil/playlist.m3u8,,,,MCPSSTV.us@SD,,,,https://i.imgur.com/qo5sk1g.png,Education,,iptv-org-all.txt
MDF.1 (1080p),http://58bd5b7a98e04.streamlock.net/medienasa-live/mdf1_high/playlist.m3u8,,,,MDF1.de@SD,,,,https://i.imgur.com/IFGXK6u.png,General,,iptv-org-all.txt
MDL (720p),http://tv.mondeduloisir.fr:1935/tixtv/smil:web.smil/playlist.m3u8,,,,MDL.fr@SD,,,,https://i.imgur.com/REN30bx.png,Undefined,,iptv-org-all.txt
MDR Fernsehen (1080p) [Geo-blocked],https://mdrtvsnhls.akamaized.net/hls/live/2016928/mdrtvsn/index.m3u8,,,,MDRFernsehen.de@Sachsen,,,,https://upload.wikimedia.org/wikipedia/commons/thumb/6/61/MDR_Logo_2017.svg/960px-MDR_Logo_2017.svg.png,General,,iptv-org-all.txt
MDR Fernsehen Sachsen Anhalt (1080p) [Geo-blocked],https://mdrtvsahls.akamaized.net/hls/live/2016879/mdrtvsa/index.m3u8,,,,MDRFernsehen.de@SachsenAnhalt,,,,https://upload.wikimedia.org/wikipedia/commons/thumb/6/61/MDR_Logo_2017.svg/960px-MDR_Logo_2017.svg.png,General,,iptv-org-all.txt
MDR Fernsehen Thuringen,https://dash4.antik.sk/live/test_mdr_tizen/playlist.m3u8,,,,MDRFernsehen.de@Thuringen,,,,https://upload.wikimedia.org/wikipedia/commons/thumb/6/61/MDR_Logo_2017.svg/960px-MDR_Logo_2017.svg.png,General,,iptv-org-all.txt
MDTV (1080p),https://wahyu1ptv.pages.dev/MDTV-HD.m3u8,,,,MDTV.id@HD,,,,https://upload.wikimedia.org/wikipedia/commons/thumb/8/89/MDTV_logo.svg/960px-MDTV_logo.svg.png,Undefined,,iptv-org-all.txt
Med kniven for struben,https://jmp2.uk/plu-63e3b33e8795f300087e6a46.m3u8,,,,Medknivenforstruben.se@DK,,,,https://images.pluto.tv/channels/63e3b33e8795f300087e6a46/colorLogoPNG.png,Cooking;Lifestyle,,iptv-org-all.txt
Med Muzik (1080p),http://54.36.110.140/live3/live3.m3u8,,,,MedMuzik.tr@SD,,,,https://i.imgur.com/gtUFmCD.png,Music,,iptv-org-all.txt
Medeniyyet TV (1080p),https://str.yodacdn.net/medeniyyettele/index.m3u8,,,,MedeniyyetTV.az@SD,,,,https://i.imgur.com/PlvaDIa.png,Culture,,iptv-org-all.txt
Medi1TV Afrique (1080p),https://cdn.live.easybroadcast.io/abr_corp/83_medi1tv-afrique_tm7tu45/playlist.m3u8,,,,Medi1TVAfrique.ma@SD,,,,https://i.imgur.com/a20DHnj.png,News,,iptv-org-all.txt
Medi1TV Arabic (1080p),https://cdn.live.easybroadcast.io/abr_corp/83_medi1tv-arabic_g90v4ec/playlist.m3u8,,,,Medi1TVArabic.ma@SD,,,,https://i.imgur.com/3YsZPY6.jpeg,News,,iptv-org-all.txt
Medi1TV Maghreb (1080p),https://cdn.live.easybroadcast.io/abr_corp/83_medi1tv-maghreb_jnbspmg/playlist.m3u8,,,,Medi1TVMaghreb.ma@SD,,,,https://i.imgur.com/F5OFQsp.jpeg,News,,iptv-org-all.txt
Media One (720p),https://cdn.pishow.tv/ott/live/1481/master.m3u8,,,,MediaOne.in@SD,,,,https://xstreamcp-assets-msp.streamready.in/assets/LIVETV/LIVECHANNEL/LIVETV_LIVETVCHANNEL_MEDIA_ONE/images/LOGO_HD/image.png,News,,iptv-org-all.txt
Media TV (720p),https://live-evg5.tv360.bitel.com.pe/bitel/mediatv/playlist.m3u8,,,,MediaTV.pe@SD,,,,https://i.imgur.com/BAaR5T5.png,General,,iptv-org-all.txt
Mediaset Extra [Geo-blocked],https://live3-mediaset-it.akamaized.net/Content/hls_h0_clr_vos/live/channel(kq)/index.m3u8,,,,MediasetExtra.it@SD,,,,https://i.imgur.com/G51Lvah.png,General,,iptv-org-all.txt
MediBizTV (720p),https://43wrzjnpqoxe-hls-live.wmncdn.net/marinebiztvlive/marinebiztvlive/playlist.m3u8,,,,MediBizTV.in@SD,,,,https://www.medibiztv.com/assets/logo-E76jcvP9.png,Education;News;Science,,iptv-org-all.txt
MediCOOL TV,https://live77cdn2.antenaplay.ro/live2_fast/ch1/stream.m3u8,,,,MediCOOLTV.ro@SD,,,,https://i.imgur.com/Xe7x1k2.png,Lifestyle,,iptv-org-all.txt
MediterraniaTV (1080p),https://59bb40cf810aa.streamlock.net:4443/streamingvincente/streamingvincente/playlist.m3u8,,,,MediterraniaTV.it@SD,,,,https://i.imgur.com/PJbXCoe.png,General,,iptv-org-all.txt
Medium (Germany),https://jmp2.uk/plu-6578808014fbe400086e21bc.m3u8,,,,Medium.de@ES,,,,https://images.pluto.tv/channels/6578808014fbe400086e21bc/colorLogoPNG.png,Movies;Series,,iptv-org-all.txt
Medium (Sweden),https://jmp2.uk/plu-68f0f642a25ba0aab3e64e66.m3u8,,,,Medium.se@SE,,,,https://images.pluto.tv/channels/68f0f54ca362b63a8df4d5a9/colorLogoPNG_1760622009795.png,Series,,iptv-org-all.txt
Medium (Sweden) DK,https://jmp2.uk/plu-68f0f54ca362b63a8df4d5a9.m3u8,,,,Medium.se@DK,,,,https://images.pluto.tv/channels/68f0f54ca362b63a8df4d5a9/colorLogoPNG_1760622009795.png,Series,,iptv-org-all.txt
Medium (Sweden) NO,https://jmp2.uk/plu-68f0f602a362b63a8df4efb4.m3u8,,,,Medium.se@NO,,,,https://images.pluto.tv/channels/68f0f54ca362b63a8df4d5a9/colorLogoPNG_1760622009795.png,Series,,iptv-org-all.txt
Medjugorje Italia TV (480p),https://5f22d76e220e1.streamlock.net/medjugorjeitaliatv/medjugorjeitaliatv/playlist.m3u8,,,,MedjugorjeItaliaTV.it@SD,,,,,Religious,,iptv-org-all.txt
Meer TV (720p) [Not 24/7],https://593aed234297b.streamlock.net/meervandaag/meervandaag/playlist.m3u8,,,,MeerTV.nl@SD,,,,https://i.imgur.com/p4TXVkE.png,General,,iptv-org-all.txt
Mega 2 (1080p),http://15.204.246.24:8080/Mega2HD/index.m3u8,,,,Mega2.cl@SD,,,,https://i.imgur.com/c1ME00r.png,Culture,,iptv-org-all.txt
Mega (Chile) (1080p),http://15.204.246.24:8080/MEGAHD/index.m3u8,,,,Mega.cl@SD,,,,https://i.imgur.com/RlZfR84.png,General,,iptv-org-all.txt
Mega (Ukraine) (1080p),http://stream.mcquack.net/325/index.m3u8,,,,Mega.ua@SD,,,,https://i.imgur.com/Hsr0EvO.png,Undefined,,iptv-org-all.txt
Mega Cine TV (1080p),https://cnn.hostlagarto.com/megacinetv/playlist.m3u8,,,,MegaCineTV.do@HD,,,,https://www.vivalivetv.com/public/files/shows/0/1/2893-294x165-FFFFFF.jpg,Movies,,iptv-org-all.txt
Mega Ficcion (1080p),http://cdn1tlinkgo.tlink.cl/megaficcion/mono.m3u8,,,,MegaFiccion.cl@SD,,,,https://i.imgur.com/aQdhJie.png,Series,,iptv-org-all.txt
Mega TV (Paraguay) (1080p),https://www.desde-paraguay.com/mega.m3u8,,,,MegaTV.py@SD,,,,https://i.imgur.com/CaA7l86.png,News,,iptv-org-all.txt
Mega TV (United States) WSBS-TV (1080p),https://mdstrm.com/live-stream-playlist/67ed74e8af482ba71d47fd7b.m3u8,,,,MegaTV.us@WSBSTV,,,,https://i.imgur.com/MiPdjSX.png,General,,iptv-org-all.txt
Mega TV Jaen (720p),https://live-evg5.tv360.bitel.com.pe/bitel/megatv/playlist.m3u8,,,,MegaTVJaen.pe@SD,,,,https://i.imgur.com/zK1YcpJ.png,General,,iptv-org-all.txt
MegaBox (720p) [Not 24/7],https://hdbox.chunklistv.com/live?stream=megabox,,,,MegaBox.ni@SD,,,,https://i.imgur.com/JqaW7Ei.png,Music,,iptv-org-all.txt
Meganoticias Ahora (1080p),http://cdn1tlinkgo.tlink.cl/meganoticias/mono.m3u8,,,,MeganoticiasAhora.cl@SD,,,,https://i.imgur.com/JCVEqTc.png,News,,iptv-org-all.txt
Megapix (720p),http://177.52.24.163/MEGAPIX-HD/index.m3u8,,,,Megapix.br@SD,,,,https://i.imgur.com/qTYv5jt.png,Undefined,,iptv-org-all.txt
Megatiempo (1080p),http://cdn1tlinkgo.tlink.cl/megatiempo/mono.m3u8,,,,Megatiempo.cl@SD,,,,https://i.imgur.com/1xLhAEq.png,Weather,,iptv-org-all.txt
Megavision (720p),https://twitch-m3u8.bastypro112.workers.dev/megavisionbo/index.m3u8,,,,Megavision.bo@SD,,,,https://i.imgur.com/IAQXCak.png,General,,iptv-org-all.txt
Megavision Canal 19 (720p),https://mgvchannel19-ioriver-cdn.encoders.immergo.tv/master.m3u8,,,,MegavisionCanal19.sv@SD,,,,https://upload.wikimedia.org/wikipedia/commons/b/b8/Canal_19%27s_logo_%28Second_Era%29_in_2002.png,General,,iptv-org-all.txt
Megavision Canal 21 (720p),https://mgvchannel21-ioriver-cdn.encoders.immergo.tv/master.m3u8,,,,MegavisionCanal21.sv@SD,,,,https://i.imgur.com/HbdYU9k.png,General,,iptv-org-all.txt
MegaVision TV (480p),http://server3.prostudionetwork.com:1943/megavision/MV/playlist.m3u8,,,,MegaVisionTV.do@SD,,,,https://i.imgur.com/u5ECnZd.png,General,,iptv-org-all.txt
Mehran TV (576p),http://103.250.28.74:8000/play/a00m/index.m3u8,,,,MehranTV.pk@SD,,,,https://i.imgur.com/ma2bFXk.png,Culture,,iptv-org-all.txt
Mei Ah Movie Channel (1080p),http://103.172.187.30:12000/stream/mytv/null-9/master.m3u8,,,,MeiAhMovieChannel.hk@SD,,,,https://i.imgur.com/laGiFM1.png,Movies,,iptv-org-all.txt
Mei Alai TV (576p),https://meialai.iptelevishion.com/meialai/2/index.m3u8,,,,MeiAlaiTV.in@SD,,,,https://www.meialai.in/assets/meialai-DBaBUZTH.png,General,,iptv-org-all.txt
Mekameleen TV (1080p),https://mn-nl.mncdn.com/mekameleen/smil:mekameleentv.smil/playlist.m3u8,,,,MekameleenTV.tr@SD,,,,https://i.imgur.com/q7iVchl.png,News,,iptv-org-all.txt
Mel Radio TV (360p),https://eu1.servers10.com:8081/8334/index.m3u8,,,,MelRadioTV.ec@SD,,,,https://i.imgur.com/uu8Clh2.png,Entertainment,,iptv-org-all.txt
Melody FM (720p) [Not 24/7],https://cdn3.wowza.com/1/OVRrOWxXUEswS2Yv/eGVxSWZy/hls/live/playlist.m3u8,,,,MelodyFM.jo@SD,,,,https://i.imgur.com/J8omcNz.png,Music,,iptv-org-all.txt
Meltem TV (1080p),https://vhxyrsly.rocketcdn.com/meltemtv/playlist.m3u8,,,,MeltemTV.tr@SD,,,,https://i.imgur.com/C3m6w5S.png,General,,iptv-org-all.txt
Mercan TV (576p) [Not 24/7],https://live.artidijitalmedya.com/artidijital_mercantv/mercantv/playlist.m3u8,,,,MercanTV.tr@SD,,,,https://i.imgur.com/3CWV8bS.png,Undefined,,iptv-org-all.txt
Mercurio Noticias,https://videostream.shockmedia.com.ar/hls/mercuriotv/mercuriotv.m3u8,,,,MercurioNoticias.ar@SD,,,,https://i.imgur.com/sfd87LX.png,News,,iptv-org-all.txt
Mercy and Truth Ministries Television (720p),https://angel.btbn.tv:5443/mtmtv/streams/live.m3u8,,,,MercyandTruthMinistriesTelevision.jm@SD,,,,https://i.imgur.com/krcVhrx.png,Religious,,iptv-org-all.txt
Mercy TV (India) (1080p),https://5dd3981940faa.streamlock.net/mercytv/mercytv/playlist.m3u8,,,,MercyTV.in@SD,,,,https://i.imgur.com/klNH4tV.png,Religious,,iptv-org-all.txt
Mercy TV (Sierra Leone),https://cdn-cloudfront.eu-central-1.prod.ingest.aws-infra.dacast.com/live/bff8bd53-ee89-2c76-6a51-95a0003f7d96/master.m3u8,,,,MercyTV.sl@SD,,,,https://i.imgur.com/YPAM74x.jpeg,Religious,,iptv-org-all.txt
Mereja TV,https://g4wlkqp8l23a-hls-live.5centscdn.com/MerejaTV/955ad3298db330b5ee880c2c9e6f23a0.sdp/playlist.m3u8,,,,MerejaTV.et@SD,,,,https://i.imgur.com/PaAacxF.png,News,,iptv-org-all.txt
Meridiano TV (576p),http://181.78.8.199:8000/play/a0fr/index.m3u8,,,,MeridianoTV.ve@SD,,,,https://i.imgur.com/I6gsUqD.png,Sports,,iptv-org-all.txt
Merit Street (1080p),https://d9069ugodwkju.cloudfront.net/Merit_Street.m3u8,,,,MeritStreet.us@SD,,,,https://static.wikia.nocookie.net/logopedia/images/1/1d/Merit_Street_Media_2024_1.svg/revision/latest/scale-to-width-down/512,Entertainment,,iptv-org-all.txt
Merry Christmas from Viafree,https://jmp2.uk/plu-6304854ac6073d0007259fe1.m3u8,,,,MerryChristmasfromViafree.se@SE,,,,https://images.pluto.tv/channels/63048147b09fd60007847a08/colorLogoPNG.png,Movies,,iptv-org-all.txt
Merry Christmas from Viafree DK,https://jmp2.uk/plu-63048147b09fd60007847a08.m3u8,,,,MerryChristmasfromViafree.se@DK,,,,https://images.pluto.tv/channels/63048147b09fd60007847a08/colorLogoPNG.png,Movies,,iptv-org-all.txt
Merry Christmas from Viafree NO,https://jmp2.uk/plu-63047bd6b0726b000795341d.m3u8,,,,MerryChristmasfromViafree.se@NO,,,,https://images.pluto.tv/channels/63048147b09fd60007847a08/colorLogoPNG.png,Movies,,iptv-org-all.txt
MERU TV (720p) [Not 24/7],https://goliveafrica.media:9998/live/628e5c1991061/index.m3u8,,,,MERUTV.ke@SD,,,,https://i.imgur.com/EPmWNfz.jpg,General,,iptv-org-all.txt
MerweTV (720p),https://d2ycaxub5x98iw.cloudfront.net/nlpo/clr-nlpo/merwetv/index.m3u8,,,,MerweTV.nl@SD,,,,https://i.imgur.com/JjB7U1q.png,General,,iptv-org-all.txt
Mesogeios TV (720p),https://rtmp.win:3793/live/mesogeiostvlive.m3u8,,,,MesogeiosTV.gr@SD,,,,https://i.imgur.com/KX5olay.png,General,,iptv-org-all.txt
Messatida TV (720p),https://rtmp.streams.ovh:8081/mtv/index.m3u8,,,,MessatidaTV.gr@SD,,,,https://i.imgur.com/WEYrIrC.png,Music,,iptv-org-all.txt
Meta Film TV,https://metafilmhls.wns.live/hls/stream.m3u8,,,,MetaFilmTV.ir@SD,,,,,Movies,,iptv-org-all.txt
Metaleitor TV,https://vs20.live.opencaster.com/metaleitortv_423d3342/index.m3u8,,,,MetaleitorTV.us@SD,,,,https://new.opencaster.com/uploads/logos/logo_14_1752798826.png,Music,,iptv-org-all.txt
Meteonews (1080p),https://streaming.meteonews.net/hls/stream.m3u8,,,,Meteonews.ch@SD,,,,https://i.imgur.com/YtYhbJD.png,Weather,,iptv-org-all.txt
Metro1 News (576p),http://103.250.28.74:8000/play/a04u/index.m3u8,,,,Metro1News.pk@SD,,,,https://i.imgur.com/qD9cj27.jpg,News,,iptv-org-all.txt
Metro TV (Argentina) (720p),https://streamtv12.ddns.net:5443/LiveApp/streams/193945633734205616732920.m3u8,,,,MetroTV.ar@SD,,,,https://i.imgur.com/7f7M7zl.png,Entertainment,,iptv-org-all.txt
Metro TV (Honduras) (720p),https://s.emisoras.tv:8081/metrotv/index.m3u8,,,,MetroTV.hn@SD,,,,https://i.imgur.com/BqS8BHi.png,Entertainment,,iptv-org-all.txt
Metro TV (India) (1080p),https://mercury.streambridge.link:8042/telugu/metrotv/index.m3u8,,,,MetroTV.in@SD,,,,https://jiotvimages.cdn.jio.com/dare_images/images/Metro_TV.png,General,,iptv-org-all.txt
Metro TV (Indonesia),https://edge.medcom.id/live-edge/smil:metro.smil/playlist.m3u8,,,,MetroTV.id@SD,,,,https://i.imgur.com/QnU70NI.png,News,,iptv-org-all.txt
Metropola TV (1080p) [Not 24/7],https://www.livemetropolatv.ro/MetropolaTV/Metro/playlist.m3u8,,,,MetropolaTV.ro@SD,,,,https://i.imgur.com/Gzq05v8.png,General,,iptv-org-all.txt
Metropoli Medios TV (720p),https://eu1.servers10.com:8081/8214/index.m3u8,,,,MetropoliMediosTV.ec@SD,,,,https://i.imgur.com/yID5T2S.jpg,Music,,iptv-org-all.txt
Metropolitana del Cuzco,https://video1.earthcam.com/myearthcam/075ff02f78c35af55564cf3af3b3f750.flv/playlist.m3u8,,,,MetropolitanadelCuzco.pe@SD,,,,https://i.imgur.com/0B04qgM.png,Music,,iptv-org-all.txt
MeTV (720p),https://82934cf9c8696bd2.mediapackage.us-east-1.amazonaws.com/out/v1/23685237ffbb4047a8143ac2166ead44/index.m3u8,,,,MeTV.us@SD,,,,https://play-lh.googleusercontent.com/PO0C2_-FdOtMVn1rw_Q0_iystfcf6Ab8h1Q37P8fEgSLuAkQJBCI9kax_FIkUgXppgs4,Entertainment,,iptv-org-all.txt
MeTV Toons KMBY-LD,https://2-fss-2.streamhoster.com/pl_138/205510-3094608-1/playlist.m3u8,,,,MeTVToons.us@KMBYLD,,,,https://upload.wikimedia.org/wikipedia/commons/thumb/2/2b/MeTV_Toons.png/250px-MeTV_Toons.png,Animation;Kids,,iptv-org-all.txt
meWATCH LIVE 1 (1080p),https://tglmp04.akamaized.net/out/v1/898b1cbac7c747e3b1f3deb460e9b67e/manifest.mpd,,,,meWATCHLIVE1.sg@SD,,,,https://i.imgur.com/ppxUDxB.png,Entertainment,,iptv-org-all.txt
Mexiquense TV (720p),https://5e50264bd6766.streamlock.net/mexiquense/videomexiquense/playlist.m3u8,,,,MexiquenseTV.mx@SD,,,,https://i.imgur.com/iVfzakA.png,General,,iptv-org-all.txt
Mezokovesdi Televizio (360p),https://cloudfront44.lexanetwork.com:1344/freerelay/mezokovesdvtv.sdp/playlist.m3u8,,,,MezokovesdiTelevizio.hu@SD,,,,https://i.imgur.com/2zCOXmH.png,General,,iptv-org-all.txt
Mezzo (1080p),http://str2.iptvhd.ru:8080/Mezzo_HD/index.m3u8,,,,Mezzo.fr@SD,,,,https://i.imgur.com/auNdGeW.png,Music,,iptv-org-all.txt
Mezzo Live (1080p),http://stream.mcquack.net/276/index.m3u8,,,,MezzoLive.fr@SD,,,,https://i.imgur.com/H9ytKPN.png,Music,,iptv-org-all.txt
mfm (1080p),https://hms.pfs.gdn/hms/v1/broadcast/hlmvmp2hfriode891/playlist.m3u8,,,,mfm.lb@HD,,,,https://www.mtv.com.lb/images/header/mfm-logo.svg,Music,,iptv-org-all.txt
MGI TV (720p) [Geo-blocked],https://tv.rodja.live/tasik/ngrp:mgitv_all/playlist.m3u8,,,,MGITV.id@SD,,,,https://i.imgur.com/xrNtabe.png,Religious,,iptv-org-all.txt
Mh 1 Music (720p),https://livestream.jswk.online/playlisttest/live/playlist.m3u8,,,,Mh1Music.in@SD,,,,https://dtil.tmsimg.com/assets/s143539_ld_h15_aa.png?lock=720x540,Music,,iptv-org-all.txt
Mh 1 News (576p),https://streams.tangotv.in/MHONENEWS/ORIGIN/index.m3u8,,,,Mh1News.in@SD,,,,https://dtil.tmsimg.com/assets/s143540_ld_h15_aa.png?lock=720x540,News,,iptv-org-all.txt
Mh 1 Prime (576p),https://streams.tangotv.in/MHONE/ORIGIN/index.m3u8,,,,Mh1Prime.in@SD,,,,,General,,iptv-org-all.txt
MH One Dil Se (576p),https://streams.tangotv.in/MHONEDILSE/ORIGIN/index.m3u8,,,,MHOneDilSe.in@SD,,,,https://dilse.mhone.in/wp-content/uploads/2022/02/MH-ONE-dil-se-LOGO-white-copy.png,Entertainment,,iptv-org-all.txt
MH One Movies (576p),https://mumt03.tangotv.in/Dsly5z3HMHONEMOVIE/index.m3u8,,,,MHOneMovies.in@SD,,,,,Movies,,iptv-org-all.txt
MH One Shraddha (576p),https://mumt01.tangotv.in/O5aw8Zn3MHONESHRADDHA/index.m3u8,,,,MHOneShraddha.in@SD,,,,https://i.imgur.com/Lrm8qTO.png,Religious,,iptv-org-all.txt
MHZ,https://mhz-samsung-linear-ca.samsung.wurl.tv/playlist.m3u8,,,,MHZ.ca@SD,,,,https://i.imgur.com/a5fw83n.jpg,Entertainment,,iptv-org-all.txt
Mi Extrana Obsesion,https://jmp2.uk/plu-60e4573c9f963e00077ecf25.m3u8,,,,MiExtranaObsesion.us@Spain,,,,https://i.imgur.com/VtxO6KI.png,Series,,iptv-org-all.txt
Mi Radio TV,https://scl.edge.grupoz.cl/miradio2/live/playlist.m3u8,,,,MiRadioTV.cl@SD,,,,https://i.imgur.com/XEpLWJw.png,General,,iptv-org-all.txt
MI Turno TV,https://video.udwn.net:19360/miturnotv/miturnotv.m3u8,,,,MITurnoTV.do@SD,,,,https://imgur.com/uODDaEY.png,General,,iptv-org-all.txt
Miavision TV (1080p) [Not 24/7],https://edge.essastream.com/miavisiontv/playlist.m3u8,,,,MiavisionTV.do@HD,,,,https://imgur.com/Bbcrjvs.png,General,,iptv-org-all.txt
Microvision 10 (720p) [Not 24/7],https://streaming.telecablecentral.com.do/live/MicroHD/playlist.m3u8,,,,Microvision10.do@SD,,,,https://i.imgur.com/wMl1fNZ.png,General,,iptv-org-all.txt
Middle East TV (1080p),https://content.uplynk.com/channel/9d35b73c264946d5945db6cdff26336e.m3u8,,,,MiddleEastTV.cy@SD,,,,https://i.imgur.com/oKU5KeW.png,Religious,,iptv-org-all.txt
Midnight Pulp (1080p),https://linear-897.frequency.stream/dist/cineverse/897/hls/master/playlist.m3u8,,,,MidnightPulp.us@SD,,,,https://provider-static.plex.tv/a/epg/channels/logos/gracenote/a1a2cdc3d6f0714c586e9959732580c7.png,Entertainment,,iptv-org-all.txt
Midpen Media Center Channel 26 (720p),https://5c2974786200d.streamlock.net/live-chan26/ngrp:ch26_all/playlist.m3u8,,,,MidpenMediaCenterChannel26.us@SD,,,,https://i.imgur.com/aX1GkCD.png,Undefined,,iptv-org-all.txt
Midpen Media Center Channel 28 (720p),https://5c2974786200d.streamlock.net/live-chan28/ngrp:ch28_all/playlist.m3u8,,,,MidpenMediaCenterChannel28.us@SD,,,,https://i.imgur.com/RPJiolQ.png,Education,,iptv-org-all.txt
Midpen Media Center Channel 29 (720p),https://5c2974786200d.streamlock.net/live-chan29/ngrp:ch29_all/playlist.m3u8,,,,MidpenMediaCenterChannel29.us@SD,,,,https://i.imgur.com/RPJiolQ.png,Legislative,,iptv-org-all.txt
Midpen Media Center Channel 30 (720p),https://5c2974786200d.streamlock.net/live-chan30/ngrp:ch30_all/playlist.m3u8,,,,MidpenMediaCenterChannel30.us@SD,,,,https://i.imgur.com/RPJiolQ.png,Culture,,iptv-org-all.txt
Midpen Media Center Channel 75 (720p),https://5c2974786200d.streamlock.net/live-chan75/ngrp:ch75_all/playlist.m3u8,,,,MidpenMediaCenterChannel75.us@SD,,,,https://i.imgur.com/RPJiolQ.png,Culture,,iptv-org-all.txt
Midsomer Murders (1080p),https://all3media-midsomer-1-us.roku.wurl.tv/playlist.m3u8,,,,MidsomerMurders.us@SD,,,,https://i.imgur.com/VFqfyfY.png,Series,,iptv-org-all.txt
Miel TV (720p),https://live-evg5.tv360.bitel.com.pe/bitel/mieltvSRT/playlist.m3u8,,,,MielTV.pe@SD,,,,https://i.imgur.com/dPSFrCs.png,Music,,iptv-org-all.txt
MierschTV,https://streamer20.multimedia.blue/Post/MerschTV_IPTV/playlist.m3u8,,,,MierschTV.lu@SD,,,,https://i.imgur.com/Vdc1GYP.jpg,General,,iptv-org-all.txt
Mihan TV,https://iptv.mihantv.com/mihantv/playlist.m3u8,,,,MihanTV.ir@SD,,,,https://i.imgur.com/XEMsM7w.png,News,,iptv-org-all.txt
Mijas 3.40TV (720p),https://streaming004.gestec-video.com/hls/MIJAS.m3u8,,,,Mijas340TV.es@SD,,,,https://i.imgur.com/RH1zLLs.png,General,,iptv-org-all.txt
Mikuba TV (480p) [Not 24/7],http://51.254.199.122:8080/MIKUBATV/index.m3u8,,,,MikubaTV.cd@SD,,,,https://i.imgur.com/yJehCQM.png,General,,iptv-org-all.txt
Milenial TV,https://www.milenial.news/salida/milenial.m3u8,,,,MilenialTV.pe@SD,,,,https://i.imgur.com/8ZiNoEa.png,General,,iptv-org-all.txt
Milenio Television (720p),https://jmp2.uk/plu-652e922db4b047000825f975.m3u8,,,,MilenioTelevision.mx@SD,,,,https://i.imgur.com/TG1T5Oh.png,News,,iptv-org-all.txt
Millenium 109 FM,https://videoserver.tmcreativos.com:19360/nqvnhujhrx/nqvnhujhrx.m3u8,,,,Millenium109FM.pe@SD,,,,https://i.imgur.com/sfNL6Bv.png,Music,,iptv-org-all.txt
Millet (720p),https://live1.1tvcrimea.ru/milletlive.m3u8,,,,Millet.ru@SD,,,,https://i.imgur.com/hUjLRLy.png,News,,iptv-org-all.txt
Milliy (1080p),https://stream8.cinerama.uz/1014/tracks-v1a1/playlist.m3u8,,,,Milliy.uz@SD,,,,https://i.imgur.com/v4FBm26.png,General,,iptv-org-all.txt
Mindanow Network TV (1080p),https://cdn.vegasplus.us/vegas/mmn01/playlist.m3u8,,,,MindanowNetworkTV.ph@HD,,,,https://i.imgur.com/xBlYirh.jpeg,General,,iptv-org-all.txt
MINFAV TV,https://mp.panelchs.com:1936/8044/8044/playlist.m3u8,,,,MINFAVTV.pa@SD,,,,https://i.ibb.co/Vj5nNbF/FAV-TV-LOGO-BLANCO.png,Religious,,iptv-org-all.txt
Minformo TV (720p),https://5db313b643fd8.streamlock.net/MinformoTV/MinformoTV/playlist.m3u8,,,,MinformoTV.it@SD,,,,https://i.imgur.com/9Oq6fLw.png,News,,iptv-org-all.txt
Minika Cocuk (720p),https://rnttwmjcin.turknet.ercdn.net/lcpmvefbyo/minikago_cocuk/minikago_cocuk.m3u8,,,,MinikaCocuk.tr@SD,,,,https://i.imgur.com/VCywMTv.png,Kids,,iptv-org-all.txt
Minika Go (720p),https://rnttwmjcin.turknet.ercdn.net/lcpmvefbyo/minikago/minikago.m3u8,,,,MinikaGo.tr@SD,,,,https://i.imgur.com/qIoipDq.png,Kids,,iptv-org-all.txt
Minimax (Pakistan) (360p),https://vodzong.mjunoon.tv:8087/streamtest/disckids-157-1/playlist.m3u8,,,,Minimax.pk@SD,,,,https://i.imgur.com/TJvf8vd.png,Kids,,iptv-org-all.txt
Minimax CEE (576p),http://88.212.15.19/live/test_minimax/playlist.m3u8,,,,MinimaxCEE.cz@SD,,,,https://i.imgur.com/WWOlm1x.png,Kids,,iptv-org-all.txt
Ministerio La Voz De Un Remanente TV,https://vs20.live.opencaster.com/remanente_5925b089/index.m3u8,,,,MinisterioLaVozDeUnRemanenteTV.us@SD,,,,https://new.opencaster.com/uploads/logos/logo_188_1754869413.png,Religious,,iptv-org-all.txt
Mir 24 (1080p),http://hls.mirtv.cdnvideo.ru/mirtv-parampublish/mir24_2500/playlist.m3u8,,,,Mir24.ru@SD,,,,https://i.imgur.com/dj9c8Yd.png,News,,iptv-org-all.txt
Mir +2 (540p) [Not 24/7],http://hls.mirtv.cdnvideo.ru/mirtv-parampublish/mirtv2_2500/playlist.m3u8,,,,Mir.ru@Plus2,,,,https://i.imgur.com/AqWaJT8.png,General,,iptv-org-all.txt
Mir +4 (576p),http://31.148.48.15/Mir/index.m3u8,,,,Mir.ru@Plus4,,,,https://i.imgur.com/AqWaJT8.png,General,,iptv-org-all.txt
Mir +7 (540p),http://hls.mirtv.cdnvideo.ru/mirtv-parampublish/mirtv7_2500/playlist.m3u8,,,,Mir.ru@Plus7,,,,https://i.imgur.com/AqWaJT8.png,General,,iptv-org-all.txt
Mir HD (1080p) [Not 24/7],http://hls.mirtv.cdnvideo.ru/mirtv-parampublish/mirtv_2500/playlist.m3u8,,,,Mir.ru@HD,,,,https://i.imgur.com/AqWaJT8.png,General,,iptv-org-all.txt
Mir Kazakhstan (576p),http://tvcdn01.esilnet.kz/tv/mir/index.m3u8,,,,Mir.ru@Kazakhstan,,,,https://i.imgur.com/AqWaJT8.png,General,,iptv-org-all.txt
Mir Belogorya (720p) [Geo-blocked],http://mirbelogorya.ru:8080/mirbelogorya/index.m3u8,,,,MirBelogorya.ru@SD,,,,https://mirbelogorya.ru/images/logo/Logo_Mir_Belogorya_purple_gradient.png,Undefined,,iptv-org-all.txt
Mir Seriala (576p),http://176.118.197.101/MirSeriala/index.m3u8,,,,MirSeriala.ru@SD,,,,https://i.imgur.com/uzj7wVp.png,Series,,iptv-org-all.txt
Miracle Channel (1080p),https://live.miracleonline.org/hls/miracle1.m3u8,,,,MiracleChannel.se@SD,,,,https://i.imgur.com/yrt7Rw9.png,News,,iptv-org-all.txt
Miracle TV (480p),https://viewmedia7219.bozztv.com/wmedia/viewmedia100/web_030/Stream/playlist.m3u8,,,,MiracleTV.uk@SD,,,,https://i.imgur.com/pTn8Vc3.png,Religious,,iptv-org-all.txt
Miracle TV+ (720p),https://strhlslb01.streamakaci.tv/str_mtv_mtv/str_mtv_multi/playlist.m3u8,,,,MiracleTVPlus.ci@SD,,,,https://i.imgur.com/AQ60OYO.png,Religious,,iptv-org-all.txt
Mirame TV (360p) [Not 24/7],https://bit.controlstreams.com:5443/LiveApp/streams/mirametv.m3u8,,,,MirameTV.es@SD,,,,https://i.imgur.com/LK4pLgT.png,News,,iptv-org-all.txt
Miras (406p) [Not 24/7],https://alpha.tv.online.tm/hls/ch003.m3u8,,,,Miras.tm@SD,,,,https://i.imgur.com/pWbJzr9.png,Culture,,iptv-org-all.txt
Mireasa (720p),https://stream1.antenaplay.ro/live/MireasaExtra/playlist.m3u8,,,,Mireasa.ro@SD,,,,https://i.imgur.com/k0VO0LH.png,Series,,iptv-org-all.txt
Mirovoe kino (1080p),https://fs.uplink.kz/mirovoe_kino/mono.m3u8?token=onlinetv,,,,Mirovoekino.kz@SD,,,,https://tele2.server-img.lfstrm.tv/images/channel_logos/logo_65c24031d8bec399a7aa2226.png,Movies,,iptv-org-all.txt
MIS Televizija (720p) [Not 24/7],https://5afd52b55ff79.streamlock.net/MISTV/myStream/playlist.m3u8,,,,MISTelevizija.au@SD,,,,https://i.imgur.com/qvrNVFg.png,Culture,,iptv-org-all.txt
MISA TV,https://vidl.misatv.ro:5050/MSTV/romanian_720p_baseline/playlist.m3u8,,,,MISATV.ro@SD,,,,https://i.imgur.com/2RxQNm6.png,Religious,,iptv-org-all.txt
Mision ELTV (720p),https://rd.tvabierta.net/live/misioneltv.m3u8,,,,MisionELTV.do@SD,,,,https://i.imgur.com/hwC1stN.png,Religious,,iptv-org-all.txt
Misiones Cuatro,https://iptv.ixfo.com.ar:30443/live-HD/MISIONES4/playlist.m3u8,,,,MisionesCuatro.ar@SD,,,,https://i.imgur.com/HXRpRlK.png,General,,iptv-org-all.txt
Mission Asia (1080p),https://livecdn.live247stream.com/missionasia/tv/playlist.m3u8,,,,MissionAsia.au@SD,,,,https://i.imgur.com/B5mKwF6.png,Religious,,iptv-org-all.txt
Mission Impossible (Sweden),https://jmp2.uk/plu-639b4f14be012600070fe1be.m3u8,,,,MissionImpossible.se@SE,,,,https://images.pluto.tv/channels/6478a9e4f77b61000817034b/colorLogoPNG.png,Classic;Series,,iptv-org-all.txt
Mission Impossible (Sweden) DK,https://jmp2.uk/plu-6478a9e4f77b61000817034b.m3u8,,,,MissionImpossible.se@DK,,,,https://images.pluto.tv/channels/6478a9e4f77b61000817034b/colorLogoPNG.png,Classic;Series,,iptv-org-all.txt
Mission Impossible (Sweden) NO,https://jmp2.uk/plu-639b4eb4da3fda0008036f6e.m3u8,,,,MissionImpossible.se@NO,,,,https://images.pluto.tv/channels/6478a9e4f77b61000817034b/colorLogoPNG.png,Classic;Series,,iptv-org-all.txt
Mission Impossible (United States),https://jmp2.uk/plu-5f77977bd924d80007eee60c.m3u8,,,,MissionImpossible.us@SD,,,,https://images.pluto.tv/channels/62ea43aa0c43540007f2db96/colorLogoPNG.png,Series,,iptv-org-all.txt
Mission Impossible (United States) CA,https://jmp2.uk/plu-62ea43aa0c43540007f2db96.m3u8,,,,MissionImpossible.us@CA,,,,https://images.pluto.tv/channels/62ea43aa0c43540007f2db96/colorLogoPNG.png,Series,,iptv-org-all.txt
Mission TV (1080p) [Not 24/7],https://6096a9cf11ae5.streamlock.net:1943/live/missiontv/playlist.m3u8,,,,MissionTV.us@SD,,,,https://i.imgur.com/Hb38BNo.png,Religious,,iptv-org-all.txt
Misterios sin resolver,https://jmp2.uk/plu-5f610042272f68000867685b.m3u8,,,,Misteriossinresolver.us@SD,,,,https://i.imgur.com/8mnvubb.png,Series,,iptv-org-all.txt
Misto+ (360p),http://93.78.206.172:8080/stream3/stream.m3u8,,,,MistoPlus.ua@SD,,,,https://i.imgur.com/NHjg1Jm.png,General,,iptv-org-all.txt
Mit plastikmareridt,https://jmp2.uk/plu-643814ef479f6400086ff043.m3u8,,,,Mitplastikmareridt.se@DK,,,,https://images.pluto.tv/channels/643814ef479f6400086ff043/colorLogoPNG.png,Entertainment,,iptv-org-all.txt
Mithila Nepal TV (1080p),http://150.107.205.212:1935/live/mithila/playlist.m3u8?DVR=,,,,MithilaNepalTV.np@SD,,,,https://i.ibb.co/CWn3fH9/1689333550464.jpg,General,,iptv-org-all.txt
MiTV (720p),https://rds3.desdeparaguay.net/mitv/mitv/playlist.m3u8,,,,MiTV.py@SD,,,,https://i.imgur.com/sgrEt9z.png,Entertainment,,iptv-org-all.txt
Mix Hollywood (1080p),https://ml-pull-hwc.myco.io/MixTV/hls/index.m3u8,,,,MixHollywood.eg@SD,,,,https://i.imgur.com/1ENdbZn.png,Movies,,iptv-org-all.txt
Mixkurdy (1080p),https://avr.host247.net/live/Mix-kurdy/playlist.m3u8,,,,Mixkurdy.iq@HD,,,,https://i.imgur.com/WHeH5i7.png,Family,,iptv-org-all.txt
MK Six (576p),https://mumt06.tangotv.in/qYyB8fXVMKSIX/index.m3u8,,,,MKSix.in@SD,,,,https://jiotvimages.cdn.jio.com/dare_images/images/MK_Six.png,Entertainment,,iptv-org-all.txt
MKK Web TV (720p) [Not 24/7],https://video01.logicahost.com.br/mkkwebtv/mkkwebtv/playlist.m3u8,,,,MKKWebTV.br@SD,,,,https://i.imgur.com/A8Yhtid.png,General,,iptv-org-all.txt
ML5 TV (480p),https://ms7.mx-cd.net/dtv-02/204-1147034/3ML_TV.smil/playlist.m3u8,,,,ML5TV.nl@SD,,,,https://i.imgur.com/knjHdei.png,General,,iptv-org-all.txt
MLB (720p),https://jmp2.uk/plu-5e66968a70f34c0007d050be.m3u8,,,,MLB.us@SD,,,,https://i.imgur.com/ym3su2J.png,Sports,,iptv-org-all.txt
MLB Strike Zone (720p),http://23.237.104.106:8080/USA_MLB_STRIKE_ZONE/index.m3u8,,,,MLBStrikeZone.us@SD,,,,https://i.imgur.com/uMI1ySO.png,Sports,,iptv-org-all.txt
MMA TV (576p),http://31.148.48.15/M1_Global/index.m3u8,,,,MMATV.us@SD,,,,https://i.imgur.com/Qxco1eW.png,Sports,,iptv-org-all.txt
MMA-TV.com (1080p),https://streams2.sofast.tv/vglive-sk-462904/playlist.m3u8,,,,MMATVcom.ru@SD,,,,https://i.imgur.com/QhdxNsB.png,Sports,,iptv-org-all.txt
MMTV (1080p),https://sendlive.online/hls/mmtv.m3u8,,,,MMTV.mv@SD,,,,https://i.imgur.com/21tpl5b.png,General,,iptv-org-all.txt
Mnau TV (1080p),https://5ca49f2417d90.streamlock.net/mnau/livestream/playlist.m3u8,,,,MnauTV.cz@SD,,,,https://i.imgur.com/deVHJKS.png,Undefined,,iptv-org-all.txt
MNB Sport (1080p),https://live.mnb.mn/hls/mnb_sport.stream.m3u8,,,,MNBSport.mn@SD,,,,https://i.imgur.com/z854PC3.png,Sports,,iptv-org-all.txt
MNCTV HD (720p),https://mncmedia.malingtv.workers.dev/mnctv.m3u8,,,,MNCTV.id@HD,,,,https://i.imgur.com/SK8pjQy.png,General,,iptv-org-all.txt
MNM (720p),https://live-radio-cf-vrt.akamaized.net/groupa/live/bac277a1-306d-44a0-8e2e-e5b9c07fa270/live.isml/.m3u8,,,,MNM.be@SD,,,,https://i.imgur.com/L4cD18H.png,Music,,iptv-org-all.txt
MNT WCIV (1080p),https://linear-700.frequency.stream/dist/stirr/700/hls/master/playlist.m3u8,,,,MNT.us@WCIV,,,,https://upload.wikimedia.org/wikipedia/commons/thumb/3/38/MyNetworkTV_2D_Logo.svg/960px-MyNetworkTV_2D_Logo.svg.png,General,,iptv-org-all.txt
MNT WFLD (1080p),https://cdn-uw2-prod.tsv2.amagi.tv/linear/amg00488-foxdigital-wfld-lgus/playlist.m3u8,,,,MNT.us@WFLD,,,,https://upload.wikimedia.org/wikipedia/commons/thumb/3/38/MyNetworkTV_2D_Logo.svg/960px-MyNetworkTV_2D_Logo.svg.png,General,,iptv-org-all.txt
MNT WWOR-TV,http://37c18028.akadatel.com/iptv/T6XNCP6L7LLKPD/1088/mpegts,,,,MNT.us@WWORTV,,,,https://upload.wikimedia.org/wikipedia/commons/thumb/3/38/MyNetworkTV_2D_Logo.svg/960px-MyNetworkTV_2D_Logo.svg.png,General,,iptv-org-all.txt
MNTV,https://www.khuwemultimedia.com/hls/mntv/mntv.m3u8,,,,MNTV.mz@SD,,,,https://mntv.co.mz/wp-content/uploads/2025/11/Prancheta-4_1-1.png,Business,,iptv-org-all.txt
MNX (576p),http://59.103.38.46:8000/play/a052/index.m3u8,,,,MNX.in@SD,,,,https://xstreamcp-assets-msp.streamready.in/assets/LIVETV/LIVECHANNEL/LIVETV_LIVETVCHANNEL_MNX/images/LOGO_HD/image.png,Movies,,iptv-org-all.txt
Moconomy,https://3ee905090d464be5a51478fd9c642e93.mediatailor.us-east-1.amazonaws.com/v1/master/44f73ba4d03e9607dcd9bebdcb8494d86964f1d8/RakutenTV-pl_Moconomy/playlist.m3u8,,,,Moconomy.pl@SD,,,,https://images-0.rakuten.tv/storage/global-live-channel/translation/artwork/9da0ec4d-85ea-45f4-b3f9-ae917d1714f9-width200-quality90.jpeg,Undefined,,iptv-org-all.txt
MOF TV,https://goliveafrica.media:9998/live/6425a6efa15c8/index.m3u8,,,,MOFTV.ke@SD,,,,https://i.imgur.com/XVBNfaa.png,Religious,,iptv-org-all.txt
MOGPA TV,https://bk7l2r2nyx53-hls-live.5centscdn.com/ablazetv/f7b44cfafd5c52223d5498196c8a2e7b.sdp/playlist.m3u8,,,,MOGPATV.gh@SD,,,,https://i.imgur.com/34PmVAq.png,Religious,,iptv-org-all.txt
MOGPA TV Plus,https://bk7l2r2nyx53-hls-live.5centscdn.com/mogpatvplus/2567a5ec9705eb7ac2c984033e06189d.sdp/playlist.m3u8,,,,MOGPATVPlus.gh@SD,,,,https://i.imgur.com/0YLSM3R.png,Religious,,iptv-org-all.txt
Mohabat TV (Iran) (540p),http://204.11.235.251:1935/live_transcoder/ngrp:mohabat.stream_all/playlist.m3u8,,,,MohabatTV.ir@SD,,,,https://i.imgur.com/Ig0SPev.png,Religious,,iptv-org-all.txt
Mohabat TV (United States) (540p),http://media.mohabat.tv:1935/live_transcoder/ngrp:mohabat.stream_all/playlist.m3u8,,,,MohabatTV.us@SD,,,,https://i.imgur.com/tucTC1O.jpg,Religious,,iptv-org-all.txt
Mohammed Abdo (1080p),https://d2ow8h651gs7dx.cloudfront.net/out/v1/371fb663da604e659a2fb99bf89d92d4/index.m3u8,,,,MohammedAbdo.sa@SD,,,,https://assets.mbcmood.com/channels/1720184012Mohammed%20Abdo%20banner.png,Music,,iptv-org-all.txt
Mojo TV (576p),https://mumt07.tangotv.in/zHjX9OFlMOJOTV/index.m3u8,,,,MojoTV.in@SD,,,,https://upload.wikimedia.org/wikipedia/en/1/19/MOJO_TV_LOGO.png,News,,iptv-org-all.txt
Molahits TV (720p),http://ventdelnord.tv:8080/mola/directe.m3u8,,,,MolahitsTV.es@SD,,,,https://i.imgur.com/FYcLtqT.png,Music,,iptv-org-all.txt
Moldova 1 (1080p),https://v0.trm.md/static/streaming-playlists/hls/9b79338b-1870-4cd7-91d4-0f6ce5cac7ca/master.m3u8,,,,Moldova1.md@SD,,,,https://i.imgur.com/ZbQY56v.png,General,,iptv-org-all.txt
Moldova 2 (1080p),https://v0.trm.md/static/streaming-playlists/hls/d5fafab0-9c37-4746-9e7a-b2d6c0427015/master.m3u8,,,,Moldova2.md@SD,,,,https://i.imgur.com/Hv6Nk8A.png,General,,iptv-org-all.txt
Moldova TV (1080p),https://moldovatv.ro/live-tv/live.m3u8,,,,MoldovaTV.md@SD,,,,https://i.imgur.com/gPMlDCP.png,General,,iptv-org-all.txt
Momento24,https://backupmaxmedia.hvmultiplay.com/hls/stream2/momento24.m3u8,,,,Momento24.co@SD,,,,https://i.imgur.com/kLy6w9e.jpeg,News,,iptv-org-all.txt
MOMO TV (1080p),http://nmk.ioapk.com:5050/4gtv-live107/index.m3u8,,,,MOMOTV.tw@SD,,,,https://m.momoshop.com.tw/img/message.png,Shop,,iptv-org-all.txt
Monaco Info (1080p),https://webtv.monacoinfo.com/live/prod/index.m3u8,,,,MonacoInfo.mc@SD,,,,https://i.imgur.com/dIrKYH7.png,News,,iptv-org-all.txt
Monagas Vision (720p) [Not 24/7],https://cloud2.streaminglivehd.com:1936/monagasvision-2/monagasvision-2/playlist.m3u8,,,,MonagasVision.ve@SD,,,,https://i.imgur.com/yfgTa2d.png,General,,iptv-org-all.txt
Monara TV (720p) [Not 24/7],https://jk3lz8xklw79-hls-live.5centscdn.com/lpl/d0dbe915091d400bd8ee7f27f0791303.sdp/playlist.m3u8,,,,MonaraTV.lk@SD,,,,https://i.imgur.com/EB99mzR.png,Entertainment,,iptv-org-all.txt
MONO 29,https://lb1-live-mv.v2h-cdn.com/hls/ffbc/ffolvgdhk/ffolvgdhk.m3u8,,,,MONO29.th@SD,,,,https://upload.wikimedia.org/wikipedia/commons/d/d5/Mono_29_Logo.png,Entertainment,,iptv-org-all.txt
Monroe Community Media Education Channel,https://reflect-monroe-public-access.cablecast.tv/live-4/live/live.m3u8,,,,MonroeCommunityMediaEducationChannel.us@SD,,,,https://i.imgur.com/gS4x0uX.png,Education,,iptv-org-all.txt
Monroe Community Media Public Access Channel,https://reflect-monroe-public-access.cablecast.tv/live-3/live/live.m3u8,,,,MonroeCommunityMediaPublicAccessChannel.us@SD,,,,https://i.imgur.com/gS4x0uX.png,General,,iptv-org-all.txt
Monroe County TV (1080p),https://castus-vod-dev.s3.amazonaws.com/vod_clients/monroe/live/ch1/video.m3u8,,,,MonroeCountyTV.us@SD,,,,https://i.imgur.com/YJfzdSu.png,Legislative,,iptv-org-all.txt
Monster Jam (720p),https://jmp2.uk/plu-65bcc9c8d77d450008b34c6b.m3u8,,,,MonsterJam.us@SD,,,,https://provider-static.plex.tv/epg/cms/production/23824964-562b-4498-9eaa-d6262cb7e0c3/Monster_Jam_Logo_on_Transparent_1500x1000_Casey_Murawski.png,Outdoor;Sports,,iptv-org-all.txt
Monte Carlo Digital Television (1080p),https://fl718492-exthls-p1.flovp.com/fl718492/live/live.m3u8,,,,MonteCarloDigitalTelevision.fr@HD,,,,https://i.imgur.com/99h8F1y.jpeg,Lifestyle,,iptv-org-all.txt
Monte Maria (1080p),https://5ca9af4645e15.streamlock.net/montemaria/videomontemaria/playlist.m3u8,,,,MonteMaria.mx@SD,,,,https://i.imgur.com/0rMHbbM.png,Religious,,iptv-org-all.txt
Montecristi Digital 8 [Geo-blocked],https://soportedvb.click:3400/live/montecristitvlive.m3u8,,,,MontecristiDigital8.do@HD,,,,https://imgur.com/ExoOHQI.jpeg,General,,iptv-org-all.txt
Monterrico TV,https://h.jcp.live.opencaster.com/play_src/index.m3u8,,,,MonterricoTV.pe@SD,,,,https://i.imgur.com/SuVO9T7.png,Sports,,iptv-org-all.txt
Montgomery Channel,https://reflect-montgomerycommunitymedia.cablecast.tv/live-11/live/stream-4/live.m3u8,,,,MontgomeryChannel.us@SD,,,,https://i.imgur.com/mU1Ixfj.png,General,,iptv-org-all.txt
Montones TV (1080p),https://lbgo.bozztv.com/ssh101/ssh101/montonestv1/playlist.m3u8,,,,MontonesTV.do@HD,,,,https://montonestv.com/wp-content/uploads/2025/11/montones-logo.png,Music,,iptv-org-all.txt
Montreal Greek TV (480p),http://live.greektv.ca/hls1/greektv.m3u8,,,,MontrealGreekTV.ca@SD,,,,https://i.imgur.com/Y5YnUit.png,Culture,,iptv-org-all.txt
Moon TV (576p),https://d1msejlow1t3l4.cloudfront.net/fta/moontv/playlist.m3u8,,,,MoonTV.in@SD,,,,https://i.imgur.com/3l25EZI.png,News,,iptv-org-all.txt
Moonbug Kids (1080p),https://moonbug-rokuus.amagi.tv/playlist.m3u8,,,,MoonbugKids.uk@SD,,,,https://i.imgur.com/vZHtxQb.png,Kids,,iptv-org-all.txt
Mooz Dance,https://tvextra-hls.b-cdn.net/moozdance/moozdance.m3u8,,,,MoozDance.ro@SD,,,,https://i.imgur.com/aX70RD2.png,Music,,iptv-org-all.txt
Mooz Hits,https://tvextra-hls.b-cdn.net/moozhits/moozhits.m3u8,,,,MoozHits.ro@SD,,,,https://i.imgur.com/GwATd3Y.png,Music,,iptv-org-all.txt
Mooz Ro!,https://tvextra-hls.b-cdn.net/moozro/moozro.m3u8,,,,MoozRo.ro@SD,,,,https://i.imgur.com/Ft24x5T.png,Music,,iptv-org-all.txt
Mora-Net TV (576p),https://stream.moranettv.hu/live/index.m3u8,,,,MoraNetTV.hu@SD,,,,https://i.imgur.com/yT0RmKi.png,General,,iptv-org-all.txt
Morazan TV (720p),http://45.167.2.138:8000/play/a0o4/index.m3u8,,,,MorazanTV.sv@SD,,,,https://i.imgur.com/Yh1lFZH.jpeg,General,,iptv-org-all.txt
More Grace TV (410p) [Not 24/7],https://atechgroupuk.site/ETV.m3u8,,,,MoreGraceTV.ng@SD,,,,https://i.imgur.com/DNTeCQt.png,Religious,,iptv-org-all.txt
More Pluto TV Comedy,https://jmp2.uk/plu-62e91c3add66e00007eeb24c.m3u8,,,,MorePlutoTVComedy.us@CA,,,,https://images.pluto.tv/channels/62e91c3add66e00007eeb24c/colorLogoPNG_1759310317971.png,Comedy,,iptv-org-all.txt
More Than Sports TV (1080p),https://mts1.iptv-playoutcenter.de/mts/mts-web/playlist.m3u8,,,,MoreThanSportsTV.de@SD,,,,https://i.imgur.com/SLrjImc.png,Sports,,iptv-org-all.txt
More True Crime,https://jmp2.uk/plu-6532e6a9bdf3cf000887ab29.m3u8,,,,MoreTrueCrime.us@SD,,,,https://images.pluto.tv/channels/6532e6a9bdf3cf000887ab29/colorLogoPNG.png,Series,,iptv-org-all.txt
More TV Crime,https://jmp2.uk/plu-639b558c73423d00071ce624.m3u8,,,,MoreTVCrime.de@GB,,,,https://images.pluto.tv/channels/639b558c73423d00071ce624/colorLogoPNG.png,Series,,iptv-org-all.txt
More TV Drama,https://jmp2.uk/plu-613260e4bdb71c00070d63fa.m3u8,,,,MoreTVDrama.us@SD,,,,https://i.imgur.com/Tw3rTxP.png,Entertainment,,iptv-org-all.txt
More TV Sci-fi,https://jmp2.uk/plu-645e00d5d3fdde000829463a.m3u8,,,,MoreTVScifi.de@GB,,,,https://images.pluto.tv/channels/645e00d5d3fdde000829463a/colorLogoPNG.png,Movies;Series,,iptv-org-all.txt
More TV Sitcoms,https://jmp2.uk/plu-6132619f9ddaa50007e7dd86.m3u8,,,,MoreTVSitcoms.us@SD,,,,https://i.imgur.com/4mbhOEo.png,Comedy,,iptv-org-all.txt
Morning Cloud TV (720p),https://livecdn.live247stream.com/mc/tv/playlist.m3u8,,,,MorningCloudTV.ke@SD,,,,https://i.imgur.com/Lxfd2ip.png,Religious,,iptv-org-all.txt
MorroTV (720p) [Not 24/7],https://fox.hostlagarto.com:8081/morrotv/playlist.m3u8,,,,MorroTV.do@SD,,,,https://www.vivalivetv.com/public/files/shows/0/1/3759-294x165-FFFFFF.jpg,General,,iptv-org-all.txt
Mosaique FM (1080p),https://webcam.mosaiquefm.net/mosatv/_definst_/studio/playlist.m3u8?DVR,,,,MosaiqueFM.tn@SD,,,,https://i.imgur.com/GDUykah.png,Music,,iptv-org-all.txt
Moselle TV (720p) [Not 24/7],https://live.creacast.com/mirabelletv/smil:mirabelletv.smil/playlist.m3u8,,,,MoselleTV.fr@SD,,,,https://i.imgur.com/hrm5QnU.png,General,,iptv-org-all.txt
Mosfilm Gold Collection (576p),http://31.222.235.15/mosfilm/index.m3u8,,,,MosfilmGoldCollection.ru@SD,,,,https://i.imgur.com/95Y8jb6.png,Movies,,iptv-org-all.txt
Moskva 24 (1080p),https://stream.smotrim.ru/hls/givc8/playlist.m3u8?entity=channel&id=798&sign=37881ef2e289f062ceff0dca6c24dc58,,,,Moskva24.ru@SD,,,,https://i.imgur.com/gXbUMVy.png,General,,iptv-org-all.txt
Moskva. Doveriye (576p),https://stream.smotrim.ru/hls2/doverie/playlist_3.m3u8,,,,MoskvaDoveriye.ru@SD,,,,https://i.imgur.com/QDqDQzt.png,General,,iptv-org-all.txt
Most Haunted (1080p),https://amg00426-lds-amg00426c17-samsung-gb-10157.playouts.now.amagi.tv/playlist.m3u8,,,,MostHaunted.uk@UK,,,,https://images.pluto.tv/channels/66d722d31878f200081c2c64/colorLogoPNG.png,Series,,iptv-org-all.txt
Motorvision (1080p),https://mvg-mv-xumo.otteravision.com/mvg/mv/mv.m3u8,,,,Motorvision.de@SD,,,,https://i.imgur.com/v4kj8pI.png,Auto,,iptv-org-all.txt
Movie Bangla,http://alvetv.com/moviebanglatv/8080/index.m3u8,,,,MovieBangla.bd@SD,,,,https://www.jagobd.com/wp-content/uploads/2016/02/moviebangla.jpg?x50681,Movies,,iptv-org-all.txt
Movie Music by Stingray (1080p),https://lotus.stingray.com/manifest/cmusic-cme004-montreal/samsungtvplus/master.m3u8,,,,MovieMusicbyStingray.ca@HD,,,,https://encrypted-tbn0.gstatic.com/images?q=tbn:ANd9GcQ2CSpCdAxnLpqebMLZh6h7vMPk6LYpdqkVHA&s,Music,,iptv-org-all.txt
Moviedome (720p),https://jmp2.uk/plu-615c1e5ce3039400070a0547.m3u8,,,,Moviedome.us@Germany,,,,https://i.imgur.com/8c54ycg.png,Movies,,iptv-org-all.txt
Movies Action (1080p),https://shd-amg-fast.edgenextcdn.net/tx011/playlist.m3u8,,,,MoviesAction.sa@SD,,,,https://i.imgur.com/NIVhISa.png,Movies,,iptv-org-all.txt
Movies Thriller (1080p),https://shd-amg-fast.edgenextcdn.net/tx012/playlist.m3u8,,,,MoviesThriller.sa@SD,,,,https://i.imgur.com/JWihdcl.png,Movies,,iptv-org-all.txt
Movies! (480p),https://bozztv.com/dvrfl03/hdirect/hdirect-ovair1-movies!/index.m3u8,,,,Movies.us@SD,,,,https://i.imgur.com/gAGn3mK.png,Movies,,iptv-org-all.txt
Movies! KPVM-LD,https://2-fss-2.streamhoster.com/pl_120/206858-4412962-1/playlist.m3u8,,,,Movies.us@KPVMLD,,,,https://i.imgur.com/gAGn3mK.png,Movies,,iptv-org-all.txt
MovieSmart Turk (576p),http://playhdnewjj.xyz:8080/recc121412/KVqfhtdJ2nQ7/174,,,,MovieSmartTurk.tr@SD,,,,https://i.imgur.com/DWN9ulT.png,Movies,,iptv-org-all.txt
MovieSphere (1080p),https://amg00353-lionsgatestudio-moviesphere-xumo-zh5u0.amagi.tv/playlist.m3u8,,,,MovieSphere.us@US,,,,https://i.imgur.com/h1ejU90.png,Movies,,iptv-org-all.txt
MovieSphere AU (1080p),https://amg00353-lionsgatefilmsi-moviesphereaus-samsungau-7qzhf.amagi.tv/playlist/amg00353-lionsgatefilmsi-moviesphereaus-samsungau/playlist.m3u8,,,,MovieSphere.us@AU,,,,https://i.imgur.com/h1ejU90.png,Movies,,iptv-org-all.txt
MovieSphere CA,https://jmp2.uk/plu-64a3d96f060e830008af6745.m3u8,,,,MovieSphere.us@CA,,,,https://i.imgur.com/h1ejU90.png,Movies,,iptv-org-all.txt
MovieSphere UK (1080p),https://moviesphereuk-samsunguk.amagi.tv/playlist.m3u8,,,,MovieSphere.us@UK,,,,https://i.imgur.com/h1ejU90.png,Movies,,iptv-org-all.txt
MovieSphere Gold WFXT (1080p),https://cdn-uw2-prod.tsv2.amagi.tv/linear/amg01438-ewscrippscompan-ionmystery-tablo/playlist.m3u8,,,,MovieSphereGold.us@WFXT,,,,https://upload.wikimedia.org/wikipedia/commons/thumb/8/87/MovieSphere_Gold_2025_logo.svg/500px-MovieSphere_Gold_2025_logo.svg.png,Movies,,iptv-org-all.txt
Movistar Deportes (1080p),http://45.4.1.201:8000/play/a13e/index.m3u8,,,,MovistarDeportes.pe@SD,,,,https://i.imgur.com/Zt3iE86.png,Sports,,iptv-org-all.txt
Movistar Plus (576p),http://45.4.1.201:8000/play/a19y/index.m3u8,,,,MovistarPlus.pe@SD,,,,https://i.imgur.com/yGQGDoi.png,Entertainment,,iptv-org-all.txt
Moy mir (720p),https://moymir.ru/hls/onair.m3u8,,,,Moymir.ru@SD,,,,https://www.cableman.ru/sites/default/files/MM-TV_logo-1%5B1509%5D.png,Shop,,iptv-org-all.txt
Moya Planeta (1080p),http://91.226.120.120/chid210/tracks-v1a1/mono.m3u8,,,,MoyaPlaneta.ru@SD,,,,https://i.imgur.com/uIiAdBv.png,Outdoor,,iptv-org-all.txt
Moya stikhiya HD (1080p),http://stream.mcquack.net/141/index.m3u8,,,,Moyastikhiya.ru@HD,,,,https://i.imgur.com/Sl8c9eB.png,Travel,,iptv-org-all.txt
MQTV (720p) [Not 24/7],https://5bf7b725107e5.streamlock.net/mqtv/mqtv/playlist.m3u8,,,,MQTV.id@SD,,,,https://i.imgur.com/d8dQo6E.png,Religious,,iptv-org-all.txt
Mr Bean Animated (1080p),https://amg00627-amg00627c23-samsung-au-4110.playouts.now.amagi.tv/playlist.m3u8,,,,MrBeanAnimated.uk@English,,,,https://static.wikia.nocookie.net/logopedia/images/2/25/Mr._Bean_Animated_Series_stacked_logo.png,Animation;Kids,,iptv-org-all.txt
Mr Bean Animated ES (1080p),https://amg00627-amg00627c30-rakuten-es-3990.playouts.now.amagi.tv/playlist/amg00627-banijayfast-mrbeanescc-rakutenes/playlist.m3u8,,,,MrBeanAnimated.uk@ES,,,,https://static.wikia.nocookie.net/logopedia/images/2/25/Mr._Bean_Animated_Series_stacked_logo.png,Animation;Kids,,iptv-org-all.txt
Mr Bean Animated FR (1080p),https://amg00627-amg00627c31-rakuten-fr-3991.playouts.now.amagi.tv/playlist/amg00627-banijayfast-mrbeanfrcc-rakutenfr/playlist.m3u8,,,,MrBeanAnimated.uk@FR,,,,https://static.wikia.nocookie.net/logopedia/images/2/25/Mr._Bean_Animated_Series_stacked_logo.png,Animation;Kids,,iptv-org-all.txt
Mr Bean Animated IT (1080p),https://amg00627-amg00627c29-rakuten-it-3989.playouts.now.amagi.tv/playlist/amg00627-banijayfast-mrbeanitcc-rakutenit/playlist.m3u8,,,,MrBeanAnimated.uk@IT,,,,https://static.wikia.nocookie.net/logopedia/images/2/25/Mr._Bean_Animated_Series_stacked_logo.png,Animation;Kids,,iptv-org-all.txt
Mr Bean Live Action (1080p),https://amg00627-amg00627c39-samsung-gb-5569.playouts.now.amagi.tv/playlist.m3u8,,,,MrBeanLiveAction.uk@SD,,,,https://d2yv6y0n3qsl5c.cloudfront.net/MBEANP/MrBeanLiveAction-LG_LOGO_800x200.png,Comedy;Kids,,iptv-org-all.txt
MRT 2 [Geo-blocked],https://vipottbpkstream.vip.hr/Content/onevip-hls/Live/Channel(MRT_2)/index.m3u8,,,,MRT2.mk@SD,,,,https://i.imgur.com/YvOrUnN.png,Culture,,iptv-org-all.txt
MRT Sobraniski kanal [Geo-blocked],https://vipottbpkstream.vip.hr/Content/onevip-hls/Live/Channel(Sobraniski_Kanal)/index.m3u8,,,,MRTSobraniskikanal.mk@SD,,,,https://i.imgur.com/fyNQ8Nf.png,Legislative,,iptv-org-all.txt
MRTV,https://mrtvott.com/cache/MRTV-HD/master.m3u8,,,,MRTV.mm@SD,,,,https://i.imgur.com/uyv7oJH.png,General,,iptv-org-all.txt
MRTV Entertainment,https://mrtvott.com/cache/MRTV-Ent-HD/master.m3u8,,,,MRTVEntertainment.mm@SD,,,,https://i.imgur.com/c9q6oT0.png,Entertainment,,iptv-org-all.txt
MRTV Farmer,https://mrtvott.com/cache/MRTV-FARMER/master.m3u8,,,,MRTVFarmer.mm@SD,,,,https://i.imgur.com/f4PWvrW.jpg,Documentary;Lifestyle,,iptv-org-all.txt
MRTV News,https://mrtvott.com/cache/MRTV-NEWS-HD/master.m3u8,,,,MRTVNews.mm@SD,,,,https://i.imgur.com/5eK8Bc4.png,News,,iptv-org-all.txt
MRTV NRC,https://mrtvott.com/cache/MRTV-NRC-HD/master.m3u8,,,,MRTVNRC.mm@SD,,,,https://i.imgur.com/5aLFslk.jpg,Culture,,iptv-org-all.txt
MRTV Sports [Not 24/7],https://mrtvott.com/cache/MRTV-SPORT/master.m3u8,,,,MRTVSports.mm@SD,,,,https://i.imgur.com/cFTR4kC.png,Sports,,iptv-org-all.txt
MRVTV Channel 44 (720p),https://livestream.telvue.com/madrivervalleytv1/f7b44cfafd5c52223d5498196c8a2e7b.sdp/playlist.m3u8,,,,MRVTVChannel44.us@SD,,,,https://i.imgur.com/QZcENP2.png,General,,iptv-org-all.txt
MRVTV Channel 45 (720p),https://livestream.telvue.com/madrivervalleytv2/f7b44cfafd5c52223d5498196c8a2e7b.sdp/playlist.m3u8,,,,MRVTVChannel45.us@SD,,,,https://i.imgur.com/QZcENP2.png,General,,iptv-org-all.txt
MS NOW (720p),http://cdn.haititivi.com/MSNBC/index.m3u8,,,,MSNOW.us@SD,,,,https://upload.wikimedia.org/wikipedia/commons/thumb/c/c2/MS_NOW_logo.svg/960px-MS_NOW_logo.svg.png,News,,iptv-org-all.txt
MSG (720p),http://23.237.104.106:8080/USA_MSG/index.m3u8,,,,MSG.us@SD,,,,https://i.imgur.com/SEQFh0P.png,Sports,,iptv-org-all.txt
MST3K (1080p),https://mst3k-roku.amagi.tv/playlist.m3u8,,,,MST3K.us@US,,,,https://i.imgur.com/2LSdcga.png,Series,,iptv-org-all.txt
MSTV (1080p),https://reflect-mcsb-vod.cablecast.tv/live-16/live/live.m3u8,,,,MSTV.us@SD,,,,https://i.imgur.com/x0lJqSp.png,Education,,iptv-org-all.txt
MTA1 World (720p),https://chlivemta1.akamaized.net/hls/live/2008145/mta1/playlist.m3u8,,,,MTA1World.uk@SD,,,,https://i.imgur.com/bYiRfAg.png,Religious,,iptv-org-all.txt
MTA2 Europe (720p),https://chlivemta1.akamaized.net/hls/live/2008145/mta2/playlist.m3u8,,,,MTA2Europe.uk@SD,,,,https://i.imgur.com/aVts0sz.png,Religious,,iptv-org-all.txt
MTA3 Al-Arabia (1080p),https://chlivemta1.akamaized.net/hls/live/2010556/mta3alarabia/playlist.m3u8,,,,MTA3AlArabia.uk@SD,,,,https://i.imgur.com/m3PEldJ.png,Religious,,iptv-org-all.txt
MTA4 Africa (1080p),https://chlivemta.akamaized.net/hls/live/2010555/mtaafrica1/playlist.m3u8,,,,MTA4Africa.uk@SD,,,,https://i.imgur.com/lmVeQQX.png,Religious,,iptv-org-all.txt
MTA5 Africa (1080p),https://chlivemta.akamaized.net/hls/live/2010555/mtaafrica2/playlist.m3u8,,,,MTA5Africa.uk@SD,,,,https://i.imgur.com/9Cobb2i.png,Religious,,iptv-org-all.txt
MTA6 Asia (1080p),https://livemtaasia.akamaized.net/hls/live/2039224/mta6asia/playlist.m3u8,,,,MTA6Asia.uk@SD,,,,https://i.imgur.com/nhCNPJI.png,Religious,,iptv-org-all.txt
MTA7 Asia (1080p),https://livemtaasia.akamaized.net/hls/live/2039224/mtaasia2/playlist.m3u8,,,,MTA7Asia.uk@SD,,,,https://i.imgur.com/3Nl8Tpu.png,Religious,,iptv-org-all.txt
MTA8 America (1080p),https://chlivemta.akamaized.net/hls/live/2016718/mta8/playlist.m3u8,,,,MTA8America.uk@SD,,,,https://i.imgur.com/CF6X9wB.png,Religious,,iptv-org-all.txt
Mtavari Arkhi,https://live20.bozztv.com/dvrfl05/gin-mtavariarxi/index.m3u8,,,,MtavariArkhi.ge@SD,,,,https://i.imgur.com/tLtGnJW.png,General,,iptv-org-all.txt
MTC,https://mtchls.wns.live/hls/stream.m3u8,,,,MTC.us@SD,,,,https://i.imgur.com/JxoAR4j.png,Undefined,,iptv-org-all.txt
MTM [Geo-blocked],https://vipottbpkstream.vip.hr/Content/onevip-hls/Live/Channel(MTM)/index.m3u8,,,,MTM.mk@SD,,,,https://i.ibb.co/HCRZVVz/images-4.png,General,,iptv-org-all.txt
MTN (720p),http://183.110.27.87/mtnlive/720/playlist.m3u8,,,,MTN.kr@SD,,,,https://i.imgur.com/MS0lqoG.png,Undefined,,iptv-org-all.txt
MTNA TV,https://live.mtna.tv/hls/mtna/mtna.m3u8,,,,MTNATV.cl@SD,,,,https://i.imgur.com/v7SA92F.png,Religious,,iptv-org-all.txt
MTR (1080p),https://cdnsk003.panaccess.com/local/Ruzomberok/index.m3u8,,,,MTR.sk@SD,,,,https://www.mtr.sk/img/logo-mtr-0.png,General,,iptv-org-all.txt
MTRK (576p),https://tvcdn01.esilnet.kz/tv/mtrk/index.m3u8,,,,MTRK.kz@SD,,,,https://i.imgur.com/XMyRwDk.png,General,,iptv-org-all.txt
MTurk TV (1080p),https://edge1.socialsmart.tv/muglaturk/bant1/playlist.m3u8,,,,MTurkTV.tr@SD,,,,https://i.imgur.com/xj1gvrq.png,General,,iptv-org-all.txt
MTV2 (720p),http://198.58.104.90:8989/mtv2/index.m3u8,,,,MTV2.us@East,,,,https://upload.wikimedia.org/wikipedia/en/thumb/2/21/MTV2_logo_2013.svg/960px-MTV2_logo_2013.svg.png,Entertainment,,iptv-org-all.txt
MTV (Germany),https://ma.anixa.tv/clips/stream/mtv/playlist.php,,,,MTV.de@SD,,,,https://upload.wikimedia.org/wikipedia/commons/thumb/6/68/MTV_2021_%28brand_version%29.svg/960px-MTV_2021_%28brand_version%29.svg.png,Entertainment,,iptv-org-all.txt
MTV (United States) (1080p),http://23.237.104.106:8080/USA_MTV/index.m3u8,,,,MTV.us@East,,,,https://upload.wikimedia.org/wikipedia/commons/thumb/6/68/MTV_2021_%28brand_version%29.svg/960px-MTV_2021_%28brand_version%29.svg.png,Entertainment,,iptv-org-all.txt
MTV Are you the One?,https://jmp2.uk/plu-5f6108d8cc331900075e98e4.m3u8,,,,MTVAreyoutheOne.us@BR,,,,https://images.pluto.tv/channels/5f6108d8cc331900075e98e4/colorLogoPNG.png,Series,,iptv-org-all.txt
MTV Biggest Pop (1080p),https://jmp2.uk/plu-5d14fd1a252d35decbc4080c.m3u8,,,,MTVBiggestPop.us@US,,,,https://images.pluto.tv/channels/6047fbdbbb776a0007e7f2ff/colorLogoPNG.png,Music,,iptv-org-all.txt
MTV Biggest Pop BR (1080p),https://jmp2.uk/plu-6047fbdbbb776a0007e7f2ff.m3u8,,,,MTVBiggestPop.us@BR,,,,https://images.pluto.tv/channels/6047fbdbbb776a0007e7f2ff/colorLogoPNG.png,Music,,iptv-org-all.txt
MTV Biggest Pop CA (1080p),https://jmp2.uk/plu-65410176770cf1000866bf31.m3u8,,,,MTVBiggestPop.us@CA,,,,https://images.pluto.tv/channels/6047fbdbbb776a0007e7f2ff/colorLogoPNG.png,Music,,iptv-org-all.txt
MTV Biggest Pop LatAm (1080p),https://jmp2.uk/plu-6047fabfce6e8e00070bcc9f.m3u8,,,,MTVBiggestPop.us@LatAm,,,,https://images.pluto.tv/channels/6047fbdbbb776a0007e7f2ff/colorLogoPNG.png,Music,,iptv-org-all.txt
MTV Catfish (Sweden) (720p),https://jmp2.uk/plu-61780d4267bf4d00077ddd73.m3u8,,,,MTVCatfish.se@SE,,,,https://images.pluto.tv/channels/6177fe76691b2e000702c7fc/colorLogoPNG_1750864554364.png,Entertainment,,iptv-org-all.txt
MTV Catfish (Sweden) DK (720p),https://jmp2.uk/plu-6177fe76691b2e000702c7fc.m3u8,,,,MTVCatfish.se@DK,,,,https://images.pluto.tv/channels/6177fe76691b2e000702c7fc/colorLogoPNG_1750864554364.png,Entertainment,,iptv-org-all.txt
MTV Catfish (Sweden) NO,https://jmp2.uk/plu-61781a52a3638a00078fa57e.m3u8,,,,MTVCatfish.se@NO,,,,https://images.pluto.tv/channels/6177fe76691b2e000702c7fc/colorLogoPNG_1750864554364.png,Entertainment,,iptv-org-all.txt
MTV Catfish (United States),https://jmp2.uk/plu-64f8a2a23a0d700008a6ed7b.m3u8,,,,MTVCatfish.us@CA,,,,https://images.pluto.tv/channels/626c2a3502d84a0007cec817/colorLogoPNG.png,Entertainment,,iptv-org-all.txt
MTV Catfish (United States) BR (720p),https://jmp2.uk/plu-626c2a3502d84a0007cec817.m3u8,,,,MTVCatfish.us@BR,,,,https://images.pluto.tv/channels/626c2a3502d84a0007cec817/colorLogoPNG.png,Entertainment,,iptv-org-all.txt
MTV Catfish (United States) LatAm (720p),https://jmp2.uk/plu-625461ef01f27a0007976ad1.m3u8,,,,MTVCatfish.us@LatAm,,,,https://images.pluto.tv/channels/626c2a3502d84a0007cec817/colorLogoPNG.png,Entertainment,,iptv-org-all.txt
MTV Chontales (720p) [Not 24/7],https://altair.hostingnica.net/hls/mtv_stream/index.m3u8,,,,MTVChontales.ni@SD,,,,https://i.imgur.com/zgUPYdv.png,General,,iptv-org-all.txt
MTV Classic BR (720p),https://jmp2.uk/plu-66a01dcb8561260008b0a41d.m3u8,,,,MTVClassic.us@BR,,,,https://images.pluto.tv/channels/66a01dcb8561260008b0a41d/colorLogoPNG.png,Music,,iptv-org-all.txt
MTV Classic CA (720p),https://jmp2.uk/plu-654100b4bdf3cf0008aa49c7.m3u8,,,,MTVClassic.us@CA,,,,https://images.pluto.tv/channels/66a01dcb8561260008b0a41d/colorLogoPNG.png,Music,,iptv-org-all.txt
MTV Classic LatAm (720p),https://jmp2.uk/plu-66a11a21a79dea0008aa90ca.m3u8,,,,MTVClassic.us@LatAm,,,,https://images.pluto.tv/channels/66a01dcb8561260008b0a41d/colorLogoPNG.png,Music,,iptv-org-all.txt
MTV CLASSICS,https://jmp2.uk/plu-5f92b56a367e170007cd43f4.m3u8,,,,MTVCLASSICS.de@FR,,,,https://images.pluto.tv/channels/5f92b56a367e170007cd43f4/colorLogoPNG.png,Entertainment,,iptv-org-all.txt
MTV Com o Ex,https://jmp2.uk/plu-61a528267e1b8b0007357920.m3u8,,,,MTVComoEx.us@BR,,,,https://images.pluto.tv/channels/61a528267e1b8b0007357920/colorLogoPNG.png,Series,,iptv-org-all.txt
MTV Con Mi Ex,https://jmp2.uk/plu-638693db857364000781b471.m3u8,,,,MTVConMiEx.us@LatAm,,,,https://images.pluto.tv/channels/638693db857364000781b471/colorLogoPNG.png,Entertainment,,iptv-org-all.txt
