频道名,地址,回播地址,回播类型,回播天数,tvg-id,tvg-name,国家分组,语言分组,图标,原分组,分辨率,来源文件
Pluto TV Harlequin,https://jmp2.uk/plu-68c01bed508ba507f0d0dd60.m3u8,,,,PlutoTVHarlequin.se@SE,,,,https://images.pluto.tv/channels/68c01afa3efb41cd9759dafb/colorLogoPNG_1770018342774.png,Movies,,iptv-org-all.txt
Pluto TV Histoire (720p),https://jmp2.uk/plu-611e771e2f5f180007002224.m3u8,,,,PlutoTVHistoire.de@FR,,,,https://images.pluto.tv/channels/611e771e2f5f180007002224/colorLogoPNG.png,Documentary,,iptv-org-all.txt
Pluto TV Historia (720p),https://jmp2.uk/plu-61cd7b49543066000713b620.m3u8,,,,PlutoTVHistoria.de@ES,,,,https://images.pluto.tv/channels/61cd7b49543066000713b620/colorLogoPNG.png,Documentary,,iptv-org-all.txt
Pluto TV Historia,https://jmp2.uk/plu-5de5758e1a30dc00094fcd6c.m3u8,,,,PlutoTVHistoria.us@LatAm,,,,https://images.pluto.tv/channels/5f1ef1a8cec6be00072a7ac9/colorLogoPNG_1754405659295.png,Undefined,,iptv-org-all.txt
Pluto TV História,https://jmp2.uk/plu-5f1ef1a8cec6be00072a7ac9.m3u8,,,,PlutoTVHistoria.us@BR,,,,https://images.pluto.tv/channels/5f1ef1a8cec6be00072a7ac9/colorLogoPNG_1754405659295.png,Undefined,,iptv-org-all.txt
Pluto TV Historische Serien,https://jmp2.uk/plu-68ada3395190a45dc9c445cf.m3u8,,,,PlutoTVHistorischeSerien.de@DACH,,,,https://images.pluto.tv/channels/68ada3395190a45dc9c445cf/colorLogoPNG_1760957063422.png,Series,,iptv-org-all.txt
Pluto TV History,https://jmp2.uk/plu-5d767b1c126c65d0a307355f.m3u8,,,,PlutoTVHistory.de@DACH,,,,https://images.pluto.tv/channels/5d767b1c126c65d0a307355f/colorLogoPNG.png,Documentary,,iptv-org-all.txt
Pluto TV History,https://jmp2.uk/plu-5d4af1803e7983b391d73b13.m3u8,,,,PlutoTVHistory.de@GB,,,,https://images.pluto.tv/channels/5d767b1c126c65d0a307355f/colorLogoPNG.png,Documentary,,iptv-org-all.txt
Pluto TV History,https://jmp2.uk/plu-5a4d35dfa5c02e717a234f86.m3u8,,,,PlutoTVHistory.us@US,,,,https://i.imgur.com/XkQD5kM.png,Documentary,,iptv-org-all.txt
Pluto TV Hometown Drama,https://jmp2.uk/plu-69d6c7befde57cd5ba0160c3.m3u8,,,,PlutoTVHometownDrama.us@SD,,,,https://images.pluto.tv/channels/69d6c7befde57cd5ba0160c3/colorLogoPNG_1777488284970.png,Series,,iptv-org-all.txt
Pluto TV Horror,https://jmp2.uk/plu-62f4f4b88157cf00075c22db.m3u8,,,,PlutoTVHorror.de@DACH,,,,https://images.pluto.tv/channels/62f4f4b88157cf00075c22db/colorLogoPNG.png,Movies;Series,,iptv-org-all.txt
Pluto TV Horror,https://jmp2.uk/plu-6267d4d1fb694f0007a6af0e.m3u8,,,,PlutoTVHorror.de@ES,,,,https://images.pluto.tv/channels/62f4f4b88157cf00075c22db/colorLogoPNG.png,Movies;Series,,iptv-org-all.txt
Pluto TV Horror,https://jmp2.uk/plu-612cda102f5f18000705e0bf.m3u8,,,,PlutoTVHorror.de@GB,,,,https://images.pluto.tv/channels/62f4f4b88157cf00075c22db/colorLogoPNG.png,Movies;Series,,iptv-org-all.txt
Pluto TV Horror,https://jmp2.uk/plu-61c09e3ac210ed0007606620.m3u8,,,,PlutoTVHorror.de@IT,,,,https://images.pluto.tv/channels/62f4f4b88157cf00075c22db/colorLogoPNG.png,Movies;Series,,iptv-org-all.txt
Pluto TV Horror,https://jmp2.uk/plu-63a1c9790cc44a0007dc8857.m3u8,,,,PlutoTVHorror.se@DK,,,,https://images.pluto.tv/channels/63a1c9790cc44a0007dc8857/colorLogoPNG.png,Movies;Series,,iptv-org-all.txt
Pluto TV Horror,https://jmp2.uk/plu-63a19cb7847a090007f230d7.m3u8,,,,PlutoTVHorror.se@NO,,,,https://images.pluto.tv/channels/63a1c9790cc44a0007dc8857/colorLogoPNG.png,Movies;Series,,iptv-org-all.txt
Pluto TV Horror,https://jmp2.uk/plu-63a19e1b9ab2df0007bef7a7.m3u8,,,,PlutoTVHorror.se@SE,,,,https://images.pluto.tv/channels/63a1c9790cc44a0007dc8857/colorLogoPNG.png,Movies;Series,,iptv-org-all.txt
Pluto TV Horror,https://jmp2.uk/plu-62ea3f8a38acc80007072d26.m3u8,,,,PlutoTVHorror.us@CA,,,,https://images.pluto.tv/channels/569546031a619b8f07ce6e25/colorLogoPNG.png,Movies;Series,,iptv-org-all.txt
Pluto TV Horror,https://jmp2.uk/plu-569546031a619b8f07ce6e25.m3u8,,,,PlutoTVHorror.us@US,,,,https://images.pluto.tv/channels/569546031a619b8f07ce6e25/colorLogoPNG.png,Movies;Series,,iptv-org-all.txt
Pluto TV Horror-Serien,https://jmp2.uk/plu-67ff7d9c7fc25e0e72451bc9.m3u8,,,,PlutoTVHorrorSerien.de@DACH,,,,https://images.pluto.tv/channels/67ff7d9c7fc25e0e72451bc9/colorLogoPNG_1749796239058.png,Series,,iptv-org-all.txt
Pluto TV Humor,https://jmp2.uk/plu-61c0974945b45d0007aaa5ac.m3u8,,,,PlutoTVHumor.se@DK,,,,https://images.pluto.tv/channels/61c0974945b45d0007aaa5ac/colorLogoPNG.png,Comedy;Movies,,iptv-org-all.txt
Pluto TV Humor,https://jmp2.uk/plu-5e8397936791b30007ebb5a7.m3u8,,,,PlutoTVHumor.us@LatAm,,,,https://images.pluto.tv/channels/5e8397936791b30007ebb5a7/colorLogoPNG.png,Undefined,,iptv-org-all.txt
Pluto TV Icons,https://jmp2.uk/plu-64b585f84ea480000838e446.m3u8,,,,PlutoTVIcons.us@SD,,,,https://images.pluto.tv/channels/64b585f84ea480000838e446/colorLogoPNG.png,Movies,,iptv-org-all.txt
Pluto TV Impacto,https://jmp2.uk/plu-68adc697116b783a33f99e6c.m3u8,,,,PlutoTVImpacto.de@ES,,,,https://images.pluto.tv/channels/68adc697116b783a33f99e6c/colorLogoPNG_1760448745473.png,Entertainment,,iptv-org-all.txt
Pluto TV Inside,https://jmp2.uk/plu-5f8ed3892ed7bb000741a1d2.m3u8,,,,PlutoTVInside.de@FR,,,,https://images.pluto.tv/channels/5f8ed3892ed7bb000741a1d2/colorLogoPNG.png,Entertainment,,iptv-org-all.txt
Pluto TV Invasión Alien,https://jmp2.uk/plu-654a35ce346f420008d5c36e.m3u8,,,,PlutoTVInvasionAlien.de@ES,,,,https://images.pluto.tv/channels/654a35ce346f420008d5c36e/colorLogoPNG.png,Movies,,iptv-org-all.txt
Pluto TV Investiga,https://jmp2.uk/plu-5dcde27ffae9520009c0c75a.m3u8,,,,Investiga.us@LatAm,,,,https://images.pluto.tv/channels/5cf96b8f4f1ca3f0629f4bf1/colorLogoPNG.png,Series,,iptv-org-all.txt
Pluto TV Investigação,https://jmp2.uk/plu-5f32cf37c9ff2b00082adbc8.m3u8,,,,PlutoTVInvestigacao.us@BR,,,,https://i.imgur.com/JlQq0YJ.png,Documentary,,iptv-org-all.txt
Pluto TV Investigation,https://jmp2.uk/plu-63808dc806aa4700075f319a.m3u8,,,,PlutoTVInvestigation.de@GB,,,,https://images.pluto.tv/channels/63808dc806aa4700075f319a/colorLogoPNG.png,Series,,iptv-org-all.txt
Pluto TV John Wayne,https://jmp2.uk/plu-655ca7aa635c3c000855d655.m3u8,,,,PlutoTVJohnWayne.se@DK,,,,https://images.pluto.tv/channels/655ca7aa635c3c000855d655/colorLogoPNG.png,Movies,,iptv-org-all.txt
Pluto TV John Wayne,https://jmp2.uk/plu-655ca99dfbc15b00081f209c.m3u8,,,,PlutoTVJohnWayne.se@NO,,,,https://images.pluto.tv/channels/655ca7aa635c3c000855d655/colorLogoPNG.png,Movies,,iptv-org-all.txt
Pluto TV John Wayne,https://jmp2.uk/plu-655caaaac0fc8800086f5d99.m3u8,,,,PlutoTVJohnWayne.se@SE,,,,https://images.pluto.tv/channels/655ca7aa635c3c000855d655/colorLogoPNG.png,Movies,,iptv-org-all.txt
Pluto TV Junior (720p),https://jmp2.uk/plu-5f1aa9bcd8160700076d45d1.m3u8,,,,PlutoTVJunior.de@ES,,,,https://images.pluto.tv/channels/5f1aa9bcd8160700076d45d1/colorLogoPNG_1747402544424.png,Kids,,iptv-org-all.txt
Pluto TV Junior (720p),https://jmp2.uk/plu-5f8ecb336537e8000764a17f.m3u8,,,,PlutoTVJunior.de@FR,,,,https://images.pluto.tv/channels/5f1aa9bcd8160700076d45d1/colorLogoPNG_1747402544424.png,Kids,,iptv-org-all.txt
Pluto TV Junior,https://jmp2.uk/plu-5f12141b146d760007934ea7.m3u8,,,,PlutoTVJunior.us@BR,,,,https://images.pluto.tv/channels/5f12141b146d760007934ea7/colorLogoPNG.png,Kids,,iptv-org-all.txt
Pluto TV Junior,https://jmp2.uk/plu-5dcde2ac4bc6c500094ab45b.m3u8,,,,PlutoTVJunior.us@LatAm,,,,https://images.pluto.tv/channels/5f12141b146d760007934ea7/colorLogoPNG.png,Kids,,iptv-org-all.txt
Pluto TV Juniorklubben (720p),https://jmp2.uk/plu-61c09a78bd194c0008decc28.m3u8,,,,PlutoTVJuniorklubben.se@DK,,,,https://images.pluto.tv/channels/61c09a78bd194c0008decc28/colorLogoPNG_1748329348443.png,Kids,,iptv-org-all.txt
Pluto TV Juniorklubben (720p),https://jmp2.uk/plu-61c1d459fbb4b50007d24647.m3u8,,,,PlutoTVJuniorklubben.se@NO,,,,https://images.pluto.tv/channels/61c09a78bd194c0008decc28/colorLogoPNG_1748329348443.png,Kids,,iptv-org-all.txt
Pluto TV Juniorklubben (720p),https://jmp2.uk/plu-61c0b7eb8929e40007ff5125.m3u8,,,,PlutoTVJuniorklubben.se@SE,,,,https://images.pluto.tv/channels/61c09a78bd194c0008decc28/colorLogoPNG_1748329348443.png,Kids,,iptv-org-all.txt
Pluto TV K-Drama,https://jmp2.uk/plu-6475bfec536e0c0008858e9f.m3u8,,,,PlutoTVKDrama.de@ES,,,,https://images.pluto.tv/channels/6475bfec536e0c0008858e9f/colorLogoPNG.png,Series,,iptv-org-all.txt
Pluto TV Karaokê por Stingray (720p),https://jmp2.uk/plu-604b99d633a72b00078e05ad.m3u8,,,,PlutoTVKaraokeporStingray.us@BR,,,,https://images.pluto.tv/channels/5f85cf621d6d2200079f1de0/colorLogoPNG.png,Music,,iptv-org-all.txt
Pluto TV KFOOD,https://jmp2.uk/plu-633ee9ba83c08f00076b60a6.m3u8,,,,PlutoTVKFOOD.us@BR,,,,https://images.pluto.tv/channels/633ee9ba83c08f00076b60a6/colorLogoPNG.png,Cooking;Lifestyle,,iptv-org-all.txt
Pluto TV Kids,https://jmp2.uk/plu-5ad8d54be738977e2c310940.m3u8,,,,PlutoTVKids.de@GB,,,,https://images.pluto.tv/channels/5f1aab1d29b39600073e243f/colorLogoPNG_1750751398943.png,Kids,,iptv-org-all.txt
Pluto TV Kids,https://jmp2.uk/plu-5f1214a637c6fd00079c652f.m3u8,,,,PlutoTVKids.us@BR,,,,https://images.pluto.tv/channels/5f1214a637c6fd00079c652f/colorLogoPNG.png,Kids,,iptv-org-all.txt
Pluto TV Kids,https://jmp2.uk/plu-5dd6dae8ce788b0009eaf77b.m3u8,,,,PlutoTVKids.us@LatAm,,,,https://images.pluto.tv/channels/5f1214a637c6fd00079c652f/colorLogoPNG.png,Kids,,iptv-org-all.txt
Pluto TV Kids Classics (720p),https://jmp2.uk/plu-609e7e423e9173000706a681.m3u8,,,,PlutoTVKidsClassics.de@ES,,,,https://images.pluto.tv/channels/609e7e423e9173000706a681/colorLogoPNG_1750147033956.png,Kids,,iptv-org-all.txt
Pluto TV Kids Classics (720p),https://jmp2.uk/plu-654a58dbf9cc82000868f0fb.m3u8,,,,PlutoTVKidsClassics.de@FR,,,,https://images.pluto.tv/channels/609e7e423e9173000706a681/colorLogoPNG_1750147033956.png,Kids,,iptv-org-all.txt
Pluto TV Kids Club,https://jmp2.uk/plu-611e6ddc7fcd580007d1eb5f.m3u8,,,,PlutoTVKidsClub.de@FR,,,,https://images.pluto.tv/channels/611e6ddc7fcd580007d1eb5f/colorLogoPNG_1748852055317.png,Kids,,iptv-org-all.txt
Pluto TV Kids Club,https://jmp2.uk/plu-66c8cae7fed35b0008580ec0.m3u8,,,,PlutoTVKidsClub.us@BR,,,,https://images.pluto.tv/channels/66c8cae7fed35b0008580ec0/colorLogoPNG.png,Kids,,iptv-org-all.txt
Pluto TV Kids Spain (720p),https://jmp2.uk/plu-5f1aab1d29b39600073e243f.m3u8,,,,PlutoTVKids.de@ES,,,,https://images.pluto.tv/channels/5f1aab1d29b39600073e243f/colorLogoPNG_1750751398943.png,Kids,,iptv-org-all.txt
Pluto TV Klassiske tegnefilm (720p),https://jmp2.uk/plu-67f508992ebe80e2929b5c98.m3u8,,,,PlutoTVKlassisketegnefilm.se@DK,,,,https://images.pluto.tv/channels/67f508992ebe80e2929b5c98/colorLogoPNG_1748955041610.png,Kids,,iptv-org-all.txt
Pluto TV Klassiske tegnefilmer (720p),https://jmp2.uk/plu-67f508f68ddd60c57dc44766.m3u8,,,,PlutoTVKlassisketegnefilmer.se@NO,,,,https://images.pluto.tv/channels/67f508f68ddd60c57dc44766/colorLogoPNG_1748955225113.png,Kids,,iptv-org-all.txt
Pluto TV Komedi,https://jmp2.uk/plu-61c0b36d18447e000717d686.m3u8,,,,PlutoTVKomedi.se@SE,,,,https://images.pluto.tv/channels/61c0b36d18447e000717d686/colorLogoPNG.png,Comedy;Movies,,iptv-org-all.txt
Pluto TV Komedie,https://jmp2.uk/plu-61c1e3a679a4390007c78136.m3u8,,,,PlutoTVKomedie.se@NO,,,,https://images.pluto.tv/channels/61c1e3a679a4390007c78136/colorLogoPNG.png,Comedy;Movies,,iptv-org-all.txt
Pluto TV Kult Comedies,https://jmp2.uk/plu-66337de656fc840008ff7a65.m3u8,,,,PlutoTVKultComedies.de@DACH,,,,https://images.pluto.tv/channels/66337de656fc840008ff7a65/colorLogoPNG.png,Comedy;Movies,,iptv-org-all.txt
Pluto TV Kultfilm,https://jmp2.uk/plu-63dbe7ed51f5d000083e9499.m3u8,,,,PlutoTVKultfilm.se@DK,,,,https://images.pluto.tv/channels/63dbe7ed51f5d000083e9499/colorLogoPNG.png,Movies,,iptv-org-all.txt
Pluto TV Kultfilme,https://jmp2.uk/plu-5dde47b63585b500099f74ec.m3u8,,,,PlutoTVKultfilme.de@DACH,,,,https://images.pluto.tv/channels/5dde47b63585b500099f74ec/colorLogoPNG.png,Movies,,iptv-org-all.txt
Pluto TV Kultfilmer,https://jmp2.uk/plu-63dbe80f60bc8f0008aa7c78.m3u8,,,,PlutoTVKultfilmer.se@NO,,,,https://images.pluto.tv/channels/63dbe80f60bc8f0008aa7c78/colorLogoPNG.png,Movies,,iptv-org-all.txt
Pluto TV Kultfilmer,https://jmp2.uk/plu-63dbe8c8a9957100087798a3.m3u8,,,,PlutoTVKultfilmer.se@SE,,,,https://images.pluto.tv/channels/63dbe80f60bc8f0008aa7c78/colorLogoPNG.png,Movies,,iptv-org-all.txt
Pluto TV Laughs in Spanish,https://jmp2.uk/plu-69a554179a3f3bb488c7d2be.m3u8,,,,PlutoTVLaughsinSpanish.de@DACH,,,,https://images.pluto.tv/channels/69a554179a3f3bb488c7d2be/colorLogoPNG_1774964411015.png,Comedy,,iptv-org-all.txt
Pluto TV Legami Letali,https://jmp2.uk/plu-64808a8c536e0c0008a276d1.m3u8,,,,PlutoTVLegamiLetali.de@IT,,,,https://images.pluto.tv/channels/64808a8c536e0c0008a276d1/colorLogoPNG_1747395859514.png,Movies,,iptv-org-all.txt
Pluto TV Lives,https://jmp2.uk/plu-5d8beeb39b5d5d5f8c672530.m3u8,,,,PlutoTVLives.us@US,,,,https://i.imgur.com/laupYwG.png,Series,,iptv-org-all.txt
Pluto TV Mi Obsesión Favorita,https://jmp2.uk/plu-6109ab25b84d6a0007504886.m3u8,,,,PlutoTVMiObsesionFavorita.us@LatAm,,,,https://images.pluto.tv/channels/6109ab25b84d6a0007504886/colorLogoPNG.png,Documentary,,iptv-org-all.txt
Pluto TV Military,https://jmp2.uk/plu-5bb3fea0f711fd76340eebff.m3u8,,,,PlutoTVMilitary.us@SD,,,,https://i.imgur.com/O8VXZB4.png,Series,,iptv-org-all.txt
Pluto TV Minha Obsessão Favorita,https://jmp2.uk/plu-61843f5e491af10007f7eefa.m3u8,,,,PlutoTVMinhaObsessaoFavorita.us@BR,,,,https://images.pluto.tv/channels/61843f5e491af10007f7eefa/colorLogoPNG.png,Education,,iptv-org-all.txt
Pluto TV Misterios,https://jmp2.uk/plu-5dcde2f53449c50009b2b4dc.m3u8,,,,PlutoTVMisterios.us@LatAm,,,,https://images.pluto.tv/channels/5fac52f142044f00078e2a51/colorLogoPNG.png,Education,,iptv-org-all.txt
Pluto TV Mistérios,https://jmp2.uk/plu-5fac52f142044f00078e2a51.m3u8,,,,PlutoTVMisterios.us@BR,,,,https://images.pluto.tv/channels/5fac52f142044f00078e2a51/colorLogoPNG.png,Education,,iptv-org-all.txt
Pluto TV Motor,https://jmp2.uk/plu-6080345ebb49b90007ce0baf.m3u8,,,,PlutoTVMotor.de@ES,,,,https://images.pluto.tv/channels/6080345ebb49b90007ce0baf/colorLogoPNG.png,Auto,,iptv-org-all.txt
Pluto TV Motor,https://jmp2.uk/plu-68ac51dede4a734954b5a67a.m3u8,,,,PlutoTVMotor.se@DK,,,,https://images.pluto.tv/channels/68ac51dede4a734954b5a67a/colorLogoPNG_1761126157471.png,Auto,,iptv-org-all.txt
Pluto TV Motor,https://jmp2.uk/plu-68ac52b05190a45dc990ee39.m3u8,,,,PlutoTVMotor.se@NO,,,,https://images.pluto.tv/channels/68ac51dede4a734954b5a67a/colorLogoPNG_1761126157471.png,Auto,,iptv-org-all.txt
Pluto TV Motor,https://jmp2.uk/plu-68ac52fac9b5923e0585578b.m3u8,,,,PlutoTVMotor.se@SE,,,,https://images.pluto.tv/channels/68ac51dede4a734954b5a67a/colorLogoPNG_1761126157471.png,Auto,,iptv-org-all.txt
Pluto TV Movies,https://jmp2.uk/plu-5c5c3b948002db3c3e0b262e.m3u8,,,,PlutoTVMovies.de@DACH,,,,https://images.pluto.tv/channels/5c5c3b948002db3c3e0b262e/colorLogoPNG.png,Movies,,iptv-org-all.txt
Pluto TV Movies,https://jmp2.uk/plu-5ad8d3a31b95267e225e4e09.m3u8,,,,PlutoTVMovies.de@GB,,,,https://images.pluto.tv/channels/5c5c3b948002db3c3e0b262e/colorLogoPNG.png,Movies,,iptv-org-all.txt
Pluto TV MTV Classic (720p),https://jmp2.uk/plu-66a01dcb8561260008b0a41d.m3u8,,,,MTVClassic.us@BR,,,,https://images.pluto.tv/channels/66a01dcb8561260008b0a41d/colorLogoPNG.png,Music,,iptv-org-all.txt
Pluto TV MTV Classic (720p),https://jmp2.uk/plu-654100b4bdf3cf0008aa49c7.m3u8,,,,MTVClassic.us@CA,,,,https://images.pluto.tv/channels/66a01dcb8561260008b0a41d/colorLogoPNG.png,Music,,iptv-org-all.txt
Pluto TV MTV Classic (720p),https://jmp2.uk/plu-66a11a21a79dea0008aa90ca.m3u8,,,,MTVClassic.us@LatAm,,,,https://images.pluto.tv/channels/66a01dcb8561260008b0a41d/colorLogoPNG.png,Music,,iptv-org-all.txt
Pluto TV Mystery,https://jmp2.uk/plu-617aad99b68ef100072608cd.m3u8,,,,PlutoTVMystery.de@DACH,,,,https://images.pluto.tv/channels/617aad99b68ef100072608cd/colorLogoPNG.png,Documentary,,iptv-org-all.txt
Pluto TV Natura,https://jmp2.uk/plu-60802b37709d6b0007b0c549.m3u8,,,,PlutoTVNatura.de@IT,,,,https://images.pluto.tv/channels/60802b37709d6b0007b0c549/colorLogoPNG_1773147389391.png,Documentary,,iptv-org-all.txt
Pluto TV Naturaleza,https://jmp2.uk/plu-5dd85eac039bba0009e86d1d.m3u8,,,,PlutoTVNaturaleza.us@LatAm,,,,https://images.pluto.tv/channels/5dd85eac039bba0009e86d1d/colorLogoPNG.png,Documentary;Outdoor,,iptv-org-all.txt
Pluto TV Nature,https://jmp2.uk/plu-5be1c3f9851dd5632e2c91b2.m3u8,,,,PlutoTVNature.de@DACH,,,,https://images.pluto.tv/channels/5be1c3f9851dd5632e2c91b2/colorLogoPNG.png,Documentary,,iptv-org-all.txt
Pluto TV Natureza,https://jmp2.uk/plu-5f1213ba0ecebc00070e170f.m3u8,,,,PlutoTVNatureza.us@BR,,,,https://images.pluto.tv/channels/5f1213ba0ecebc00070e170f/colorLogoPNG.png,Education,,iptv-org-all.txt
Pluto TV Negócio Fechado,https://jmp2.uk/plu-64ad7394798def00087b2bfe.m3u8,,,,PlutoTVNegocioFechado.us@BR,,,,https://images.pluto.tv/channels/64ad7394798def00087b2bfe/colorLogoPNG.png,Documentary,,iptv-org-all.txt
Pluto TV Netmovies,https://jmp2.uk/plu-663b9de4f999220008230fa8.m3u8,,,,PlutoTVNetmovies.us@BR,,,,https://images.pluto.tv/channels/663b9de4f999220008230fa8/colorLogoPNG.png,Movies,,iptv-org-all.txt
Pluto TV Nordic Crime,https://jmp2.uk/plu-67d984408d8dc3d7754dccf2.m3u8,,,,PlutoTVNordicCrime.de@DACH,,,,https://images.pluto.tv/channels/67d984408d8dc3d7754dccf2/colorLogoPNG_1746817551952.png,Series,,iptv-org-all.txt
Pluto TV Notti di Passione,https://jmp2.uk/plu-6911c9704316999535eb21cf.m3u8,,,,PlutoTVNottidiPassione.de@IT,,,,https://images.pluto.tv/channels/6911c9704316999535eb21cf/colorLogoPNG_1766041294522.png,Movies,,iptv-org-all.txt
Pluto TV Notti di Sangue,https://jmp2.uk/plu-6911c92b4316999535eb1e08.m3u8,,,,PlutoTVNottidiSangue.de@IT,,,,https://images.pluto.tv/channels/6911c92b4316999535eb1e08/colorLogoPNG_1766041125862.png,Movies,,iptv-org-all.txt
Pluto TV Notti di Terrore,https://jmp2.uk/plu-6911c8dd8caba6f046c5c5d5.m3u8,,,,PlutoTVNottidiTerrore.de@IT,,,,https://images.pluto.tv/channels/6911c8dd8caba6f046c5c5d5/colorLogoPNG_1766041208757.png,Movies,,iptv-org-all.txt
Pluto TV Novelas,https://jmp2.uk/plu-5f512365abe1f50007d3ff56.m3u8,,,,PlutoTVNovelas.us@BR,,,,https://images.pluto.tv/channels/5f512365abe1f50007d3ff56/colorLogoPNG.png,Series,,iptv-org-all.txt
Pluto TV Novelas,https://jmp2.uk/plu-5dcde0cc2efd2700090b7ff4.m3u8,,,,PlutoTVNovelas.us@LatAm,,,,https://images.pluto.tv/channels/5f512365abe1f50007d3ff56/colorLogoPNG.png,Series,,iptv-org-all.txt
Pluto TV Novelas,https://jmp2.uk/plu-5cf96c0222df39f1a338d163.m3u8,,,,PlutoTVNovelas.us@US,,,,https://images.pluto.tv/channels/5f512365abe1f50007d3ff56/colorLogoPNG.png,Series,,iptv-org-all.txt
Pluto TV Novelas de México,https://jmp2.uk/plu-6474a7958e3c0a0008b97cae.m3u8,,,,PlutoTVNovelasdeMexico.us@LatAm,,,,https://images.pluto.tv/channels/6474a7958e3c0a0008b97cae/colorLogoPNG_1765475296297.png,Series,,iptv-org-all.txt
Pluto TV Novelas de Otros Continentes,https://jmp2.uk/plu-686eed4c677f2f98b4a1ccd4.m3u8,,,,PlutoTVNovelasdeOtrosContinentes.us@LatAm,,,,https://images.pluto.tv/channels/686eed4c677f2f98b4a1ccd4/colorLogoPNG_1765466599084.png,Series,,iptv-org-all.txt
Pluto TV Novelas de Venezuela,https://jmp2.uk/plu-6474a86917f5e100089a0c1c.m3u8,,,,PlutoTVNovelasdeVenezuela.us@LatAm,,,,https://images.pluto.tv/channels/6474a86917f5e100089a0c1c/colorLogoPNG_1765471713312.png,Series,,iptv-org-all.txt
Pluto TV Nuestro Cine,https://jmp2.uk/plu-5defde6d6c07b50009cf0757.m3u8,,,,PlutoTVNuestroCine.us@LatAm,,,,https://images.pluto.tv/channels/5defde6d6c07b50009cf0757/colorLogoPNG.png,Movies,,iptv-org-all.txt
Pluto TV Overnaturlig,https://jmp2.uk/plu-61c1e74354d923000731bf7c.m3u8,,,,PlutoTVOvernaturlig.se@NO,,,,https://images.pluto.tv/channels/61c1e74354d923000731bf7c/colorLogoPNG.png,Series,,iptv-org-all.txt
Pluto TV Paisagens por Stingray (720p),https://jmp2.uk/plu-604a8dedbca75b0007b1c753.m3u8,,,,PlutoTVPaisagensporStingray.us@BR,,,,https://images.pluto.tv/channels/604a8dedbca75b0007b1c753/colorLogoPNG.png,Education,,iptv-org-all.txt
Pluto TV Paranormal,https://jmp2.uk/plu-5f98487036af340008da1e37.m3u8,,,,PlutoTVParanormal.de@DACH,,,,https://images.pluto.tv/channels/5f98487036af340008da1e37/colorLogoPNG.png,Movies,,iptv-org-all.txt
Pluto TV Paranormal,https://jmp2.uk/plu-612ce5214bb5790007ad3016.m3u8,,,,PlutoTVParanormal.de@ES,,,,https://images.pluto.tv/channels/5f98487036af340008da1e37/colorLogoPNG.png,Movies,,iptv-org-all.txt
Pluto TV Paranormal,https://jmp2.uk/plu-5f8ed9461b35690007a0bc3a.m3u8,,,,PlutoTVParanormal.de@FR,,,,https://images.pluto.tv/channels/5f98487036af340008da1e37/colorLogoPNG.png,Movies,,iptv-org-all.txt
Pluto TV Paranormal,https://jmp2.uk/plu-5d4af2ffa9506ab29cf38c38.m3u8,,,,PlutoTVParanormal.de@GB,,,,https://images.pluto.tv/channels/5f98487036af340008da1e37/colorLogoPNG.png,Movies,,iptv-org-all.txt
Pluto TV Paranormal,https://jmp2.uk/plu-66c70033b1a34600087bb09a.m3u8,,,,PlutoTVParanormal.de@IT,,,,https://images.pluto.tv/channels/5f98487036af340008da1e37/colorLogoPNG.png,Movies,,iptv-org-all.txt
Pluto TV Paranormal,https://jmp2.uk/plu-62b30beb81f89900071fc7b9.m3u8,,,,PlutoTVParanormal.se@DK,,,,https://images.pluto.tv/channels/62b30beb81f89900071fc7b9/colorLogoPNG.png,Movies,,iptv-org-all.txt
Pluto TV Paranormal,https://jmp2.uk/plu-62b1e4189f5db20007ff03be.m3u8,,,,PlutoTVParanormal.se@SE,,,,https://images.pluto.tv/channels/62b30beb81f89900071fc7b9/colorLogoPNG.png,Movies,,iptv-org-all.txt
Pluto TV Paranormal,https://jmp2.uk/plu-62e92a58f3e4290007290c96.m3u8,,,,PlutoTVParanormal.us@CA,,,,https://images.pluto.tv/channels/62e92a58f3e4290007290c96/colorLogoPNG.png,Documentary,,iptv-org-all.txt
Pluto TV Paranormal,https://jmp2.uk/plu-5adf96e3e738977e2c31cb04.m3u8,,,,PlutoTVParanormal.us@US,,,,https://images.pluto.tv/channels/62e92a58f3e4290007290c96/colorLogoPNG.png,Documentary,,iptv-org-all.txt
Pluto TV Peleas,https://jmp2.uk/plu-5e98b0447665f200078caded.m3u8,,,,PlutoTVPeleas.us@LatAm,,,,https://images.pluto.tv/channels/5e98b0447665f200078caded/colorLogoPNG.png,Undefined,,iptv-org-all.txt
Pluto TV PetrolHeads,https://jmp2.uk/plu-65a7b0814a10d800085ff2df.m3u8,,,,PlutoTVPetrolHeads.de@GB,,,,https://images.pluto.tv/channels/65a7b0814a10d800085ff2df/colorLogoPNG.png,Documentary,,iptv-org-all.txt
Pluto TV Polar,https://jmp2.uk/plu-5f8ed4dbf6bb0800071ffbcb.m3u8,,,,PlutoTVPolar.de@FR,,,,https://images.pluto.tv/channels/5f8ed4dbf6bb0800071ffbcb/colorLogoPNG.png,Series,,iptv-org-all.txt
Pluto TV Policial,https://jmp2.uk/plu-678fdf9e3de7c8cf948e8824.m3u8,,,,PlutoTVPolicial.us@BR,,,,https://images.pluto.tv/channels/678fdf9e3de7c8cf948e8824/colorLogoPNG.png,Documentary,,iptv-org-all.txt
Pluto TV Polizeiserien,https://jmp2.uk/plu-64be64445dc166000899ce75.m3u8,,,,PlutoTVPolizeiserien.de@DACH,,,,https://images.pluto.tv/channels/64be64445dc166000899ce75/colorLogoPNG_1753350668041.png,Series,,iptv-org-all.txt
Pluto TV Pride,https://jmp2.uk/plu-69fa3faab9c0f0d444e64de3.m3u8,,,,PlutoTVReality.us@US,,,,https://images.pluto.tv/channels/67922858b83355184c699699/colorLogoPNG.png,Entertainment,,iptv-org-all.txt
Pluto TV Psycho,https://jmp2.uk/plu-65ce480a78df2200131c597b.m3u8,,,,PlutoTVPsycho.de@ES,,,,https://images.pluto.tv/channels/65ce480a78df2200131c597b/colorLogoPNG.png,Movies,,iptv-org-all.txt
Pluto TV Reaction,https://jmp2.uk/plu-617b37b361e0fd0008cfd8c5.m3u8,,,,PlutoTVReaction.us@SD,,,,https://i.imgur.com/H9k3OXN.png,Movies,,iptv-org-all.txt
Pluto TV Real Life,https://jmp2.uk/plu-60801976f92a750007a0699c.m3u8,,,,PlutoTVRealLife.de@IT,,,,https://images.pluto.tv/channels/60801976f92a750007a0699c/colorLogoPNG_1775123848385.png,Lifestyle,,iptv-org-all.txt
Pluto TV Reality,https://jmp2.uk/plu-6092544e7639460007d4835e.m3u8,,,,PlutoTVReality.de@FR,,,,https://images.pluto.tv/channels/67ebc1b6432a0e406f141341/colorLogoPNG.png,Entertainment,,iptv-org-all.txt
Pluto TV Reality,https://jmp2.uk/plu-5bd8186d53ed2c6334ea0855.m3u8,,,,PlutoTVReality.de@GB,,,,https://images.pluto.tv/channels/67ebc1b6432a0e406f141341/colorLogoPNG.png,Entertainment,,iptv-org-all.txt
Pluto TV Reality,https://jmp2.uk/plu-67922858b83355184c699699.m3u8,,,,PlutoTVReality.us@CA,,,,https://images.pluto.tv/channels/67922858b83355184c699699/colorLogoPNG.png,Entertainment,,iptv-org-all.txt
Pluto TV Reality,https://jmp2.uk/plu-5dcde197f6591d0009839e04.m3u8,,,,PlutoTVReality.us@LatAm,,,,https://images.pluto.tv/channels/67922858b83355184c699699/colorLogoPNG.png,Entertainment,,iptv-org-all.txt
Pluto TV Record News (720p),https://jmp2.uk/plu-6102e04e9ab1db0007a980a1.m3u8,,,,PlutoTVRecordNews.us@BR,,,,https://images.pluto.tv/channels/6102e04e9ab1db0007a980a1/colorLogoPNG.png,News,,iptv-org-all.txt
Pluto TV Reportagen,https://jmp2.uk/plu-68ada3edf84960586ad31c7d.m3u8,,,,PlutoTVReportagen.de@DACH,,,,https://images.pluto.tv/channels/68ada3edf84960586ad31c7d/colorLogoPNG_1760078189640.png,Documentary,,iptv-org-all.txt
Pluto TV Retrô,https://jmp2.uk/plu-5f1212ad1728050007a523b8.m3u8,,,,PlutoTVRetro.us@BR,,,,https://i.imgur.com/wztO3GM.png,Entertainment,,iptv-org-all.txt
Pluto TV Retro Action Movies,https://jmp2.uk/plu-69a9ae4d3bd16a4ed04240d7.m3u8,,,,PlutoTVRetroActionMovies.us@CA,,,,https://images.pluto.tv/channels/69a9ae4d3bd16a4ed04240d7/colorLogoPNG_1774879695281.png,Classic;Movies,,iptv-org-all.txt
Pluto TV Retro Crime Action,https://jmp2.uk/plu-69aee8a1acb7eb0bb68df641.m3u8,,,,PlutoTVRetroCrimeAction.us@CA,,,,https://images.pluto.tv/channels/69aee8a1acb7eb0bb68df641/colorLogoPNG_1774899454178.png,Classic,,iptv-org-all.txt
Pluto TV Retro Crime Drama,https://jmp2.uk/plu-630f1e6073bd1800082107f0.m3u8,,,,PlutoTVRetroCrimeDrama.us@CA,,,,https://images.pluto.tv/channels/630f1e6073bd1800082107f0/colorLogoPNG.png,Classic,,iptv-org-all.txt
Pluto TV Retro Kid,https://jmp2.uk/plu-6408b41b83f58900081d91ad.m3u8,,,,PlutoTVRetroKid.us@CA,,,,https://images.pluto.tv/channels/6408b41b83f58900081d91ad/colorLogoPNG.png,Kids,,iptv-org-all.txt
Pluto TV Retro Toons,https://jmp2.uk/plu-611e6a9b4bb5790007a6f0f8.m3u8,,,,PlutoTVRetroToons.de@FR,,,,https://images.pluto.tv/channels/611e6a9b4bb5790007a6f0f8/colorLogoPNG.png,Animation;Kids,,iptv-org-all.txt
Pluto TV Retro Toons,https://jmp2.uk/plu-5c5c2b9d8002db3c3e0b1c6d.m3u8,,,,PlutoTVRetroToons.de@GB,,,,https://images.pluto.tv/channels/611e6a9b4bb5790007a6f0f8/colorLogoPNG.png,Animation;Kids,,iptv-org-all.txt
Pluto TV Romance,https://jmp2.uk/plu-5dc287ce3086a20009f5024c.m3u8,,,,PlutoTVRomance.de@DACH,,,,https://images.pluto.tv/channels/5dc287ce3086a20009f5024c/colorLogoPNG.png,Movies;Series,,iptv-org-all.txt
Pluto TV Romance,https://jmp2.uk/plu-5a66795ef91fef2c7031c599.m3u8,,,,PlutoTVRomance.us@US,,,,https://i.imgur.com/GJBxfyf.png,Movies;Series,,iptv-org-all.txt
Pluto TV Romantik,https://jmp2.uk/plu-63a1c954d3897300079fcb12.m3u8,,,,PlutoTVRomantik.se@DK,,,,https://images.pluto.tv/channels/63a1c954d3897300079fcb12/colorLogoPNG_1767773445743.png,Movies,,iptv-org-all.txt
Pluto TV Romantik,https://jmp2.uk/plu-63a19da6847a090007f230da.m3u8,,,,PlutoTVRomantik.se@SE,,,,https://images.pluto.tv/channels/63a1c954d3897300079fcb12/colorLogoPNG_1767773445743.png,Movies,,iptv-org-all.txt
Pluto TV Romantikk,https://jmp2.uk/plu-63a19bb5e6914b000721b5c0.m3u8,,,,PlutoTVRomantikk.se@NO,,,,https://images.pluto.tv/channels/63a19bb5e6914b000721b5c0/colorLogoPNG_1767773376618.png,Movies,,iptv-org-all.txt
Pluto TV Scherzi e risate,https://jmp2.uk/plu-609404b0a8ec810007d8de9d.m3u8,,,,PlutoTVScherzierisate.de@IT,,,,https://images.pluto.tv/channels/609404b0a8ec810007d8de9d/colorLogoPNG.png,Comedy,,iptv-org-all.txt
Pluto TV Sci-Fi,https://jmp2.uk/plu-60ed498c4248a400077c0b9d.m3u8,,,,PlutoTVSciFi.de@DACH,,,,https://images.pluto.tv/channels/60ed498c4248a400077c0b9d/colorLogoPNG.png,Movies;Series,,iptv-org-all.txt
Pluto TV Sci-Fi,https://jmp2.uk/plu-5f6a38eaa5b68b0007a00e7a.m3u8,,,,PlutoTVSciFi.de@ES,,,,https://images.pluto.tv/channels/60ed498c4248a400077c0b9d/colorLogoPNG.png,Movies;Series,,iptv-org-all.txt
Pluto TV Sci-Fi,https://jmp2.uk/plu-5dc02a44a9518600094273ac.m3u8,,,,PlutoTVSciFi.de@GB,,,,https://images.pluto.tv/channels/60ed498c4248a400077c0b9d/colorLogoPNG.png,Movies;Series,,iptv-org-all.txt
Pluto TV Sci-Fi,https://jmp2.uk/plu-61728bb9ee3773000840c1fa.m3u8,,,,PlutoTVSciFi.de@IT,,,,https://images.pluto.tv/channels/60ed498c4248a400077c0b9d/colorLogoPNG.png,Movies;Series,,iptv-org-all.txt
Pluto TV Sci-Fi,https://jmp2.uk/plu-61f9598588f86000078ee7d6.m3u8,,,,PlutoTVSciFi.se@DK,,,,https://images.pluto.tv/channels/60ed498c4248a400077c0b9d/colorLogoPNG.png,Movies;Series,,iptv-org-all.txt
Pluto TV Sci-Fi,https://jmp2.uk/plu-61f957e051cca800076f2358.m3u8,,,,PlutoTVSciFi.se@NO,,,,https://images.pluto.tv/channels/60ed498c4248a400077c0b9d/colorLogoPNG.png,Movies;Series,,iptv-org-all.txt
Pluto TV Sci-Fi,https://jmp2.uk/plu-61f9597e78607000074f6c2a.m3u8,,,,PlutoTVSciFi.se@SE,,,,https://images.pluto.tv/channels/60ed498c4248a400077c0b9d/colorLogoPNG.png,Movies;Series,,iptv-org-all.txt
Pluto TV Sci-fi,https://jmp2.uk/plu-66166cb1307fa30008f275e7.m3u8,,,,PlutoTVSciFi.us@CA,,,,https://images.pluto.tv/channels/66166cb1307fa30008f275e7/colorLogoPNG.png,Movies;Series,,iptv-org-all.txt
Pluto TV Sci-Fi,https://jmp2.uk/plu-5f2817d3d7573a00080f9175.m3u8,,,,PlutoTVSciFi.us@LatAm,,,,https://images.pluto.tv/channels/66166cb1307fa30008f275e7/colorLogoPNG.png,Movies;Series,,iptv-org-all.txt
Pluto TV Sci-Fi,https://jmp2.uk/plu-5b4fc274694c027be6ed3eea.m3u8,,,,PlutoTVSciFi.us@US,,,,https://images.pluto.tv/channels/66166cb1307fa30008f275e7/colorLogoPNG.png,Movies;Series,,iptv-org-all.txt
Pluto TV Sci-fi Series,https://jmp2.uk/plu-619247c34a270700077c8415.m3u8,,,,PlutoTVScifiSeries.de@GB,,,,https://images.pluto.tv/channels/619247c34a270700077c8415/colorLogoPNG.png,Series,,iptv-org-all.txt
Pluto TV Science,https://jmp2.uk/plu-5d767b4889bca2ce7b73ef2e.m3u8,,,,PlutoTVScience.de@DACH,,,,https://images.pluto.tv/channels/5d767b4889bca2ce7b73ef2e/colorLogoPNG.png,Documentary;Science,,iptv-org-all.txt
Pluto TV Science,https://jmp2.uk/plu-5d9492c77ea6f99188738ff1.m3u8,,,,PlutoTVScience.de@GB,,,,https://images.pluto.tv/channels/5d767b4889bca2ce7b73ef2e/colorLogoPNG.png,Documentary;Science,,iptv-org-all.txt
Pluto TV Science,https://jmp2.uk/plu-563a970aa1a1f7fe7c9daad7.m3u8,,,,PlutoTVScience.us@US,,,,https://i.imgur.com/uhunRoU.png,Documentary;Science,,iptv-org-all.txt
Pluto TV Serie,https://jmp2.uk/plu-5dc190f7bfed110009d934c3.m3u8,,,,PlutoTVSerie.de@DACH,,,,https://images.pluto.tv/channels/5dc190f7bfed110009d934c3/colorLogoPNG.png,Series,,iptv-org-all.txt
Pluto TV Serie,https://jmp2.uk/plu-60b9ff2722bfa400072676ef.m3u8,,,,PlutoTVSerie.de@IT,,,,https://images.pluto.tv/channels/5dc190f7bfed110009d934c3/colorLogoPNG.png,Series,,iptv-org-all.txt
Pluto TV Serie Crime,https://jmp2.uk/plu-608aa777b907770007e5d05d.m3u8,,,,PlutoTVSerieCrime.de@IT,,,,https://images.pluto.tv/channels/608aa777b907770007e5d05d/colorLogoPNG_1750402183051.png,Series,,iptv-org-all.txt
Pluto TV Serie Sci-Fi,https://jmp2.uk/plu-67ed14aaf7c5d70b9089c3bf.m3u8,,,,PlutoTVSerieSciFi.de@IT,,,,https://images.pluto.tv/channels/67ed14aaf7c5d70b9089c3bf/colorLogoPNG_1750259768860.png,Movies,,iptv-org-all.txt
Pluto TV Series,https://jmp2.uk/plu-5f1ac8f49205650007bc15f1.m3u8,,,,PlutoTVSeries.de@ES,,,,https://images.pluto.tv/channels/5f1ac8f49205650007bc15f1/colorLogoPNG.png,Series,,iptv-org-all.txt
Pluto TV Series,https://jmp2.uk/plu-5dcde1317578340009b751d0.m3u8,,,,PlutoTVSeries.us@LatAm,,,,https://images.pluto.tv/channels/5dcde1317578340009b751d0/colorLogoPNG.png,Series,,iptv-org-all.txt
Pluto TV Séries Ação,https://jmp2.uk/plu-6474ab1da51cb80008bfb5f4.m3u8,,,,PlutoTVSeriesAcao.us@BR,,,,https://images.pluto.tv/channels/6474ab1da51cb80008bfb5f4/colorLogoPNG.png,Series,,iptv-org-all.txt
Pluto TV Séries Comédia,https://jmp2.uk/plu-655e5bc94261ca000810cb17.m3u8,,,,PlutoTVSeriesComedia.us@BR,,,,https://images.pluto.tv/channels/655e5bc94261ca000810cb17/colorLogoPNG.png,Comedy;Series,,iptv-org-all.txt
Pluto TV Séries Criminais,https://jmp2.uk/plu-6474ab5cdc7a760008745008.m3u8,,,,PlutoTVSeriesCriminais.us@BR,,,,https://images.pluto.tv/channels/6474ab5cdc7a760008745008/colorLogoPNG.png,Series,,iptv-org-all.txt
Pluto TV Series criminales,https://jmp2.uk/plu-65cf6ab58145cb0008129ca8.m3u8,,,,PlutoTVSeriescriminales.de@ES,,,,https://images.pluto.tv/channels/65cf6ab58145cb0008129ca8/colorLogoPNG.png,Series,,iptv-org-all.txt
Pluto TV Series de Acción,https://jmp2.uk/plu-6479ff1c17f5e10008ad2797.m3u8,,,,PlutoTVSeriesdeAccion.us@LatAm,,,,https://images.pluto.tv/channels/6479ff1c17f5e10008ad2797/colorLogoPNG.png,Series,,iptv-org-all.txt
Pluto TV Series de Comedia,https://jmp2.uk/plu-655f626d57fe4a00085c7c3e.m3u8,,,,PlutoTVSeriesdeComedia.us@LatAm,,,,https://images.pluto.tv/channels/655f626d57fe4a00085c7c3e/colorLogoPNG.png,Series,,iptv-org-all.txt
Pluto TV Series de Crimen,https://jmp2.uk/plu-655f62ff954b020008c91ec6.m3u8,,,,PlutoTVSeriesdeCrimen.us@LatAm,,,,https://images.pluto.tv/channels/655f62ff954b020008c91ec6/colorLogoPNG.png,Series,,iptv-org-all.txt
Pluto TV Series de Drama,https://jmp2.uk/plu-655f636d954b020008c93299.m3u8,,,,PlutoTVSeriesdeDrama.us@LatAm,,,,https://images.pluto.tv/channels/655f636d954b020008c93299/colorLogoPNG_1765466171343.png,Series,,iptv-org-all.txt
Pluto TV Series de Otros Continentes,https://jmp2.uk/plu-6806d570c178637410ae4962.m3u8,,,,PlutoTVSeriesdeOtrosContinentes.us@LatAm,,,,https://images.pluto.tv/channels/6806d570c178637410ae4962/colorLogoPNG_1765466496602.png,Series,,iptv-org-all.txt
Pluto TV Series de Sci-Fi,https://jmp2.uk/plu-65662f8a2c46f300088a84cc.m3u8,,,,PlutoTVSeriesdeSciFi.us@LatAm,,,,https://images.pluto.tv/channels/65662f8a2c46f300088a84cc/colorLogoPNG.png,Series,,iptv-org-all.txt
Pluto TV Séries Drama,https://jmp2.uk/plu-65f060d84e01740008d7421f.m3u8,,,,PlutoTVSeriesDrama.us@BR,,,,https://images.pluto.tv/channels/65f060d84e01740008d7421f/colorLogoPNG.png,Series,,iptv-org-all.txt
Pluto TV Séries Fantastiques,https://jmp2.uk/plu-625ec7a1c853fd00073b38fd.m3u8,,,,PlutoTVSeriesFantastiques.de@FR,,,,https://images.pluto.tv/channels/625ec7a1c853fd00073b38fd/colorLogoPNG_1775048560569.png,Series,,iptv-org-all.txt
Pluto TV Series Latinas,https://jmp2.uk/plu-5dd837642c6e9300098ad484.m3u8,,,,PlutoTVSeriesLatinas.us@LatAm,,,,https://images.pluto.tv/channels/5dd837642c6e9300098ad484/colorLogoPNG.png,Series,,iptv-org-all.txt
Pluto TV Séries Novelescas,https://jmp2.uk/plu-691627e4a29a6123e400b3e0.m3u8,,,,PlutoTVSeriesNovelescas.us@BR,,,,https://images.pluto.tv/channels/691627e4a29a6123e400b3e0/colorLogoPNG_1764878235665.png,Series,,iptv-org-all.txt
Pluto TV Series Retro,https://jmp2.uk/plu-5de802659167b10009e7deba.m3u8,,,,PlutoTVSeriesRetro.us@LatAm,,,,https://images.pluto.tv/channels/5de802659167b10009e7deba/colorLogoPNG.png,Classic,,iptv-org-all.txt
Pluto TV Series Sci-Fi,https://jmp2.uk/plu-65ddec1ef7f0af0008be4b65.m3u8,,,,PlutoTVSeriesSciFi.de@ES,,,,https://images.pluto.tv/channels/65ddec1ef7f0af0008be4b65/colorLogoPNG.png,Series,,iptv-org-all.txt
Pluto TV Séries Sci-Fi,https://jmp2.uk/plu-63d2ba2f60bc8f0008981a0e.m3u8,,,,PlutoTVSeriesSciFi.us@BR,,,,https://images.pluto.tv/channels/63d2ba2f60bc8f0008981a0e/colorLogoPNG.png,Series,,iptv-org-all.txt
Pluto TV Sherlock,https://jmp2.uk/plu-5dc2c00abfed110009d97243.m3u8,,,,PlutoTVSherlock.de@GB,,,,https://images.pluto.tv/channels/5dc2c00abfed110009d97243/colorLogoPNG.png,Classic,,iptv-org-all.txt
Pluto TV Shore,https://jmp2.uk/plu-67e3b0d2443f0671bc8a1297.m3u8,,,,PlutoTVShore.de@IT,,,,https://images.pluto.tv/channels/67e3b0d2443f0671bc8a1297/colorLogoPNG_1747721158520.png,Entertainment,,iptv-org-all.txt
Pluto TV Shows por Stingray (720p),https://jmp2.uk/plu-604b91e0692f770007d9f33f.m3u8,,,,PlutoTVShowsporStingray.us@BR,,,,https://images.pluto.tv/channels/604b91e0692f770007d9f33f/colorLogoPNG.png,Music,,iptv-org-all.txt
Pluto TV Sitcoms,https://jmp2.uk/plu-5d767ab2b456c8cf265ce921.m3u8,,,,PlutoTVSitcoms.de@DACH,,,,https://images.pluto.tv/channels/5d767ab2b456c8cf265ce921/colorLogoPNG.png,Comedy;Series,,iptv-org-all.txt
Pluto TV Sitcoms,https://jmp2.uk/plu-62f53dc6ee9a0400071dc22b.m3u8,,,,PlutoTVSitcoms.de@GB,,,,https://images.pluto.tv/channels/5d767ab2b456c8cf265ce921/colorLogoPNG.png,Comedy;Series,,iptv-org-all.txt
Pluto TV Snooker 900 (720p),https://jmp2.uk/plu-68ac5543a1ac0c90f2c8943e.m3u8,,,,PlutoTVSnooker900.de@DACH,,,,https://images.pluto.tv/channels/68ac5543a1ac0c90f2c8943e/colorLogoPNG_1760517341343.png,Sports,,iptv-org-all.txt
Pluto TV Snooker 900 (720p),https://jmp2.uk/plu-69148c470155f9b136b5d856.m3u8,,,,PlutoTVSnooker900.de@ES,,,,https://images.pluto.tv/channels/68ac5543a1ac0c90f2c8943e/colorLogoPNG_1760517341343.png,Sports,,iptv-org-all.txt
Pluto TV Snooker 900 (720p),https://jmp2.uk/plu-66fd35e44ca31f0008060b77.m3u8,,,,PlutoTVSnooker900.de@FR,,,,https://images.pluto.tv/channels/68ac5543a1ac0c90f2c8943e/colorLogoPNG_1760517341343.png,Sports,,iptv-org-all.txt
Pluto TV Snooker 900 (720p),https://jmp2.uk/plu-655b7cbb2c46f300086f0afa.m3u8,,,,PlutoTVSnooker900.de@GB,,,,https://images.pluto.tv/channels/68ac5543a1ac0c90f2c8943e/colorLogoPNG_1760517341343.png,Sports,,iptv-org-all.txt
Pluto TV Snooker 900 (720p),https://jmp2.uk/plu-69148c76e9dec35c9269a16c.m3u8,,,,PlutoTVSnooker900.de@IT,,,,https://images.pluto.tv/channels/68ac5543a1ac0c90f2c8943e/colorLogoPNG_1760517341343.png,Sports,,iptv-org-all.txt
Pluto TV Snooker 900 (720p),https://jmp2.uk/plu-68ac55bb3efb41cd979a65ec.m3u8,,,,PlutoTVSnooker900.se@DK,,,,https://images.pluto.tv/channels/68ac5543a1ac0c90f2c8943e/colorLogoPNG_1760517341343.png,Sports,,iptv-org-all.txt
Pluto TV Snooker 900 (720p),https://jmp2.uk/plu-68ac55fe3efb41cd979a6877.m3u8,,,,PlutoTVSnooker900.se@NO,,,,https://images.pluto.tv/channels/68ac5543a1ac0c90f2c8943e/colorLogoPNG_1760517341343.png,Sports,,iptv-org-all.txt
Pluto TV Snooker 900 (720p),https://jmp2.uk/plu-68ac56363efb41cd979a8005.m3u8,,,,PlutoTVSnooker900.se@SE,,,,https://images.pluto.tv/channels/68ac5543a1ac0c90f2c8943e/colorLogoPNG_1760517341343.png,Sports,,iptv-org-all.txt
Pluto TV Snooker 900,https://jmp2.uk/plu-639b4f75d3d35c0007d37b30.m3u8,,,,PlutoTVSnooker900.us@CA,,,,https://images.pluto.tv/channels/639b4f75d3d35c0007d37b30/colorLogoPNG_1759333260607.png,Sports,,iptv-org-all.txt
Pluto TV Space,https://jmp2.uk/plu-61409f8d6feb30000766b675.m3u8,,,,PlutoTVSpace.de@DACH,,,,https://images.pluto.tv/channels/61409f8d6feb30000766b675/colorLogoPNG.png,Documentary,,iptv-org-all.txt
Pluto TV Space,https://jmp2.uk/plu-5dbc2f98777f2e0009934ae7.m3u8,,,,PlutoTVSpace.de@GB,,,,https://images.pluto.tv/channels/61409f8d6feb30000766b675/colorLogoPNG.png,Documentary,,iptv-org-all.txt
Pluto TV Space,https://jmp2.uk/plu-61b86c6ef30f5d0007e4c6d1.m3u8,,,,PlutoTVSpace.se@DK,,,,https://images.pluto.tv/channels/61b86c6ef30f5d0007e4c6d1/colorLogoPNG.png,Documentary,,iptv-org-all.txt
Pluto TV Sport,https://jmp2.uk/plu-608030eff4b6f70007e1684c.m3u8,,,,PlutoTVSport.de@IT,,,,https://images.pluto.tv/channels/608030eff4b6f70007e1684c/colorLogoPNG_1746816937164.png,Sports,,iptv-org-all.txt
Pluto TV Sport,https://jmp2.uk/plu-6357f3de3643ba0007bc0b50.m3u8,,,,PlutoTVSport.se@DK,,,,https://images.pluto.tv/channels/6357f3de3643ba0007bc0b50/colorLogoPNG_1746816938506.png,Sports,,iptv-org-all.txt
Pluto TV Sport,https://jmp2.uk/plu-6357f33cb51d2d00077927c6.m3u8,,,,PlutoTVSport.se@NO,,,,https://images.pluto.tv/channels/6357f3de3643ba0007bc0b50/colorLogoPNG_1746816938506.png,Sports,,iptv-org-all.txt
Pluto TV Sport,https://jmp2.uk/plu-62cd74e38f6f0d000798cd93.m3u8,,,,PlutoTVSport.se@SE,,,,https://images.pluto.tv/channels/6357f3de3643ba0007bc0b50/colorLogoPNG_1746816938506.png,Sports,,iptv-org-all.txt
Pluto TV Spotlight,https://jmp2.uk/plu-5ba3fb9c4b078e0f37ad34e8.m3u8,,,,PlutoTVSpotlight.us@SD,,,,https://i.imgur.com/UmuJkVB.png,Movies,,iptv-org-all.txt
Pluto TV Staff Picks,https://jmp2.uk/plu-5f4d863b98b41000076cd061.m3u8,,,,PlutoTVStaffPicks.us@SD,,,,https://i.imgur.com/JzwO8IO.png,Movies,,iptv-org-all.txt
Pluto TV Star Trek,https://jmp2.uk/plu-6152ee71bf99590007893a11.m3u8,,,,PlutoTVStarTrek.de@DACH,,,,https://images.pluto.tv/channels/6152ee71bf99590007893a11/colorLogoPNG.png,Movies;Series,,iptv-org-all.txt
Pluto TV Star Trek,https://jmp2.uk/plu-61c1979dfa307000070bbe4d.m3u8,,,,PlutoTVStarTrek.se@DK,,,,https://images.pluto.tv/channels/61c1979dfa307000070bbe4d/colorLogoPNG.png,Movies;Series,,iptv-org-all.txt
Pluto TV Star Trek,https://jmp2.uk/plu-5f99ac4fded33000078f29ab.m3u8,,,,StarTrek.us@BR,,,,https://images.pluto.tv/channels/5efbd39f8c4ce900075d7698/colorLogoPNG.png,Series,,iptv-org-all.txt
Pluto TV Star Trek,https://jmp2.uk/plu-5ec5761aabe4690007f6e047.m3u8,,,,StarTrek.us@LatAm,,,,https://images.pluto.tv/channels/5efbd39f8c4ce900075d7698/colorLogoPNG.png,Series,,iptv-org-all.txt
Pluto TV Star Trek: Animation,https://jmp2.uk/plu-69492467ae33e24d916e56cf.m3u8,,,,PlutoTVStarTrekAnimation.de@DACH,,,,https://images.pluto.tv/channels/69492467ae33e24d916e56cf/colorLogoPNG_1770896970638.png,Animation,,iptv-org-all.txt
Pluto TV Storia,https://jmp2.uk/plu-65253fdf3fd33c00080214a3.m3u8,,,,PlutoTVStoria.de@IT,,,,https://images.pluto.tv/channels/65253fdf3fd33c00080214a3/colorLogoPNG_1773147329671.png,Documentary,,iptv-org-all.txt
Pluto TV Super Kids,https://jmp2.uk/plu-652557d93fd33c000802f995.m3u8,,,,PlutoTVSuperKids.de@FR,,,,https://images.pluto.tv/channels/652557d93fd33c000802f995/colorLogoPNG_1733440546104.png,Kids,,iptv-org-all.txt
Pluto TV Tecknade klassiker (720p),https://jmp2.uk/plu-67f5095a3481170e6843d95d.m3u8,,,,PlutoTVTecknadeklassiker.se@SE,,,,https://images.pluto.tv/channels/67f5095a3481170e6843d95d/colorLogoPNG_1748955339418.png,Kids,,iptv-org-all.txt
Pluto TV Tecknat (720p),https://jmp2.uk/plu-61c0b6f028e94c000782684a.m3u8,,,,PlutoTVTecknat.se@SE,,,,https://images.pluto.tv/channels/61c0b6f028e94c000782684a/colorLogoPNG_1749627909756.png,Kids,,iptv-org-all.txt
Pluto TV Teen (720p),https://jmp2.uk/plu-63eb944dc111bc0008fe7021.m3u8,,,,PlutoTVTeen.de@ES,,,,https://images.pluto.tv/channels/63eb944dc111bc0008fe7021/colorLogoPNG_1761820520562.png,Kids,,iptv-org-all.txt
Pluto TV Teen (720p),https://jmp2.uk/plu-5f8eb99ff17815000784a3b0.m3u8,,,,PlutoTVTeen.de@FR,,,,https://images.pluto.tv/channels/63eb944dc111bc0008fe7021/colorLogoPNG_1761820520562.png,Kids,,iptv-org-all.txt
Pluto TV Teen (720p),https://jmp2.uk/plu-63eb573ba99571000897135b.m3u8,,,,PlutoTVTeen.de@IT,,,,https://images.pluto.tv/channels/63eb944dc111bc0008fe7021/colorLogoPNG_1761820520562.png,Kids,,iptv-org-all.txt
Pluto TV Tegnefilm (720p),https://jmp2.uk/plu-61c09938e0d3a700072b68b1.m3u8,,,,PlutoTVTegnefilm.se@DK,,,,https://images.pluto.tv/channels/61c09938e0d3a700072b68b1/colorLogoPNG_1749627293329.png,Kids,,iptv-org-all.txt
Pluto TV Tegnefilm (720p),https://jmp2.uk/plu-61c1e914bf8c520007a93ff1.m3u8,,,,PlutoTVTegnefilm.se@NO,,,,https://images.pluto.tv/channels/61c09938e0d3a700072b68b1/colorLogoPNG_1749627293329.png,Kids,,iptv-org-all.txt
Pluto TV Telenovelas Clásicas,https://jmp2.uk/plu-662a69daa0a74e00087a1c72.m3u8,,,,PlutoTVTelenovelasClasicas.de@ES,,,,https://images.pluto.tv/channels/662a69daa0a74e00087a1c72/colorLogoPNG.png,Series,,iptv-org-all.txt
Pluto TV Téléréalité France,https://jmp2.uk/plu-699865ccac36b147e74619fe.m3u8,,,,PlutoTVTelerealiteFrance.de@FR,,,,https://images.pluto.tv/channels/699865ccac36b147e74619fe/colorLogoPNG_1779788356699.png,Entertainment,,iptv-org-all.txt
Pluto TV Terror,https://jmp2.uk/plu-5c6dc88fcd232425a6e0f06e.m3u8,,,,PlutoTVTerror.us@SD,,,,https://i.imgur.com/eWtoHDM.png,Movies,,iptv-org-all.txt
Pluto TV Terror Trash,https://jmp2.uk/plu-66aa67493a4ad2000806d91b.m3u8,,,,PlutoTVTerrorTrash.us@BR,,,,https://images.pluto.tv/channels/66aa67493a4ad2000806d91b/colorLogoPNG.png,Movies,,iptv-org-all.txt
Pluto TV Thrillers,https://jmp2.uk/plu-5f1ac8a87cd38d000745d7cf.m3u8,,,,PlutoTVThrillers.de@ES,,,,https://images.pluto.tv/channels/5f1ac8a87cd38d000745d7cf/colorLogoPNG.png,Movies,,iptv-org-all.txt
Pluto TV Thrillers,https://jmp2.uk/plu-5dbfedccc563080009b60f4a.m3u8,,,,PlutoTVThrillers.de@GB,,,,https://images.pluto.tv/channels/5f1ac8a87cd38d000745d7cf/colorLogoPNG.png,Movies,,iptv-org-all.txt
Pluto TV Thrillers,https://jmp2.uk/plu-5b4e69e08291147bd04a9fd7.m3u8,,,,PlutoTVThrillers.us@US,,,,https://i.imgur.com/ULKvDN7.png,Movies,,iptv-org-all.txt
Pluto TV Toons (720p),https://jmp2.uk/plu-5f8eba14a4ffb8000764e950.m3u8,,,,PlutoTVToons.de@FR,,,,https://images.pluto.tv/channels/6880aa28164eb4890282e803/colorLogoPNG_1760522020317.png,Kids,,iptv-org-all.txt
Pluto TV Totò,https://jmp2.uk/plu-65253f9881f942000833ccd5.m3u8,,,,PlutoTVToto.de@IT,,,,https://images.pluto.tv/channels/65253f9881f942000833ccd5/colorLogoPNG_1774617972809.png,Movies,,iptv-org-all.txt
Pluto TV Tough Jobs,https://jmp2.uk/plu-600acaff5f2d6e000745effb.m3u8,,,,PlutoTVToughJobs.de@GB,,,,https://images.pluto.tv/channels/600acaff5f2d6e000745effb/colorLogoPNG.png,Documentary;Series,,iptv-org-all.txt
Pluto TV Trending Now,https://jmp2.uk/plu-673247127d5da5000817b4d6.m3u8,,,,PlutoTVTrendingNow.us@SD,,,,https://images.pluto.tv/channels/673247127d5da5000817b4d6/colorLogoPNG_1732662634386.png,Movies,,iptv-org-all.txt
Pluto TV True Crime,https://jmp2.uk/plu-615333098185f00008715a56.m3u8,,,,PlutoTVTrueCrime.de@DACH,,,,https://images.pluto.tv/channels/615333098185f00008715a56/colorLogoPNG.png,Documentary;Series,,iptv-org-all.txt
Pluto TV True Crime,https://jmp2.uk/plu-64a3f200f238ce0008d47247.m3u8,,,,PlutoTVTrueCrime.de@ES,,,,https://images.pluto.tv/channels/615333098185f00008715a56/colorLogoPNG.png,Documentary;Series,,iptv-org-all.txt
Pluto TV True Crime,https://jmp2.uk/plu-66d9ab4bf0f17500084e9b7e.m3u8,,,,PlutoTVTrueCrime.de@IT,,,,https://images.pluto.tv/channels/615333098185f00008715a56/colorLogoPNG.png,Documentary;Series,,iptv-org-all.txt
Pluto TV True Crime,https://jmp2.uk/plu-61c097ec8bb1830008e3f962.m3u8,,,,PlutoTVTrueCrime.se@DK,,,,https://images.pluto.tv/channels/615333098185f00008715a56/colorLogoPNG.png,Documentary;Series,,iptv-org-all.txt
Pluto TV True Crime,https://jmp2.uk/plu-61c1e51354d923000731bf78.m3u8,,,,PlutoTVTrueCrime.se@NO,,,,https://images.pluto.tv/channels/615333098185f00008715a56/colorLogoPNG.png,Documentary;Series,,iptv-org-all.txt
Pluto TV True Crime,https://jmp2.uk/plu-61c0b438244e50000758083b.m3u8,,,,PlutoTVTrueCrime.se@SE,,,,https://images.pluto.tv/channels/615333098185f00008715a56/colorLogoPNG.png,Documentary;Series,,iptv-org-all.txt
Pluto TV True Crime,https://jmp2.uk/plu-62e9289f8d467f0007fbc701.m3u8,,,,PlutoTVTrueCrime.us@CA,,,,https://images.pluto.tv/channels/62e9289f8d467f0007fbc701/colorLogoPNG.png,Documentary;Series,,iptv-org-all.txt
Pluto TV True Crime,https://jmp2.uk/plu-5812be1c249444e05d09cc50.m3u8,,,,PlutoTVTrueCrime.us@US,,,,https://images.pluto.tv/channels/62e9289f8d467f0007fbc701/colorLogoPNG.png,Documentary;Series,,iptv-org-all.txt
Pluto TV Turbo,https://jmp2.uk/plu-6014761dfb91870008ea6463.m3u8,,,,PlutoTVTurbo.us@BR,,,,https://images.pluto.tv/channels/6014761dfb91870008ea6463/colorLogoPNG.png,Auto;Documentary,,iptv-org-all.txt
Pluto TV Ungdomsserier (720p),https://jmp2.uk/plu-67f3fb1cdea1c5e0d588ac1b.m3u8,,,,PlutoTVUngdomsserier.se@DK,,,,https://images.pluto.tv/channels/67f3fb1cdea1c5e0d588ac1b/colorLogoPNG_1748270797322.png,Kids,,iptv-org-all.txt
Pluto TV Ungdomsserier (720p),https://jmp2.uk/plu-67f3fb7d07d2ba4121bd0c8b.m3u8,,,,PlutoTVUngdomsserier.se@NO,,,,https://images.pluto.tv/channels/67f3fb1cdea1c5e0d588ac1b/colorLogoPNG_1748270797322.png,Kids,,iptv-org-all.txt
Pluto TV Ungdomsserier (720p),https://jmp2.uk/plu-67f3fc1707d2ba4121bd34a8.m3u8,,,,PlutoTVUngdomsserier.se@SE,,,,https://images.pluto.tv/channels/67f3fb1cdea1c5e0d588ac1b/colorLogoPNG_1748270797322.png,Kids,,iptv-org-all.txt
Pluto TV Världskrigen,https://jmp2.uk/plu-677d3ad04bd63600082f7c54.m3u8,,,,PlutoTVVarldskrigen.se@SE,,,,https://images.pluto.tv/channels/677d3ad04bd63600082f7c54/colorLogoPNG_1759445391825.png,Documentary,,iptv-org-all.txt
Pluto TV Velocidad,https://jmp2.uk/plu-5dd6dc7480e3550009133d4a.m3u8,,,,PlutoTVVelocidad.us@LatAm,,,,https://images.pluto.tv/channels/5dd6dc7480e3550009133d4a/colorLogoPNG.png,Undefined,,iptv-org-all.txt
Pluto TV Verdenskrigene,https://jmp2.uk/plu-677d397b60fbeb00084b0bff.m3u8,,,,PlutoTVVerdenskrigene.se@DK,,,,https://images.pluto.tv/channels/677d397b60fbeb00084b0bff/colorLogoPNG_1759437735629.png,Documentary,,iptv-org-all.txt
Pluto TV Verdenskrigene,https://jmp2.uk/plu-677d3a424bd63600082f7baf.m3u8,,,,PlutoTVVerdenskrigene.se@NO,,,,https://images.pluto.tv/channels/677d397b60fbeb00084b0bff/colorLogoPNG_1759437735629.png,Documentary,,iptv-org-all.txt
Pluto TV Viagens,https://jmp2.uk/plu-5f32d432d612e50007e56133.m3u8,,,,PlutoTVViagens.us@BR,,,,https://images.pluto.tv/channels/5f32d432d612e50007e56133/colorLogoPNG_1769016717502.png,Lifestyle,,iptv-org-all.txt
Pluto TV Viaggi,https://jmp2.uk/plu-63c923944207be0007fd0887.m3u8,,,,PlutoTVViaggi.de@IT,,,,https://images.pluto.tv/channels/63c923944207be0007fd0887/colorLogoPNG_1774882201565.png,Lifestyle,,iptv-org-all.txt
Pluto TV Vida Real,https://jmp2.uk/plu-5f32d4d9ec194100070c7449.m3u8,,,,PlutoTVVidaReal.us@BR,,,,https://images.pluto.tv/channels/5f32d4d9ec194100070c7449/colorLogoPNG_1732044921019.png,Education,,iptv-org-all.txt
Pluto TV Vida Real,https://jmp2.uk/plu-5df265697ec3510009df1ef0.m3u8,,,,PlutoTVVidaReal.us@LatAm,,,,https://images.pluto.tv/channels/5f32d4d9ec194100070c7449/colorLogoPNG_1732044921019.png,Education,,iptv-org-all.txt
Pluto TV Weihnachten im Sommer,https://jmp2.uk/plu-642ad072283aa4000806148c.m3u8,,,,PlutoTVWeihnachtenimSommer.de@DACH,,,,https://images.pluto.tv/channels/642ad072283aa4000806148c/colorLogoPNG.png,Movies,,iptv-org-all.txt
Pluto TV Western,https://jmp2.uk/plu-630dd3b2605f140007e002f5.m3u8,,,,PlutoTVWestern.de@DACH,,,,https://images.pluto.tv/channels/630dd3b2605f140007e002f5/colorLogoPNG_1732030684562.png,Movies,,iptv-org-all.txt
Pluto TV Western,https://jmp2.uk/plu-6385e82900ab2e000768a058.m3u8,,,,PlutoTVWestern.de@ES,,,,https://images.pluto.tv/channels/630dd3b2605f140007e002f5/colorLogoPNG_1732030684562.png,Movies,,iptv-org-all.txt
Pluto TV Western,https://jmp2.uk/plu-62e7fb67478a5b0007e6c50c.m3u8,,,,PlutoTVWestern.de@IT,,,,https://images.pluto.tv/channels/630dd3b2605f140007e002f5/colorLogoPNG_1732030684562.png,Movies,,iptv-org-all.txt
Pluto TV Western Serien,https://jmp2.uk/plu-682453215c646751955e1204.m3u8,,,,PlutoTVWesternSerien.de@DACH,,,,https://images.pluto.tv/channels/682453215c646751955e1204/colorLogoPNG_1758265241676.png,Series,,iptv-org-all.txt
Pluto TV Westerns,https://jmp2.uk/plu-5d4bdb635ce813b38639e6a3.m3u8,,,,PlutoTVWesterns.de@GB,,,,https://images.pluto.tv/channels/5d4bdb635ce813b38639e6a3/colorLogoPNG.png,Movies,,iptv-org-all.txt
Pluto TV Westerns,https://jmp2.uk/plu-62bdacc96a3751000811842d.m3u8,,,,PlutoTVWesterns.us@CA,,,,https://images.pluto.tv/channels/62bdacc96a3751000811842d/colorLogoPNG.png,Movies,,iptv-org-all.txt
Pluto TV Westerns,https://jmp2.uk/plu-5b4e94282d4ec87bdcbb87cd.m3u8,,,,PlutoTVWesterns.us@US,,,,https://images.pluto.tv/channels/62bdacc96a3751000811842d/colorLogoPNG.png,Movies,,iptv-org-all.txt
Pluto TV Wild West,https://jmp2.uk/plu-68c01732b3900870ec74766f.m3u8,,,,PlutoTVWildWest.se@DK,,,,https://images.pluto.tv/channels/68c01732b3900870ec74766f/colorLogoPNG_1761917904777.png,Movies;Series,,iptv-org-all.txt
Pluto TV Wild West,https://jmp2.uk/plu-68c01785b3900870ec7480e4.m3u8,,,,PlutoTVWildWest.se@NO,,,,https://images.pluto.tv/channels/68c01732b3900870ec74766f/colorLogoPNG_1761917904777.png,Movies;Series,,iptv-org-all.txt
Pluto TV Wild West,https://jmp2.uk/plu-68c017bf337652ee75db201f.m3u8,,,,PlutoTVWildWest.se@SE,,,,https://images.pluto.tv/channels/68c01732b3900870ec74766f/colorLogoPNG_1761917904777.png,Movies;Series,,iptv-org-all.txt
Pluto TV Worst of Bundy,https://jmp2.uk/plu-69b968ca1c36025fd0a3d92d.m3u8,,,,PlutoTVWorstofBundy.de@DACH,,,,https://images.pluto.tv/channels/69b968ca1c36025fd0a3d92d/colorLogoPNG_1777369824096.png,Comedy,,iptv-org-all.txt
Pluto TV Zombies,https://jmp2.uk/plu-65786888b228b7000843ad9a.m3u8,,,,PlutoTVZombies.de@ES,,,,https://images.pluto.tv/channels/65786888b228b7000843ad9a/colorLogoPNG.png,Movies;Series,,iptv-org-all.txt
Plzeň TV (1080p),https://vysilani.zaktv.cz/broadcast/hls/ptv/index.m3u8,,,,PlzenTV.cz@SD,,,,https://i.imgur.com/TxLKSqL.png,General,,iptv-org-all.txt
PMC,https://pmchls.wns.live/hls/stream.m3u8,,,,PMC.ae@SD,,,,https://i.imgur.com/AbrHI7K.png,Music,,iptv-org-all.txt
PMC Royale (1080p),https://pmcrohls.wns.live/hls/stream.m3u8,,,,PMCRoyale.ae@SD,,,,,Music,,iptv-org-all.txt
PMC Telugu (1080p),https://mumbai-edge.smartplaytv.in/PMC/index.m3u8,,,,PMCTelugu.in@SD,,,,https://jiotvimages.cdn.jio.com/dare_images/images/PMC_Telugu.png,Religious,,iptv-org-all.txt
PMI TV (720p) [Not 24/7],https://cdn.live247stream.com/pmi/tv/playlist.m3u8,,,,PMITV.pk@SD,,,,https://i.imgur.com/SfyCwXj.png,Undefined,,iptv-org-all.txt
Pocket Films,https://vglivessai.akamaized.net/sg/v1/manifest/611d79b11b77e2f571934fd80ca1413453772ac7/b8ada260-bb81-472b-b7c1-3a79213a84b8/e02a0ce5-6c42-4cca-bb53-e5cfecff74a9/0.m3u8,,,,PocketFilms.in@SD,,,,https://jiotvimages.cdn.jio.com/dare_images/images/p_pktflm.png,Movies,,iptv-org-all.txt
pocket.watch Game On (1080p),https://dl74gpgmnb7i8.cloudfront.net/pocketwatch_GameOn.m3u8,,,,pocketwatch.us@SD,,,,https://i.imgur.com/T0V90Lz.png,Kids,,iptv-org-all.txt
Pocono Television Network (1080p),https://dfoiz3dv1euv7.cloudfront.net/ptnlive-s3/live1.m3u8,,,,PoconoTelevisionNetwork.us@HD,,,,https://i.imgur.com/et6giFo.png,Travel,,iptv-org-all.txt
Pocoyo (1080p),https://d16ecq77cfclte.cloudfront.net/Pocoyo_GB.m3u8,,,,,,,,,Undefined,,iptv-org-all.txt
Poder de Dios TV (1080p),http://15.204.246.24:8080/PoderdeDiosHD/index.m3u8,,,,PoderdeDiosTV.bo@SD,,,,https://i.imgur.com/jUfRz3L.png,Religious,,iptv-org-all.txt
Podium.TV (1080p) [Not 24/7],https://rrr.sz.xlcdn.com/?account=ndc_mediagroep&file=NDC1&output=playlist.m3u8&service=wowza&type=live,,,,PodiumTV.nl@SD,,,,https://i.imgur.com/bAhMhuz.jpg,Undefined,,iptv-org-all.txt
Podium.TV 2 (1080p) [Not 24/7],https://rrr.sz.xlcdn.com/?account=ndc_mediagroep&file=NDC2&output=playlist.m3u8&service=wowza&type=live,,,,PodiumTV2.nl@SD,,,,https://i.imgur.com/bAhMhuz.jpg,Undefined,,iptv-org-all.txt
Podium.TV 3 (1080p) [Not 24/7],https://rrr.sz.xlcdn.com/?account=ndc_mediagroep&file=NDC3&output=playlist.m3u8&service=wowza&type=live,,,,PodiumTV3.nl@SD,,,,https://i.imgur.com/bAhMhuz.jpg,Undefined,,iptv-org-all.txt
PodRadio på Pluto TV,https://jmp2.uk/plu-67f79fdb3481170e68c0bc38.m3u8,,,,PodRadiopaPlutoTV.se@DK,,,,https://images.pluto.tv/channels/67f79fdb3481170e68c0bc38/colorLogoPNG_1748943874109.png,Entertainment,,iptv-org-all.txt
Pointe TV,https://tv.pointville.ag/hls/mystream.m3u8,,,,PointeTV.ag@SD,,,,https://i.ibb.co/7tyD2kr/IMG-20240421-154850.jpg,General,,iptv-org-all.txt
Pointless (1080p) [Geo-blocked],https://amg00627-amg00627c34-samsung-au-8173.playouts.now.amagi.tv/playlist/amg00627-banijayfast-pointless-samsungau/playlist.m3u8,,,,,,,,,Undefined,,iptv-org-all.txt
Pointless UK (1080p),https://dvqpty1sb3rry.cloudfront.net/PointlessUKPoweredbyBanijay_GB.m3u8,,,,,,,,,Undefined,,iptv-org-all.txt
Poirot & Miss Marple,https://jmp2.uk/plu-6304f530440dc90007f514d3.m3u8,,,,,,,,,Undefined,,iptv-org-all.txt
Pokémon (1080p),https://docpe51mdltl5.cloudfront.net/Pokemon_GB.m3u8,,,,,,,,,Undefined,,iptv-org-all.txt
Pokémon (1080p) [Geo-blocked],https://pb-xs4ais85724vy.akamaized.net/Pokeman.m3u8,,,,,,,,,Undefined,,iptv-org-all.txt
Pokémon,https://jmp2.uk/plu-6683cd71a1d7ad000866ec6a.m3u8,,,,PlutoTVPokemon.us@UK,,,,https://i.imgur.com/GEbRABE.png,Animation;Kids,,iptv-org-all.txt
Pokémon,https://jmp2.uk/plu-687007a8ee4155e89a8f6d67.m3u8,,,,PlutoTVPokemon.us@US,,,,https://i.imgur.com/GEbRABE.png,Animation;Kids,,iptv-org-all.txt
Pokémon en español,https://jmp2.uk/plu-69e6be40fde57cd5ba562b29.m3u8,,,,,,,,,Undefined,,iptv-org-all.txt
PokerGO,https://jmp2.uk/plu-5fc54366b04b2300072e31af.m3u8,,,,PokerGo.us@US,,,,https://i.imgur.com/1603HED.png,Sports,,iptv-org-all.txt
Polar TV,https://polartv.webredirect.org/memfs/319ac83c-e602-4e91-8104-2b5501380b5e.m3u8,,,,PolarTV.cl@SD,,,,https://i.imgur.com/4exfvPt.png,General,,iptv-org-all.txt
Polar TV (1080p),https://stream.polar.cz/polar/polarlive-1/playlist.m3u8,,,,PolarTV.cz@SD,,,,https://i.imgur.com/pTJHIX1.png,General,,iptv-org-all.txt
Police TV (1080p),https://cdn-th-vip.livestreaming.in.th/policetv/policetv/playlist.m3u8,,,,PoliceTV.th@SD,,,,https://i.imgur.com/GhboFGt.png,Undefined,,iptv-org-all.txt
Polimer News (576p),https://segment.yuppcdn.net/110322/polimernews/playlist.m3u8,,,,PolimerNews.in@SD,,,,https://dtil.tmsimg.com/assets/s143664_ld_h9_aa.png?lock=720x540,News,,iptv-org-all.txt
Polimer TV (720p),https://cdn-2.pishow.tv/live/1241/master.m3u8,,,,PolimerTV.in@SD,,,,https://dtil.tmsimg.com/assets/s143665_ld_h15_aa.png?lock=720x540,Entertainment,,iptv-org-all.txt
Polsat (1080p) [Geo-blocked],https://cdn-s-playnow-live.pluscdn.pl/ch/1502600/308/dash/20a18c30/live.mpd,,,,Polsat.pl@SD,,,,https://i.imgur.com/xff6zGN.png,General,,iptv-org-all.txt
Polsat 1 (1080p) [Geo-blocked],https://cdn-s-lb2.pluscdn.pl/lv/1517829/348/hls/816eca15/masterlist.m3u8,,,,Polsat1.pl@SD,,,,https://upload.wikimedia.org/wikipedia/commons/thumb/6/6c/Polsat_1_2021_gradient.svg/960px-Polsat_1_2021_gradient.svg.png,General,,iptv-org-all.txt
Polsat News (1080p) [Geo-blocked],https://cdn-s-lb2.pluscdn.pl/lv/1517830/349/hls/f03a76f3/masterlist.m3u8,,,,PolsatNews.pl@SD,,,,https://i.imgur.com/sx1yPuc.png,News,,iptv-org-all.txt
Polsat News 2 (1080p) [Geo-blocked],https://cdn-s-lb2.pluscdn.pl/lv/1533809/392/dash/3de17d4a/live.mpd,,,,PolsatNews2.pl@SD,,,,https://upload.wikimedia.org/wikipedia/commons/thumb/2/21/Polsat_News_2_2021_gradient.svg/500px-Polsat_News_2_2021_gradient.svg.png,News,,iptv-org-all.txt
Polsat News Polityka (1080p) [Geo-blocked],https://cdn-s-lb2.pluscdn.pl/lv/1511888/322/hls/bd3b0bfe/masterlist.m3u8,,,,PolsatNewsPolityka.pl@SD,,,,https://upload.wikimedia.org/wikipedia/commons/thumb/4/40/Polsat_News_Polityka_2024_gradient.svg/960px-Polsat_News_Polityka_2024_gradient.svg.png,News,,iptv-org-all.txt
Polsat Sport 1 (1080p) [Geo-blocked],http://cdn-s-lb2.pluscdn.pl/lv/1544303/939/dash/7f74b079/live.mpd,,,,PolsatSport1.pl@SD,,,,https://upload.wikimedia.org/wikipedia/commons/thumb/e/e3/Polsat_Sport_1_2024.svg/500px-Polsat_Sport_1_2024.svg.png,Undefined,,iptv-org-all.txt
Polsat Sport Premium 1 (1080p) [Not 24/7],http://88b9da48.kazmazpaz.ru/iptv/XVU58NBPX2LUMP/7304/index.m3u8,,,,PolsatSportPremium1.pl@SD,,,,https://i.imgur.com/hy1SKE0.png,Sports,,iptv-org-all.txt
Polsat Sport Premium 2 (1080p) [Not 24/7],http://88b9da48.kazmazpaz.ru/iptv/XVU58NBPX2LUMP/7305/index.m3u8,,,,PolsatSportPremium2.pl@SD,,,,https://i.imgur.com/myyWeXY.png,Sports,,iptv-org-all.txt
Polsat Viasat History (1080p),http://185.227.34.179:8080/polsat-viasat-history-hd/index.m3u8,,,,PolsatViasatHistory.pl@SD,,,,https://i.imgur.com/X16UGUf.png,Documentary,,iptv-org-all.txt
Pomona Internet Streaming Channel (Pomona CA) (720p),https://reflect-pomona.cablecast.tv/live-1/live/live.m3u8,,,,PomonaInternetStreamingChannel.us@SD,,,,https://i.imgur.com/80gaUbq.png,Undefined,,iptv-org-all.txt
Pompano Beach Web Streaming (Pompano Beach FL) (720p),https://cdn3.wowza.com/5/M0lyamVmM2JWcjhQ/pompano/G0765_005/playlist.m3u8,,,,CityofPompanoBeach.us@SD,,,,https://i.imgur.com/Bv9OGrH.png,Legislative,,iptv-org-all.txt
PONTV (720p),http://122.248.43.242:1935/PONTV/_definst_/myStream/playlist.m3u8,,,,PONTV.id@SD,,,,https://i.imgur.com/P5erWzm.png,Undefined,,iptv-org-all.txt
Pooya & Nahal,https://ncdn.telewebion.ir/pooya/live/playlist.m3u8,,,,PooyaTV.ir@SD,,,,https://upload.wikimedia.org/wikipedia/fa/5/5a/POOYA_tv_2.png,Kids,,iptv-org-all.txt
Pooya TV Plus,https://ncdn.telewebion.ir/javaneh/live/playlist.m3u8,,,,PooyaTVPlus.ir@SD,,,,https://upload.wikimedia.org/wikipedia/fa/5/5a/POOYA_tv_2.png,Kids,,iptv-org-all.txt
Pop (1080p),https://amg01753-narrativeentert-popkids-lggb-xyy5k.amagi.tv/ts-eu-w1-n2/playlist/amg01753-narrativeentert-popkids-lggb/playlist.m3u8,,,,Pop.uk@SD,,,,https://i.imgur.com/fGUlCY3.png,Undefined,,iptv-org-all.txt
Pop Up (1080p) [Geo-blocked],https://amg01753-amg01753c9-samsung-gb-8005.playouts.now.amagi.tv/ts-eu-w1-n2/playlist/amg01753-narrativeuk-popup-samsunggb/playlist.m3u8,,,,PopUp.uk@SD,,,,https://i.imgur.com/GdSotmS.png,Kids,,iptv-org-all.txt
POP World TV (720p),https://janus.xpbroadcasting.com:8443/hls/popworld.m3u8,,,,POPWorldTV.es@SD,,,,https://i.imgur.com/LQB6G3s.jpg,Music,,iptv-org-all.txt
Popcorn Central (1080p),https://oly-ftvpc.otteravision.com/oly/ftvpc/ftvpc.m3u8,,,,PopcornCentral.mx@SD,,,,https://i.imgur.com/ULGVjyC.png,Movies,,iptv-org-all.txt
Popeye,https://jmp2.uk/plu-677d93f37bffa600080795e7.m3u8,,,,,,,,,Undefined,,iptv-org-all.txt
Popeye,https://jmp2.uk/plu-677d93afe650a700081e5f18.m3u8,,,,,,,,,Undefined,,iptv-org-all.txt
Popflix (720p),https://signatureentertainment-popflix-1-gb.samsung.wurl.tv/playlist.m3u8,,,,,,,,,Undefined,,iptv-org-all.txt
Popstar! TV (1080p) [Not 24/7],https://linear-10.frequency.stream/dist/plex/10/hls/master/playlist.m3u8,,,,PopstarTV.us@SD,,,,https://i.imgur.com/d4xEiXX.png,Entertainment,,iptv-org-all.txt
Popu TV (1080p),http://190.108.83.69:8000/play/a070/index.m3u8,,,,PopuTV.py@SD,,,,https://i.imgur.com/UqCogyZ.png,Entertainment,,iptv-org-all.txt
Popular TV Melilla (1080p) [Not 24/7],http://5940924978228.streamlock.net:1935/8009/8009/playlist.m3u8,,,,PopularTVMelilla.es@SD,,,,https://i.imgur.com/TbevWX4.png,Undefined,,iptv-org-all.txt
Port St Lucie PSL TV (Port St Lucie FL) (360p),https://cdn3.wowza.com/5/UWpORHhLSEs5SkJs/psl/G0262_003/playlist.m3u8,,,,PSLTV.us@SD,,,,https://i.imgur.com/kzdRmTN.png,Legislative,,iptv-org-all.txt
Portal Digital TV (720p) [Not 24/7],https://cdn-us-east-prod-ingest-infra-dacast-com.akamaized.net/5ccadd2a-00ad-4a5b-8322-4b5f69464a68/source/index.m3u8,,,,PortalDigitalTV.do@HD,,,,https://www.vivalivetv.com/public/files/shows/0/1/3664-294x165-FFFFFF.jpg,General,,iptv-org-all.txt
PORTATV,https://jmp2.uk/plu-69440d0611f6c6384ab78306.m3u8,,,,,,,,,Undefined,,iptv-org-all.txt
Portlandia (720p),https://d1uvnirn6lhs2f.cloudfront.net/playlist.m3u8,,,,Portlandia.us@SD,,,,https://i.imgur.com/I4KDvu9.png,Undefined,,iptv-org-all.txt
Porto Canal (720p),https://pull-live-156-1.global.ssl.fastly.net/pc5865dc25400thmb-ea6bf03b14fa318f7133/smil:pc1-jhrgyuoqe5865db-68tkgb14fa318f7133f03.smil/playlist.m3u8,,,,PortoCanal.pt@SD,,,,https://i.imgur.com/DwziwMY.png,General,,iptv-org-all.txt
PortuTV (480p) [Not 24/7],https://streamtv.intervenhosting.net:3789/live/portutvlive.m3u8,,,,PortuguesaTelevision.ve@SD,,,,https://i.imgur.com/jHUSfGz.png,General,,iptv-org-all.txt
Positiv TV (1080p),https://livecdn.use1-0004.jwplive.com/live/sites/fGLyccP5/media/FoWynVnP/live.isml/.m3u8,,,,PositivTV.us@SD,,,,https://upload.wikimedia.org/wikipedia/en/8/82/Positiv_TV_Network_Logo.png,Family,,iptv-org-all.txt
Potta-Divine TV USA (480p),https://playout7multirtmp.tulix.tv/live21/Stream1/playlist.m3u8,,,,PottaDivineTVUSA.us@SD,,,,https://i.imgur.com/Yx0AnLW.png,Religious,,iptv-org-all.txt
Poudre School District TV (PSD TV) (Fort Collins CO) (720p),https://reflect-broadcast-psdschools.cablecast.tv/live-6/live/live.m3u8,,,,PSDTV.us@SD,,,,https://i.imgur.com/djT0Q8q.png,Education,,iptv-org-all.txt
Power 101.7 FM (720p),https://vcp11.myplaytv.com/powerfm/powerfm/playlist.m3u8,,,,Power1017FM.aw@SD,,,,https://i.imgur.com/bkQrXjB.png,Music,,iptv-org-all.txt
Power Dance (1080p),https://livetv.powerapp.com.tr/dance/dance.smil/playlist.m3u8,,,,PowerDance.tr@SD,,,,https://i.imgur.com/QpPteBO.png,Music,,iptv-org-all.txt
Power Hit Radio (576p),https://cdnlb.tvplayhome.lt/live/eds/PWR_LTU_Live/GO3_LIVE_HLS/PWR_LTU_Live.m3u8,,,,PowerHitRadio.lt@SD,,,,https://i.imgur.com/GOlQbfC.png,Music,,iptv-org-all.txt
Power Love (1080p),https://livetv.powerapp.com.tr/plove/love.smil/playlist.m3u8,,,,PowerLove.tr@SD,,,,https://i.imgur.com/0RzUswR.png,Music,,iptv-org-all.txt
Power Max Radio TV (720p),https://videostream.shockmedia.com.ar:19360/radio1045/radio1045.m3u8,,,,PowerMaxRadioTV.ar@SD,,,,https://i.ibb.co/qgZLYDj/channels4-profile-6.jpg,Entertainment,,iptv-org-all.txt
Power Rangers (1080p) [Geo-blocked],https://amg00461-eone-amg00461c2-firetv-us-5210.playouts.now.amagi.tv/playlist.m3u8,,,,,,,,,Undefined,,iptv-org-all.txt
Power Turk (1080p) [Not 24/7],https://livetv.powerapp.com.tr/powerturkTV/powerturkhd.smil/playlist.m3u8,,,,PowerTurkTV.tr@SD,,,,https://i.imgur.com/9OPoXQG.png,Undefined,,iptv-org-all.txt
Power Türk Akustik (1080p),https://livetv.powerapp.com.tr/pturkakustik/akustik.smil/playlist.m3u8,,,,PowerTurkAkustik.tr@SD,,,,https://i.imgur.com/driabBO.png,Music,,iptv-org-all.txt
Power Türk Slow (1080p),https://livetv.powerapp.com.tr/pturkslow/slow.smil/playlist.m3u8,,,,PowerTurkSlow.tr@SD,,,,https://i.imgur.com/tQSoQXW.png,Music,,iptv-org-all.txt
Power Türk Taptaze (1080p),https://livetv.powerapp.com.tr/pturktaptaze/taptaze.smil/playlist.m3u8,,,,PowerTurkTaptaze.tr@SD,,,,https://i.imgur.com/a5nW3HU.png,Music,,iptv-org-all.txt
Power TV (1080p),https://livetv.powerapp.com.tr/powerTV/powerhd.smil/playlist.m3u8,,,,PowerTV.tr@SD,,,,https://i.imgur.com/XSL1gd7.png,Undefined,,iptv-org-all.txt
PowerHD,https://live2.tensila.com/1-1-1.power-tv/hls/master.m3u8,,,,PowerHD.ar@SD,,,,https://i.imgur.com/15gMDG0.png,Undefined,,iptv-org-all.txt
PowerNation (1080p),https://amg01258-raycomsports-powernationau-samsungau-18bwc.amagi.tv/playlist.m3u8,,,,PowerNationTV.us@SD,,,,https://i.imgur.com/jguTO8E.png,Auto,,iptv-org-all.txt
Powertube TV (1080p),https://streams2.sofast.tv/powertube_live/master.m3u8,,,,,,,,,Undefined,,iptv-org-all.txt
Prag News (576p),https://streams.tangotv.in/PRAGNEWS/ORIGIN/index.m3u8,,,,PragNews.in@SD,,,,https://dtil.tmsimg.com/assets/s143671_ld_h15_aa.png?lock=720x540,News,,iptv-org-all.txt
Praise TV (720p),https://livecdn.live247stream.com/praise/tv/playlist.m3u8,,,,PraiseTV.pk@SD,,,,https://i.imgur.com/T9fIdLs.png,Undefined,,iptv-org-all.txt
Prameya News7 (576p),https://mumt03.tangotv.in/Dsly5z3HPRAMEYANEWS7/index.m3u8,,,,PrameyaNews7.in@SD,,,,https://dtil.tmsimg.com/assets/s143578_ld_h15_aa.png?lock=720x540,News,,iptv-org-all.txt
Prarthana TV (720p),https://livetv.tarangplus.in/prarthana-origin/live/playlist.m3u8,,,,PrarthanaTV.in@SD,,,,https://i.imgur.com/gj7dtNF.png,Undefined,,iptv-org-all.txt
Pratham Khabar 24x7 (576p),https://livelegitpro.in/hls2/newstime/index.m3u8,,,,PrathamKhabar24x7.in@SD,,,,https://i.imgur.com/HNsg5Px.png,News,,iptv-org-all.txt
Pratidin Time (576p),https://server.thelegitpro.in/pratidintime/pratidintime/index.fmp4.m3u8,,,,PratidinTime.in@SD,,,,https://xstreamcp-assets-msp.streamready.in/assets/LIVETV/LIVECHANNEL/LIVETV_LIVETVCHANNEL_PRATIDIN_TIME/images/LOGO_HD/image.png,News,,iptv-org-all.txt
Pravah Picture HD (1080p),http://149.71.34.166:8000/play/a06f/index.m3u8,,,,PravahPicture.in@HD,,,,https://i.imgur.com/T76S4x3.png,Movies,,iptv-org-all.txt
Pravasi Channel (1080p),https://m6gdavepdn93-hls-live.5centscdn.com/pravasi/d0dbe915091d400bd8ee7f27f0791303.sdp/playlist.m3u8,,,,PravasiChannel.in@SD,,,,https://i.imgur.com/1dHarb7.png,Undefined,,iptv-org-all.txt
Preludio TV,https://tv.arkeo.cl:1936/preludio/preludio/playlist.m3u8,,,,PreludioTV.cl@SD,,,,https://www.preludioradio.cl/wp-content/uploads/2023/06/logopreludio.png,Religious,,iptv-org-all.txt
Premialnoe HD (1080p),http://stream.mcquack.net/421/index.m3u8,,,,Premialnoe.ru@HD,,,,https://i.imgur.com/ck4aLBP.png,Movies,,iptv-org-all.txt
Premier Sports (1080p),https://amg19223-amg19223c3-amgplt0351.playout.now3.amagi.tv/playlist/amg19223-amg19223c3-amgplt0351/playlist.m3u8,,,,PremierSports.ph@SD,,,,https://i.imgur.com/BURPHzI.png,Sports,,iptv-org-all.txt
Premier Sports 2 (1080p),https://amg19223-amg19223c4-amgplt0351.playout.now3.amagi.tv/playlist/amg19223-amg19223c4-amgplt0351/playlist.m3u8,,,,PremierSports2.ph@SD,,,,https://i.imgur.com/UQeXWd2.png,Sports,,iptv-org-all.txt
Prensa Latina TV (1080p),https://eu1.servers10.com:8081/8192/index.m3u8,,,,PrensaLatinaTV.cu@SD,,,,https://i.imgur.com/jbm2S9O.jpg,News,,iptv-org-all.txt
Presencia TV (720p) [Not 24/7],https://stream.oursnetworktv.com/latin/remaPresencia/playlist.m3u8,,,,PresenciaTelevision.gt@SD,,,,https://i.imgur.com/SVho6El.png,Religious,,iptv-org-all.txt
Press TV French (1080p),https://live4.presstv.ir/live/smil:presstvfr.smil/playlist.m3u8,,,,PressTVFrench.ir@SD,,,,https://upload.wikimedia.org/wikipedia/commons/thumb/f/fb/Press_TV_logo.svg/960px-Press_TV_logo.svg.png,News,,iptv-org-all.txt
Presumiendo México (720p),https://60417ddeaf0d9.streamlock.net/telemetrika/smil:telemetrika.smil/playlist.m3u8,,,,PresumiendoMexico.mx@SD,,,,https://i.imgur.com/bFG4Rqz.png,Culture,,iptv-org-all.txt
PRIDEtv LATAM (1080p),https://backend.energeek.cl/webtv/pridetvweb/index.m3u8?token=ZZDemoIPTVGH,,,,PRIDEtvLATAM.cl@HD,,,,,Entertainment;Lifestyle;Music,,iptv-org-all.txt
Priklyucheniya HD (1080p),http://stream.mcquack.net/198/index.m3u8,,,,Priklyucheniya.ru@HD,,,,https://i.imgur.com/qQ6pPPQ.png,Undefined,,iptv-org-all.txt
Prima (1080p),http://88.212.15.19/live/prima_avc_25p/playlist.m3u8,,,,Prima.cz@SD,,,,https://upload.wikimedia.org/wikipedia/commons/thumb/2/2c/Prima_2013.png/960px-Prima_2013.png,Undefined,,iptv-org-all.txt
Prima Cool,http://88.212.15.19/live/prima_cool_cz_avc/index.m3u8,,,,PrimaCool.cz@SD,,,,https://upload.wikimedia.org/wikipedia/commons/thumb/5/50/Prima_Cool_logo_zelen%C3%A9.png/960px-Prima_Cool_logo_zelen%C3%A9.png,Undefined,,iptv-org-all.txt
Prima Cool SK (1080p),http://88.212.15.19/live/prima_cool_avc_25p/playlist.m3u8,,,,PrimaCoolSK.sk@SD,,,,https://upload.wikimedia.org/wikipedia/commons/0/06/Prima_COOL_SK_logo.png,Undefined,,iptv-org-all.txt
Prima Love,http://88.212.15.19/live/prima_love_cz_avc/index.m3u8,,,,PrimaLove.cz@SD,,,,https://upload.wikimedia.org/wikipedia/commons/thumb/e/ec/Prima_Love_logo_2018.png/960px-Prima_Love_logo_2018.png,Undefined,,iptv-org-all.txt
Prima Show (1080p),http://88.212.15.19/live/test_prima_show_hevc_25p/playlist.m3u8,,,,PrimaShow.cz@SD,,,,https://i.imgur.com/XbwAwkp.png,Undefined,,iptv-org-all.txt
Prima Star (1080p),http://88.212.15.19/live/test_prima_star_hevc_25p/playlist.m3u8,,,,PrimaStar.cz@SD,,,,https://i.imgur.com/ppqgNDA.png,Undefined,,iptv-org-all.txt
Prima TV Sicilia (720p),https://5db313b643fd8.streamlock.net/PrimaTV/PrimaTV/playlist.m3u8,,,,PrimaTV.it@SD,,,,https://i.imgur.com/HE9c8Sk.png,General,,iptv-org-all.txt
Prima Zoom (1080p),http://88.212.15.19/live/prima_zoom_avc_25p/playlist.m3u8,,,,PrimaZoom.cz@SD,,,,https://i.imgur.com/uNJqZ6p.png,Undefined,,iptv-org-all.txt
PrimaFree,https://5f22d76e220e1.streamlock.net/primafree/primafree/playlist.m3u8,,,,PrimaFree.it@SD,,,,https://irp.cdn-website.com/184bfd6a/MOBILE/jpg/477.jpg,General,,iptv-org-all.txt
PrimAntenna TV (720p),https://5f22d76e220e1.streamlock.net/primantenna14/primantenna14/playlist.m3u8,,,,PrimAntennaTV.it@SD,,,,https://i.imgur.com/4Bx2321.png,General,,iptv-org-all.txt
Primavera 15,https://mc.servidor.stream:19360/8244/8244.m3u8,,,,Primavera15.pe@SD,,,,https://i.imgur.com/wsJ8Ag2.png,General,,iptv-org-all.txt
Prime (1080p),https://mn-nl.mncdn.com/primetv/live/index.m3u8,,,,Prime.sy@HD,,,,https://prime1tv.com/wp-content/uploads/2025/12/7-1.png,General;Sports,,iptv-org-all.txt
Prime9 News (576p),https://mumt01.tangotv.in/O5aw8Zn3PRIME9NEWS/index.m3u8,,,,Prime9News.in@SD,,,,https://jiotvimages.cdn.jio.com/dare_images/images/Prime_9_News.png,News,,iptv-org-all.txt
Prime Asia TV (1080p),http://primeasia.selfip.net/Samsung/index.m3u8,,,,PrimeAsiaTV.ca@SD,,,,https://jiotvimages.cdn.jio.com/dare_images/images/Prime_Asia_HD.png,Undefined,,iptv-org-all.txt
Prime Canada TV (720p) [Not 24/7],http://cdn27.live247stream.com/primecanada/247/primecanada/stream1/playlist.m3u8,,,,PrimeCanadaTV.ca@SD,,,,https://i.imgur.com/Vji81jB.png,Entertainment,,iptv-org-all.txt
Prime News (576p),https://mumt02.tangotv.in/PRIMENEWS/index.m3u8,,,,PrimeNews.in@SD,,,,https://jiotvimages.cdn.jio.com/dare_images/images/Prime_News.png,News,,iptv-org-all.txt
Primer TV (1080p),http://200.194.238.229:8383/live/primer/playlist.m3u8,,,,PrimerTV.br@SD,,,,https://i.imgur.com/PMptSP3.png,General,,iptv-org-all.txt
Primeval,https://jmp2.uk/plu-65dded9a0d456100081417ae.m3u8,,,,,,,,,Undefined,,iptv-org-all.txt
Primicia Vida (720p),https://mc.servidor.stream:19360/8248/8248.m3u8,,,,PrimiciaVida.cl@SD,,,,https://i.imgur.com/hnkVwTG.png,Religious,,iptv-org-all.txt
Primitivos TV (720p),https://5eaccbab48461.streamlock.net:1936/heqhvtgebg/heqhvtgebg/playlist.m3u8,,,,PrimitivosTV.cl@SD,,,,https://i.imgur.com/w9WpbTN.jpeg,General,,iptv-org-all.txt
Primocanale (1080p) [Not 24/7],https://msh0203.stream.seeweb.it/live/flv:stream2.sdp/playlist.m3u8,,,,Primocanale.it@SD,,,,https://i.imgur.com/eunZ2Sa.png,Undefined,,iptv-org-all.txt
Privesc.Eu TV (2160p),https://cachestar.privesc.eu/liniar/moldova/playlist.m3u8,,,,PrivescEuTV.md@SD,,,,https://i.imgur.com/ukBacSn.png,Legislative,,iptv-org-all.txt
Pro100TV (576p),https://sirius.greenhosting.ru/Pro100tvRu/video.m3u8,,,,Pro100TV.ru@SD,,,,https://i.imgur.com/YfQEflM.png,Animation;Classic;Entertainment;Family;Movies,,iptv-org-all.txt
Pro Business (720p),https://tv-streaming.bsh.ru:21938/probusiness/probusiness.stream/playlist.m3u8,,,,ProBusiness.ru@SD,,,,https://i.imgur.com/1u8KvTD.png,Business,,iptv-org-all.txt
Pro Lyubov (1080p),http://hls127.freeott.top:8080/ProLubovHD/video.m3u8,,,,ProLyubov.ru@SD,,,,https://i.imgur.com/QpIGAT0.png,Undefined,,iptv-org-all.txt
PRO TV Chisinau (480p),https://stream.protv.md/live/sursa-1/index.m3u8,,,,PROTVChisinau.md@SD,,,,https://i.imgur.com/X5PYRxF.png,General;News,,iptv-org-all.txt
Pro TV News (1080p),https://cmero-ott-live.ssl.cdn.cra.cz/channels/cme-ro-voyo-news/playlist.m3u8?offsetSeconds=0&url=0,,,,PROTVNews.ro@SD,,,,,News,,iptv-org-all.txt
Probashi TV News (1080p),http://158.69.24.53:8080/probashi_tv/index.m3u8,,,,ProbashiTVNews.ca@SD,,,,https://i.imgur.com/7oTsfQ4.png,News,,iptv-org-all.txt
Proclamación TV [Not 24/7],https://video2.getstreamhosting.com:19360/8000/8000.m3u8,,,,ProclamacionTV.ve@SD,,,,https://i.imgur.com/8dt7awY.jpeg,Religious,,iptv-org-all.txt
Productiva TV,https://copacoradios.desdeparaguay.net/productivatv/productivatv_baja/playlist.m3u8?admin=nacion,,,,ProductivaTV.py@SD,,,,https://i.imgur.com/KXHK7UP.png,Outdoor,,iptv-org-all.txt
Prodvizhenie (1080p),https://streaming.astrakhan.ru/proastrakhanhd/index.m3u8,,,,Prodvizhenie.ru@SD,,,,https://i.imgur.com/KlsnfG9.png,Undefined,,iptv-org-all.txt
PROFI 24 TV,https://live.ro24tv.ro/hls/stream.m3u8,,,,PROFI24TV.ro@SD,,,,https://profi24.ro/wp-content/uploads/2025/03/Logo_Profi24_Nou_Logo_Profi24_Landscape_Logo_Profi24_Landscape-e1742981714264.png,General,,iptv-org-all.txt
Profiling Paris,https://jmp2.uk/plu-67d984c989788ef7f058b084.m3u8,,,,,,,,,Undefined,,iptv-org-all.txt
Project Runway (1080p),https://amg02189-amg02189c1-samsung-au-5798.playouts.now.amagi.tv/playlist.m3u8,,,,,,,,,Undefined,,iptv-org-all.txt
Project Runway (1080p),https://d2zkt0rpioct1v.cloudfront.net/ProjectRunway_GB.m3u8,,,,,,,,,Undefined,,iptv-org-all.txt
Project Runway (1080p) [Geo-blocked],https://pb-w5i1ok5f9169m.akamaized.net/Project_Runway.m3u8,,,,,,,,,Undefined,,iptv-org-all.txt
Project Runway (720p),https://jmp2.uk/plu-681b16158f97d58ff194a3a9.m3u8,,,,,,,,,Undefined,,iptv-org-all.txt
Project Runway (720p),https://jmp2.uk/plu-627254d6ba35210007e5d4ca.m3u8,,,,,,,,,Undefined,,iptv-org-all.txt
Project Runway (720p),https://jmp2.uk/plu-61814ff322e67b00074a5c43.m3u8,,,,,,,,,Undefined,,iptv-org-all.txt
Project Runway (720p),https://jmp2.uk/plu-62724c8465731f0007b6cd86.m3u8,,,,,,,,,Undefined,,iptv-org-all.txt
Project Runway (720p),https://jmp2.uk/plu-66d82143abec540008bd2b1c.m3u8,,,,,,,,,Undefined,,iptv-org-all.txt
Project Runway,https://jmp2.uk/plu-68757c60552299d2b080eab6.m3u8,,,,,,,,,Undefined,,iptv-org-all.txt
PromarTV (1080p) [Not 24/7],http://vcp1.myplaytv.com:1935/promar/promar/playlist.m3u8,,,,PromarTV.ve@SD,,,,https://upload.wikimedia.org/wikipedia/commons/9/9f/Promar_Television.png,General,,iptv-org-all.txt
Promovideo TV (486p),https://media2021.rtvweb.com/promovideo_web/promovideo/playlist.m3u8,,,,PromovideoTV.it@SD,,,,https://i.imgur.com/eKpS5Ck.png,General,,iptv-org-all.txt
Pronems TV (1080p) [Not 24/7],https://fox.hostlagarto.com:8081/pronemstv/playlist.m3u8,,,,PronemsTV.do@SD,,,,https://i.imgur.com/a9ORO1G.png,Entertainment,,iptv-org-all.txt
Pronto-socorro: Histórias De Emergência,https://jmp2.uk/plu-61bb72a7bf8c520007a8fd27.m3u8,,,,ProntosocorroHistoriasDeEmergencia.us@Brazil,,,,https://i.imgur.com/0PkyJ3U.png,Education,,iptv-org-all.txt
Property & Reno (1080p) [Geo-blocked],https://linear-476.frequency.stream/dist/glewedtv/476/hls/master/playlist.m3u8,,,,,,,,,Undefined,,iptv-org-all.txt
Property & Reno (1080p) [Geo-blocked],https://linear-476.frequency.stream/dist/xumo/476/hls/master/playlist.m3u8,,,,,,,,,Undefined,,iptv-org-all.txt
Property Brothers (720p),https://jmp2.uk/plu-698384cb7230043f21f4a3f4.m3u8,,,,,,,,,Undefined,,iptv-org-all.txt
ProSieben (1080p),https://dash4.antik.sk/live/test_pro_sieben_tizen/playlist.m3u8,,,,ProSieben.de@SD,,,,https://i.imgur.com/zZOk3nh.png,Undefined,,iptv-org-all.txt
Prosveshchenie (576p),http://cdn-01.bonus-tv.ru/prosveschenie_edge/index.m3u8,,,,Prosveshchenie.ru@SD,,,,https://i.imgur.com/uppFhhq.png,Undefined,,iptv-org-all.txt
Prudent Media (1080p),https://prudentmcdn.rixcast.com/prudentm.m3u8,,,,PrudentMedia.in@SD,,,,https://i.imgur.com/DG0x4UD.png,News,,iptv-org-all.txt
Prva (1080p),https://de1.dstv.cx/PrvaTVHD/index.m3u8,,,,Prva.rs@SD,,,,https://i.imgur.com/NA31Gtm.png,Undefined,,iptv-org-all.txt
Prva Files,https://de1.dstv.cx/PrvaFiles/index.m3u8,,,,PrvaFiles.rs@SD,,,,https://i.imgur.com/8lZgAXu.png,Undefined,,iptv-org-all.txt
Prva Kick (1080p),https://de1.dstv.cx/PrvaKick/index.m3u8,,,,PrvaKick.rs@SD,,,,https://i.imgur.com/zsXD3cd.png,Undefined,,iptv-org-all.txt
Prva Life (1080p),https://de1.dstv.cx/PrvaLife/index.m3u8,,,,PrvaLife.rs@SD,,,,https://i.imgur.com/fHntwzn.png,Undefined,,iptv-org-all.txt
Prva Max (1080p),https://de1.dstv.cx/PrvaMax/index.m3u8,,,,PrvaMax.rs@SD,,,,https://i.imgur.com/BzxmOaQ.png,Undefined,,iptv-org-all.txt
Prva Plus (1080p),https://de1.dstv.cx/PrvaPlus/index.m3u8,,,,PrvaPlus.rs@SD,,,,https://i.imgur.com/IlenHxZ.png,Undefined,,iptv-org-all.txt
Prva World (1080p),https://de1.dstv.cx/PrvaWorld/index.m3u8,,,,PrvaWorld.rs@SD,,,,https://i.imgur.com/tuh1vzj.png,Undefined,,iptv-org-all.txt
PSM News,https://customer-ujex1meek7koqd9x.cloudflarestream.com/21262545317dadfa20dab4f9bd37c7c2/manifest/video.m3u8,,,,PSMNews.mv@SD,,,,https://i.imgur.com/mGuBbPv.png,News,,iptv-org-all.txt
PSN (288p),https://srspsn.live/live/livestream.m3u8,,,,PSN.mx@SD,,,,https://i.imgur.com/7i7GkSL.png,Entertainment;News,,iptv-org-all.txt
PSN Canal 45.2 (288p),https://srspsn2.live/live/livestream.m3u8,,,,PSNCanal452.mx@SD,,,,https://i.imgur.com/7i7GkSL.png,News,,iptv-org-all.txt
PSTV HD (480p) [Not 24/7],http://51.254.199.122:8080/PSTV/index.m3u8,,,,PSTVHD.cd@SD,,,,https://i.imgur.com/xQlkuAa.png,General,,iptv-org-all.txt
PTC Chakde (720p),https://cdn-1.pishow.tv/live/449/master.m3u8,,,,PTCChakde.in@SD,,,,https://xstreamcp-assets-msp.streamready.in/assets/LIVETV/LIVECHANNEL/LIVETV_LIVETVCHANNEL_PTC_CHAKDE/images/LOGO_HD/image.png,Music,,iptv-org-all.txt
PTC Music (720p),https://d2lk5u59tns74c.cloudfront.net/out/v1/f913cf893c594f73b114216e74a2efbc/index.m3u8,,,,PTCMusic.in@SD,,,,https://xstreamcp-assets-msp.streamready.in/assets/LIVETV/LIVECHANNEL/LIVETV_LIVETVCHANNEL_PTC_MUSIC/images/LOGO_HD/image.png,Music,,iptv-org-all.txt
PTC Punjabi (720p),http://103.213.31.109:90/ActionCinema/playlist.m3u8,,,,PTCPunjabi.in@SD,,,,https://xstreamcp-assets-msp.streamready.in/assets/LIVETV/LIVECHANNEL/LIVETV_LIVETVCHANNEL_PTC_PUNJABI/images/LOGO_HD/image.png,Entertainment,,iptv-org-all.txt
PTC Punjabi Canada (1080p),https://stream.ottlive.co.in/ptccanada/index.m3u8,,,,PTCPunjabiCanada.ca@SD,,,,https://upload.wikimedia.org/wikipedia/en/8/88/PTC_Punjabi.png,Undefined,,iptv-org-all.txt
PTC Punjabi Gold (1080p),https://d3qs3d2rkhfqrt.cloudfront.net/out/v1/6e14bac6d0384e129521a4d005188bfb/index.m3u8,,,,PTCPunjabiGold.in@SD,,,,https://xstreamcp-assets-msp.streamready.in/assets/LIVETV/LIVECHANNEL/LIVETV_LIVETVCHANNEL_PTC_PUNJABI_GOLD/images/LOGO_HD/image.png,Entertainment,,iptv-org-all.txt
PTC Punjabi HD (1080p),https://d3qs3d2rkhfqrt.cloudfront.net/out/v1/3e22a9c278db4e3eb779afd42e41b0a6/index.m3u8,,,,PTCPunjabi.in@HD,,,,https://xstreamcp-assets-msp.streamready.in/assets/LIVETV/LIVECHANNEL/LIVETV_LIVETVCHANNEL_PTC_PUNJABI/images/LOGO_HD/image.png,Entertainment,,iptv-org-all.txt
PTL Television Network (1080p),https://storage.sardius.media/archives/-KyMV-J0vDqnClcSXs8p/events/site_1a4721d3BA/playlist.m3u8,,,,PTLTVNetwork.us@SD,,,,https://i.imgur.com/EhISpCd.png,Religious,,iptv-org-all.txt
PTV (720p),https://giatv.bozztv.com/giatv/giatv-PTVonLINE/PTVonLINE/playlist.m3u8,,,,PTV.bo@SD,,,,https://i.imgur.com/vPvR7dX.png,Undefined,,iptv-org-all.txt
PTV (720p),https://cdn15.live-tv.cloud/ua_infinitas_tv/hrpl-abr/playlist.m3u8,,,,PTV.ua@SD,,,,https://i.imgur.com/WDHoSVz.png,News,,iptv-org-all.txt
PTV Córdoba (1080p),https://streamer.zapitv.com/PTV_CORDOBA/index.m3u8,,,,PTVCordoba.es@SD,,,,https://i.imgur.com/X3eIdVf.png,General,,iptv-org-all.txt
PTV Granada (720p),https://streamer.zapitv.com/PTV-granada/index.m3u8,,,,PTVGranada.es@SD,,,,https://i.imgur.com/eOcAakM.png,General,,iptv-org-all.txt
PTV Linares (720p),https://streamer.zapitv.com/ptv-linarez/index.m3u8,,,,PTVLinares.es@SD,,,,https://i.imgur.com/IqChsLQ.png,General,,iptv-org-all.txt
PTV Málaga (1080p),https://streamer.zapitv.com/PTV-malaga/index.m3u8,,,,PTVMalaga.es@SD,,,,https://i.imgur.com/4eZYIX1.png,Undefined,,iptv-org-all.txt
PTV News (1080p),http://103.250.28.74:8000/play/a017/index.m3u8,,,,PTVNews.pk@SD,,,,https://i.imgur.com/Fpn8VU7.png,News,,iptv-org-all.txt
PTV Sevilla (1080p),https://streamer.zapitv.com/PTV_sevilla/index.m3u8,,,,PTVSevilla.es@SD,,,,https://i.imgur.com/EcinFGu.png,General,,iptv-org-all.txt
PTV Sports (1080p),http://103.250.28.74:8000/play/a019/index.m3u8,,,,PTVSports.pk@SD,,,,https://i.imgur.com/CPm6GHA.png,Sports,,iptv-org-all.txt
Public 4K TV,http://103.180.240.141:8080/hls/main1/playlist.m3u8,,,,Public4KTV.np@HD,,,,https://i.imgur.com/JxEzgDP.png,Entertainment,,iptv-org-all.txt
Public Movies (576p),https://mumt04.tangotv.in/m18aqlK4PUBLICMOVIES/index.m3u8,,,,PublicMovies.in@SD,,,,https://xstreamcp-assets-msp.streamready.in/assets/LIVETV/LIVECHANNEL/LIVETV_LIVETVCHANNEL_PUBLIC_MOVIES/images/LOGO_HD/image.png,Movies,,iptv-org-all.txt
Public Music (720p) [Not 24/7],https://cdn-3.pishow.tv/live/441/master.m3u8,,,,PublicMusic.in@SD,,,,https://xstreamcp-assets-msp.streamready.in/assets/LIVETV/LIVECHANNEL/LIVETV_LIVETVCHANNEL_PUBLIC_MUSIC/images/LOGO_HD/image.png,Music,,iptv-org-all.txt
Public News (1080p),http://103.250.28.74:8000/play/a04g/index.m3u8,,,,PublicNews.pk@SD,,,,https://i.imgur.com/q3ij8wO.png,News,,iptv-org-all.txt
Public TV (720p),https://cdn-3.pishow.tv/live/439/master.m3u8,,,,PublicTV.in@SD,,,,https://xstreamcp-assets-msp.streamready.in/assets/LIVETV/LIVECHANNEL/LIVETV_LIVETVCHANNEL_PUBLIC_TV/images/LOGO_HD/image.png,News,,iptv-org-all.txt
Pucon TV (1080p),https://redirector.dps.live/hls/pucontv/playlist.m3u8,,,,PuconTV.cl@SD,,,,https://i.imgur.com/nO4cV3E.png,Undefined,,iptv-org-all.txt
Pudhari News (576p),https://streams.tangotv.in/PUDHARINEWS/ORIGIN/index.m3u8,,,,PudhariNews.in@SD,,,,https://xstreamcp-assets-msp.streamready.in/assets/LIVETV/LIVECHANNEL/LIVETV_LIVETVCHANNEL_PUDHARI_NEWS/images/LOGO_HD/image.png,News,,iptv-org-all.txt
Puissance TV,https://event.vedge.infomaniak.com/livecast/ik:puissancetelevision/manifest.m3u8,,,,PuissanceTV.fr@SD,,,,https://pbs.twimg.com/profile_images/1274572654016675842/A6v8Qo_X_400x400.jpg,General,,iptv-org-all.txt
Pula TV (1080p) [Not 24/7],https://fox.hostlagarto.com:8081/pulatv/index.m3u8,,,,PulaTV.do@SD,,,,https://i.imgur.com/8gSLJ2f.png,Entertainment,,iptv-org-all.txt
Pulari TV,https://royalstarindia.co.in/pularitv_hls/pularitv.m3u8,,,,PulariTV.in@SD,,,,https://i.imgur.com/v5urG30.png,Entertainment,,iptv-org-all.txt
Puls 2 (1080p),https://edge01.cdn.emitel.pl/bpk-tv/Puls2_HD/hbbtv-hls/index.m3u8,,,,Puls2.pl@SD,,,,https://i.imgur.com/EOnzPiZ.png,Undefined,,iptv-org-all.txt
Puls 2 HD (1080p),http://193.24.244.60:1001/udp/239.254.4.122:6060,,,,Puls2.pl@HD,,,,https://i.imgur.com/EOnzPiZ.png,Undefined,,iptv-org-all.txt
Pulse (1080p),https://amg01076-lightningintern-pulse-samsungau-4a45e.amagi.tv/playlist/amg01076-lightningintern-pulse-samsungau/playlist.m3u8,,,,,,,,,Undefined,,iptv-org-all.txt
Pulse95 Radio (1080p),https://svs.itworkscdn.net/pulse95live/pulse96/playlist.m3u8,,,,Pulse95Radio.ae@SD,,,,https://maraya.faulio.com/storage/mediagallery/60/26/fullhd_d5c3c81b0562a76bc63f073a5e0947f309b0215b.png,Undefined,,iptv-org-all.txt
Pulse TV (1080p),https://cdn-apse1-prod.tsv2.amagi.tv/linear/amg01076-lightningintern-pulse-samsungnz/playlist.m3u8,,,,,,,,,Undefined,,iptv-org-all.txt
Punjabi Hits (1080p),https://stream.ottlive.co.in/punjabihits/index.m3u8,,,,PunjabiHits.in@SD,,,,https://dtil.tmsimg.com/assets/s143691_ld_h15_aa.png?lock=720x540,Music,,iptv-org-all.txt
Punjabi Shorts (1080p),https://vglivessai.akamaized.net/ptnr-yupptv/title-Punjabi_Shorts/in/v1/master/611d79b11b77e2f571934fd80ca1413453772ac7/27c3fd7a-b01f-4b00-ac03-557ac77acd47/index.m3u8,,,,PunjabiShorts.in@SD,,,,https://www.thegtcnetwork.com/punjabi-shorts.jpg,Movies,,iptv-org-all.txt
Punjabi Zindabad (360p) [Not 24/7],http://stream.pztv.online/pztv/playlist.m3u8,,,,PunjabiZindabadTV.in@SD,,,,https://i.imgur.com/H46oTS2.png,Undefined,,iptv-org-all.txt
PUNKTum Fernsehen (1080p) [Not 24/7],http://58bd5b7a98e04.streamlock.net/medienasa-live/punktum_high/playlist.m3u8,,,,PUNKTumFernsehen.de@SD,,,,https://i.imgur.com/3yamOmw.png,Undefined,,iptv-org-all.txt
Punt 3 Vall Uixó (1080p),https://bit.controlstreams.com:5443/LiveApp/streams/punt3.m3u8,,,,Punt3.es@SD,,,,https://i.imgur.com/i9tsnhD.png,Undefined,,iptv-org-all.txt
Punta Cana TV (720p) [Not 24/7],https://fox.hostlagarto.com:8081/puntacanatv/index.m3u8,,,,PuntaCanaTV.do@SD,,,,https://i.imgur.com/KF7fLTx.png,General,,iptv-org-all.txt
Puntland TV (720p),http://cdn.mediavisionuae.com:1935/live/putlandtv2.stream/playlist.m3u8,,,,PuntlandTV.so@SD,,,,https://i.imgur.com/C8EvQUo.png,General,,iptv-org-all.txt
Punto TV (1080p) [Not 24/7],https://fox.hostlagarto.com:8081/puntotv/index.m3u8,,,,PuntoTV.do@SD,,,,https://imgur.com/vfvN6ox.png,General,,iptv-org-all.txt
Punto TV Digital 40 [Geo-blocked],https://ss2.tvrdomi.com:1936/puntotvdigital/puntotvdigital/playlist.m3u8,,,,PuntoTVDigital40.do@SD,,,,https://puntotvdigital.net/wp-content/uploads/2024/02/logo.png,General,,iptv-org-all.txt
Pura Palabra (718p) [Not 24/7],https://59825a54e4454.streamlock.net:8443/william233/william233/playlist.m3u8,,,,PuraPalabra.pr@SD,,,,https://i.imgur.com/nl5vyIw.png,Undefined,,iptv-org-all.txt
Puranoticia TV (720p),https://pnt.janusmedia.tv/hls/pnt.m3u8,,,,PuranoticiaTV.cl@SD,,,,https://i.imgur.com/NklUi6Y.png,News,,iptv-org-all.txt
Puringla TV,https://stmv2.srvif.com/puringla/puringla/playlist.m3u8,,,,PuringlaTV.hn@SD,,,,https://i.imgur.com/CGyjxPO.jpg,General,,iptv-org-all.txt
Puro Romance,https://stream.ads.ottera.tv/playlist.m3u8?network_id=1082,,,,,,,,,Undefined,,iptv-org-all.txt
Pursuit Channel (720p),https://a-cdn.klowdtv.com/live3/pursuit_720p/playlist.m3u8,,,,PursuitChannel.us@SD,,,,https://upload.wikimedia.org/wikipedia/en/d/d6/Pursuit_Channel_logo.png,Undefined,,iptv-org-all.txt
Pursuit UP (1080p),https://d1p1siomv3cm7b.cloudfront.net/playlist.m3u8,,,,PursuitUP.us@SD,,,,https://i.imgur.com/5Vzwqts.png,Outdoor,,iptv-org-all.txt
Puruwa TV (1080p),https://live.tvcontrolcp.com:1936/puruwatv/puruwatv/playlist.m3u8,,,,PuruwaTV.ec@SD,,,,https://i.imgur.com/CYldC2R.png,General,,iptv-org-all.txt
Puthiya Thalaimurai (576p),https://mumt07.tangotv.in/zHjX9OFlPUTHIYAEXPRESS/index.m3u8,,,,PuthiyaThalaimurai.in@SD,,,,https://dtil.tmsimg.com/assets/s143692_ld_h15_aa.png?lock=720x540,News,,iptv-org-all.txt
Puthuyugam TV (576p),https://mumt04.tangotv.in/m18aqlK4PUTHUYUGAMTV/index.m3u8,,,,PuthuyugamTV.in@SD,,,,https://dtil.tmsimg.com/assets/s143693_ld_h15_aa.png?lock=720x540,Undefined,,iptv-org-all.txt
Putnok Városi TV (720p),http://78.47.126.198:5080/LiveApp/streams/902003217052313577741820.m3u8?token=null,,,,PVTV.hu@SD,,,,https://i.imgur.com/eKXPBFb.png,General,,iptv-org-all.txt
Puto TV Classic TV Crime Drama,https://jmp2.uk/plu-696e61287d2afdec4ff2cb75.m3u8,,,,PutoTVClassicTVCrimeDrama.us@CA,,,,https://images.pluto.tv/channels/696e61287d2afdec4ff2cb75/colorLogoPNG_1768842232781.png,Classic,,iptv-org-all.txt
Puttinu [Geo-blocked],http://80.79.6.221:25461/smash/public/5,,,,,,,,,Undefined,,iptv-org-all.txt
Q2 News Billings (1080p),https://aegis-cloudfront-1.tubi.video/e6096a30-3bca-4157-b9c7-d7aa84d16e9e/playlist.m3u8,,,,,,,,,Undefined,,iptv-org-all.txt
Q'hubo TV (410p) [Not 24/7],https://5e85d90130e77.streamlock.net/6024/6024/playlist.m3u8,,,,QhuboTV.hn@SD,,,,https://i.imgur.com/yZmnfvj.png,Undefined,,iptv-org-all.txt
Q-Music (Belgium) (1080p),https://live-video.dpgmedia.net/e087512ad0c32643/out/v1/82d59bbe343b4d0896f829c59da82dc0/index.m3u8,,,,QMusic.be@SD,,,,https://i.imgur.com/VX5e9Xt.png,Music,,iptv-org-all.txt
Qaf TV (1080p),https://customer-9vqui33qma2rownb.cloudflarestream.com/7792e558fe54e23bdd4b462ec275cdba/manifest/video.m3u8,,,,QafTV.tr@SD,,,,https://i.imgur.com/hrk7Uce.png,Undefined,,iptv-org-all.txt
Qaraqalpaqstan (720p),https://stream8.cinerama.uz/1467/playlist.m3u8,,,,Qaraqalpaqstan.uz@SD,,,,https://i.imgur.com/G3qrUJh.png,General,,iptv-org-all.txt
Qatar Television (1080p),https://live.kwikmotion.com/qtv1live/qtv1.smil/playlist.m3u8,,,,QatarTelevision.qa@SD,,,,https://i.imgur.com/N5RB4sp.png,General,,iptv-org-all.txt
Qatar Television 2 (1080p),https://live.kwikmotion.com/qtv2live/qtv2.smil/playlist.m3u8,,,,QatarTelevision2.qa@SD,,,,https://i.imgur.com/iWJxDUm.png,General,,iptv-org-all.txt
Qatar TV The Holy Quran (1080p),https://qatartv.akamaized.net/hls/live/20000612/qtvquran/master.m3u8,,,,QatarTVTheHolyQuran.qa@HD,,,,https://www.qmc.qa/img/LiveChannels/1ca67a44-9290-4b2a-8a16-d8c6e2260816.jpg,Religious,,iptv-org-all.txt
Qausain TV (720p),https://acasmedia3.acangroup.org/qausaintv/qausaintv_output/playlist.m3u8,,,,QausainTV.ng@SD,,,,https://i.ibb.co/N70QyQ7/Qausain-TV-logo.png,Culture,,iptv-org-all.txt
Qazaqstan HD (1080p),http://stream.mcquack.net/71/index.m3u8,,,,Qazaqstan.kz@HD,,,,https://i.imgur.com/oI8g396.png,General,,iptv-org-all.txt
Qazaqstan International,https://stream8.cinerama.uz/1431/tracks-v1a1/mono.m3u8,,,,QazaqstanInternational.kz@SD,,,,https://cdn.qazaqstan.tv/qazaqstan.png?w=420&h=196&format=png&resize=aspectfill&g=centeralt=,General,,iptv-org-all.txt
QazSport (1080p),http://stream.mcquack.net/72/index.m3u8,,,,QazSport.kz@SD,,,,https://i.imgur.com/UDJ0P5Q.png,Sports,,iptv-org-all.txt
Qazvin,https://ncdn.telewebion.ir/qazvin/live/playlist.m3u8,,,,QazvinTV.ir@SD,,,,https://upload.wikimedia.org/wikipedia/commons/thumb/5/57/QazvinTV.svg/960px-QazvinTV.svg.png,Undefined,,iptv-org-all.txt
QBC (1080p),https://googlecdn1.alkassdigital.net/livestream/qbc4/main.m3u8,,,,QBC.qa@HD,,,,https://www.qbc.news/_next/static/media/logo.0~2x9wpd284~a.svg,Business;News,,iptv-org-all.txt
Qello Concerts (720p),https://jmp2.uk/plu-696998915a0ae9e1b563f0c6.m3u8,,,,,,,,,Undefined,,iptv-org-all.txt
Qello Concerts,https://jmp2.uk/plu-64240d3d466225000827412b.m3u8,,,,,,,,,Undefined,,iptv-org-all.txt
Qello Concerts by Stingray (1080p),https://d39g1vxj2ef6in.cloudfront.net/v1/master/3fec3e5cac39a52b2132f9c66c83dae043dc17d4/prod-rakuten-stitched/master.m3u8?ads.xumo_channelId=88883052,,,,QelloConcertsbyStingray.ca@Poland,,,,https://i.imgur.com/IRyFTWq.png,Music,,iptv-org-all.txt
Qello Concerts by Stingray (1080p),https://lotus.stingray.com/manifest/qello-qello001-montreal/samsungtvplus/master.m3u8,,,,QelloConcertsbyStingray.ca@SD,,,,https://i.imgur.com/IRyFTWq.png,Music,,iptv-org-all.txt
Qmusic (720p),https://stream.qmusic.nl/qmusic/videohls.m3u8,,,,Qmusic.nl@SD,,,,https://i.imgur.com/fMTuqDu.png,Music,,iptv-org-all.txt
Qollasuyo TV (720p),https://live-evg5.tv360.bitel.com.pe/bitel/qollasuyotv/playlist.m3u8,,,,QollasuyoTV.pe@SD,,,,https://i.imgur.com/6bi7fGB.jpeg,General,,iptv-org-all.txt
Qonaev Media,https://s.qonaevtv.kz/live/qonaev/playlist.m3u8,,,,QonaevMedia.kz@SD,,,,https://i.imgur.com/JLlqgdp.png,Entertainment,,iptv-org-all.txt
Qosqo Times (720p),https://live-evg5.tv360.bitel.com.pe/bitel/qosqo/playlist.m3u8,,,,QosqoTimes.pe@SD,,,,https://i.imgur.com/oWJauwQ.png,News,,iptv-org-all.txt
Qostanai (576p) [Not 24/7],https://stream.kaztrk.kz/regional/kostanaytv/index.m3u8,,,,Qostanai.kz@SD,,,,https://i.imgur.com/eOz4xJ8.png,Undefined,,iptv-org-all.txt
QPVN HD (1080p),https://liveh12.vtvprime.vn/hls/QPTV/index.m3u8,,,,QPVN.vn@HD,,,,https://i.imgur.com/GQO7UNu.png,Undefined,,iptv-org-all.txt
QTV Gambia (720p) [Not 24/7],https://player.qtv.gm/hls/live.stream.m3u8,,,,QTVGambia.gm@SD,,,,https://i.imgur.com/ZsTuADb.png,General,,iptv-org-all.txt
QTV-1,http://video10.qtv.com.cn/drm/qtv1at/manifest.m3u8,,,,QTV1.cn@SD,,,,https://www.tvchinese.net/uploads/tv/qdtv1.jpg,News,,iptv-org-all.txt
QTV-2,http://video10.qtv.com.cn/drm/qtv2at/manifest.m3u8,,,,QTV2.cn@SD,,,,https://www.tvchinese.net/uploads/tv/qdtv2.jpg,Lifestyle,,iptv-org-all.txt
QTV-3,http://video10.qtv.com.cn/drm/qtv3at/manifest.m3u8,,,,QTV3.cn@SD,,,,https://www.tvchinese.net/uploads/tv/qdtv3.jpg,Movies,,iptv-org-all.txt
QTV-4,http://video10.qtv.com.cn/drm/qtv4at/manifest.m3u8,,,,QTV4.cn@SD,,,,https://www.tvchinese.net/uploads/tv/qdtv4.jpg,General,,iptv-org-all.txt
QTV-5,http://video10.qtv.com.cn/drm/qtv5at/manifest.m3u8,,,,QTV5.cn@SD,,,,https://www.tvchinese.net/uploads/tv/qdtv5.jpg,General,,iptv-org-all.txt
QTV-6,http://video10.qtv.com.cn/drm/qtv6at/manifest.m3u8,,,,QTV6.cn@SD,,,,https://www.tvchinese.net/uploads/tv/qdtv6.jpg,Kids;Lifestyle,,iptv-org-all.txt
Qu4tre (1080p),https://tvlocales-live.freecaster.com/rtc/95d2f6ec-22f7-4027-b23d-d5372116b2ad/95d2f6ec-22f7-4027-b23d-d5372116b2ad.isml/master.m3u8,,,,QU4TRELiegeMedia.be@SD,,,,https://i.imgur.com/GHFuvmZ.png,General,,iptv-org-all.txt
Quảng Ngãi TV1 (1080p),https://live.mediatech.vn/live/285aaa79b4b265a457d81bb72bc32e2c114/chunklist.m3u8,,,,QuangNgaiTV.vn@HD,,,,https://i.imgur.com/QckiN3H.png,Undefined,,iptv-org-all.txt
Quantica TV,https://videostream.shockmedia.com.ar:19360/quanticatv/quanticatv.m3u8,,,,QuanticaTV.ar@SD,,,,https://i.imgur.com/6f8EYC2.jpeg,News,,iptv-org-all.txt
Quantum Leap (720p),https://jmp2.uk/plu-677fafd91da79bfe4fb0b4ec.m3u8,,,,,,,,,Undefined,,iptv-org-all.txt
Quarto Canale Flegreo (720p),https://live.mariatvcdn.com/dialogos/171e41deedf405f10c7dd6311387fb43.sdp/playlist.m3u8,,,,QuartoCanaleFlegreo.it@SD,,,,https://i.imgur.com/XfNSWp0.png,General,,iptv-org-all.txt
Qub TV,https://live.djemba.ro/memfs/474f9942-f72b-4130-817a-435cd54b2c36.m3u8,,,,QubTV.ro@SD,,,,https://i.imgur.com/GvyF2Wh.png,General,,iptv-org-all.txt
Qué Culpa Tiene Fatmagül (1080p),https://d1lnbiqw2cduwy.cloudfront.net/que_culpa_tiene_fatmagul.m3u8,,,,,,,,,Undefined,,iptv-org-all.txt
Quest TV (240p) [Not 24/7],https://media2.streambrothers.com:19360/8028/8028.m3u8,,,,QuestTV.ng@SD,,,,https://i.imgur.com/4ATTIQi.png,Undefined,,iptv-org-all.txt
Qui Veut Gagner Des Millions La Chaîne (1080p),https://amg02393-awpg-amg02393c1-rakuten-uk-2461.playouts.now.amagi.tv/playlist/amg02393-awpg-quiveutgagnerdesmillions-rakutenuk/playlist.m3u8,,,,,,,,,Undefined,,iptv-org-all.txt
Qui veut gagner des millions? (720p),https://jmp2.uk/plu-652d0b9ceb72580008a4ea5b.m3u8,,,,,,,,,Undefined,,iptv-org-all.txt
Quiero Musica en mi Idioma (1080p),http://177.234.249.178:8888/MTV/index.m3u8,,,,QuieroMusicaenmiIdioma.ar@SD,,,,https://i.imgur.com/RO9Dz3X.png,Music,,iptv-org-all.txt
Quince UCR (720p) [Not 24/7],http://163.178.170.127:1935/quinceucr/quinceucr/playlist.m3u8,,,,QuinceUCR.cr@SD,,,,https://i.imgur.com/U7DUlem.png,Undefined,,iptv-org-all.txt
Quo Vadis TV (720p),https://tgn.bozztv.com/qvtv/qvtv-web/playlist.m3u8,,,,QuoVadisTV.ca@SD,,,,https://i.imgur.com/pEqDDHl.png,Religious,,iptv-org-all.txt
Quran,https://ncdn.telewebion.ir/quran/live/playlist.m3u8,,,,QuranTV.ir@SD,,,,https://upload.wikimedia.org/wikipedia/fa/d/df/Quarntvlogo.png,Religious,,iptv-org-all.txt
Quran Radio (1080p),https://live.kwikmotion.com/sbrksaquranradiolive/srpksaquranradio/playlist.m3u8,,,,HolyQuranRadio.sa@SD,,,,https://aloula.faulio.com/storage/mediagallery/14/da/fullhd_823bc2fe722ede75410492d57fd6c201208b4224.png,General;Religious,,iptv-org-all.txt
Quran TV (576p),http://103.250.28.74:8000/play/a03e/index.m3u8,,,,QuranTV.pk@SD,,,,https://i.imgur.com/nc7X3Ux.png,Religious,,iptv-org-all.txt
QVC (1080p),https://d1flvb4iqlercm.cloudfront.net/live/live_1080p_2nd.m3u8,,,,QVC.jp@SD,,,,https://i.imgur.com/6TWUVrh.png,Shop,,iptv-org-all.txt
QVC (720p),https://qvc-amd-live.akamaized.net/hls/live/2034113/lsqvc1us/master.m3u8,,,,QVC.us@SD,,,,https://upload.wikimedia.org/wikipedia/commons/thumb/3/31/QVC_logo_2019.svg/960px-QVC_logo_2019.svg.png,Shop,,iptv-org-all.txt
QVC 2 (720p),https://qvc-amd-live.akamaized.net/hls/live/2034113/lsqvc2us/master.m3u8,,,,QVC2.us@SD,,,,https://i.imgur.com/NxbDjfI.png,Shop,,iptv-org-all.txt
QVC 2 Germany (540p),https://qvcde-live.akamaized.net/hls/live/2097104/qps/master.m3u8,,,,QVCZwei.de@SD,,,,https://i.imgur.com/f94kPed.png,Shop,,iptv-org-all.txt
QVC 3 (1080p),https://qvc-amd-live.akamaized.net/hls/live/2034113/lsqvc3us/master.m3u8,,,,QVC3.us@SD,,,,https://i.imgur.com/edswdOO.png,Shop,,iptv-org-all.txt
QVC Germany (720p),https://qvcde-live.akamaized.net/hls/live/2097104/qvc/master.m3u8,,,,QVC.de@SD,,,,https://i.imgur.com/EybRtsI.png,Shop,,iptv-org-all.txt
QVC Italia (540p),https://qrg.akamaized.net/hls/live/2017383/lsqvc1it/master.m3u8,,,,QVC.it@SD,,,,https://i.imgur.com/6TWUVrh.png,Shop,,iptv-org-all.txt
QVC Style Germany (540p),https://qvcde-live.akamaized.net/hls/live/2097104/qby/master.m3u8,,,,QVCStyle.de@SD,,,,https://i.imgur.com/DwdkHGj.png,Shop,,iptv-org-all.txt
QVC UK (540p),https://qvcuk-live.akamaized.net/hls/live/2097112/qvc/master.m3u8,,,,QVC.uk@SD,,,,https://i.imgur.com/6TWUVrh.png,Shop,,iptv-org-all.txt
QVC UK Beauty (540p),https://qvcuk-live.akamaized.net/hls/live/2097112/qby/master.m3u8,,,,QVCBeauty.uk@SD,,,,https://i.imgur.com/ZBHtqk1.png,Shop,,iptv-org-all.txt
QVC UK Extra (540p),https://qvcuk-live.akamaized.net/hls/live/2097112/qex/master.m3u8,,,,QVCExtra.uk@SD,,,,https://i.imgur.com/TIe5T9Z.png,Shop,,iptv-org-all.txt
QVC UK Style (540p),https://qvcuk-live.akamaized.net/hls/live/2097112/qst/master.m3u8,,,,QVCStyle.uk@SD,,,,https://i.imgur.com/6HZlLL3.png,Shop,,iptv-org-all.txt
QVC West (720p),https://qvc-amd-live.akamaized.net/hls/live/2034113/lsqvc1uswest/master.m3u8,,,,,,,,,Undefined,,iptv-org-all.txt
Qwest TV (1080p),https://qwestjazz-rakuten.amagi.tv/hls/amagi_hls_data_rakutenAA-qwestjazz-rakuten/CDN/master.m3u8,,,,QwestTV.fr@SD,,,,https://i.imgur.com/DjgNNHK.png,Music,,iptv-org-all.txt
Qwest TV Jazz & Beyond (1080p),https://samsungau-qwestjazz-samsungtv-zw2jc.amagi.tv/playlist/samsungau-qwestjazz-samsungtv/playlist.m3u8,,,,QwestTVJazzBeyond.fr@SD,,,,https://i.imgur.com/89yWH5L.png,Music,,iptv-org-all.txt
Qyzyljar (720p),https://stream.kaztrk.kz/regional/petropavltv/index.m3u8,,,,Qyzyljar.kz@SD,,,,https://i.imgur.com/7l1WSDJ.png,Undefined,,iptv-org-all.txt
Qyzylorda (720p),https://stream.kaztrk.kz/regional/kyzylordatv/index.m3u8,,,,Qyzylorda.kz@SD,,,,https://i.imgur.com/r4BFQpE.png,General,,iptv-org-all.txt
r8Dio TV,https://jmp2.uk/plu-698ddf5a8c21a5f2d64c14a8.m3u8,,,,r8DioTV.se@DK,,,,https://images.pluto.tv/channels/698ddf5a8c21a5f2d64c14a8/colorLogoPNG_1774610552478.png,Entertainment,,iptv-org-all.txt
R9 (720p) [Not 24/7],https://ms01.w24.at/R9/smil:liveeventR9.smil/playlist.m3u8,,,,R9.at@SD,,,,https://i.imgur.com/SVJiXxh.png,Undefined,,iptv-org-all.txt
R Channel,http://180.180.243.239/streams/3/hls,,,,RChannel.th@SD,,,,https://raw.githubusercontent.com/songwenhui239/Songwenhui239/refs/heads/main/R%20Channel.png,Education,,iptv-org-all.txt
R Plus (768p),https://thelegitpro.in/pntv/rplusnews24x7/index.m3u8,,,,RPlus.in@SD,,,,https://i.imgur.com/XUnWcZF.png,Undefined,,iptv-org-all.txt
R Plus Gold (720p),https://cdn-4.pishow.tv/live/1231/master.m3u8,,,,RPlusGold.in@SD,,,,https://i.imgur.com/dpI7XPC.png,Undefined,,iptv-org-all.txt
R Television [Not 24/7],https://vdopanel.jlahozconsulting.com/p/3142/hybrid/play.m3u8,,,,RTelevision.do@HD,,,,https://www.vivalivetv.com/public/files/shows/0/1/3039-294x165-FFFFFF.jpg,General,,iptv-org-all.txt
R&E TV (480p) [Not 24/7],https://cloud2.streaminglivehd.com:1936/8072/8072/playlist.m3u8,,,,RETV.do@SD,,,,https://i.imgur.com/HpKQYp3.png,Entertainment,,iptv-org-all.txt
Raajje TV,https://raajjetv.yarr-myn.workers.dev/RaajjeTv.m3u8,,,,RaajjeTV.mv@SD,,,,https://i.imgur.com/QxdkiCZ.png,General,,iptv-org-all.txt
Raavi TV (576p) [Not 24/7],http://116.90.120.149:8000/play/a01f/index.m3u8,,,,RaaviTV.pk@SD,,,,https://i.imgur.com/Sdvg5h2.png,Undefined,,iptv-org-all.txt
Rabbids Invasion (1080p),https://dikkyk1ckkhzq.cloudfront.net/RabiddsInvasion_GB.m3u8,,,,,,,,,Undefined,,iptv-org-all.txt
Rabeh Saqer (1080p),https://shd-amg-fast.edgenextcdn.net/tx004/playlist.m3u8,,,,RabehSaqer.sa@HD,,,,https://shahid.mbc.net/mediaObject/b98b0635-c8ed-4a7c-9efa-5856e278f54b?type=png,Music,,iptv-org-all.txt
Race Central TV (720p) [Not 24/7],https://nrpus.bozztv.com/36bay2/gusa-racecentral/index.m3u8,,,,,,,,,Undefined,,iptv-org-all.txt
RACER Brasil (720p),https://jmp2.uk/plu-65a6818c7bdc8d0008457b21.m3u8,,,,,,,,,Undefined,,iptv-org-all.txt
RACER International (1080p),https://amg00378-mavtv-amg00378c2-rakuten-us-1048.playouts.now.amagi.tv/playlist/amg00378-mavtvfast-motorsportsnetwork-rakutenus/playlist.m3u8,,,,RACERInternational.pl@FAST,,,,https://provider-static.plex.tv/epg/cms/production/dd4e5871-4347-49e3-9ea1-a8770ea9c518/RACER_Intl_logo_1500x1000.png,Sports,,iptv-org-all.txt
Racer Network (1080p),https://amg00378-mavtv-amg00378c2-samsung-au-1790.playouts.now.amagi.tv/playlist/amg00378-mavtvfast-motorsportsnetwork-samsungau/playlist.m3u8,,,,RacerNetwork.us@SD,,,,https://upload.wikimedia.org/wikipedia/en/7/74/Racer_Network.jpg,Sports,,iptv-org-all.txt
Racer Select (1080p),https://amg00378-amg00378c4-freelivesports-emea-5637.playouts.now.amagi.tv/playlist.m3u8,,,,RacerSelect.us@SD,,,,https://i.imgur.com/CurtYvn.png,Sports,,iptv-org-all.txt
Rachael Ray Presents (1080p),https://dhy1wwavvr8nc.cloudfront.net/Rachel_Ray_Presents.m3u8,,,,,,,,,Undefined,,iptv-org-all.txt
Racing.com (720p),https://racingvic-i.akamaized.net/hls/live/598695/racingvic/index1500.m3u8,,,,Racingcom.au@SD,,,,https://i.imgur.com/Q55HX1O.png,Sports,,iptv-org-all.txt
Radar Tasikmalaya TV (720p) [Not 24/7],https://v2.siar.us/radartasikmalaya/live/playlist.m3u8,,,,RadarTasikmalayaTV.id@SD,,,,https://upload.wikimedia.org/wikipedia/commons/1/1a/Logo_Radar_Tasikmalaya_TV.png,Undefined,,iptv-org-all.txt
RadiantTV (1080p),https://rpn.bozztv.com/radiant/radiant/radiant/index.m3u8,,,,RadiantTV.us@SD,,,,https://static.wixstatic.com/media/ba7a6c_6cc667c69cf24b94934b9d7f2e9853a5~mv2.png,Religious,,iptv-org-all.txt
Radio 1 (720p),https://live.vrtcdn.be/groupa/live/3c3a12b5-093d-4a19-ae1f-3e775433286e/live.isml/.m3u8,,,,Radio1.be@SD,,,,https://i.ibb.co/pwCs0YY/512px-VRT-Radio-1-logo-svg.png,General,,iptv-org-all.txt
Radio 1 (720p) [Geo-blocked],https://stream.radio1.ru/memfs/49dee7fe-77ba-4e6b-8cdc-fa840535b242.m3u8,,,,Radio1.ru@SD,,,,https://radiopotok.ru/f/station/512/1812.png,General,,iptv-org-all.txt
Radio 2 (720p),https://live.vrtcdn.be/groupa/live/66a9668e-b37b-4de2-878e-0218563b2dd2/live.isml/.m3u8,,,,Radio2.be@SD,,,,https://i.ibb.co/47mc8nJ/VRT-Radio-2-2022-svg.png,General,,iptv-org-all.txt
Radio 3 (720p),https://rtvelivestream.rtve.es/rtvesec/rne/rne3_main.m3u8,,,,Radio3.es@SD,,,,https://upload.wikimedia.org/wikipedia/commons/thumb/1/1b/RNE_Radio_3_2026.svg/500px-RNE_Radio_3_2026.svg.png,Culture,,iptv-org-all.txt
Radio 3i (720p),https://vstream-cdn.ch/hls/radio3i.m3u8,,,,Radio3i.ch@SD,,,,https://i.imgur.com/0Kmh49G.png,Undefined,,iptv-org-all.txt
Radio 10 (720p),https://radio10.prd1.talpatvcdn.nl/2b725bc7c93f477eaf0e43955ea8a6c1/index.m3u8,,,,Radio10.nl@SD,,,,https://i.imgur.com/2oGtj7r.png,Undefined,,iptv-org-all.txt
Radio 21 TV (720p),https://live.creacast.com/radio21/smil:radio21.smil/playlist.m3u8,,,,Radio21TV.de@SD,,,,https://i.imgur.com/u8OhwI1.png,Music,,iptv-org-all.txt
Radio 51 TV (480p) [Geo-blocked],http://178.32.140.155/canale51/canale51/playlist.m3u8,,,,Radio51TV.it@SD,,,,https://i.imgur.com/UupkBt6.png,Undefined,,iptv-org-all.txt
Radio 350 (360p) [Not 24/7],https://stream.radio350.nl/hls/radio350.m3u8,,,,Radio350.nl@SD,,,,https://i.imgur.com/3nkzXup.png,Undefined,,iptv-org-all.txt
Radio 538 (270p),https://radio538.prd1.talpatvcdn.nl/22e9bbf9616547d7bc162c993009c533/index.m3u8,,,,Radio538.nl@SD,,,,https://i.imgur.com/sd7BX9H.png,Undefined,,iptv-org-all.txt
Radio Aalsmeer TV (720p) [Not 24/7],https://radioaalsmeer.nl:4443/live/tv.m3u8,,,,RadioAalsmeerTV.nl@SD,,,,https://i.imgur.com/SYzjLlI.png,Undefined,,iptv-org-all.txt
Radio Albalad TV (720p),http://streaming.zaytonatube.com:8080/radioalbalad/radioalbalad/playlist.m3u8,,,,RadioAlbaladTV.ps@SD,,,,https://upload.wikimedia.org/wikipedia/commons/7/71/Nothing_whitespace_blank.png,General,,iptv-org-all.txt
Radio America TV (720p),https://v2.tustreaming.cl/americamovil/index.m3u8,,,,RadioAmericaTV.cl@SD,,,,https://i.imgur.com/8DXWU8z.png,Undefined,,iptv-org-all.txt
Radio Ancoa TV (720p),https://v2.tustreaming.cl/radioancoatv/index.m3u8,,,,RadioAncoaTV.cl@SD,,,,https://cdn.m3u.cl/logo/406_Radio_Ancoa_TV.png,General,,iptv-org-all.txt
Radio Ancón (720p),https://www.streaming507.net:19360/anconvideo/anconvideo.m3u8,,,,RadioAncon.pa@SD,,,,https://i.imgur.com/xum8PNe.jpg,News,,iptv-org-all.txt
Radio Armonia TV (720p),https://v2.tustreaming.cl/armoniamovil/index.m3u8,,,,RadioArmoniaTV.cl@SD,,,,https://i.imgur.com/puWBnP3.png,Religious,,iptv-org-all.txt
Radio Birikina TV (720p) [Not 24/7],https://56b50ada2d659.streamlock.net/RadioBirikinaTV/livestream/playlist.m3u8,,,,RadioBirikinaTV.it@SD,,,,https://i.imgur.com/CFAx6m5.png,Undefined,,iptv-org-all.txt
Ràdio Bocairent TV (1080p) [Not 24/7],http://185.81.77.4/BocairentTV/index.m3u8,,,,RadioBocairentTV.es@SD,,,,https://i.imgur.com/MzUQtrl.png,General,,iptv-org-all.txt
Radio Bonita 106.7 (720p),https://cloudvideo.servers10.com:8081/8154/index.m3u8,,,,RadioBonita1067.ec@SD,,,,https://i.imgur.com/IvZtqyz.png,Music,,iptv-org-all.txt
Radio Bremen Fernsehen (1080p) [Geo-blocked],https://rbhlslive.akamaized.net/hls/live/2020435/rbfs/master.m3u8,,,,RadioBremenFernsehen.de@SD,,,,https://i.imgur.com/wsTOcuX.png,Undefined,,iptv-org-all.txt
Radio Capital TiVu (720p),https://4c4b867c89244861ac216426883d1ad0.msvdn.net/live/S35394734/Z6U2wGoDYANk/playlist.m3u8,,,,RadioCapitalTiVu.it@HD,,,,https://upload.wikimedia.org/wikipedia/it/3/38/Radio_Capital_logo_%282020%29.svg,Music;News,,iptv-org-all.txt
Radio Carnaval TV (720p) [Not 24/7],https://eu1.servers10.com:8081/8116/index.m3u8,,,,RadioCarnavalTV.es@SD,,,,https://i.imgur.com/cdpbkSo.png,Entertainment;Music,,iptv-org-all.txt
Radio Centro (720p),https://streamlov.alsolnet.com/grupocentrobo/live/playlist.m3u8,,,,RadioCentro.bo@SD,,,,https://static2.mytuner.mobi/media/tvos_radios/574/radio-centro-fm.e939fb1e.png,General,,iptv-org-all.txt
Radio Chalaca,https://servilive.com:3414/hybrid/play.m3u8,,,,RadioChalaca.pe@SD,,,,https://i.imgur.com/9A6DBG7.png,Music,,iptv-org-all.txt
Radio Chiloe (720p),https://videostream.chileservidores.com:8081/chiloe1/index.m3u8,,,,RadioChiloe.cl@SD,,,,https://cdn.m3u.cl/logo/409_Radio_Chiloe.png,General,,iptv-org-all.txt
Radio Clasica TV (720p),https://ares.disfrutaenlared.com:1936/clasica/clasica/playlist.m3u8,,,,RadioClasicaTV.bo@SD,,,,https://radioclasicapotosi.com/players/nexoplayer/assets/logo.png,Music,,iptv-org-all.txt
Radio Coatan Canal 21,https://s2.tvdatta.com:3112/hybrid/play.m3u8,,,,RadioCoatanCanal21.gt@SD,,,,https://i.imgur.com/569xc5o.png,General,,iptv-org-all.txt
Radio Colmenar 92.5 FM,https://tvdatta.com:3041/live/colmenarlive.m3u8,,,,RadioColmenar925FM.py@SD,,,,https://i.imgur.com/LniNLO1.jpeg,Music,,iptv-org-all.txt
Radio Conexion Web TV (720p),https://tuvideoonline.com.ar:3391/live/radioconexionlive.m3u8,,,,RadioConexionWebTV.ar@SD,,,,https://i.imgur.com/pXS38zo.png,Music,,iptv-org-all.txt
Radio Contact (1080p),https://contact-live-hls.akamaized.net/hls/live/2038650/CONTACT-Live-HLS/master.m3u8,,,,RadioContact.be@SD,,,,https://i.imgur.com/32mmGvB.png,Music,,iptv-org-all.txt
Radio Contemporanea Coihueco (720p),https://tv.arkeo.cl:19360/8046/8046.m3u8,,,,RadioContemporaneaCoihueco.cl@SD,,,,https://cdn.m3u.cl/logo/1493_Radio_Contemporanea_Coihueco.png,General,,iptv-org-all.txt
Radio Cuenca Estéreo (720p),https://eu1.servers10.com:8081/8074/index.m3u8,,,,RadioCuencaEstereo.ec@SD,,,,https://i.imgur.com/qZzSOeU.png,Music,,iptv-org-all.txt
Radio Czwórka (1080p),https://stream14.polskieradio.pl/pr4_video/video_pr4.stream/playlist.m3u8,,,,RadiowaCzworka.pl@SD,,,,https://i.imgur.com/VAtxF7k.png,Entertainment,,iptv-org-all.txt
RADIO DISCOunt TV (1080p),https://585b674743bbb.streamlock.net/9030/9030/playlist.m3u8,,,,RADIODISCOuntTV.ch@SD,,,,https://i.imgur.com/ScNYMmx.png,Music,,iptv-org-all.txt
Radio Duna (720p),https://mdstrm.com/live-stream-playlist/67ed8a8d6db4af9a0188555c.m3u8,,,,RadioDuna.cl@SD,,,,https://cdn.m3u.cl/logo/427_Radio_Duna.png,Music,,iptv-org-all.txt
Radio Edelweiss (720p),https://vmix.dyndns.biz/Edelweiss/index.m3u8,,,,RadioEdelweiss.cl@SD,,,,https://cdn.m3u.cl/logo/1313_Radio_Edelweiss.png,Music,,iptv-org-all.txt
Radio El Sembrador (720p),https://tv.arkeo.cl:1936/elsembrador/elsembrador/playlist.m3u8,,,,RadioElSembrador.cl@SD,,,,https://i.imgur.com/gBpMAc3.png,Religious,,iptv-org-all.txt
Radio Fann Jordan Studio (1080p) [Not 24/7],http://45.63.116.205/hls2/stream1.m3u8,,,,RadioFannJordanStudio.jo@SD,,,,https://cdn-profiles.tunein.com/s142626/images/logod.jpg,Undefined,,iptv-org-all.txt
Radio Fantasia TV (720p),https://v2.tustreaming.cl/fantasiatv/index.m3u8,,,,RadioFantasiaTV.cl@SD,,,,https://cdn.m3u.cl/logo/389_Radio_Fantasia_TV.png,General,,iptv-org-all.txt
Radio Fantástica 98.9 FM (1080p),http://190.107.232.9:8082/livestream/stream.m3u8,,,,RadioFantastica989FM.ec@SD,,,,https://i.imgur.com/mpcIbrH.jpg,Music,,iptv-org-all.txt
Radio Fiessta (720p),https://www.cloudscriptdog.cl:19360/fiesta-video-01/fiesta-video-01.m3u8,,,,RadioFiessta.cl@SD,,,,https://cdn.m3u.cl/logo/401_Radio_Fiessta.png,Music,,iptv-org-all.txt
Radio Fiesta de Milagros TV (1080p),https://tv.webmedialive.com/fiestatv/live/playlist.m3u8,,,,RadioFiestadeMilagrosTV.hn@SD,,,,https://i.imgur.com/hqYPAYL.png,Religious,,iptv-org-all.txt
Radio Freccia TV (1080p),https://dd782ed59e2a4e86aabf6fc508674b59.msvdn.net/live/S3160845/0tuSetc8UFkF/playlist_video.m3u8,,,,Radiofreccia.it@SD,,,,https://i.imgur.com/RxeRlar.png,Music,,iptv-org-all.txt
Radio Frecuencia Uno (720p),https://v1.tustreaming.cl/frecuencia1tv/index.m3u8,,,,RadioFrecuenciaUno.cl@SD,,,,https://cdn.m3u.cl/logo/1646_Radio_Frecuencia_Uno.png,General,,iptv-org-all.txt
Radio Fx Net (720p),https://streamlov.alsolnet.com/radiofxnet/live/playlist.m3u8,,,,RadioFxNet.ro@HD,,,,https://radiofxnet.ro/wp-content/uploads/2021/03/cropped-cropped-cropped-cropped-Radio_FX_Net_logo-1-1.png,Music,,iptv-org-all.txt
Radio Guaira TV,https://tvdatta.com:3991/live/guairatvlive.m3u8,,,,RadioGuairaTV.py@SD,,,,https://i.imgur.com/kLanG1t.jpeg,General,,iptv-org-all.txt
Radio Hit FM TV (720p),https://peer2.tdiradio.com/static/streaming-playlists/hls/bab99862-ec1c-474f-9a02-4f8c8677d565/0.m3u8,,,,RadioHitFMTV.rs@SD,,,,https://i.imgur.com/gP2OT4S.png,Music,,iptv-org-all.txt
Radio Hogar (720p),https://www.streaming507.net:19360/videoradiohogar/videoradiohogar.m3u8,,,,RadioHogar.pa@SD,,,,https://i.imgur.com/P4A1Zwl.jpg,Religious,,iptv-org-all.txt
Radio Ibiza TV (720p) [Not 24/7],https://5929b138b139d.streamlock.net/RadioIbizaTV/livestream/playlist.m3u8,,,,RadioIbizaTV.it@SD,,,,https://i.imgur.com/KfFqYQi.png,Undefined,,iptv-org-all.txt
Radio Ideal 104.7 FM (La Esperanza) (720p) [Not 24/7],https://www.idealfm104-7.com/hls/0/stream.m3u8,,,,RadioIdeal.hn@SD,,,,https://i.imgur.com/chPfoOs.png,Music,,iptv-org-all.txt
Radio Iglesias (576p) [Geo-blocked],http://wms.shared.streamshow.it/visualradio/mp4:visualradio/playlist.m3u8,,,,RadioIglesias.it@SD,,,,https://i.imgur.com/2OXQpZM.png,Undefined,,iptv-org-all.txt
Radio Iglesias Sardegna (576p) [Geo-blocked],https://59d7d6f47d7fc.streamlock.net/visualradio/visualradio/playlist.m3u8,,,,RadioIglesiasSardegna.it@SD,,,,https://i.imgur.com/KDtVpLl.png,Undefined,,iptv-org-all.txt
Radio Imagen 105.1 FM (720p) [Not 24/7],https://streaming.imagenfm105-1.com/hls/stream.m3u8,,,,ImagenFM1051.hn@SD,,,,https://i.ibb.co/C9zjz9p/343159606-190989583743350-3489987129696505785-n.jpg,Music,,iptv-org-all.txt
Radio Impacto 2 (288p) [Not 24/7],https://panel.streamingtv-mediacp.online:1936/jawepvrvyz/jawepvrvyz/playlist.m3u8,,,,RadioImpacto2.ec@SD,,,,https://i.imgur.com/YvK1hm7.png,Undefined,,iptv-org-all.txt
Radio Isla TV (720p),https://59a564764e2b6.streamlock.net/palestra/palestra/playlist.m3u8,,,,RadioIslaTV.pr@SD,,,,https://i.ibb.co/PDThYr5/Logo-Radio-Isla.png,News,,iptv-org-all.txt
Radio Italia Trend (720p),https://amg00745-radioitailaspa-radioitalia-rakuten-sucsc.amagi.tv/hls/amagi_hls_data_rakutenAA-radioitalia-rakuten/CDN/master.m3u8,,,,RadioItaliaTrendTV.it@HD,,,,https://i.imgur.com/HNrKqGM.png,Music,,iptv-org-all.txt
Radio Javan TV (1080p),https://rjtvhls.wns.live/hls/stream.m3u8,,,,RJTV.us@SD,,,,https://i.imgur.com/a1zuW2C.png,Music,,iptv-org-all.txt
Radio JND (1080p),https://radiojnd.cdn.hostin.cc/radiojnd/playlist.m3u8,,,,RadioJND.nl@SD,,,,https://i.imgur.com/nyVlZeL.png,Music,,iptv-org-all.txt
Radio Karolina TV (720p),https://peer2.tdiradio.com/static/streaming-playlists/hls/4207de1d-52e8-4591-ad9e-218069b864d1/0.m3u8,,,,RadioKarolinaTV.rs@SD,,,,https://i.imgur.com/g2HpLX1.png,Music,,iptv-org-all.txt
Radio Kollasuyo (720p),https://azura2.bitstreaming.net/hls/kollasuyo3/live.m3u8,,,,RadioKollasuyo.bo@SD,,,,https://kollasuyobucket.s3.amazonaws.com/wp_files/2022/08/01/rk-white-500.png,General,,iptv-org-all.txt
Radio La Serena TV (720p),https://5ff3d9babae13.streamlock.net/chrgkqgkyb/chrgkqgkyb/playlist.m3u8,,,,RadioLaSerenaTV.cl@SD,,,,https://i.imgur.com/65ftM3v.png,Music,,iptv-org-all.txt
Radio Las Nieves (720p),https://v2.tustreaming.cl/rln/index.m3u8,,,,RadioLasNieves.cl@SD,,,,https://cdn.m3u.cl/logo/408_Radio_Las_Nieves.png,General,,iptv-org-all.txt
Radio Lola (720p) [Not 24/7],https://peer2.tdiradio.com/static/streaming-playlists/hls/7c3ea8d3-49dc-4e1b-8b1e-dc6fab71f5cf/0.m3u8,,,,RadioLolaTV.rs@SD,,,,https://i.imgur.com/41eE8fl.png,Music,,iptv-org-all.txt
Radio Maria TV (1080p),https://radiomaria.inovanex.stream/stream.m3u8,,,,RadioMariaTV.ar@SD,,,,https://upload.wikimedia.org/wikipedia/fr/1/1f/Radio_Maria_logo.png,Religious,,iptv-org-all.txt
Radio Master (720p),https://videoserver.tmcreativos.com:19360/radiomaster/radiomaster.m3u8,,,,RadioMaster.pe@HD,,,,https://i.imgur.com/AUoxyzP.png,Music,,iptv-org-all.txt
Radio Mega TV Amazonia (720p),https://ares.disfrutaenlared.com:1936/megatv/megatv/playlist.m3u8,,,,RadioMegaTVAmazonia.bo@SD,,,,https://i.imgur.com/yzSNWZ3.png,General,,iptv-org-all.txt
Radio Mir (720p),https://stream1.dc.beltelecom.by/radiomir/studio.stream/playlist.m3u8,,,,RadioMir.by@SD,,,,https://pbs.twimg.com/profile_images/1902997619724480512/jY6I1qIH_400x400.jpg,General,,iptv-org-all.txt
Radio Moldova,https://radiolive.trm.md/hls_rma/actualitati.m3u8,,,,RadioMoldova.md@SD,,,,https://i.imgur.com/wNifDCo.png,General,,iptv-org-all.txt
Radio Moldova Muzical,https://radiolive.trm.md:8001/hls_rmm/muzical.m3u8,,,,RadioMoldovaMuzical.md@SD,,,,https://i.imgur.com/ZFHWst4.png,Music,,iptv-org-all.txt
Radio Moldova Tineret (1080p),https://radiolive.trm.md:8001/hls_rmt/tineret.m3u8,,,,RadioMoldovaTineret.md@SD,,,,https://i.imgur.com/h2oZuyc.png,Entertainment,,iptv-org-all.txt
Radio Monumental TV (720p) [Not 24/7],https://cloud37.ecuatel.com/monumentaltv/live/manifest.m3u8,,,,RadioMonumentalTV.ec@SD,,,,https://i.imgur.com/a97MaV2.png,Music,,iptv-org-all.txt
Radio Norba TV (1080p),https://stream12.xdevel.com/video0s975885-2349/stream/playlist_dvr.m3u8,,,,RadioNorbaTV.it@SD,,,,https://i.imgur.com/Tucoyzy.png,General,,iptv-org-all.txt
Radio Nuble (720p),https://tv.telselec.cl:3376/live/nublefmlive.m3u8,,,,RadioNuble.cl@SD,,,,https://cdn.m3u.cl/logo/870_Radio_Nuble.png,General,,iptv-org-all.txt
Radio Number One (720p) [Not 24/7],https://56b50ada2d659.streamlock.net/RN1TV/livestream/playlist.m3u8,,,,RadioNumberOne.it@SD,,,,https://i.imgur.com/8cpuaG5.png,Undefined,,iptv-org-all.txt
Radio Onda Digital (1080p),https://live.ondadigitaltv.com/RADIOODTV/index.m3u8,,,,RadioOndaDigital.pe@SD,,,,https://i.imgur.com/Lid5RTv.png,Music,,iptv-org-all.txt
Radio Panoramica (720p),https://v2.tustreaming.cl/alingeproducciones/index.m3u8,,,,RadioPanoramica.cl@SD,,,,https://cdn.m3u.cl/logo/1502_Radio_Panoramica.png,General,,iptv-org-all.txt
Radio Piter Pan TV (720p) [Not 24/7],https://58d921499d3d3.streamlock.net/RadioPiterpanTV/livestream/playlist.m3u8,,,,RadioPiterPanTV.it@SD,,,,https://i.imgur.com/hbqVWV4.png,Music,,iptv-org-all.txt
Radio Popular TV,https://tv.arkeo.cl:19360/8052/8052.m3u8,,,,RadioPopularTV.cl@SD,,,,https://i.imgur.com/71U0wTN.png,Undefined,,iptv-org-all.txt
Radio Pudahuel (720p),https://unlimited2-cl-isp.dps.live/pudahueltv/pudahueltv.smil/playlist.m3u8,,,,RadioPudahuel.cl@SD,,,,https://cdn.m3u.cl/logo/429_Pudahuel_FM.png,Music,,iptv-org-all.txt
Radio Radicale TV (240p) [Not 24/7],https://video-ar.radioradicale.it/diretta/padtv2/playlist.m3u8,,,,,,,,,Undefined,,iptv-org-all.txt
Radio RAM (1080p),https://1888165924.rsc.cdn77.org/live/RadioRAM/playlist.m3u8,,,,RadioRAM.pl@HD,,,,https://i.ibb.co/LXbchP5q/logo-1.png,Music,,iptv-org-all.txt
Radio Rancagua FM (720p),https://tv.arkeo.cl:1936/radiorancagua/radiorancagua/playlist.m3u8,,,,RadioRancaguaFM.cl@SD,,,,https://i.imgur.com/ZzUc6je.png,Undefined,,iptv-org-all.txt
Radio Realpolitik (720p),https://vivo.solumedia.com:19360/realpolitik/realpolitik.m3u8,,,,RadioRealpolitik.ar@SD,,,,https://i.imgur.com/L9KCdTX.png,Music,,iptv-org-all.txt
Radio Ritmo (1080p) [Not 24/7],https://panel.tvstream.cl:1936/8046/8046/playlist.m3u8,,,,RadioRitmoFM.cl@SD,,,,https://i.imgur.com/qU3E0kX.png,Undefined,,iptv-org-all.txt
Radio Romania Antena Satelor (720p) [Not 24/7],https://stream3.srr.ro/live/AntenaSatelor/playlist.m3u8,,,,RadioRomaniaAntenaSatelor.ro@720p,,,,https://www.antenasatelor.ro/templates/default/images/custom/logo-main.svg,Music,,iptv-org-all.txt
Radio Rossii (720p),https://stream.smotrim.ru/hls2/radio_rus/playlist_4.m3u8,,,,RadioRossii.ru@HD,,,,https://upload.wikimedia.org/wikipedia/commons/thumb/b/bb/Radio_Rossii_logo.svg/1920px-Radio_Rossii_logo.svg.png,General,,iptv-org-all.txt
Radio Rumba TV (720p),https://live-evg7.tv360.bitel.com.pe/bitel/rumba/playlist.m3u8,,,,RadioRumbaTV.pe@SD,,,,https://i.imgur.com/BYcxI03.png,Music,,iptv-org-all.txt
Radio San Borja TV (1080p),https://stream.mediacorp.pe/srt/3/playlist.m3u8,,,,RadioSanBorjaTV.pe@SD,,,,https://i.imgur.com/75dJBtH.png,Music,,iptv-org-all.txt
Radio San Cristobal 88.7 FM,https://video.wilohosting.com:19360/sancristobalfm/sancristobalfm.m3u8,,,,RadioSanCristobal887FM.py@SD,,,,https://i.imgur.com/zaJhBdj.png,Music,,iptv-org-all.txt
Radio San Gabriel (720p),https://twitch-m3u8.bastypro112.workers.dev/radiosangabrielbolivia/index.m3u8,,,,RadioSanGabriel.bo@SD,,,,https://static.mytuner.mobi/media/tvos_radios/bec3csmj7emx.jpg,General,,iptv-org-all.txt
Rádio Sines (720p) [Geo-blocked],https://load-balancer.azotosolutions.com/cdnedge19/smil:live19.smil/playlist.m3u8,,,,RadioSines.pt@SD,,,,https://i.imgur.com/Oe6F1nL.png,General,,iptv-org-all.txt
Radio Stad den Haag (720p),https://rsdh.cloud-streams.com/rsdh/rsdh/playlist.m3u8,,,,RadioStaddenHaag.nl@SD,,,,https://i.imgur.com/ANK36EQ.png,Music,,iptv-org-all.txt
Radio Studio Delta TV (1080p) [Not 24/7],https://5ce9406b73c33.streamlock.net/RSD/ngrp:livestream_all/playlist.m3u8,,,,RadioStudioDeltaTV.it@SD,,,,https://i.imgur.com/xJqVOpn.png,Undefined,,iptv-org-all.txt
Radio Sublime Gracia TV (720p),https://5f700d5b2c46f.streamlock.net/sublime/sublime/playlist.m3u8,,,,RadioSublimeGraciaTV.ar@SD,,,,https://i.ibb.co/P9jgTz4/c49b986afb751882bcbee57f9c9b20d7-350x210.png,Religious,,iptv-org-all.txt
Radio Suyai TV (1080p),https://cl-2.backend.energeek.cl/RadioSuyai-Neo/index.m3u8,,,,RadioSuyaiTV.cl@HD,,,,https://stream-tools.zenomedia.com/content/stations/883465cc-a2ee-418a-972d-2c937707687d/image/?keep=w&lu=1775615385000&resize=350x350,Culture;Music,,iptv-org-all.txt
Radio SWH TV (1080p),https://00ff00.latnet.media/edge/swh_tv.smil/playlist.m3u8,,,,RadioSWHTV.lv@SD,,,,https://i.imgur.com/cFrNsXn.png,Music,,iptv-org-all.txt
Radio Taormina Sicilia (720p) [Not 24/7],https://stream2.xdevel.com/video1s3-7/stream/playlist.m3u8,,,,RadioTaorminaSicilia.it@SD,,,,https://i.imgur.com/SrhtocV.png,Undefined,,iptv-org-all.txt
Radio Télé 4VEH (720p),https://uni01rtmp.tulix.tv/4vehtv/4vehtv-firetv/playlist.m3u8,,,,RadioTele4VEH.ht@SD,,,,https://i.imgur.com/AnOjqaS.png,Religious,,iptv-org-all.txt
Radio Télé Amen FM (360p) [Not 24/7],http://184.173.179.163:1935/daniel/daniel/playlist.m3u8,,,,RadioTeleAmenFM.ht@SD,,,,https://i.imgur.com/MTaFdHE.png,Religious,,iptv-org-all.txt
Radio Tele Evangile Sans Limite,https://5790d294af2dc.streamlock.net/8124/8124/chunklist.m3u8,,,,RadioTeleEvangileSansLimite.ca@SD,,,,https://i.imgur.com/CL32kFA.png,Religious,,iptv-org-all.txt
Radio Tele Full Gospel,https://f-tx-edge-87.christianworldmedia.com/EJCFG/mp4:EJCFG/playlist.m3u8,,,,RadioTeleFullGospel.ht@SD,,,,https://i.imgur.com/WbwIp9y.jpeg,Religious,,iptv-org-all.txt
Radio Tele Ginen,http://teleginen.srfms.com:1935/teleginen/livestream/playlist.m3u8,,,,RadioTeleGinen.ht@SD,,,,https://i.imgur.com/ESlt16G.png,General,,iptv-org-all.txt
Radio Télé Hit (480p),https://59d39900ebfb8.streamlock.net/RadioTelehit/RadioTelehit/playlist.m3u8,,,,RadioTeleHit.ht@SD,,,,https://i.ibb.co/Gt2QDgf/cropped-transparent2-103x70.png,Music,,iptv-org-all.txt
Radio Télé Kajou (480p) [Not 24/7],https://59d39900ebfb8.streamlock.net/RadioTelekAJOU/RadioTelekAJOU/playlist.m3u8,,,,RadioTeleKajou.us@SD,,,,https://i.ibb.co/1MhvJ3B/logork.png,Music,,iptv-org-all.txt
Radio Tele Planet Compas (720p) [Not 24/7],https://5dcab9aed5331.streamlock.net/mrcompas1/livestream/playlist.m3u8,,,,RadioTelePlanetCompas.ht@SD,,,,https://i.imgur.com/ddb4lsa.png,General,,iptv-org-all.txt
Radio Tele Puissance,https://video1.getstreamhosting.com:1936/8560/8560/playlist.m3u8,,,,RadioTelePuissance.us@SD,,,,https://i.imgur.com/ZLPwJug.png,Religious,,iptv-org-all.txt
Radio Tele Sentinel,https://59d39900ebfb8.streamlock.net/radiotelesentinel/radiotelesentinel/playlist.m3u8,,,,RadioTeleSentinel.us@SD,,,,https://i.imgur.com/hy3BJxj.png,Religious,,iptv-org-all.txt
Radio Télé Wisdom (360p) [Not 24/7],https://59d39900ebfb8.streamlock.net/daniel/daniel/playlist.m3u8,,,,RadioTeleWisdom.us@SD,,,,https://i.ibb.co/DQksC23/unnamed-1.jpg,Religious,,iptv-org-all.txt
Radio Télévision Shilo (720p) [Not 24/7],https://watch.haitilive.net/freehb/rtvs/index.m3u8,,,,RadioTelevisionShilo.ht@SD,,,,https://cdn.onlineradiobox.com/img/l/0/98960.v3.png,General,,iptv-org-all.txt
Radio Televizija Banovina (1080p) [Not 24/7],https://pool.alter-media.hr:1936/live/myStream/playlist.m3u8?DVR=,,,,RadioTelevizijaBanovina.hr@SD,,,,https://i.imgur.com/gCFgC5D.png,Undefined,,iptv-org-all.txt
Radio televizija Rožaje (614p) [Not 24/7],https://glb.bozztv.com/glb/ssh101/tvrozaje/index.m3u8,,,,RadiotelevizijaRozaje.me@SD,,,,https://i.imgur.com/vTZjEC5.png,General,,iptv-org-all.txt
Radio Tropical Tarapoto (480p) [Not 24/7],https://videoserver.tmcreativos.com:19360/raditropical/raditropical.m3u8,,,,RadioTropical.pe@SD,,,,https://i.imgur.com/TBPVOBI.png,Music,,iptv-org-all.txt
Radio TV Basse-Terre (720p),https://vdo.ssl-stream.com:3412/stream/play.m3u8,,,,RadioTVBasseTerre.gp@SD,,,,https://i.imgur.com/OvnRplq.png,General,,iptv-org-all.txt
Radio TV El Arca del Pacto (1080p),https://video.wilohosting.com:19360/radiotvelarcadelpacto/radiotvelarcadelpacto.m3u8,,,,RadioTVElArcadelPacto.py@SD,,,,https://i.imgur.com/Oq0i3Rb.png,Religious,,iptv-org-all.txt
Radio TV Neuquén (720p) [Not 24/7],https://media.neuquen.gov.ar/rtn/television/playlist.m3u8,,,,RadioTVNeuquen.ar@SD,,,,https://i.imgur.com/HXBLozl.png,Undefined,,iptv-org-all.txt
Radio UC (720p),https://oracle.streaminghd.cl/radiouc/radiouc/playlist.m3u8,,,,RadioUC.cl@SD,,,,https://cdn.m3u.cl/logo/1467_Radio_UC.png,General,,iptv-org-all.txt
Radio UNIACC (720p),https://scl.edge.grupoz.cl/uniaccastream/live/playlist.m3u8,,,,RadioUNIACC.cl@SD,,,,https://cdn.m3u.cl/logo/1744_Radio_UNIACC.png,General,,iptv-org-all.txt
Radio Universal (720p),https://videostream.chileservidores.com:8081/universal/index.m3u8,,,,RadioUniversal.cl@SD,,,,https://cdn.m3u.cl/logo/390_Radio_Universal.png,General,,iptv-org-all.txt
Radio Universitaria San Andres (720p),https://edge.enhdtv.com/8054/index.m3u8,,,,RadioUniversitariaSanAndres.bo@SD,,,,https://tvu.umsa.bo/documents/780216/0/LogoRUSA+%283%29.jpg,Culture;Education;Entertainment,,iptv-org-all.txt
Radio Uno Tacna (720p),https://live-evg7.tv360.bitel.com.pe/bitel/radiounotv/playlist.m3u8,,,,RadioUnoTacna.pe@SD,,,,https://i.imgur.com/PswowQP.png,News,,iptv-org-all.txt
Radio UP (1080p),https://iptv.ixfo.com.ar:30443/live/RadioUpTvStreaming/playlist.m3u8,,,,RadioUP.ar@SD,,,,https://radioup.com.ar/wp-content/uploads/2025/06/logo-radioup-footer.png,General,,iptv-org-all.txt
Radio USACH (720p),https://rusach2.janus.cl/playlist/stream.m3u8,,,,RadioUSACH.cl@SD,,,,https://static.mytuner.mobi/media/tvos_radios/997/radio-udesantiago.75310738.jpg,General,,iptv-org-all.txt
Radio Via Libre (720p),https://live20.bozztv.com/akamaissh101/ssh101/vialibretv/playlist.m3u8,,,,RadioViaLibre.cl@SD,,,,https://cdn.m3u.cl/logo/396_Radio_Via_Libre.png,General,,iptv-org-all.txt
Radio Vida Curico (720p),https://v2.tustreaming.cl/radiovidacurico/index.m3u8,,,,RadioVidaCurico.cl@SD,,,,https://cdn.m3u.cl/logo/167_Radio_Vida_Curico.png,General,,iptv-org-all.txt
Radio Visión de Dios Stereo (720p) [Not 24/7],https://live.tvcontrolcp.com:1936/8286/8286/playlist.m3u8,,,,RadioVisiondeDiosStereo.ni@SD,,,,https://i.imgur.com/ckY8DRW.jpg,Religious,,iptv-org-all.txt
Radio Weser TV Bremen (576p),https://5857499ee635b.streamlock.net/radiowesertv-live/_definst_/mp4:livestreamTV/playlist.m3u8,,,,RadioWeserTVBremen.de@SD,,,,,Music,,iptv-org-all.txt
Radio y Televisión Crisol de la Alegría (1080p) [Not 24/7],https://omegaingenieria.com:19360/CRisolTVdigital-Live_abr/CRisolTVdigital-Live_abr.m3u8,,,,RadioyTelevisionCrisoldelaAlegria.mx@SD,,,,https://i.imgur.com/EW2z5Ko.jpg,Religious,,iptv-org-all.txt
Radio y Televisión Martí (720p),https://ocb-ingest.akamaized.net/hls/live/2037032/tvmc01/playlist.m3u8,,,,RadioyTelevisionMarti.us@SD,,,,https://i.imgur.com/J2ZMa4g.png,General,,iptv-org-all.txt
Radio Yaqeen Jordan City View (1080p) [Not 24/7],http://45.63.116.205/hls4/stream1.m3u8,,,,RadioYaqeenJordanCityView.jo@SD,,,,https://i.imgur.com/wHOQU0R.png,Undefined,,iptv-org-all.txt
Radio Yguazú TV (480p),https://live.enhdtv.com:8081/radioiguazutv/index.m3u8,,,,RadioYguazuTV.ar@SD,,,,https://i.imgur.com/kVi0ICm.png,Entertainment,,iptv-org-all.txt
Radio Zeta TV (1080p),https://dd782ed59e2a4e86aabf6fc508674b59.msvdn.net/live/S9346184/XEx1LqlYbNic/playlist_video.m3u8,,,,RadioZeta.it@SD,,,,https://i.imgur.com/K2xLMin.png,Music,,iptv-org-all.txt
Radio Zona 90.3 (720p),https://live.tvcontrolcp.com:8081/radiozona/index.m3u8,,,,RadioZona903.cl@SD,,,,https://cdn.m3u.cl/logo/1629_Radio_Zona_90_3.png,Music,,iptv-org-all.txt
Radio-Canada INFO (720p),https://jmp2.uk/plu-62cc1e1e0d0611000837dc1d.m3u8,,,,,,,,,Undefined,,iptv-org-all.txt
Radiocanal San Francisco (1080p),http://204.199.3.2/.m3u8,,,,Radiocanal.ar@SD,,,,https://i.ibb.co/NNyDWsz/download-8.png,General,,iptv-org-all.txt
RadioMensaje TV (720p),https://eu1.servers10.com:8081/8230/index.m3u8,,,,RadioMensajeTV.us@SD,,,,https://i.imgur.com/TJNXjS2.png,Religious,,iptv-org-all.txt
RadioNL TV (1080p) [Not 24/7],https://stream.radionl.tv/radionltv/radionltv/playlist.m3u8,,,,RadioNLTV.nl@SD,,,,https://i.imgur.com/TVaMJYB.png,Music,,iptv-org-all.txt
Radiotele Morelia (352p),http://linkrt.ddns.net:8080/hls/rtmorelia_MID.m3u8,,,,Radiotele.mx@SD,,,,https://i.imgur.com/XpcCZvu.png,General,,iptv-org-all.txt
RadioToppers (720p),https://server-67.stream-server.nl:1936/RadioToppers/RadioToppers/playlist.m3u8,,,,RadioToppers.nl@SD,,,,https://i.imgur.com/9OMsUd7.png,Entertainment,,iptv-org-all.txt
RadioTV Oriente (720p),https://live.obslivestream.com/tvoriente/index.m3u8,,,,RadioTVOriente.pe@SD,,,,https://i.imgur.com/iHaFLHX.png,General,,iptv-org-all.txt
Radost Moya (576p),http://31.148.48.15/Radost_moya/index.m3u8,,,,RadostMoya.ru@SD,,,,https://i.imgur.com/B5FA62o.png,Kids,,iptv-org-all.txt
Raftaar Media (576p),https://mumt04.tangotv.in/m18aqlK4RAFTAARMEDIA/index.m3u8,,,,RaftaarMedia.in@SD,,,,https://xstreamcp-assets-msp.streamready.in/assets/LIVETV/LIVECHANNEL/LIVETV_LIVETVCHANNEL_RAFTAAR_MEDIA/images/LOGO_HD/image.png,Undefined,,iptv-org-all.txt
Rai 1 (720p),https://dash2.antik.sk/live/test_rai_uno_tizen/playlist.m3u8,,,,Rai1.it@SD,,,,https://upload.wikimedia.org/wikipedia/commons/thumb/f/fa/Rai_1_-_Logo_2016.svg/960px-Rai_1_-_Logo_2016.svg.png,Undefined,,iptv-org-all.txt
Rai 3 (720p),https://dash2.antik.sk/live/test_rai_tre_tizen/playlist.m3u8,,,,Rai3.it@HD,,,,https://upload.wikimedia.org/wikipedia/commons/thumb/4/47/Rai_3_-_Logo_2016.svg/960px-Rai_3_-_Logo_2016.svg.png,Undefined,,iptv-org-all.txt
Rai 4 (576p),https://mediapolisevent.rai.it/relinker/relinkerServlet.htm?cont=746966,,,,Rai4.it@SD,,,,https://i.imgur.com/sEY21rg.png,Undefined,,iptv-org-all.txt
Rai Gulp (576p),https://mediapolis.rai.it/relinker/relinkerServlet.htm?cont=746953,,,,RaiGulp.it@SD,,,,https://i.imgur.com/irAhPJM.png,Undefined,,iptv-org-all.txt
Rai News 24 (720p),https://rainews1-live.akamaized.net/hls/live/598326/rainews1/rainews1/playlist.m3u8,,,,RaiNews24.it@SD,,,,https://i.imgur.com/n2u57y3.png,News,,iptv-org-all.txt
Rai News 24 HD (1080p),https://d3k8wzt41aflvx.cloudfront.net/RAINEWS24/Live.m3u8,,,,RaiNews24.it@HD,,,,https://i.imgur.com/n2u57y3.png,News,,iptv-org-all.txt
Rai Sport 2,http://originstream12.rai.it/italy/raisport2_1200/master.m3u8,,,,,,,,,Undefined,,iptv-org-all.txt
Raia TV (720p) [Not 24/7],https://goliveafrica.media:9998/live/64873b6222c93/index.m3u8,,,,RaiaTV.ke@SD,,,,https://i.imgur.com/IyFULjw.png,Undefined,,iptv-org-all.txt
Rainbow Ruby (720p),https://dt9mwqwe98q7o.cloudfront.net/master.m3u8,,,,RainbowRuby.us@SD,,,,https://i.imgur.com/eHNU2OQ.png,Undefined,,iptv-org-all.txt
Rainy Day Vibes (1080p),https://d2fbuk9n5icao0.cloudfront.net/playlist.m3u8,,,,,,,,,Undefined,,iptv-org-all.txt
Raj Digital Plus (1080p),https://livestream.rajtv.tv/hlslive/Admin/px08241087/live/RajTV_Digital_plus/master_1.m3u8,,,,RajDigitalPlus.in@SD,,,,https://xstreamcp-assets-msp.streamready.in/assets/LIVETV/LIVECHANNEL/LIVETV_LIVETVCHANNEL_RAJ_DIGITAL_PLUS/images/LOGO_HD/image.png,Movies,,iptv-org-all.txt
Raj Musix Tamil (1080p),https://livestream.rajtv.tv/hlslive/Admin/px08241087/live/Raj_Musix/master_1.m3u8,,,,RajMusixTamil.in@SD,,,,https://xstreamcp-assets-msp.streamready.in/assets/LIVETV/LIVECHANNEL/LIVETV_LIVETVCHANNEL_RAJ_MUSIX_TAMIL/images/LOGO_HD/image.png,Music,,iptv-org-all.txt
Raj Musix Telugu (720p),https://cdn-1.pishow.tv/live/1213/master.m3u8,,,,RajMusixTelugu.in@SD,,,,https://xstreamcp-assets-msp.streamready.in/assets/LIVETV/LIVECHANNEL/LIVETV_LIVETVCHANNEL_RAJ_MUSIX_TELUGU/images/LOGO_HD/image.png,Music,,iptv-org-all.txt
Raj News (576p),http://103.72.101.252:8080/live/767.m3u8,,,,RajNews.in@SD,,,,https://xstreamcp-assets-msp.streamready.in/assets/LIVETV/LIVECHANNEL/LIVETV_LIVETVCHANNEL_RAJ_NEWS_TAMIL/images/LOGO_HD/image.png,News,,iptv-org-all.txt
Raj News Kannada (576p),https://mumt03.tangotv.in/Dsly5z3HRAJNEWSKANDA/index.m3u8,,,,RajNewsKannada.in@SD,,,,https://xstreamcp-assets-msp.streamready.in/assets/LIVETV/LIVECHANNEL/LIVETV_LIVETVCHANNEL_RAJ_NEWS_KANNADA/images/LOGO_HD/image.png,News,,iptv-org-all.txt
Raj Pariwar (576p),http://103.72.101.252:8080/live/533.m3u8,,,,RajPariwar.in@SD,,,,https://jiotvimages.cdn.jio.com/dare_images/images/Raj_Pariwar.png,News,,iptv-org-all.txt
Raj TV (1080p),https://livestream.rajtv.tv/hlslive/Admin/px08241087/live/RAJTV/master_1.m3u8,,,,RajTV.in@SD,,,,https://xstreamcp-assets-msp.streamready.in/assets/LIVETV/LIVECHANNEL/LIVETV_LIVETVCHANNEL_RAJ_TV/images/LOGO_HD/image.png,Entertainment,,iptv-org-all.txt
Raj TV (720p) [Not 24/7],https://ottst05.flexitv.sk/2827-tv-pc.m3u8,,,,TVRaj.sk@SD,,,,https://i.imgur.com/CGckMyx.png,Undefined,,iptv-org-all.txt
Rajdhani TV (1080p),https://stream.shariarsuvo.com/hls5/rajdhanicable.m3u8,,,,RajdhaniTV.bd@SD,,,,https://i.imgur.com/MBm2gPz.jpeg,General,,iptv-org-all.txt
Rajeen TV (1080p) [Not 24/7],https://mn-nl.mncdn.com/palabroad/live/playlist.m3u8,,,,RajeenTV.ps@SD,,,,https://i.imgur.com/6Cx22ya.png,Undefined,,iptv-org-all.txt
Rákosmente TV (720p),http://rakosmentetv.hu:8080/hls/rmtv.m3u8,,,,RakosmenteTV.hu@SD,,,,https://i.imgur.com/n39a2DT.png,General,,iptv-org-all.txt
Rakuten Documentários (1080p),https://ead2625dd95b42dabfd015fadcf144e3.mediatailor.eu-west-1.amazonaws.com/v1/master/0547f18649bd788bec7b67b746e47670f558b6b2/production-LiveChannel-6222/master.m3u8,,,,,,,,,Undefined,,iptv-org-all.txt
Rakuten Família (1080p),https://48faa1daf24549fab34594bc5bdd99f2.mediatailor.eu-west-1.amazonaws.com/v1/master/0547f18649bd788bec7b67b746e47670f558b6b2/production-LiveChannel-6213/master.m3u8,,,,,,,,,Undefined,,iptv-org-all.txt
Rakuten Top Movies UK (1080p),https://0145451975a64b35866170fd2e8fa486.mediatailor.eu-west-1.amazonaws.com/v1/master/0547f18649bd788bec7b67b746e47670f558b6b2/production-LiveChannel-5987/master.m3u8,,,,RakutenTVTopMovies.es@UK,,,,https://i.imgur.com/Meew6eX.png,Movies,,iptv-org-all.txt
Rakuten TV Action Movies Austria (720p),https://0f846627524f4dd2995e93581379db82.mediatailor.us-east-1.amazonaws.com/v1/master/44f73ba4d03e9607dcd9bebdcb8494d86964f1d8/Samsung-at_RakutenActionMovies-1/playlist.m3u8,,,,RakutenTVActionMovies.es@Austria,,,,https://i.imgur.com/Meew6eX.png,Movies,,iptv-org-all.txt
Rakuten TV Action Movies Finland (1080p),https://bca5a421a70c46ad911efd0a4767c4bf.mediatailor.eu-west-1.amazonaws.com/v1/master/0547f18649bd788bec7b67b746e47670f558b6b2/production-LiveChannel-6075/master.m3u8,,,,RakutenTVActionMovies.es@Finland,,,,https://i.imgur.com/Meew6eX.png,Movies,,iptv-org-all.txt
Rakuten TV Action Movies Germany (1080p),https://284824cf70404fdfb6ddf9349009c710.mediatailor.eu-west-1.amazonaws.com/v1/master/0547f18649bd788bec7b67b746e47670f558b6b2/production-LiveChannel-6066/master.m3u8,,,,RakutenTVActionMovies.es@Germany,,,,https://i.imgur.com/Meew6eX.png,Movies,,iptv-org-all.txt
Rakuten TV Action Movies Italy (1080p),https://87f2e2e5e7624e3bad85da1ca2ed31a7.mediatailor.eu-west-1.amazonaws.com/v1/master/0547f18649bd788bec7b67b746e47670f558b6b2/production-LiveChannel-6067/master.m3u8,,,,RakutenTVActionMovies.es@Italy,,,,https://i.imgur.com/Meew6eX.png,Movies,,iptv-org-all.txt
Rakuten TV Action Movies Spain (1080p),https://a9c57ec7ec5e4b7daeacc6316a0bb404.mediatailor.eu-west-1.amazonaws.com/v1/master/0547f18649bd788bec7b67b746e47670f558b6b2/production-LiveChannel-6069/master.m3u8,,,,RakutenTVActionMovies.es@Spain,,,,https://i.imgur.com/Meew6eX.png,Movies,,iptv-org-all.txt
Rakuten TV Action Movies UK (1080p),https://54045f0c40fd442c8b06df076aaf1e85.mediatailor.eu-west-1.amazonaws.com/v1/master/0547f18649bd788bec7b67b746e47670f558b6b2/production-LiveChannel-6065/master.m3u8,,,,RakutenTVActionMovies.es@UK,,,,https://i.imgur.com/Meew6eX.png,Movies,,iptv-org-all.txt
Rakuten TV Alerte Cobra (1080p),https://alarm-for-cobra-rakuten-tv-fr.fast.rakuten.tv/v1/master/0547f18649bd788bec7b67b746e47670f558b6b2/production-LiveChannel-6477/master.m3u8,,,,,,,,,Undefined,,iptv-org-all.txt
Rakuten TV Asian Cinema Italy (1080p),https://asian-cinema-rakuten-tv-it.fast.rakuten.tv/v1/master/0547f18649bd788bec7b67b746e47670f558b6b2/production-LiveChannel-6431/master.m3u8,,,,,,,,,Undefined,,iptv-org-all.txt
Rakuten TV Cine Español (1080p),https://3ed8837c27bf41dabe8e2627be2e57e6.mediatailor.eu-west-1.amazonaws.com/v1/master/0547f18649bd788bec7b67b746e47670f558b6b2/production-LiveChannel-6196/master.m3u8,,,,,,,,,Undefined,,iptv-org-all.txt
Rakuten TV Comedy Movies Austria (720p),https://7ed752b220a441b7b22bdf697c6c4df8.mediatailor.us-east-1.amazonaws.com/v1/master/44f73ba4d03e9607dcd9bebdcb8494d86964f1d8/Samsung-at_RakutenComedyMovies-1/playlist.m3u8,,,,RakutenTVComedyMovies.es@Austria,,,,https://i.imgur.com/Meew6eX.png,Movies,,iptv-org-all.txt
Rakuten TV Comedy Movies Finland (1080p),https://a300af98e00746e2acf2346f43e47bd1.mediatailor.eu-west-1.amazonaws.com/v1/master/0547f18649bd788bec7b67b746e47670f558b6b2/production-LiveChannel-6191/master.m3u8,,,,RakutenTVComedyMovies.es@Finland,,,,https://i.imgur.com/Meew6eX.png,Movies,,iptv-org-all.txt
Rakuten TV Comedy Movies Germany (1080p),https://ecac08c9e2214375b907d6825aaf9a01.mediatailor.eu-west-1.amazonaws.com/v1/master/0547f18649bd788bec7b67b746e47670f558b6b2/production-LiveChannel-6182/master.m3u8,,,,RakutenTVComedyMovies.es@Germany,,,,https://i.imgur.com/Meew6eX.png,Movies,,iptv-org-all.txt
Rakuten TV Comedy Movies Italy (1080p),https://b8bc6c4b9be64bd6aeb3b92aa8521ed4.mediatailor.eu-west-1.amazonaws.com/v1/master/0547f18649bd788bec7b67b746e47670f558b6b2/production-LiveChannel-6184/master.m3u8,,,,RakutenTVComedyMovies.es@Italy,,,,https://i.imgur.com/Meew6eX.png,Movies,,iptv-org-all.txt
Rakuten TV Comedy Movies Spain (1080p),https://71db867f03ce4d71a29e92155f07ab87.mediatailor.eu-west-1.amazonaws.com/v1/master/0547f18649bd788bec7b67b746e47670f558b6b2/production-LiveChannel-6180/master.m3u8,,,,RakutenTVComedyMovies.es@Spain,,,,https://i.imgur.com/Meew6eX.png,Movies,,iptv-org-all.txt
Rakuten TV Comedy Movies UK (1080p),https://9be783d652cd4b099cf63e1dc134c4a3.mediatailor.eu-west-1.amazonaws.com/v1/master/0547f18649bd788bec7b67b746e47670f558b6b2/production-LiveChannel-6181/master.m3u8,,,,RakutenTVComedyMovies.es@UK,,,,https://i.imgur.com/Meew6eX.png,Movies,,iptv-org-all.txt
Rakuten TV Crime Series Germany (1080p),https://b6244e915ee04a5aa758e863a55a6a3d.mediatailor.eu-west-1.amazonaws.com/v1/master/0547f18649bd788bec7b67b746e47670f558b6b2/production-LiveChannel-6217/master.m3u8,,,,,,,,,Undefined,,iptv-org-all.txt
Rakuten TV Crime Series Italy (1080p),https://546609034c0e41d7b5852dd870ddb53b.mediatailor.eu-west-1.amazonaws.com/v1/master/0547f18649bd788bec7b67b746e47670f558b6b2/production-LiveChannel-6216/master.m3u8,,,,,,,,,Undefined,,iptv-org-all.txt
Rakuten TV Crime Series Spain (1080p),https://4ac0fe739f05408abf89ce151aced344.mediatailor.eu-west-1.amazonaws.com/v1/master/0547f18649bd788bec7b67b746e47670f558b6b2/production-LiveChannel-6220/master.m3u8,,,,,,,,,Undefined,,iptv-org-all.txt
Rakuten TV Drama Movies Austria (720p),https://df1aa472ff5b4780a8d91fe319778b4d.mediatailor.us-east-1.amazonaws.com/v1/master/44f73ba4d03e9607dcd9bebdcb8494d86964f1d8/Samsung-at_RakutenTVShows-1/playlist.m3u8,,,,RakutenTVDramaMovies.es@Austria,,,,https://i.imgur.com/Meew6eX.png,Movies,,iptv-org-all.txt
Rakuten TV Drama Movies Finland (1080p),https://d7e8ee3c924d4305a0c1840fe94c5d36.mediatailor.eu-west-1.amazonaws.com/v1/master/0547f18649bd788bec7b67b746e47670f558b6b2/production-LiveChannel-6102/master.m3u8,,,,RakutenTVDramaMovies.es@Finland,,,,https://i.imgur.com/Meew6eX.png,Movies,,iptv-org-all.txt
Rakuten TV Drama Movies Germany (1080p),https://968754c2483045c1a9a7f677caec35b6.mediatailor.eu-west-1.amazonaws.com/v1/master/0547f18649bd788bec7b67b746e47670f558b6b2/production-LiveChannel-6096/master.m3u8,,,,RakutenTVDramaMovies.es@Germany,,,,https://i.imgur.com/Meew6eX.png,Movies,,iptv-org-all.txt
Rakuten TV Drama Movies Italy (1080p),https://f84e0b1628464fab846160df957f269e.mediatailor.eu-west-1.amazonaws.com/v1/master/0547f18649bd788bec7b67b746e47670f558b6b2/production-LiveChannel-6094/master.m3u8,,,,RakutenTVDramaMovies.es@Italy,,,,https://i.imgur.com/Meew6eX.png,Movies,,iptv-org-all.txt
Rakuten TV Drama Movies Spain (1080p),https://a7089c89d85f453d850c4a1518b43076.mediatailor.eu-west-1.amazonaws.com/v1/master/0547f18649bd788bec7b67b746e47670f558b6b2/production-LiveChannel-6092/master.m3u8,,,,RakutenTVDramaMovies.es@Spain,,,,https://i.imgur.com/Meew6eX.png,Movies,,iptv-org-all.txt
Rakuten TV Drama Movies UK (1080p),https://fee09fd665814f51b939b6d106cf5f66.mediatailor.eu-west-1.amazonaws.com/v1/master/0547f18649bd788bec7b67b746e47670f558b6b2/production-LiveChannel-6093/master.m3u8,,,,RakutenTVDramaMovies.es@UK,,,,https://i.imgur.com/Meew6eX.png,Movies,,iptv-org-all.txt
Rakuten TV Family Movies Austria (720p),https://9fa8baba055e4a52b0a8d1ae7d78bed8.mediatailor.us-east-1.amazonaws.com/v1/master/44f73ba4d03e9607dcd9bebdcb8494d86964f1d8/Samsung-at_RakutenFamily-1/playlist.m3u8,,,,RakutenTVFamilyMovies.es@Austria,,,,https://i.imgur.com/Meew6eX.png,Family;Movies,,iptv-org-all.txt
Rakuten TV Family Movies Finland (1080p),https://758ee983d61e400381dea6fa8154f4e0.mediatailor.eu-west-1.amazonaws.com/v1/master/0547f18649bd788bec7b67b746e47670f558b6b2/production-LiveChannel-6227/master.m3u8,,,,RakutenTVFamilyMovies.es@Finland,,,,https://i.imgur.com/Meew6eX.png,Family;Movies,,iptv-org-all.txt
Rakuten TV Family Movies Germany (1080p),https://af230031eeac45f3b78d4f8a13265105.mediatailor.eu-west-1.amazonaws.com/v1/master/0547f18649bd788bec7b67b746e47670f558b6b2/production-LiveChannel-6209/master.m3u8,,,,RakutenTVFamilyMovies.es@Germany,,,,https://i.imgur.com/Meew6eX.png,Family;Movies,,iptv-org-all.txt
Rakuten TV Family Movies Italy (1080p),https://3315fc3e7276420f895e19cf807dbee1.mediatailor.eu-west-1.amazonaws.com/v1/master/0547f18649bd788bec7b67b746e47670f558b6b2/production-LiveChannel-6215/master.m3u8,,,,RakutenTVFamilyMovies.es@Italy,,,,https://i.imgur.com/Meew6eX.png,Family;Movies,,iptv-org-all.txt
Rakuten TV Family Movies Spain (1080p),https://b0d59c8c98974e708e5ccb9a27cdfdfc.mediatailor.eu-west-1.amazonaws.com/v1/master/0547f18649bd788bec7b67b746e47670f558b6b2/production-LiveChannel-6205/master.m3u8,,,,RakutenTVFamilyMovies.es@Spain,,,,https://i.imgur.com/Meew6eX.png,Family;Movies,,iptv-org-all.txt
Rakuten TV Family Movies UK (1080p),https://e3207568b726401995c25670faaf32e4.mediatailor.eu-west-1.amazonaws.com/v1/master/0547f18649bd788bec7b67b746e47670f558b6b2/production-LiveChannel-6203/master.m3u8,,,,RakutenTVFamilyMovies.es@UK,,,,https://i.imgur.com/Meew6eX.png,Family;Movies,,iptv-org-all.txt
Rakuten TV Family Switzerland (720p),https://a24daf1125344b9cab66eed2fcff8821.mediatailor.us-east-1.amazonaws.com/v1/master/44f73ba4d03e9607dcd9bebdcb8494d86964f1d8/Samsung-ch_RakutenFamily-1/playlist.m3u8,,,,RakutenTVFamilyMovies.es@Switzerland,,,,https://i.imgur.com/Meew6eX.png,Family;Movies,,iptv-org-all.txt
Rakuten TV Films Action (720p),https://01ac9352fbfa4204998783d41f9b1a2e.mediatailor.eu-west-1.amazonaws.com/v1/master/0547f18649bd788bec7b67b746e47670f558b6b2/production-LiveChannel-6068/master.m3u8,,,,,,,,,Undefined,,iptv-org-all.txt
Rakuten TV Films Comédie (720p),https://cc9f70371e7144e7acae4de8b5832d7a.mediatailor.eu-west-1.amazonaws.com/v1/master/0547f18649bd788bec7b67b746e47670f558b6b2/production-LiveChannel-6183/master.m3u8,,,,,,,,,Undefined,,iptv-org-all.txt
Rakuten TV Films Drames (720p),https://f396f4db84a54f7bb496b2541477b626.mediatailor.eu-west-1.amazonaws.com/v1/master/0547f18649bd788bec7b67b746e47670f558b6b2/production-LiveChannel-6095/master.m3u8,,,,,,,,,Undefined,,iptv-org-all.txt
Rakuten TV Films Famille (1080p),https://b3088e48baab418a9a95dc8110a1b736.mediatailor.eu-west-1.amazonaws.com/v1/master/0547f18649bd788bec7b67b746e47670f558b6b2/production-LiveChannel-6206/master.m3u8,,,,,,,,,Undefined,,iptv-org-all.txt
Rakuten TV Films Français (720p),https://499fde1f527c4ce9af8917b3ee7a217a.mediatailor.us-east-1.amazonaws.com/v1/master/44f73ba4d03e9607dcd9bebdcb8494d86964f1d8/RakutenTV-fr_Local/playlist.m3u8,,,,,,,,,Undefined,,iptv-org-all.txt
Rakuten TV Films Romance (720p),https://9affb6144c4c4cdca25d58908cb55a64.mediatailor.eu-west-1.amazonaws.com/v1/master/0547f18649bd788bec7b67b746e47670f558b6b2/production-LiveChannel-6195/master.m3u8,,,,,,,,,Undefined,,iptv-org-all.txt
Rakuten TV Films Thriller (720p),https://thriller-rakuten-tv-fr.fast.rakuten.tv/v1/master/0547f18649bd788bec7b67b746e47670f558b6b2/production-LiveChannel-6479/master.m3u8,,,,,,,,,Undefined,,iptv-org-all.txt
Rakuten TV German Cinema (1080p),https://a5dc66582aa040269fd99d7d7a6ac23b.mediatailor.eu-west-1.amazonaws.com/v1/master/0547f18649bd788bec7b67b746e47670f558b6b2/production-LiveChannel-6200/master.m3u8,,,,,,,,,Undefined,,iptv-org-all.txt
Rakuten TV Nordic Films (1080p),https://4aa9ef08b70d4b0c8f3519c5950b1930.mediatailor.eu-west-1.amazonaws.com/v1/master/0547f18649bd788bec7b67b746e47670f558b6b2/production-LiveChannel-6303/master.m3u8,,,,RakutenTVNordicFilms.es@Finland,,,,https://images-3.rakuten.tv/storage/global-live-channel/translation/artwork/ff79e878-3eea-45fc-b0cd-55d6acce9b18-width200-quality90.jpeg,Movies,,iptv-org-all.txt
Rakuten TV Reality UK (1080p),https://68f6dfd1f2bd415b9c42f1d383004b69.mediatailor.eu-west-1.amazonaws.com/v1/master/0547f18649bd788bec7b67b746e47670f558b6b2/production-LiveChannel-6233/master.m3u8,,,,,,,,,Undefined,,iptv-org-all.txt
Rakuten TV Romance Movies Finland (1080p),https://romance-rakuten-tv-fi.fast.rakuten.tv/v1/master/0547f18649bd788bec7b67b746e47670f558b6b2/production-LiveChannel-6744/master.m3u8,,,,,,,,,Undefined,,iptv-org-all.txt
Rakuten TV Romance Movies Germany (1080p),https://romance-rakuten-tv-de.fast.rakuten.tv/v1/master/0547f18649bd788bec7b67b746e47670f558b6b2/production-LiveChannel-6475/master.m3u8,,,,,,,,,Undefined,,iptv-org-all.txt
Rakuten TV Romance Movies Italy (1080p),https://3e0f2491d8634a58967529df3f424c0d.mediatailor.eu-west-1.amazonaws.com/v1/master/0547f18649bd788bec7b67b746e47670f558b6b2/production-LiveChannel-6193/master.m3u8,,,,,,,,,Undefined,,iptv-org-all.txt
Rakuten TV Romance Movies Spain (1080p),https://4b95c0f7aa2b4cae80f6515600154151.mediatailor.eu-west-1.amazonaws.com/v1/master/0547f18649bd788bec7b67b746e47670f558b6b2/production-LiveChannel-6105/master.m3u8,,,,,,,,,Undefined,,iptv-org-all.txt
Rakuten TV Romance Movies UK (1080p),https://2c88ed8c4df9479aa0c7138dc42115e2.mediatailor.eu-west-1.amazonaws.com/v1/master/0547f18649bd788bec7b67b746e47670f558b6b2/production-LiveChannel-6194/master.m3u8,,,,,,,,,Undefined,,iptv-org-all.txt
Rakuten TV Sci-Fi Italy (1080p),https://sci-fi-rakuten-tv-it.fast.rakuten.tv/v1/master/0547f18649bd788bec7b67b746e47670f558b6b2/production-LiveChannel-6430/master.m3u8,,,,,,,,,Undefined,,iptv-org-all.txt
Rakuten TV Sci-Fi Spain (1080p),https://sci-fi-rakuten-tv-es.fast.rakuten.tv/v1/master/0547f18649bd788bec7b67b746e47670f558b6b2/production-LiveChannel-6740/master.m3u8,,,,,,,,,Undefined,,iptv-org-all.txt
Rakuten TV Sci-Fi UK (1080p),https://sci-fi-rakuten-tv-uk.fast.rakuten.tv/v1/master/0547f18649bd788bec7b67b746e47670f558b6b2/production-LiveChannel-6241/master.m3u8,,,,,,,,,Undefined,,iptv-org-all.txt
Rakuten TV Séries Crime (720p),https://1ffd245e4d30495e9b006502a155479e.mediatailor.eu-west-1.amazonaws.com/v1/master/0547f18649bd788bec7b67b746e47670f558b6b2/production-LiveChannel-6214/master.m3u8,,,,,,,,,Undefined,,iptv-org-all.txt
Rakuten TV Thrillers Germany (1080p),https://thriller-rakuten-tv-de.fast.rakuten.tv/v1/master/0547f18649bd788bec7b67b746e47670f558b6b2/production-LiveChannel-6481/master.m3u8,,,,,,,,,Undefined,,iptv-org-all.txt
Rakuten TV Thrillers Spain (1080p),https://thriller-rakuten-tv-es.fast.rakuten.tv/v1/master/0547f18649bd788bec7b67b746e47670f558b6b2/production-LiveChannel-6480/master.m3u8,,,,,,,,,Undefined,,iptv-org-all.txt
Rakuten TV Thrillers UK (1080p),https://thriller-rakuten-tv-uk.fast.rakuten.tv/v1/master/0547f18649bd788bec7b67b746e47670f558b6b2/production-LiveChannel-6482/master.m3u8,,,,,,,,,Undefined,,iptv-org-all.txt
Rakuten TV Top Films France (720p),https://93ed06eba1ef4cf783b66dc6ea7c4f28.mediatailor.eu-west-1.amazonaws.com/v1/master/0547f18649bd788bec7b67b746e47670f558b6b2/production-LiveChannel-5986/master.m3u8,,,,,,,,,Undefined,,iptv-org-all.txt
Rakuten TV Top Movies Finland (1080p),https://1d1b0d4cb6ae4c31985d13221795695b.mediatailor.eu-west-1.amazonaws.com/v1/master/0547f18649bd788bec7b67b746e47670f558b6b2/production-LiveChannel-6057/master.m3u8,,,,RakutenTVTopMovies.es@Finland,,,,https://i.imgur.com/Meew6eX.png,Movies,,iptv-org-all.txt
Rakuten TV Top Movies Germany (1080p),https://cbb622b29f5d43b598991f3fa19de291.mediatailor.eu-west-1.amazonaws.com/v1/master/0547f18649bd788bec7b67b746e47670f558b6b2/production-LiveChannel-5985/master.m3u8,,,,RakutenTVTopMovies.es@Germany,,,,https://i.imgur.com/Meew6eX.png,Movies,,iptv-org-all.txt
Rakuten TV Top Movies Italy (1080p),https://d4a4999341764c67a67e9ec9eb3790ab.mediatailor.eu-west-1.amazonaws.com/v1/master/0547f18649bd788bec7b67b746e47670f558b6b2/production-LiveChannel-5984/master.m3u8,,,,RakutenTVTopMovies.es@Italy,,,,https://i.imgur.com/Meew6eX.png,Movies,,iptv-org-all.txt
Rakuten TV Top Movies Spain (1080p),https://ff335120300e4742a2b135ee9a9e7df8.mediatailor.eu-west-1.amazonaws.com/v1/master/0547f18649bd788bec7b67b746e47670f558b6b2/production-LiveChannel-5983/master.m3u8,,,,RakutenTVTopMovies.es@Spain,,,,https://i.imgur.com/Meew6eX.png,Movies,,iptv-org-all.txt
Rakuten TV Viki Europe (720p),https://newidco-rakutenviki-2-eu.rakuten.wurl.tv/playlist.m3u8,,,,,,,,,Undefined,,iptv-org-all.txt
Rakuten VIKI,https://fd18f1cadd404894a31a3362c5f319bd.mediatailor.us-east-1.amazonaws.com/v1/master/04fd913bb278d8775298c26fdca9d9841f37601f/RakutenTV-eu_RakutenViki-1/playlist.m3u8,,,,RakutenViki.us@Poland,,,,https://i.imgur.com/pbyd1g2.png,Entertainment;Series,,iptv-org-all.txt
Rakuten Viki (1080p),https://newidco-rakutenviki-2-eu.xiaomi.wurl.tv/playlist.m3u8,,,,RakutenViki.us@Spain,,,,https://i.imgur.com/pbyd1g2.png,Entertainment;Series,,iptv-org-all.txt
Rally TV (1080p),https://rally-tv-live.akamaized.net/hls/live/2117704/RallyTV-Pri/master.m3u8,,,,RallyTV.us@SD,,,,https://i.postimg.cc/WtLq2C7c/logo-Rally-Tv1.png,Sports,,iptv-org-all.txt
Rally.TV FAST+ (1080p),https://di4fb7mbsq3nf.cloudfront.net/playlist.m3u8,,,,,,,,,Undefined,,iptv-org-all.txt
Raly TV (720p),https://cloudvideo.servers10.com:8081/8072/index.m3u8,,,,RalyTV.mx@SD,,,,https://i.imgur.com/W8a1dIa.png,General,,iptv-org-all.txt
Rama Channel,https://ramach.ddns.net/live/ramalive/index.m3u8,,,,RamaChannel.th@SD,,,,https://i.imgur.com/pnbzE2V.png,Undefined,,iptv-org-all.txt
Ramdhenu (576p),https://cdn-7.pishow.tv/live/10016/master.m3u8,,,,Ramdhenu.in@SD,,,,https://dtil.tmsimg.com/assets/s143717_ld_h15_aa.png?lock=720x540,Undefined,,iptv-org-all.txt
RAN1 (1080p),http://58bd5b7a98e04.streamlock.net/medienasa-live/ran1_high/playlist.m3u8,,,,RAN1.de@SD,,,,https://i.imgur.com/zRg2BEa.png,Undefined,,iptv-org-all.txt
Rancho Cucamonga RCTV3 (Rancho Cucamonga CA) (480p),https://vod.cityofrc.us/live-6/live/stream-1/live.m3u8,,,,RCTV3.us@SD,,,,https://i.imgur.com/TvFKG35.png,General,,iptv-org-all.txt
Rang (576p),https://cdn-7.pishow.tv/live/10017/master.m3u8,,,,Rang.in@SD,,,,https://xstreamcp-assets-msp.streamready.in/assets/LIVETV/LIVECHANNEL/LIVETV_LIVETVCHANNEL_RANG/images/LOGO_HD/image.png,Undefined,,iptv-org-all.txt
Rantaró el ninja boy (1080p),https://rantaro-ninja-boy-rakuten-tv-es.fast.rakuten.tv/v1/master/0547f18649bd788bec7b67b746e47670f558b6b2/production-LiveChannel-6432/master.m3u8,,,,,,,,,Undefined,,iptv-org-all.txt
Rapid TV (480p),https://stream-hls.castr-cdn.com/6a05a899db0ebd344a759542/live_9655bc604f8211f19e748901a3f596d0/index.m3u8,,,,RapidTV.ng@SD,,,,https://i.imgur.com/FkMNcj1.jpeg,General,,iptv-org-all.txt
Rararadio (720p),https://58c04fb1d143f.streamlock.net/rararadio/rararadio/playlist.m3u8,,,,Rararadio.nl@SD,,,,https://i.imgur.com/vTpfxUG.png,Music,,iptv-org-all.txt
RASD TV (1080i),https://cloud.streamingconnect.tv/hls/rasdtv2/rasdtv.m3u8,,,,RASDTV.eh@SD,,,,https://i.imgur.com/9Pb8806.png,General,,iptv-org-all.txt
Rashid AlMajed (1080p),https://dphwv2ufgnfsq.cloudfront.net/out/v1/59cd80dfe93a479eb8b4d79bc6f225ca/index.m3u8,,,,RashidAlMajed.sa@SD,,,,https://assets.mbcmood.com/channels/1720177618Rashid%20AlMajed.webp,Music,,iptv-org-all.txt
Rasmey Hang Meas HDTV (720p) [Not 24/7],http://clive.malisresidences.com:1935/rhm_hdtv/_definst_/smil:RHMHDTV.smil/playlist.m3u8,,,,RasmeyHangMeasHDTV.kh@SD,,,,https://i.imgur.com/EcqEMMg.png,Undefined,,iptv-org-all.txt
RasoulallahTv (1080p),https://avr.host247.net/live/rasoulallahtv/playlist.m3u8,,,,RasoulallahTv.ir@HD,,,,https://i.imgur.com/Jh5ADee.png,Religious,,iptv-org-all.txt
Rauchende Colts,https://jmp2.uk/plu-638f2bc7bc363100072f02dd.m3u8,,,,,,,,,Undefined,,iptv-org-all.txt
Rave TV (576p),https://viewmedia7219.bozztv.com/wmedia/viewmedia100/web_039/Stream/playlist.m3u8,,,,RaveTV.ng@SD,,,,https://i.imgur.com/pXKQE0G.png,Undefined,,iptv-org-all.txt
Rawhide,https://jmp2.uk/plu-6964ba787e92438c2754e924.m3u8,,,,Rawhide.se@DK,,,,https://images.pluto.tv/channels/6964ba787e92438c2754e924/colorLogoPNG_1768209194548.png,Classic;Series,,iptv-org-all.txt
Rawhide,https://jmp2.uk/plu-6964baa63dfd98e10945ac51.m3u8,,,,Rawhide.se@NO,,,,https://images.pluto.tv/channels/6964ba787e92438c2754e924/colorLogoPNG_1768209194548.png,Classic;Series,,iptv-org-all.txt
Rawhide,https://jmp2.uk/plu-6964bb3640c8de392514a0c6.m3u8,,,,Rawhide.se@SE,,,,https://images.pluto.tv/channels/6964ba787e92438c2754e924/colorLogoPNG_1768209194548.png,Classic;Series,,iptv-org-all.txt
Rawhide,https://jmp2.uk/plu-65660223635c3c00086c2578.m3u8,,,,Rawhide.us@CA,,,,https://images.pluto.tv/channels/65660223635c3c00086c2578/colorLogoPNG.png,Movies;Series,,iptv-org-all.txt
Rawhide,https://jmp2.uk/plu-634f307c7a068e00072c9982.m3u8,,,,Rawhide.us@SD,,,,https://images.pluto.tv/channels/65660223635c3c00086c2578/colorLogoPNG.png,Movies;Series,,iptv-org-all.txt
Rawhide Tausend Meilen Staub,https://jmp2.uk/plu-638f2983dcd9100008c2374d.m3u8,,,,,,,,,Undefined,,iptv-org-all.txt
Ray TV HD,https://streaming.tvnepal.com:19360/raynewsdaily/720p.m3u8,,,,RayTVHD.np@HD,,,,https://i.imgur.com/QIkgiEn.png,Entertainment;General,,iptv-org-all.txt
Ray TV HD (576p),https://streaming.tvnepal.com:19360/raynewsdaily/480p.m3u8,,,,RayTVHD.np@SD,,,,https://i.imgur.com/QIkgiEn.png,Entertainment;General,,iptv-org-all.txt
RAZ 1 (1080p),http://stream.mcquack.net/463/index.m3u8,,,,RAZ1.ua@SD,,,,https://s2.vcdn.biz/static/f/7607683721/image.jpg/pt/c192x192x4,Entertainment,,iptv-org-all.txt
RAZ 2 (1080p),http://stream.mcquack.net/464/index.m3u8,,,,RAZ2.ua@SD,,,,https://s7.vcdn.biz/static/f/7607698621/image.jpg/pt/c192x192x4,Entertainment,,iptv-org-all.txt
RAZ 3 International,https://dash2.antik.sk/live/kvartal_tv/playlist.m3u8,,,,RAZ3International.ua@SD,,,,https://static.wikia.nocookie.net/tvpedia/images/f/f4/RAZ_3.jpg/revision/latest?cb=20260831213225,Undefined,,iptv-org-all.txt
Razavi TV,https://ncdn.telewebion.ir/razavi/live/playlist.m3u8,,,,RazaviTV.ir@SD,,,,https://static.telewebion.com/channelsLogo/85f466a7-7d17-4ce8-bee6-13da4ff5deb1/default,Undefined,,iptv-org-all.txt
RB TV (1080p),https://video.hostingcaaguazu.com:19360/rbtv/rbtv.m3u8,,,,RBTV.py@SD,,,,https://i.imgur.com/EMFAFX0.png,General,,iptv-org-all.txt
RBATV (720p),https://cdn.live.br1.jmvstream.com/w/LVW-15748/LVW15748_Yed7yzLuRC/playlist.m3u8,,,,RBATV.br@SD,,,,https://i.imgur.com/ZWFxlU1.png,General,,iptv-org-all.txt
RBB Berlin (1080p) [Geo-blocked],https://rbb-hls-berlin.akamaized.net/hls/live/2017824/rbb_berlin/index.m3u8,,,,rbbFernsehen.de@Berlin,,,,https://upload.wikimedia.org/wikipedia/commons/thumb/e/ec/Rbb_Fernsehen_Logo_2017.08.svg/960px-Rbb_Fernsehen_Logo_2017.08.svg.png,Undefined,,iptv-org-all.txt
RBB Brandenburg (1080p) [Geo-blocked],https://rbb-hls-brandenburg.akamaized.net/hls/live/2017825/rbb_brandenburg/master.m3u8,,,,rbbFernsehen.de@Brandenburg,,,,https://upload.wikimedia.org/wikipedia/commons/thumb/e/ec/Rbb_Fernsehen_Logo_2017.08.svg/960px-Rbb_Fernsehen_Logo_2017.08.svg.png,Undefined,,iptv-org-all.txt
rbb Fernsehen,https://dash2.antik.sk/live/test_rbb_tizen/playlist.m3u8,,,,rbbFernsehen.de@SD,,,,https://upload.wikimedia.org/wikipedia/commons/thumb/e/ec/Rbb_Fernsehen_Logo_2017.08.svg/960px-Rbb_Fernsehen_Logo_2017.08.svg.png,Undefined,,iptv-org-all.txt
RBK-TV SD (576p),http://hls127.freeott.top:8080/RBK/video.m3u8,,,,RBKTV.ru@SD,,,,https://i.imgur.com/CwhmJby.png,Business,,iptv-org-all.txt
RBW (1080p),http://58bd5b7a98e04.streamlock.net/medienasa-live/rbw_high/playlist.m3u8,,,,RBW.de@SD,,,,https://i.imgur.com/A0UKdix.png,Undefined,,iptv-org-all.txt
RCC TV (1080p) [Not 24/7],https://copacoradios.desdeparaguay.net/rcctv/rcctv/playlist.m3u8?admin=nacion,,,,RCCTV.py@SD,,,,https://i.imgur.com/qdjBnRl.png,Religious,,iptv-org-all.txt
RCG TV (1080p),https://video1.getstreamhosting.com:1936/8172/8172/playlist.m3u8,,,,RCGTV.mx@SD,,,,https://i.imgur.com/kYtAR26.png,Undefined,,iptv-org-all.txt
RCG TV 2 (360p) [Not 24/7],https://5caf24a595d94.streamlock.net:1937/stream56/stream56/playlist.m3u8,,,,RCGTV2.mx@SD,,,,https://i.imgur.com/hXs9b7v.png,Undefined,,iptv-org-all.txt
RCM (1080p),https://samsungau-rialtosamsungaustralia-al2rg.amagi.tv/playlist/samsungau-rialtosamsungaustralia/playlist.m3u8,,,,,,,,,Undefined,,iptv-org-all.txt
RCM (1080p),https://amg01076-lightningintern-rialto-samsungnz-03h40.amagi.tv/playlist/amg01076-lightningintern-rialto-samsungnz/playlist.m3u8,,,,,,,,,Undefined,,iptv-org-all.txt
RCN HD2 (1080p),http://181.78.14.26:4000/play/a07m/index.m3u8,,,,RCNHD2.co@SD,,,,https://i.imgur.com/SrMPTfc.png,General,,iptv-org-all.txt
RCN Más (1080p),https://rcntv-rcnmas-1-us.plex.wurl.tv/playlist.m3u8,,,,RCNMas.co@SD,,,,https://i.imgur.com/MJzuRAN.png,Entertainment,,iptv-org-all.txt
RCN Noticias (720p),https://jmp2.uk/plu-67d9b0ebc290c9499046e88f.m3u8,,,,NoticiasRCN.co@SD,,,,https://i.imgur.com/FMX4QCM.png,News,,iptv-org-all.txt
RCN Novelas (1080p),https://cdnlive.klicgo.net/rcnnovelas/live/playlist.m3u8,,,,RCNNovelas.co@SD,,,,https://i.imgur.com/9wxdWNQ.png,Entertainment,,iptv-org-all.txt
RCTI HD (720p),https://mncmedia.malingtv.workers.dev/rcti.m3u8,,,,RCTI.id@HD,,,,https://i.imgur.com/iLFx8ia.png,General,,iptv-org-all.txt
RCTV Brasil,https://stmv.webtvninjas.com.br/rctv/rctv/playlist.m3u8,,,,RCTVBrasil.br@SD,,,,https://eswqkrogupaisirwcsys.supabase.co/storage/v1/object/public/mbc-media/canais/1776378749826-jef0fj1ekwq.png,General,,iptv-org-all.txt
RCV TV (712p),https://59d39900ebfb8.streamlock.net/rcv/rcv/playlist.m3u8,,,,RCVTV.hn@SD,,,,https://i.imgur.com/0TEeEFG.jpg,News,,iptv-org-all.txt
RDN (1080p) [Not 24/7],https://edge.essastream.com/rdntv/tracks-v1a1/mono.m3u8,,,,RDN.do@SD,,,,https://i.imgur.com/x02CGSW.png,News,,iptv-org-all.txt
RDS Social TV (720p),https://stream.rdstv.radio/out/v1/ec85f72b87f04555aa41d616d5be41dc/index.m3u8,,,,RDSSocialTV.it@SD,,,,https://i.imgur.com/bxGvE8C.png,Undefined,,iptv-org-all.txt
RDX Goa (720p) [Geo-blocked],https://g5nl6xoalpq6-hls-live.5centscdn.com/rdxgoa/d0dbe915091d400bd8ee7f27f0791303.sdp/playlist.m3u8,,,,RDXGoa.in@SD,,,,https://jiotvimages.cdn.jio.com/dare_images/images/RDX_News.png,News,,iptv-org-all.txt
Re TV (1080p),https://retv2132.cloudycdn.services/slive/_definst_/retv_retv_channel_5k7_42787_default_891_hls.smil/playlist.m3u8,,,,ReTV.lv@SD,,,,https://i.imgur.com/Z3cre5Xm.png,Undefined,,iptv-org-all.txt
Ready TV Canal 6 (720p) [Not 24/7],https://streaming.telecablecentral.com.do/ReadyTV/ReadyHD/playlist.m3u8,,,,ReadyTVCanal6.do@SD,,,,https://i.imgur.com/ZONPQhR.png,General,,iptv-org-all.txt
Real America's Voice (1080p),https://stream.weathernationtv.com/RAVStirr_poekxujeisurekugzezyg/O1/playlistSCTE35.m3u8,,,,RealAmericasVoice.us@SD,,,,https://i.imgur.com/l7tmTjX.png,Undefined,,iptv-org-all.txt
Real Crime (1080p),https://lds-realcrime-samsungau.amagi.tv/playlist.m3u8,,,,,,,,,Undefined,,iptv-org-all.txt
Real Crime (1080p) [Geo-blocked],https://amg00426-littledotstudio-realcrimebeta-samsungse-lpne7.amagi.tv/playlist/amg00426-littledotstudio-realcrimebeta-samsungse/playlist.m3u8,,,,,,,,,Undefined,,iptv-org-all.txt
Real Crime (1080p) [Geo-blocked],https://lds-realcrime-samsunguk.amagi.tv/playlist.m3u8,,,,,,,,,Undefined,,iptv-org-all.txt
Real Crime (1080p) [Geo-blocked],https://d1qznhvm4vjve7.cloudfront.net/playlist.m3u8,,,,,,,,,Undefined,,iptv-org-all.txt
Real Crime,https://cdn-apse1-prod.tsv2.amagi.tv/linear/amg00426-littledotstudio-realcrimebetanz-samsungnz/playlist.m3u8,,,,,,,,,Undefined,,iptv-org-all.txt
Real Crime Beta (1080p),https://lds-realcrimebeta-rakuten.amagi.tv/playlist.m3u8,,,,,,,,,Undefined,,iptv-org-all.txt
Real Crime Uncovered (720p),https://a-cdn.klowdtv.com/live3/realcrimeuncovered_720p/playlist.m3u8,,,,,,,,,Undefined,,iptv-org-all.txt
Real Disaster Channel (1080p) [Geo-blocked],https://linear-475.frequency.stream/dist/glewedtv/475/hls/master/playlist.m3u8,,,,,,,,,Undefined,,iptv-org-all.txt
Real Disaster Channel (1080p) [Geo-blocked],https://linear-475.frequency.stream/dist/xumo/475/hls/master/playlist.m3u8,,,,,,,,,Undefined,,iptv-org-all.txt
Real Disaster Channel (720p),https://jmp2.uk/plu-64e89cfc9c1e3900084ca663.m3u8,,,,,,,,,Undefined,,iptv-org-all.txt
Real Disaster Channel,https://jmp2.uk/plu-64d2b6bf9b414d0008187d83.m3u8,,,,,,,,,Undefined,,iptv-org-all.txt
Real Housewives Vault (1080p),https://xumo-xumoent-vc-123-8gq0q.fast.nbcuni.com/live/master.m3u8,,,,,,,,,Undefined,,iptv-org-all.txt
Real Housewives Vault,https://jmp2.uk/plu-6549316d2c1d330008631496.m3u8,,,,,,,,,Undefined,,iptv-org-all.txt
Real Madrid TV (726p),https://rmtv.akamaized.net/hls/live/2043153/rmtv-es-web/master.m3u8,,,,RealMadridTV.es@SD,,,,https://i.imgur.com/5pMo7dL.png,Sports,,iptv-org-all.txt
Real Madrid TV English,http://88.212.15.19/live/real_madrid_tv/index.m3u8,,,,RealMadridTVEnglish.es@SD,,,,https://i.imgur.com/5pMo7dL.png,Sports,,iptv-org-all.txt
Real News Kerala (1080p) [Not 24/7],https://bk7l298nyx53-hls-live.5centscdn.com/realnews/e7dee419f91aa9e65939d3677fb9c4f5.sdp/playlist.m3u8,,,,RealNewsKerala.in@SD,,,,https://jiotvimages.cdn.jio.com/dare_images/images/Real_News_Kerala.png,News,,iptv-org-all.txt
Real Television (720p),https://live-evg10.tv360.bitel.com.pe/bitel/realtv/playlist.m3u8,,,,RealTelevision.pe@SD,,,,https://i.imgur.com/7KECyh5.jpeg,General,,iptv-org-all.txt
Real Wild (1080p),https://lds-realwild-samsungau.amagi.tv/playlist.m3u8,,,,RealWild.uk@SD,,,,https://i.imgur.com/T9HHmAO.png,Undefined,,iptv-org-all.txt
Realitatea Plus (720p),https://stream.realitatea.net/realitatea/plus_md/ts:playlist.m3u8,,,,RealitateaPlus.ro@SD,,,,https://i.imgur.com/kqEPVPk.png,Undefined,,iptv-org-all.txt
Realitatea Sportiva (720p),https://stream.realitatea.net/realitatea/sportiva_md/ts:playlist.m3u8,,,,RealitateaSportiva.ro@SD,,,,https://i.imgur.com/BaEyZto.png,Sports,,iptv-org-all.txt
Realitatea Star (576i),https://stream.realitatea.net/realitatea/star_md/ts:playlist.m3u8,,,,RealitateaStar.ro@SD,,,,https://i.imgur.com/bNdpyAZ.png,Undefined,,iptv-org-all.txt
Reality Awards,https://jmp2.uk/plu-692ec3a76f84242a60f75f59.m3u8,,,,,,,,,Undefined,,iptv-org-all.txt
Realmadrid TV (720p),https://jmp2.uk/plu-660d714719ca71000849cc1f.m3u8,,,,,,,,,Undefined,,iptv-org-all.txt
Realmadrid TV (720p),https://jmp2.uk/plu-65f96cd34e01740008ef1c97.m3u8,,,,,,,,,Undefined,,iptv-org-all.txt
Realmadrid TV (720p),https://jmp2.uk/plu-660d71e2aec9680008f8f18a.m3u8,,,,,,,,,Undefined,,iptv-org-all.txt
Realmadrid TV (720p),https://jmp2.uk/plu-660d7232635c75000828c95a.m3u8,,,,,,,,,Undefined,,iptv-org-all.txt
Record (720p),http://45.190.28.50/RECORD/index.m3u8,,,,Record.br@SD,,,,https://i.imgur.com/sz9gTTr.png,General,,iptv-org-all.txt
Record News (720p),http://45.162.64.114/RECORD_NEWS/index.m3u8,,,,RecordNews.br@SD,,,,https://i.imgur.com/HZDRG0K.png,News,,iptv-org-all.txt
Record TV Belem (720p) [Geo-blocked],https://playpluspa-lh.akamaihd.net/i/pp_pa@377468/index_720_av-p.m3u8,,,,RecordTVBelem.br@SD,,,,https://i.imgur.com/gEEiN10.png,General,,iptv-org-all.txt
Record TV Brasilia (720p) [Geo-blocked],https://playplusbsa-lh.akamaihd.net/i/pp_bsa@377860/index_720_av-p.m3u8,,,,RecordTVBrasilia.br@SD,,,,https://i.imgur.com/PZMas8Y.png,General,,iptv-org-all.txt
Record TV Goias (720p) [Geo-blocked],https://playplusgoya-lh.akamaihd.net/i/pp_gna@377833/index_720_av-p.m3u8,,,,RecordTVGoias.br@SD,,,,https://i.imgur.com/Fdoax1M.png,General,,iptv-org-all.txt
Record TV Itapoan (720p) [Geo-blocked],https://playplussdr-lh.akamaihd.net/i/pp_sdr@377858/index_720_av-b.m3u8,,,,RecordTVItapoan.br@SD,,,,https://upload.wikimedia.org/wikipedia/pt/thumb/1/13/Logotipo_da_RecordTV_Itapoan.png/500px-Logotipo_da_RecordTV_Itapoan.png,General,,iptv-org-all.txt
Record TV Rio (720p) [Geo-blocked],https://playplusrjo-lh.akamaihd.net/i/pp_rj@377859/index_720_av-p.m3u8,,,,RecordTVRio.br@SD,,,,https://upload.wikimedia.org/wikipedia/pt/thumb/c/ce/Logotipo_da_RecordTV_Rio.png/500px-Logotipo_da_RecordTV_Rio.png,General,,iptv-org-all.txt
Record TV RS (720p) [Geo-blocked],https://playpluspoa-lh.akamaihd.net/i/pp_poa@377864/index_720_av-p.m3u8,,,,RecordRS.br@SD,,,,https://i.imgur.com/JLQWoNc.png,General,,iptv-org-all.txt
Record TV SP (720p) [Geo-blocked],https://playplusspo-lh.akamaihd.net/i/pp_sp@350176/index_720_av-p.m3u8,,,,RecordTVSaoPaulo.br@SD,,,,https://upload.wikimedia.org/wikipedia/pt/thumb/1/10/Logotipo_da_Record.png/960px-Logotipo_da_Record.png,General,,iptv-org-all.txt
RecordTV Interior SP,http://200.77.176.130:8000/udp/224.0.0.4:49152,,,,RecordTVInteriorSP.br@SD,,,,https://i.imgur.com/VcHy0fu.png,General,,iptv-org-all.txt
Red ADvenir TV (360p) [Not 24/7],http://streamer1.streamhost.org:1935/salive/GMIredadvenirm/playlist.m3u8,,,,RedADvenirTV.bo@SD,,,,https://i.imgur.com/WGkMt2j.png,Undefined,,iptv-org-all.txt
Red America TV (1080p),https://edge.enhdtv.com/redamerica/index.m3u8,,,,RedAmericaTV.bo@SD,,,,https://i.imgur.com/qYNmeDe.png,General,,iptv-org-all.txt
Red Apple 21 (Fairfax County Public Schools) (480p) [Not 24/7],https://cs.ebmcdn.net/eastbay-live-hs-1/fcps/mp4:fcps/playlist.m3u8,,,,RedApple21.us@SD,,,,https://i.imgur.com/ICcQUCH.png,Education,,iptv-org-all.txt
Red Bull TV (1080p),https://3ea22335.wurl.com/master/f36d25e7e52f1ba8d7e56eb859c636563214f541/UmFrdXRlblRWLWdiX1JlZEJ1bGxUVl9ITFM/playlist.m3u8,,,,RedBullTV.at@EUMENA,,,,https://images.pluto.tv/channels/5e7cb84a172a0f0007da69e4/colorLogoPNG.png,Outdoor;Sports,,iptv-org-all.txt
Red Bull TV (1080p),https://rbmn-live.akamaized.net/hls/live/590964/BoRB-AT/master.m3u8,,,,RedBullTV.at@SD,,,,https://images.pluto.tv/channels/5e7cb84a172a0f0007da69e4/colorLogoPNG.png,Outdoor;Sports,,iptv-org-all.txt
Red Bull TV AU (1080p),https://db34cc6127ac459db55cab5f97cd66b9.mediatailor.us-west-2.amazonaws.com/v1/master/ba62fe743df0fe93366eba3a257d792884136c7f/LINEAR-680-WORBAUENFAST-WHALETVPLUS/680/whaletvplus/hls/master/playlist.m3u8,,,,RedBullTV.at@AU,,,,https://images.pluto.tv/channels/5e7cb84a172a0f0007da69e4/colorLogoPNG.png,Outdoor;Sports,,iptv-org-all.txt
Red Bull TV BR (1080p),https://d03ae6b5c6724c24867e97a3dc04934a.mediatailor.us-west-2.amazonaws.com/v1/master/ba62fe743df0fe93366eba3a257d792884136c7f/LINEAR-1026-WORBBRPTFAST-WHALETVPLUS/1026/hls/master/playlist.m3u8,,,,RedBullTV.at@BR,,,,https://images.pluto.tv/channels/5e7cb84a172a0f0007da69e4/colorLogoPNG.png,Outdoor;Sports,,iptv-org-all.txt
Red Bull TV DE (1080p),https://46cfeb23c7f74853bba7a256655a3119.mediatailor.us-west-2.amazonaws.com/v1/master/ba62fe743df0fe93366eba3a257d792884136c7f/LINEAR-582-WORBDACHDEFAST-WHALETVPLUS/582/whaletvplus/hls/master/playlist.m3u8,,,,RedBullTV.at@DE,,,,https://images.pluto.tv/channels/5e7cb84a172a0f0007da69e4/colorLogoPNG.png,Outdoor;Sports,,iptv-org-all.txt
Red Bull TV ES (1080p),https://886bd3fbc782459f8de7555d32d7e9ce.mediatailor.us-west-2.amazonaws.com/v1/master/ba62fe743df0fe93366eba3a257d792884136c7f/LINEAR-957-WORBLATAMESFAST-WHALETVPLUS/957/whaletvplus/hls/master/playlist.m3u8,,,,RedBullTV.at@ES,,,,https://images.pluto.tv/channels/5e7cb84a172a0f0007da69e4/colorLogoPNG.png,Outdoor;Sports,,iptv-org-all.txt
Red Bull TV UK (1080p),https://1a3566cb46914c5499fbc86fbc4ac87e.mediatailor.us-west-2.amazonaws.com/v1/master/ba62fe743df0fe93366eba3a257d792884136c7f/LINEAR-932-WORBUKENFAST-WHALETVPLUS/932/whaletvplus/hls/master/playlist.m3u8,,,,RedBullTV.at@UK,,,,https://images.pluto.tv/channels/5e7cb84a172a0f0007da69e4/colorLogoPNG.png,Outdoor;Sports,,iptv-org-all.txt
Red Bull TV US (1080p),https://0b73ace69ebb45eaa249bb87837cb958.mediatailor.us-west-2.amazonaws.com/v1/master/ba62fe743df0fe93366eba3a257d792884136c7f/LINEAR-644-WORBUSENFAST-LG_US/644/lgtv/hls/master/playlist.m3u8,,,,RedBullTV.at@US,,,,https://images.pluto.tv/channels/5e7cb84a172a0f0007da69e4/colorLogoPNG.png,Outdoor;Sports,,iptv-org-all.txt
Red Carpet TV International (1080p),https://fast-rakuten.okast.tv/fa2e8c4385712f9a9076eaf728c751de/channels/1a6ecfaa-40c6-41b8-8634-595c424f856e/21f67fd1-4d21-43ba-8ad8-3afac9982c25/master.m3u8,,,,RedCarpetTVInternational.pl@SD,,,,https://i.imgur.com/xf7UXCA.png,Undefined,,iptv-org-all.txt
Red CCTV (480p),https://solo.disfrutaenlared.com:1936/redcctv/redcctv/playlist.m3u8,,,,RedCCTV.bo@SD,,,,https://i.imgur.com/YC5FRmq.png,Undefined,,iptv-org-all.txt
Red Digital (1080p) [Not 24/7],https://video.hostingcaaguazu.com:19360/reddigitalsanpedro/reddigitalsanpedro.m3u8,,,,RedDigital.py@SD,,,,https://i.imgur.com/3jj0MQP.jpg,General,,iptv-org-all.txt
Red DTV (1080p),http://15.204.246.24:8080/DTVHD/index.m3u8,,,,RedDTV.bo@SD,,,,https://i.imgur.com/fK0g2CK.png,General,,iptv-org-all.txt
Red Interior TV,https://video.wilohosting.com:19360/redinteriortv/redinteriortv.m3u8,,,,RedInteriorTV.py@SD,,,,https://i.imgur.com/z89GLCw.png,General,,iptv-org-all.txt
Red Rubi (720p),https://59d39900ebfb8.streamlock.net/asiesmipueblo/asiesmipueblo/playlist.m3u8,,,,RedRubi.bo@SD,,,,https://i.imgur.com/Y4KOypc.jpeg,General,,iptv-org-all.txt
Red Shoe Diaries,https://jmp2.uk/plu-645a0ddfe1979c00086d83ff.m3u8,,,,,,,,,Undefined,,iptv-org-all.txt
Red Social Codi TV (720p) [Not 24/7],https://mp.panelchs.com:1936/8040/8040/playlist.m3u8,,,,RedSocialCodiTV.do@SD,,,,https://i.imgur.com/Yb4lhpG.png,General,,iptv-org-all.txt
Red TV Lebanon (1080p),https://live.kwikmotion.com/redtvlive/redtv.smil/playlist.m3u8,,,,RedTVLebanon.lb@HD,,,,https://i.imgur.com/bWwY885.png,News,,iptv-org-all.txt
Red TV Shop (720p),https://master.tucableip.com/redtvshop/index.m3u8,,,,RedTVShop.bo@SD,,,,https://i.imgur.com/I7yB176.png,Shop,,iptv-org-all.txt
Red TVE Ventanas (432p),https://s2.tvdatta.com:3825/live/redtvelive.m3u8,,,,RedTVEVentanas.ec@SD,,,,https://i.imgur.com/Pzf2ZAW.png,General,,iptv-org-all.txt
Red Uno (720p),http://190.181.18.82:4111/play/a005/index.m3u8,,,,RedUno.bo@SD,,,,https://i.imgur.com/wfNaEV9.png,General,,iptv-org-all.txt
Red Uno Santa Cruz (1080p),http://190.181.18.82:4111/play/a006/index.m3u8,,,,RedUnoSantaCruz.bo@SD,,,,,Undefined,,iptv-org-all.txt
Red+ (1080p),https://inforedvos.lcdn.claro.net.co/Content/HLS_HLS_DIR/Live/channel(REDMASHDWEB)/master.m3u8,,,,RedPlus.co@SD,,,,https://i.imgur.com/kuqkTMC.png,Entertainment;General;News,,iptv-org-all.txt
Rede Brasil (1080p),https://redebrasil.nuvemplay.live/hls/stream.m3u8,,,,RedeBrasil.br@SD,,,,https://i.imgur.com/TXJKwzZ.png,General,,iptv-org-all.txt
Rede CNT Rio de Janeiro (720p),http://45.162.64.114/CNT/index.m3u8,,,,RedeCNTRiodeJaneiro.br@SD,,,,https://i.imgur.com/jcasAmw.png,Undefined,,iptv-org-all.txt
Rede Familia (720p),http://168.197.104.22/REDE_FAMILIA/index.m3u8,,,,RedeFamilia.br@SD,,,,https://i.imgur.com/7KVFCrQ.png,Undefined,,iptv-org-all.txt
Rede Globo (720p),http://138.255.2.6:8084/GLOBOHD/index.m3u8,,,,RedeGlobo.br@SD,,,,https://i.imgur.com/O02TF2r.png,Undefined,,iptv-org-all.txt
Rede Gospel (1080p),https://cdn.live.br1.jmvstream.com/w/LVW-8719/LVW8719_AcLVAxWy5J/playlist.m3u8,,,,RedeGospel.br@SD,,,,https://i.imgur.com/mttSwgO.png,Religious,,iptv-org-all.txt
Rede Meio Norte (720p),https://maystreaming.cloudecast.com/redemeio/index.m3u8,,,,RedeMeioNorte.br@SD,,,,https://i.imgur.com/KVdTi0M.png,Undefined,,iptv-org-all.txt
Rede Metropole (720p),https://cdn-tiva-isaocorp-cloudecast-com.smartbit.co/metropole/index.m3u8,,,,RedeMetropole.br@SD,,,,https://i.imgur.com/qJx9Zvd.png,General,,iptv-org-all.txt
Rede NGT (1080p),https://isaocorp.cloudecast.com/ngt/index.m3u8,,,,RedeNGT.br@SD,,,,https://i.imgur.com/ZFN1R4B.png,Entertainment,,iptv-org-all.txt
Rede Premium TV (720p),https://cdn-tiva-stmv2-samcast-com-br.smartbit.co/leonardo9878/leonardo9878/playlist.m3u8,,,,RedePremiumTV.br@SD,,,,https://i.imgur.com/jMHaHAR.png,Entertainment,,iptv-org-all.txt
Rede RC (720p) [Not 24/7],http://tv02.logicahost.com.br:1935/rederc/rederc/live.m3u8,,,,RedeRC.br@SD,,,,https://i.imgur.com/y9dqo3f.png,Undefined,,iptv-org-all.txt
Rede Seculo 21 (720p),http://45.162.64.114/REDE_SECULO_21/index.m3u8,,,,RedeSeculo21.br@SD,,,,,Religious,,iptv-org-all.txt
Rede SPTV (360p),https://video01.logicahost.com.br/websptv/websptv/playlist.m3u8,,,,RedeSPTV.br@SD,,,,https://i.imgur.com/kh3LGAP.png,General,,iptv-org-all.txt
Rede TV! (1080p),http://45.190.28.50/REDE_TV_HD/index.m3u8,,,,RedeTV.br@SD,,,,https://i.imgur.com/ZJgD38F.png,General,,iptv-org-all.txt
Rede TV! Mais,https://cdn.live.br1.jmvstream.com/webtv/AVJ-15235/playlist/playlist.m3u8,,,,RedeTVMais.br@SD,,,,https://i.ibb.co/F0Tm2WP/2103f4c07b851d64b4c96955765a9a95.png,General,,iptv-org-all.txt
Rede Vida (720p),http://45.190.28.50/REDE_VIDA_HD/index.m3u8,,,,RedeVida.br@SD,,,,https://i.imgur.com/mP1qfp2.png,Religious,,iptv-org-all.txt
RedeTV! Parana,https://tv01.zas.media:1936/redetvparana/redetvparana/playlist.m3u8,,,,RedeTVParana.br@SD,,,,https://i.imgur.com/D8R0Af4.png,Undefined,,iptv-org-all.txt
Reelz (720p),http://23.237.104.106:8080/USA_REELZ/index.m3u8,,,,Reelz.us@SD,,,,https://upload.wikimedia.org/wikipedia/commons/thumb/1/19/Reelz.svg/960px-Reelz.svg.png,Documentary,,iptv-org-all.txt
Reelz Famous & Infamous (1080p),https://aegis-cloudfront-1.tubi.video/dfd312a3-99b3-45fe-89b2-d20579fee2e9/playlist.m3u8,,,,,,,,,Undefined,,iptv-org-all.txt
Reelz Famous & Infamous (1080p),https://linear-190.frequency.stream/dist/xumo/190/hls/master/playlist.m3u8,,,,,,,,,Undefined,,iptv-org-all.txt
REFLET TV (1080p),https://edge-a3.evrideo.tv/8f37c9f0-fe22-44f4-b64a-76ad11730daf_1000026630_HLS/manifest.m3u8,,,,RefletTV.ci@SD,,,,https://i.imgur.com/EauXR22.png,General,,iptv-org-all.txt
Reforma TV (1080p),https://5bf8041cb3fed.streamlock.net/ReformaTV/ReformaTV/playlist.m3u8,,,,ReformaTV.ve@SD,,,,https://i.imgur.com/iZMDddR.png,Religious,,iptv-org-all.txt
ReggioTV (480p) [Not 24/7],https://cdn10.streamshow.it/cloud-reggiotv/reggiotv/playlist.m3u8,,,,ReggioTV.it@SD,,,,https://i.imgur.com/cEwJkRV.png,Undefined,,iptv-org-all.txt
Regio90 TV (720p),https://ms2.mx-cd.net/dtv-02/260-2403096/Regio90TV.smil/playlist.m3u8,,,,Regio90TV.nl@SD,,,,https://i.imgur.com/UGnm1jd.png,Undefined,,iptv-org-all.txt
Régió TV (406p),http://tv.geniusnet.sk:8081/regiotv/pl.m3u8,,,,RegioTV.sk@SD,,,,https://i.imgur.com/WlF6tlZ.png,General,,iptv-org-all.txt
Regio TV Bodensee (1080p),https://regiotv-b.iptv-playoutcenter.de/regiotv-b/regiotv-b.stream_1/playlist.m3u8,,,,RegioTVBodensee.de@SD,,,,https://i.imgur.com/3koyLef.png,Undefined,,iptv-org-all.txt
Regio TV De Bilt (720p),https://d3ud9qm9b5yby9.cloudfront.net/nlpo/clr-nlpo/76ecd122/index.m3u8,,,,RegioTVDeBilt.nl@SD,,,,https://i.imgur.com/2jQbmyK.png,General,,iptv-org-all.txt
Regio TV Nieuws (1080p) [Not 24/7],http://highvolume04.streampartner.nl/regiomedia/regiomedia/playlist.m3u8,,,,RegioTVNieuws.nl@SD,,,,https://i.imgur.com/BG7zrsC.png,Undefined,,iptv-org-all.txt
Regio TV Stuttgart (1080p),https://regiotv-s.iptv-playoutcenter.de/regiotv-s/regiotv-s.stream_1/playlist.m3u8,,,,RegioTVStuttgart.de@SD,,,,https://i.imgur.com/3koyLef.png,Undefined,,iptv-org-all.txt
Region TV Callao (720p),https://live-evg7.tv360.bitel.com.pe/bitel/regiontvSRT/playlist.m3u8,,,,RegionTVCallao.pe@SD,,,,https://i.imgur.com/I4grcqk.png,Undefined,,iptv-org-all.txt
Regional MX,https://stream.ads.ottera.tv/playlist.m3u8?network_id=1084,,,,,,,,,Undefined,,iptv-org-all.txt
Regional TV Yaguaron (1080p),https://video.hostingcaaguazu.com:19360/regionaltv/regionaltv.m3u8,,,,RegionalTVYaguaron.py@SD,,,,https://i.imgur.com/iL5JnSy.jpeg,General,,iptv-org-all.txt
RégióPlusz TV (1080p) [Geo-blocked],https://stream.streaming4u.hu/RegioPluszTV/index.m3u8,,,,RegioPluszTV.hu@SD,,,,https://i.imgur.com/VXPpukf.png,General,,iptv-org-all.txt
Reino Infantil,https://www.khuwemultimedia.com/hls/reinoinfantiltv/reinoinfantiltv.m3u8,,,,ReinoInfantil.mz@SD,,,,https://i.imgur.com/oAygpDw.png,Kids,,iptv-org-all.txt
Relevant TV (1080p),https://6180c994cb835402.mediapackage.eu-west-1.amazonaws.com/out/v1/f1339272dd24416ca60b00e69075d783/index.m3u8,,,,RelevantTV.il@SD,,,,https://i.imgur.com/jCZ5gFO.png,News,,iptv-org-all.txt
Relic Hunter,https://jmp2.uk/plu-67d9836ba1609bdb523f0c9d.m3u8,,,,,,,,,Undefined,,iptv-org-all.txt
Relic Hunter,https://jmp2.uk/plu-67e5941f0812459cb682d9c6.m3u8,,,,,,,,,Undefined,,iptv-org-all.txt
Relic Hunter,https://jmp2.uk/plu-68e3b6112baff9f069d02540.m3u8,,,,,,,,,Undefined,,iptv-org-all.txt
Reload Play (720p),http://web.onair-radio.eu:1935/video/video/playlist.m3u8,,,,ReloadPlay.gr@SD,,,,https://i.imgur.com/TZUsA2W.jpg,Undefined,,iptv-org-all.txt
Remonty TV (1080p),https://prx-y5cf8.4vod.tv/playout/repl-abr67/index.m3u8,,,,RemontyTV.pl@HD,,,,https://remontytv.pl/wp-content/uploads/2026/01/Remonty_TV_logo-color1.png,Entertainment,,iptv-org-all.txt
REN TV (576p),http://31.148.48.15/REN-TV/index.m3u8,,,,RENTV.ru@SD,,,,https://i.imgur.com/0Tu5lte.png,General,,iptv-org-all.txt
Renegade,https://jmp2.uk/plu-699c18cbf2ad90a4792fd5b8.m3u8,,,,,,,,,Undefined,,iptv-org-all.txt
Renegade,https://jmp2.uk/plu-634926e4b51d2d00077819a2.m3u8,,,,,,,,,Undefined,,iptv-org-all.txt
Renegade,https://jmp2.uk/plu-699c192688133556bd253602.m3u8,,,,,,,,,Undefined,,iptv-org-all.txt
Renegade,https://jmp2.uk/plu-699c1998d5b4d030870ff998.m3u8,,,,,,,,,Undefined,,iptv-org-all.txt
Renessans TV (576p),https://stream8.cinerama.uz/1221/tracks-v1a1/playlist.m3u8,,,,RenessansTV.uz@SD,,,,https://i.imgur.com/cVlcqCX.png,General,,iptv-org-all.txt
Reno 911,https://jmp2.uk/plu-65e9766eec9fda0008cb418a.m3u8,,,,Reno911.se@DK,,,,https://images.pluto.tv/channels/65e9766eec9fda0008cb418a/colorLogoPNG.png,Comedy,,iptv-org-all.txt
Reno 911,https://jmp2.uk/plu-65e977874e01740008c9fb4c.m3u8,,,,Reno911.se@NO,,,,https://images.pluto.tv/channels/65e9766eec9fda0008cb418a/colorLogoPNG.png,Comedy,,iptv-org-all.txt
Reno 911,https://jmp2.uk/plu-65e9781a2873090008b48d8a.m3u8,,,,Reno911.se@SE,,,,https://images.pluto.tv/channels/65e9766eec9fda0008cb418a/colorLogoPNG.png,Comedy,,iptv-org-all.txt
Reno Duo,https://jmp2.uk/plu-62fb61992443200008c59aef.m3u8,,,,,,,,,Undefined,,iptv-org-all.txt
Reno Rehab,https://jmp2.uk/plu-62fb6057f923fb0007eafb24.m3u8,,,,,,,,,Undefined,,iptv-org-all.txt
Renome (576p),http://85.238.112.40:8810/hls_sec/online/list-renome.m3u8,,,,RenomeTV.ua@SD,,,,https://i.imgur.com/qL1uNlW.png,General,,iptv-org-all.txt
Report TV (720p),https://deb10stream.duckdns.org/hls/stream.m3u8,,,,ReportTV.al@SD,,,,https://i.imgur.com/C9lM1KP.png,News,,iptv-org-all.txt
Reporter TV (576p),https://segment.yuppcdn.net/050522/reporter/playlist.m3u8,,,,ReporterTV.in@SD,,,,https://dtil.tmsimg.com/assets/s85096_ld_h15_aa.png?lock=720x540,News,,iptv-org-all.txt
Reportero TV [Not 24/7],https://streamrd.cloud:5443/LiveApp/streams/J3E3REmLNBzirS9A10575071547538.m3u8,,,,ReporteroTV.do@HD,,,,https://dominicanchannels.com/wp-content/uploads/Reportero-100x75-1.png,General,,iptv-org-all.txt
Republic Bangla (1080p),https://vg-republictvlive.akamaized.net/v1/master/611d79b11b77e2f571934fd80ca1413453772ac7/vglive-sk-456368/main.m3u8,,,,RepublicBangla.in@SD,,,,https://xstreamcp-assets-msp.streamready.in/assets/LIVETV/LIVECHANNEL/LIVETV_LIVETVCHANNEL_RSYMDOT_BANGLA/images/LOGO_HD/image.png,News,,iptv-org-all.txt
Republic Bharat (1080p),https://raw.githubusercontent.com/amazeyourself/adaptive-streams/refs/heads/main/streams/in/YuppTV/RepublicBharat.m3u8,,,,RepublicBharat.in@SD,,,,https://dtil.tmsimg.com/assets/s143724_ld_h15_aa.png?lock=720x540,News,,iptv-org-all.txt
Republic Kannada (1080p),https://vg-republictvlive.akamaized.net/ptnr-republicweb/title-Republic_TV_Kannada/v1/master/611d79b11b77e2f571934fd80ca1413453772ac7/1acd1ce1-c6a7-4ae4-afa1-133ffb111ebb/main.m3u8,,,,RepublicKannada.in@SD,,,,https://xstreamcp-assets-msp.streamready.in/assets/LIVETV/LIVECHANNEL/LIVETV_LIVETVCHANNEL_RSYMDOTKANNADA/images/LOGO_HD/image.png,News,,iptv-org-all.txt
Republic TV (1080p),https://raw.githubusercontent.com/amazeyourself/adaptive-streams/refs/heads/main/streams/in/YuppTV/RepublicTV.m3u8,,,,RepublicTV.in@SD,,,,https://dtil.tmsimg.com/assets/s143723_ld_h15_aa.png?lock=720x540,News,,iptv-org-all.txt
República TV (720p),https://rds3.desdeparaguay.net/republicatv/republicatv/playlist.m3u8,,,,RepublicaTV.py@SD,,,,https://i.ibb.co/qYRw4JP/Captura.png,General,,iptv-org-all.txt
Resurrection TV (720p),https://1681360479.rsc.cdn77.org/1681360479/index.m3u8,,,,ResurrectionTV.gh@SD,,,,https://i.imgur.com/IncyJW8.png,Undefined,,iptv-org-all.txt
Retake E-sport Live (720p),https://jmp2.uk/plu-66fd1338ec9d6d00081e0443.m3u8,,,,,,,,,Undefined,,iptv-org-all.txt
Retake E-sport Live (720p),https://jmp2.uk/plu-69a162eb762ae48b4302fb7c.m3u8,,,,,,,,,Undefined,,iptv-org-all.txt
Retake E-sport Live,https://jmp2.uk/plu-69a164f76c0414a7ec68de54.m3u8,,,,,,,,,Undefined,,iptv-org-all.txt
Rete 4 [Geo-blocked],https://live3-mediaset-it.akamaized.net/Content/hls_h0_clr_vos/live/channel(r4)/index.m3u8,,,,Rete4.it@SD,,,,https://upload.wikimedia.org/wikipedia/commons/thumb/c/c0/Rete_4_-_Logo_2018.svg/500px-Rete_4_-_Logo_2018.svg.png,Undefined,,iptv-org-all.txt
Rete 8,https://64b16f23efbee.streamlock.net/rete8/rete8/playlist.m3u8,,,,Rete8.it@SD,,,,https://i.imgur.com/jojCxg3.png,General,,iptv-org-all.txt
Rete 55 (720p) [Not 24/7],https://stream.internet.one/Rete55_Live/index.m3u8,,,,Rete55.it@SD,,,,https://i.imgur.com/UtS9YLc.png,Undefined,,iptv-org-all.txt
Rete Biella TV (720p) [Not 24/7],https://sb.top-ix.org/retebiella/streaming/playlist.m3u8,,,,ReteBiellaTV.it@SD,,,,https://i.imgur.com/I4OVxIb.png,Undefined,,iptv-org-all.txt
Rete Oro (720p) [Not 24/7],https://5926fc9c7c5b2.streamlock.net/9094/9094/playlist.m3u8,,,,ReteOro.it@SD,,,,https://i.imgur.com/3oYiBSz.png,Undefined,,iptv-org-all.txt
Rete TV Italia (1080p),https://57068da1deb21.streamlock.net/retetvitalia/retetvitalia/playlist.m3u8,,,,ReteTVItalia.it@SD,,,,https://i.imgur.com/BR7QfUF.png,General,,iptv-org-all.txt
Retemia (720p) [Not 24/7],https://5db313b643fd8.streamlock.net/Retemia/Retemia/playlist.m3u8,,,,Retemia.it@SD,,,,https://i.imgur.com/IbzQpfn.png,Undefined,,iptv-org-all.txt
Reteveneta (480p),https://59d7d6f47d7fc.streamlock.net/reteveneta/reteveneta/playlist.m3u8,,,,Reteveneta.it@SD,,,,https://upload.wikimedia.org/wikipedia/it/d/df/Logo_Rete_Veneta.png,Undefined,,iptv-org-all.txt
Retro (576p),http://stream.mcquack.net/191/index.m3u8,,,,Retro.ru@SD,,,,https://xml-epgservice.cdnvideo.ru/EPGService/hs/xmldata/852f4b92-cae5-463e-aad6-cd8844c5a49/logo/69.png,Classic,,iptv-org-all.txt
Retro Music Television (360p),https://stream.mediawork.cz/retrotv/retrotvHQ1/playlist.m3u8,,,,RetroMusicTV.cz@SD,,,,https://i.imgur.com/pyOjdZs.png,Music,,iptv-org-all.txt
Retro TV (720p),https://freecast-lukentvlive.vgcdn.net/out/v1/665e9f91614b43b0a0654e9317f1d9f3/index.m3u8,,,,RetroTV.us@East,,,,https://i.imgur.com/iUTL0pm.png,Classic,,iptv-org-all.txt
RetroCrush (1080p),https://linear-899.frequency.stream/dist/cineverse/899/hls/master/playlist.m3u8,,,,RetroCrush.us@SD,,,,https://i.imgur.com/M40b4YI.png,Animation;Classic,,iptv-org-all.txt
Retromusica Television (720p),https://vdochile.com:3864/stream/play.m3u8,,,,RetromusicaTelevision.cl@SD,,,,https://cdn.m3u.cl/logo/1765_Retromusica_Television.png,Music,,iptv-org-all.txt
Retrox TV (720p) [Not 24/7],https://lbgo.bozztv.com/ssh101/ssh101/retyroxtv/playlist.m3u8,,,,RetroxTV.cr@SD,,,,https://i.imgur.com/viJBL6f.png,Classic,,iptv-org-all.txt
Reuters (1080p),https://amg00453-reuters-amg00453c1-rakuten-uk-2110.playouts.now.amagi.tv/playlist/amg00453-reuters-reuters-rakutenuk/playlist.m3u8,,,,ReutersTV.us@SD,,,,https://i.imgur.com/6eQ2nCJ.png,News,,iptv-org-all.txt
Rev and Roll (720p),https://d39nqr4d4h6cv6.cloudfront.net/master.m3u8,,,,RevandRoll.us@SD,,,,,Undefined,,iptv-org-all.txt
Rev'n Action (720p),https://freecast-lukentvlive.vgcdn.net/out/v1/a4f31f297fc5440f814bd2cffd77e689/index.m3u8,,,,REVNAction.us@SD,,,,https://i.imgur.com/xsm8mMd.png,Auto;Outdoor;Series;Sports,,iptv-org-all.txt
Revive Gran Hermano,https://jmp2.uk/plu-6320ddef274b1b0007b2ee88.m3u8,,,,,,,,,Undefined,,iptv-org-all.txt
Revolt (720p),http://23.237.104.106:8080/USA_REVOLT/index.m3u8,,,,Revolt.us@SD,,,,https://i.imgur.com/eaYnGpH.png,Undefined,,iptv-org-all.txt
Revry (720p),https://99d8b4b6.wurl.com/master/f36d25e7e52f1ba8d7e56eb859c636563214f541/UmFrdXRlblRWLWV1X1JldnJ5X0hMUw/playlist.m3u8,,,,Revry.us@Poland,,,,https://i.imgur.com/XuTUaq4.png,Lifestyle,,iptv-org-all.txt
Revry (1080p),https://linear-43.frequency.stream/dist/24i/43/hls/master/playlist.m3u8,,,,Revry.us@SD,,,,https://i.imgur.com/XuTUaq4.png,Lifestyle,,iptv-org-all.txt
Revry Europe (Frequency backend) (720p),https://03e7e5beea1d42fea576037d67f531eb.mediatailor.us-east-1.amazonaws.com/v1/master/44f73ba4d03e9607dcd9bebdcb8494d86964f1d8/RakutenTV-eu_Revry/playlist.m3u8,,,,,,,,,Undefined,,iptv-org-all.txt
Revry LatinX (720p),https://linear-142.frequency.stream/dist/24i/142/hls/master/playlist.m3u8,,,,RevryLatinX.us@SD,,,,https://admin.worldlivetv.stream/upload/files/thumbnail/vuth_1676133370_91639_20154.png,Entertainment,,iptv-org-all.txt
Revry News (720p) [Not 24/7],https://linear-44.frequency.stream/dist/plex/44/hls/master/playlist.m3u8,,,,RevryNews.us@SD,,,,https://i.imgur.com/lKMYCkb.png,Lifestyle,,iptv-org-all.txt
Revry News Europe (Frequency backend),https://dce9e10d279f410d87ef5ad1c3740459.mediatailor.us-east-1.amazonaws.com/v1/master/44f73ba4d03e9607dcd9bebdcb8494d86964f1d8/RakutenTV-eu_RevryNews/playlist.m3u8,,,,,,,,,Undefined,,iptv-org-all.txt
Revry Queer (720p),https://linear-43.frequency.stream/dist/galxy/43/hls/master/playlist.m3u8,,,,RevryQueer.us@SD,,,,,Lifestyle,,iptv-org-all.txt
Rewind TV (1080p),https://tls-cl.cdnz.cl/rewindtv/live/playlist.m3u8,,,,RewindTV.cl@SD,,,,https://i.imgur.com/OG0RC2e.png,Music,,iptv-org-all.txt
Rex chien flic,https://jmp2.uk/plu-691b332aa4385c191ee44b57.m3u8,,,,,,,,,Undefined,,iptv-org-all.txt
Reyali (614p),https://eu1.servers10.com:8081/8090/index.m3u8,,,,Reyali.co@SD,,,,https://i.imgur.com/YmFjnsF.png,Music,,iptv-org-all.txt
RFD-TV,https://rfdtv-jw.cdn.vustreams.com/live/7cba1a3b-318a-4097-8492-374478370b91/live.isml/7cba1a3b-318a-4097-8492-374478370b91.m3u8,,,,RFDTV.us@SD,,,,https://i.imgur.com/FcT3beY.png,Undefined,,iptv-org-all.txt
RFH (1080p),http://58bd5b7a98e04.streamlock.net/medienasa-live/RFH_high/playlist.m3u8,,,,RFH.de@SD,,,,https://i.imgur.com/8DZa7in.png,General,,iptv-org-all.txt
RFM TV [Not 24/7],http://315e5a5d.ottrast.com/iptv/MM4E93NGF5LADZ/1038/index.m3u8,,,,RFMTV.fr@SD,,,,https://i.imgur.com/FVDTJxW.png,Undefined,,iptv-org-all.txt
RFO (1080p),https://stream01.stream.welocal.world/stream/fhd-rfo_66876/ngrp:stream_all/playlist.m3u8,,,,RFO.de@SD,,,,https://i.imgur.com/902BHGL.png,General,,iptv-org-all.txt
RFPtv (360p),https://video03.logicahost.com.br/rfptv/rfptv/playlist.m3u8,,,,RFPtv.pt@SD,,,,https://i.imgur.com/I60nQuR.png,Music,,iptv-org-all.txt
Rhema TV (720p),https://5e85d90130e77.streamlock.net/6006/6006/playlist.m3u8,,,,RhemaTV.gt@SD,,,,https://i.imgur.com/5o821rT.png,Religious,,iptv-org-all.txt
Rhône TV (1080p) [Geo-blocked],https://edge14.vedge.infomaniak.com/livecast/ik:rhonetv/manifest.m3u8,,,,RhoneTV.ch@SD,,,,https://i.imgur.com/YyXJaBN.png,General,,iptv-org-all.txt
RHT Guadeloupe (720p),https://edge12.vedge.infomaniak.com/livecast/ik:livehautetension/manifest.m3u8,,,,RHTGuadeloupe.gp@SD,,,,https://i.imgur.com/hQ0Q6nE.png,Music,,iptv-org-all.txt
Rial TV (720p),https://5eaccbab48461.streamlock.net:1936/8124/8124/playlist.m3u8,,,,RialTV.cl@SD,,,,https://i.imgur.com/zcwQyPI.png,General,,iptv-org-all.txt
Riau TV (1080p) [Not 24/7],http://122.248.43.242:1935/RIAUTV/_definst_/myStream/playlist.m3u8,,,,RiauTV.id@SD,,,,https://i.imgur.com/1g8FtJi.png,Undefined,,iptv-org-all.txt
Ribera TV (576p),https://common01.todostreaming.es/live/ribera-livestream.m3u8,,,,RiberaTV.es@SD,,,,https://i.imgur.com/mPvSubP.png,General,,iptv-org-all.txt
RiC (1080p),https://rictv.iptv-playoutcenter.de/rictv/rictv-web/playlist.m3u8,,,,RiC.de@SD,,,,https://i.imgur.com/4wMZ8Em.png,Family;Kids,,iptv-org-all.txt
Riddim & Hope TV,https://6zklxwavdw9b-hls-live.5centscdn.com/RIDDIMNHOPE/0954119dc19d9003dd5f4bb37b3f559e.sdp/playlist.m3u8,,,,RiddimHopeTV.tt@SD,,,,https://i.imgur.com/c27k0Bd.png,Religious,,iptv-org-all.txt
Ridiculousness (720p),https://jmp2.uk/plu-5f8eb8a8b2619a000710605c.m3u8,,,,Ridiculousness.de@FR,,,,https://images.pluto.tv/channels/5f8eb8a8b2619a000710605c/colorLogoPNG.png,Comedy,,iptv-org-all.txt
Ridiculousness,https://jmp2.uk/plu-6996296087742204bff43147.m3u8,,,,Ridiculousness.us@SD,,,,https://images.pluto.tv/channels/6996296087742204bff43147/colorLogoPNG_1772645176417.png,Comedy,,iptv-org-all.txt
Ridiculousness Nya avsnitt,https://jmp2.uk/plu-68dfa1e7fae18f8db6218703.m3u8,,,,RidiculousnessNyaavsnitt.se@SE,,,,https://images.pluto.tv/channels/68dfa1e7fae18f8db6218703/colorLogoPNG_1762543429004.png,Entertainment,,iptv-org-all.txt
Ridiculousness Nye afsnit,https://jmp2.uk/plu-68dfa160cc3c6cd90404d798.m3u8,,,,RidiculousnessNyeafsnit.se@DK,,,,https://images.pluto.tv/channels/68dfa160cc3c6cd90404d798/colorLogoPNG_1762543256959.png,Entertainment,,iptv-org-all.txt
Ridiculousness Nye episoder,https://jmp2.uk/plu-68dfa1a7fae18f8db6218222.m3u8,,,,RidiculousnessNyeepisoder.se@NO,,,,https://images.pluto.tv/channels/68dfa1a7fae18f8db6218222/colorLogoPNG_1762510989212.png,Entertainment,,iptv-org-all.txt
RiffTrax (720p),https://wurlrifftrax.global.transmit.live/hls/68222b9cbe836edbe6f39e74/playlist.m3u8,,,,RiffTrax.us@US,,,,https://i.imgur.com/hM4yKMn.png,Comedy,,iptv-org-all.txt
Rifle Community TV RCTV (Rifle CO) (720p),https://livestream.telvue.com/riflecmttv2/f7b44cfafd5c52223d5498196c8a2e7b.sdp/playlist.m3u8,,,,RCTV.us@SD,,,,https://i.imgur.com/DWwequ0.png,Undefined,,iptv-org-all.txt
RIG TV (1080p),https://d3czphc6lk67kh.cloudfront.net/RIG_TV.m3u8,,,,,,,,,Undefined,,iptv-org-all.txt
Rig TV (1080p),https://buzzr-rigtv-xumo.amagi.tv/playlist.m3u8,,,,,,,,,Undefined,,iptv-org-all.txt
RightNow TV (720p),https://a-cdn.klowdtv.com/live2/rightnowtv_720p/playlist.m3u8,,,,RightNowTV.us@SD,,,,https://i.imgur.com/OxbIla4.png,Entertainment;Sports,,iptv-org-all.txt
