频道名,地址,回播地址,回播类型,回播天数,tvg-id,tvg-name,国家分组,语言分组,图标,原分组,分辨率,来源文件
Expresa TV (720p),https://5ca9af4645e15.streamlock.net/teleradio/smil:teleradio.smil/playlist.m3u8,,,,ExpresaTV.mx@SD,,,,https://i.imgur.com/kFVVGrg.png,General,,iptv-org-all.txt
Expresión TV (1080p),https://ssh101.bozztv.com/ssh101/expresiongrany/playlist.m3u8,,,,ExpresionTV.gt@SD,,,,https://i.imgur.com/lFek4Pj.png,Religious,,iptv-org-all.txt
Express Entertainment (1080p),https://ml-pull-dvc-myco.io:2096/EXPRESS_ENTERTAINMENT/index.m3u8,,,,ExpressEntertainment.pk@SD,,,,https://i.imgur.com/rgHbb8W.png,Entertainment,,iptv-org-all.txt
Expressen TV (1080p),https://cdn0-03837-liveedge0.dna.ip-only.net/03837-liveedge0/smil:03837-tx2/playlist.m3u8,,,,ExpressenTV.se@SD,,,,https://i.imgur.com/ai0BIci.png,News,,iptv-org-all.txt
Extra 86 TV (720p) [Not 24/7],https://video-eu1.streamerr.co/hls/sb77f834a54/live.m3u8,,,,Extra86TV.do@HD,,,,https://www.vivalivetv.com/public/files/shows/0/1/3780-294x165-FFFFFF.jpg,General,,iptv-org-all.txt
Extra ProNews (576p),http://62.1.176.18:8888/extra/index.m3u8,,,,ExtraProNews.gr@SD,,,,https://i.imgur.com/VKW9xw6.png,Entertainment;News;Shop,,iptv-org-all.txt
Extra TV 42 (720p),https://d2n1wzrr0aogf5.cloudfront.net/ts:abr.m3u8,,,,ExtraTV42.cr@SD,,,,https://i.imgur.com/jjTodXj.png,General,,iptv-org-all.txt
Extrema Kids TV [Not 24/7],https://627bb251f23c7.streamlock.net:444/ExtremaKids/ExtremaKids/playlist.m3u8,,,,ExtremaKidsTV.cr@HD,,,,https://www.vivalivetv.com/public/files/shows/0/1/3027-294x165-FFFFFF.jpg,Animation;Kids,,iptv-org-all.txt
Extrema TV (720p),https://627bb251f23c7.streamlock.net:444/ExtremaTV/ExtremaTV/playlist.m3u8,,,,ExtremaTV.cr@SD,,,,https://i.imgur.com/E9AuhOU.png,Religious,,iptv-org-all.txt
Extrema TV (720p),http://livestreamcdn.net:1935/ExtremaTV/ExtremaTV/playlist.m3u8,,,,ExtremaTV.us@SD,,,,https://i.imgur.com/Z1QVkqu.png,Undefined,,iptv-org-all.txt
Extreme Makeover Home Edition,https://jmp2.uk/plu-6661739641af6400080cd8f1.m3u8,,,,,,,,,Undefined,,iptv-org-all.txt
Extreme Sports Channel (576p),http://46.32.176.50/extremesport/index.m3u8,,,,ExtremeSportsChannel.ru@SD,,,,https://upload.wikimedia.org/wikipedia/en/thumb/f/f0/Extreme_Sports_Channel.svg/960px-Extreme_Sports_Channel.svg.png,Sports,,iptv-org-all.txt
F1 Channel (1080p) [Geo-blocked],https://amg12058-c15studio-amg12058c1-lg-us-5787.playouts.now.amagi.tv/playlist.m3u8,,,,F1Channel.ie@US,,,,https://i.imgur.com/cjXzWsI.png,Sports,,iptv-org-all.txt
F10 HD (720p),http://15.204.246.24:8080/F10HD/index.m3u8,,,,F10HD.bo@SD,,,,https://i.imgur.com/OEsT0KN.png,General,,iptv-org-all.txt
F.B.I. Files,https://jmp2.uk/plu-64eddce19001910008df22b8.m3u8,,,,,,,,,Undefined,,iptv-org-all.txt
Fabulosa Estéreo 100.5 FM (720p),https://www.streaming507.net:19360/videofabulosa/videofabulosa.m3u8,,,,FabulosaEstereo1005FM.pa@SD,,,,https://i.imgur.com/YFmzkOp.png,Music,,iptv-org-all.txt
Fail Army (720p),https://bd93cfed.wurl.com/master/f36d25e7e52f1ba8d7e56eb859c636563214f541/UmFrdXRlblRWLWV1X0ZhaWxBcm15X0hMUw/playlist.m3u8,,,,FailArmy.us@Poland,,,,https://i.imgur.com/VIpQJxL.png,Comedy,,iptv-org-all.txt
FailArmy,https://jmp2.uk/plu-5f5141c1605ddf000748eb1b.m3u8,,,,FailArmy.us@Brazil,,,,https://i.imgur.com/VIpQJxL.png,Comedy,,iptv-org-all.txt
Failarmy,https://failarmy-international-it.samsung.wurl.tv/playlist.m3u8,,,,FailArmy.us@Italy,,,,https://i.imgur.com/VIpQJxL.png,Comedy,,iptv-org-all.txt
FailArmy (720p),https://failarmy-international-gb.samsung.wurl.tv/playlist.m3u8,,,,FailArmy.us@UK,,,,https://i.imgur.com/VIpQJxL.png,Comedy,,iptv-org-all.txt
Failarmy International (720p),https://failarmy-international-au.samsung.wurl.tv/playlist.m3u8,,,,FailArmy.us@US,,,,https://i.imgur.com/VIpQJxL.png,Comedy,,iptv-org-all.txt
Fairfield Government Access Channel 26 (Fairfield CA) (720p) [Geo-blocked],https://reflect-fairfield-ca.cablecast.tv/live-8/live/live.m3u8,,,,CityofFairfieldChannel26.us@SD,,,,https://i.imgur.com/fiqaiUe.png,General,,iptv-org-all.txt
Fairuz (1080p),https://shd-amg-fast.edgenextcdn.net/tx029/playlist.m3u8,,,,Fairuz.sa@HD,,,,https://shahid.mbc.net/mediaObject/f809d51c-e83d-43c9-8236-78731c2216ad?type=png,Music,,iptv-org-all.txt
Faites entrer l'accusé,https://jmp2.uk/plu-662a622b5e2370000800f392.m3u8,,,,,,,,,Undefined,,iptv-org-all.txt
Faith Africa (1080p),https://faithnow-hls.secdn.net/faithnow-holland-channel/play/FaithAfrica.smil/playlist.m3u8,,,,FaithAfrica.za@SD,,,,https://i.imgur.com/yAZE7aU.png,Religious,,iptv-org-all.txt
Faith TV (1080p),https://faithnow-hls.secdn.net/faithnow-holland-channel/play/FaithTV.smil/playlist.m3u8,,,,FaithTV.us@SD,,,,https://i.imgur.com/lUBnKK1.png,Religious,,iptv-org-all.txt
Faith TV (576p),https://cdn.freevisiontv.co.za/sttv/smil:faith.stream.smil/playlist.m3u8,,,,FaithTV.za@SD,,,,,Undefined,,iptv-org-all.txt
Faith UK (1080p),https://faithnow-hls.secdn.net/faithnow-c-channel/play/FaithUK.smil/playlist.m3u8,,,,FaithUK.uk@SD,,,,https://i.imgur.com/mn8I2wt.png,Religious,,iptv-org-all.txt
Faith World TV (1080p),https://faithworldtv.abs.tv/1826926230/index.m3u8,,,,FaithWorldTV.uk@SD,,,,https://i.imgur.com/RLHRjQ3.png,Religious,,iptv-org-all.txt
Fajar TV (720p) [Not 24/7],http://122.248.43.242:1935/FAJARTV/_definst_/myStream/playlist.m3u8,,,,FajarTV.id@SD,,,,https://i.imgur.com/mkuXxRK.png,Religious,,iptv-org-all.txt
Fakt Marathi (576p),https://mumt07.tangotv.in/zHjX9OFlFAKTMARATHI/index.m3u8,,,,FaktMarathi.in@SD,,,,https://dtil.tmsimg.com/assets/s143038_ld_h15_aa.png?lock=720x540,Entertainment,,iptv-org-all.txt
Fala Litoral (480p),https://5c483b9d1019c.streamlock.net/falalitoraltv/falalitoraltv/playlist.m3u8,,,,FalaLitoral.br@SD,,,,https://i.imgur.com/NF6PL8O.png,General,,iptv-org-all.txt
Falastini TV (1080p),https://rp.tactivemedia.com/palestiniantv_source/live/playlist.m3u8,,,,FalastiniTV.ps@SD,,,,https://i.imgur.com/6B3Cims.png,Music,,iptv-org-all.txt
Famatv (1080p) [Not 24/7],https://tv2.fastcast4u.com:3310/live/famatvlive.m3u8,,,,Famatv.pt@SD,,,,https://i.ibb.co/tMmRp18/Fama-TV-cor-whitebg-hotizontal.jpg,Music,,iptv-org-all.txt
Fame95 FM (480p),https://rjr-fame.akamaized.net/hls/live/2033820/RJR_FAME/master.m3u8,,,,Fame95FM.jm@SD,,,,https://i.imgur.com/n3PUxes.png,Music,,iptv-org-all.txt
Familia Visión HD [Not 24/7],https://584097344c1f0.streamlock.net/29/stream/playlist.m3u8,,,,FamiliaVisionHD.pr@SD,,,,https://i.imgur.com/uqTH7m5.jpg,Religious,,iptv-org-all.txt
Familien fra Bryggen,https://jmp2.uk/plu-61c19c8c9863900007acaa57.m3u8,,,,FamilienfraBryggen.se@DK,,,,https://images.pluto.tv/channels/61c19c8c9863900007acaa57/colorLogoPNG.png,Entertainment,,iptv-org-all.txt
Family Feud (1080p),https://amg00145-amg00145c23-samsung-gb-7654.playouts.now.amagi.tv/playlist.m3u8,,,,,,,,,Undefined,,iptv-org-all.txt
Family Feud (720p),https://jmp2.uk/plu-672e4d915534bb0008c50168.m3u8,,,,,,,,,Undefined,,iptv-org-all.txt
Family Feud (720p),https://aegis-cloudfront-1.tubi.video/e1638fe1-8df0-470a-9fa9-b515ca7ca18e/master.m3u8,,,,,,,,,Undefined,,iptv-org-all.txt
Family Feud Classic (1080p),https://amg00145-amg00145c3-xumo-us-3802.playouts.now.amagi.tv/playlist.m3u8,,,,,,,,,Undefined,,iptv-org-all.txt
Family Feud Classic (720p),https://jmp2.uk/plu-64c2222fb0cf5c0008288c4f.m3u8,,,,,,,,,Undefined,,iptv-org-all.txt
Family Feud Classic (720p),https://jmp2.uk/plu-643f03b9d8436e0008edf021.m3u8,,,,,,,,,Undefined,,iptv-org-all.txt
Family Ties,https://jmp2.uk/plu-654a4a3ef91d250008ac089b.m3u8,,,,FamilyTies.se@DK,,,,https://images.pluto.tv/channels/654a4a3ef91d250008ac089b/colorLogoPNG.png,Comedy,,iptv-org-all.txt
Family Ties,https://jmp2.uk/plu-654a4f7bf9cc8200086877d5.m3u8,,,,FamilyTies.se@NO,,,,https://images.pluto.tv/channels/654a4a3ef91d250008ac089b/colorLogoPNG.png,Comedy,,iptv-org-all.txt
Family Ties,https://jmp2.uk/plu-654a510d986ad20008a45874.m3u8,,,,FamilyTies.se@SE,,,,https://images.pluto.tv/channels/654a4a3ef91d250008ac089b/colorLogoPNG.png,Comedy,,iptv-org-all.txt
Family Ties,https://jmp2.uk/plu-5f77939a630f530007dde654.m3u8,,,,FamilyTies.us@SD,,,,https://i.imgur.com/WJEkKCb.png,Series,,iptv-org-all.txt
FAN (1080p),http://31.148.48.15/Fan/index.m3u8,,,,FAN.ru@SD,,,,https://i.imgur.com/mDeTbaF.png,Animation;Movies,,iptv-org-all.txt
FanDuel TV Extra (1080p),https://d1x2mlky5ieruz.cloudfront.net/v1/fanduelgroup_fandueltv_01/samsungheadend_us/latest/main/hls/playlist.m3u8,,,,,,,,,Undefined,,iptv-org-all.txt
Fanduel TV Extra (720p),https://aegis-cloudfront-1.tubi.video/bf25c5e4-9d1e-4b3e-a6c3-5f5578a81382/playlist.m3u8,,,,,,,,,Undefined,,iptv-org-all.txt
Fangene på Fortet,https://jmp2.uk/plu-65cb8bd911ced7000820bff2.m3u8,,,,,,,,,Undefined,,iptv-org-all.txt
Fano TV (1080p),https://5cbd3bc28341f.streamlock.net:444/fanotv_live/_definst_/43DA-3923-9C72-4E9F/playlist.m3u8,,,,FanoTV.it@SD,,,,https://i.imgur.com/rN6h7XU.png,General,,iptv-org-all.txt
FAP TV (720p),https://edge.enhdtv.com/faptv/index.m3u8,,,,FAPTV.bo@SD,,,,https://i.imgur.com/jZ7g58e.png,General,,iptv-org-all.txt
Faraja Television (1080p) [Not 24/7],https://panel.freedomflixtv.org:3868/hybrid/play.m3u8,,,,FarajaTelevision.ug@SD,,,,https://i.imgur.com/NmnOGHI.jpg,General,,iptv-org-all.txt
Farg'ona MTRK,https://stream8.cinerama.uz/1458/tracks-v1a1/mono.m3u8,,,,FargonaMTRK.uz@SD,,,,https://i.imgur.com/RYjQOfo.jpeg,General,,iptv-org-all.txt
Farmland TV (720p),https://jmp2.uk/plu-663a15d7cb3ea10008edac88.m3u8,,,,,,,,,Undefined,,iptv-org-all.txt
FarmodaTV (1080p),https://avr.host247.net/live/FarmodaTV/playlist.m3u8,,,,FarmodaTV.iq@HD,,,,https://i.imgur.com/x4KCQlH.png,Religious,,iptv-org-all.txt
Faro de Santidad TV (720p),https://5dbcd1053301e.streamlock.net:4443/farodesantidad/farodesantidad/playlist.m3u8,,,,FarodeSantidadTV.pr@SD,,,,https://i.imgur.com/GoNBFzI.png,Religious,,iptv-org-all.txt
Faros TV2 (480p) [Geo-blocked],https://s1.cystream.net/live/faros2/playlist.m3u8,,,,FarosTV2.gr@SD,,,,https://i.imgur.com/7xtz1Jo.png,Undefined,,iptv-org-all.txt
Farovisión (720p),https://streamtv.intervenhosting.net:3754/hybrid/play.m3u8,,,,Farovision.do@SD,,,,https://i.imgur.com/YtdOXWb.png,General,,iptv-org-all.txt
Farra Play (576p),https://stream.farra.com.py/live/farra_low.m3u8,,,,FarraPlay.py@SD,,,,https://i.imgur.com/bXWzstH.png,Music,,iptv-org-all.txt
Fars,https://ncdn.telewebion.ir/fars/live/playlist.m3u8,,,,FarsTV.ir@SD,,,,https://upload.wikimedia.org/wikipedia/fa/7/7b/Iribfars.png,General,,iptv-org-all.txt
Farscape,https://jmp2.uk/plu-699c1b4c9c3b075ecd513139.m3u8,,,,Farscape.us@SD,,,,https://i.imgur.com/2WH4lSc.png,Series,,iptv-org-all.txt
Fashion (1080p),http://stream.mcquack.net/288/index.m3u8,,,,Fashion.ua@SD,,,,https://ukrtvr.org/images/%D1%82%D0%B5%D0%BB%D0%B5%D0%B2%D0%B5%D0%B6%D1%96/%D1%81%D1%82%D0%B0%D1%80%D1%96_%D0%BB%D0%BE%D0%B3%D0%BE/FASHION%20TV%20UKRAINE/FASHION%20TV%20UKRAINE.png,Undefined,,iptv-org-all.txt
Fashion Finds (720p),https://qvc-amd-live.akamaized.net/hls/live/2034113/lsqvc5us/master.m3u8,,,,FashionFinds.us@SD,,,,https://i.imgur.com/GvDRZgq.png,Lifestyle;Shop,,iptv-org-all.txt
Fashion TV (1080p),http://stream.mcquack.net/287/index.m3u8,,,,FashionTV.ua@SD,,,,https://i.imgur.com/Bk7W39G.png,Lifestyle,,iptv-org-all.txt
Fashion&LifeStyle (1080p),http://stream.mcquack.net/119/index.m3u8,,,,FashionLifeStyle.ru@SD,,,,https://i.imgur.com/ETmpllL.png,Lifestyle,,iptv-org-all.txt
FashionBox,https://dash2.antik.sk/live/test_fashionbox_medium_atk/playlist.m3u8,,,,FashionBox.nl@SD,,,,https://i.imgur.com/Taqj4yi.png,Lifestyle,,iptv-org-all.txt
FashionTV (720p),http://45.190.28.50/FASHION_TV_HD/index.m3u8,,,,FashionTV.br@SD,,,,https://i.imgur.com/cZWKyuM.png,Lifestyle,,iptv-org-all.txt
FashionTV Europe (1080p),https://68f1accef2154d2195cae87dec183843.mediatailor.us-east-1.amazonaws.com/v1/master/44f73ba4d03e9607dcd9bebdcb8494d86964f1d8/RakutenTV-eu_FashionTV/playlist.m3u8,,,,FashionTVEurope.fr@SD,,,,https://upload.wikimedia.org/wikipedia/commons/thumb/7/7a/Fashion_TV_logo.svg/960px-Fashion_TV_logo.svg.png,Lifestyle,,iptv-org-all.txt
FashionTV Paris L'Original (1080p),https://edge-fast3.evrideo.tv/bfdbb576-83f7-11f0-9f89-0200170e3e04_1000028043_HLS/manifest.m3u8,,,,FashionTVParisLOriginal.fr@SD,,,,https://i.imgur.com/GFTAN5Q.png,Lifestyle,,iptv-org-all.txt
FashionTV Secrets (1080p),https://ssai.aniview.com/api/v1/hls/stream.m3u8?AVS_SSAIID=67c0c39764ad6f7dab07aa0b&AV_APPNAME=[ADS.APP_NAME]&AV_APPPKGNAME=[ADS.APP_BUNDLE]&AV_APPSTOREURL=[ADS.APP_STORE_URL]&AV_CCPA=[ADS.US_PRIVACY]&AV_CLIENT_SECTION=ftv_secrets&AV_CONSENT=[ADS.GDPR_CONSENT]&AV_CONTENT_CAT=IAB7&AV_CONTENT_CHANNEL=&AV_CONTENT_CONTEXT=&AV_CONTENT_EPISODE=&AV_CONTENT_GENRE=fashion+and+lifestyle&AV_CONTENT_ID=[ADS.VIDAA_ADS_CONTENTID]&AV_CONTENT_KEYWORDS=&AV_CONTENT_LANGUAGE=en&AV_CONTENT_LENGTH=&AV_CONTENT_NETWORK=&AV_CONTENT_PROVIDER=FTV&AV_CONTENT_RATING=R&AV_CONTENT_SEASON=&AV_CONTENT_SERIES=&AV_CONTENT_TITLE=&AV_CONTENT_URL=&AV_DNT=[ADS.DNT]&AV_GDPR=[ADS.GDPR]&AV_HEIGHT=[ADS.H]&AV_IDFA=[ADS.IFA]&AV_IFA_TYPE=[ADS.IFA_TYPE]&AV_LANGUAGE=[ADS.DEVICE_LANGUAGE]&AV_OSVERS=[ADS.DEVICE_OSV]&AV_RTB_DEVICE_TYPE=[ADS.DEVICE_TYPE]&AV_VAUTH=[ADS.VAUTH]&AV_WIDTH=[ADS.W]&Content_Id=[ADS.ADS_CONTENTID]&ads.vidaa_ads_param=1191723366&cb=[CACHEBUSTER]&content_channel_name=ftv+-fashiontv+Secrets&content_livestream=1,,,,FashionTVSecrets.fr@HD,,,,https://i.ibb.co/fVGJyCC8/w512.png,Lifestyle,,iptv-org-all.txt
Fast1 (576p),https://cdn-6.pishow.tv/live/10008/master.m3u8,,,,Fast1.in@SD,,,,https://papaji.freetvindia.com/media/channels/fast1.png,Undefined,,iptv-org-all.txt
Fast&FunBox,https://dash3.antik.sk/live/test_fast_and_funbox_medium_atk/playlist.m3u8,,,,FastFunBox.nl@SD,,,,https://i.imgur.com/a9ZtP17.png,Sports,,iptv-org-all.txt
Fateh TV (576p),http://180.188.254.253/live/FATEHTVHD.m3u8,,,,FatehTV.in@SD,,,,https://i.imgur.com/c4ItNkB.png,Religious,,iptv-org-all.txt
Fazal TV (1080p),http://cdn9.live247stream.com/punjabitvcanada/tv/playlist.m3u8,,,,FazalTV.pk@SD,,,,https://i.imgur.com/c0fvKia.png,Religious,,iptv-org-all.txt
FB TV,http://1hskrdto.rocketcdn.com/fenerbahcetv.smil/playlist.m3u8,,,,FBTV.tr@SD,,,,https://i.imgur.com/qBVqtYd.png,Sports,,iptv-org-all.txt
FBI Files,https://jmp2.uk/plu-62bdaa32a1b2fd00076693e8.m3u8,,,,FBIFiles.us@UK,,,,https://i.imgur.com/vzYDSLo.png,Documentary,,iptv-org-all.txt
FBoy Island,https://jmp2.uk/plu-6790d6c7bc03978b9bfbfd44.m3u8,,,,FBoyIsland.se@DK,,,,https://images.pluto.tv/channels/6790d6c7bc03978b9bfbfd44/colorLogoPNG.png,Series,,iptv-org-all.txt
FC Public Media (Fort Collins CO) (1080p),https://reflect-fcpublicmedia.cablecast.tv/live-5/live/stream-1/live.m3u8,,,,FCPublicMedia.us@SD,,,,https://i.imgur.com/naLbZuo.png,General,,iptv-org-all.txt
FCK Løvinderne,https://jmp2.uk/plu-68ac5403de4a734954b5ab75.m3u8,,,,FCKLovinderne.se@DK,,,,https://images.pluto.tv/channels/68ac5403de4a734954b5ab75/colorLogoPNG_1756124331035.png,Sports,,iptv-org-all.txt
Fe Viviente (480p),https://stream.oursnetworktv.com/latin/feVivienteGtm/playlist.m3u8,,,,FeViviente.gt@SD,,,,https://i.imgur.com/PkW3cKR.png,Religious,,iptv-org-all.txt
Fear Factor (1080p),https://amg00627-banijaygroup-fearfactor-samsungau-9vdod.amagi.tv/playlist/amg00627-banijaygroup-fearfactor-samsungau/playlist.m3u8,,,,FearFactor.us@US,,,,https://i.imgur.com/CIYnLWz.png,Series,,iptv-org-all.txt
Federalna televizija (720p),http://185.81.240.65:15000/udp/233.233.233.39:12000,,,,Federalnatelevizija.ba@SD,,,,https://i.imgur.com/astdRrE.png,General,,iptv-org-all.txt
Feel Good Drama,https://jmp2.uk/plu-65775af3b3801200084a3aa4.m3u8,,,,FeelGoodDrama.us@SD,,,,https://images.pluto.tv/channels/65775af3b3801200084a3aa4/colorLogoPNG.png,Series,,iptv-org-all.txt
Feel Good TV (720p) [Not 24/7],https://58c04fb1d143f.streamlock.net/feel_good_radio_1/feel_good_radio_1/playlist.m3u8,,,,FeelGoodTV.nl@SD,,,,https://i.imgur.com/qvs1BKr.png,Undefined,,iptv-org-all.txt
Fehérvár TV (360p),https://cloudfront44.lexanetwork.com:1344/freerelay/fehervartv.sdp/playlist.m3u8,,,,FehervarTV.hu@SD,,,,https://www.fehervartv.hu/css/img/icon-1-2.png,General,,iptv-org-all.txt
Femenina TV,https://streamunoapp.com:3511/live/femeninatvlive.m3u8,,,,FemeninaTV.do@HD,,,,https://www.vivalivetv.com/public/files/shows/0/1/3802-294x165-FFFFFF.jpg,General,,iptv-org-all.txt
Fernandina Beach City Meeting (Fernandina Beach FL) (720p) [Not 24/7],https://edge-f.swagit.com/live/fernandinabeachfl/live-1-a/playlist.m3u8,,,,FernandinaBeachChannel.us@SD,,,,https://i.imgur.com/9UfyekJ.png,Legislative,,iptv-org-all.txt
Feva Music (1080p),https://d2y0xw9ugf4if7.cloudfront.net/scheduler/scheduleMaster/417.m3u8,,,,,,,,,Undefined,,iptv-org-all.txt
FGTEEV (1080p) [Geo-blocked],https://amg00285-amg00285c3-firetv-us-6596.playouts.now.amagi.tv/playlist.m3u8,,,,,,,,,Undefined,,iptv-org-all.txt
FGTV (720p),https://fgtvlive.fgtv.com/smil:fgtv.smil/playlist.m3u8,,,,FGTV.kr@SD,,,,https://i.ibb.co/crxz0fd/yfgc-hearder-logo.png,Religious,,iptv-org-all.txt
FGTV,https://securestream11.champds.com/LIVE/FultonCoGALIVE/FultonCoGALIVE.m3u8,,,,FGTV.us@SD,,,,https://i.imgur.com/RXFmzVY.png,Legislative,,iptv-org-all.txt
Fibwi (1080p) [Not 24/7],https://hostcdn3.fibwi.com/fibwi_diario/index.fmp4.m3u8,,,,Fibwi.es@SD,,,,https://i.imgur.com/4vcGzcC.png,General,,iptv-org-all.txt
Ficom Channel (720p),https://v3.siar.us/ficomchannel/live/playlist.m3u8,,,,FicomChannel.id@SD,,,,https://i.imgur.com/KMEf0Cc.png,Entertainment,,iptv-org-all.txt
Fides TV (720p),https://twitch-m3u8.bastypro112.workers.dev/radiofidesbolivia/index.m3u8,,,,FidesTV.bo@SD,,,,https://i.imgur.com/fsDdvXx.png,General,,iptv-org-all.txt
Fierro a Fondo TV (1080p),http://45.70.201.81:8000/play/a00x/index.m3u8,,,,FierroaFondoTV.us@SD,,,,https://pbs.twimg.com/profile_images/1903618079696773120/maQJpd9__400x400.jpg,Auto,,iptv-org-all.txt
Fiesta TV,https://panelvideo1.intermediahost.co:3286/live/ruzfpkqklive.m3u8,,,,FiestaTV.co@SD,,,,https://i.imgur.com/42wImV2.png,Music,,iptv-org-all.txt
FIFA+ (720p),https://jmp2.uk/plu-660c29b5aec9680008f5b4a4.m3u8,,,,FIFAPlus.uk@English,,,,https://upload.wikimedia.org/wikipedia/commons/thumb/9/9c/FIFA%2B_(2025).svg/960px-FIFA%2B_(2025).svg.png,Sports,,iptv-org-all.txt
FIFA+ French (720p),https://37b4c228.wurl.com/master/f36d25e7e52f1ba8d7e56eb859c636563214f541/UmFrdXRlblRWLWZyX0ZJRkFQbHVzRnJlbmNoX0hMUw/playlist.m3u8,,,,FIFAPlus.uk@French,,,,https://upload.wikimedia.org/wikipedia/commons/thumb/9/9c/FIFA%2B_(2025).svg/960px-FIFA%2B_(2025).svg.png,Sports,,iptv-org-all.txt
FIFA+ German (720p),https://4397879b.wurl.com/master/f36d25e7e52f1ba8d7e56eb859c636563214f541/UmFrdXRlblRWLWRlX0ZJRkFQbHVzR2VybWFuX0hMUw/playlist.m3u8,,,,FIFAPlus.uk@German,,,,https://upload.wikimedia.org/wikipedia/commons/thumb/9/9c/FIFA%2B_(2025).svg/960px-FIFA%2B_(2025).svg.png,Sports,,iptv-org-all.txt
FIFA+ Hispanic America (720p),https://6c849fb3.wurl.com/master/f36d25e7e52f1ba8d7e56eb859c636563214f541/TEctbXhfRklGQVBsdXNTcGFuaXNoLTFfSExT/playlist.m3u8,,,,FIFAPlus.uk@HispanicAmerica,,,,https://upload.wikimedia.org/wikipedia/commons/thumb/9/9c/FIFA%2B_(2025).svg/960px-FIFA%2B_(2025).svg.png,Sports,,iptv-org-all.txt
FIFA+ Italy (720p),https://5d95f7d7.wurl.com/master/f36d25e7e52f1ba8d7e56eb859c636563214f541/UmFrdXRlblRWLWl0X0ZJRkFQbHVzSXRhbGlhbl9ITFM/playlist.m3u8,,,,FIFAPlus.uk@Italy,,,,https://upload.wikimedia.org/wikipedia/commons/thumb/9/9c/FIFA%2B_(2025).svg/960px-FIFA%2B_(2025).svg.png,Sports,,iptv-org-all.txt
FIFA+ Portuguese (720p),https://e3be9ac5.wurl.com/master/f36d25e7e52f1ba8d7e56eb859c636563214f541/TEctYnJfRklGQVBsdXNQb3J0dWd1ZXNlX0hMUw/playlist.m3u8,,,,FIFAPlus.uk@Portuguese,,,,https://upload.wikimedia.org/wikipedia/commons/thumb/9/9c/FIFA%2B_(2025).svg/960px-FIFA%2B_(2025).svg.png,Sports,,iptv-org-all.txt
FIFA+ Spain (720p),https://d63fabad.wurl.com/master/f36d25e7e52f1ba8d7e56eb859c636563214f541/UmFrdXRlblRWLWVzX0ZJRkFQbHVzU3BhbmlzaF9ITFM/playlist.m3u8,,,,FIFAPlus.uk@Spain,,,,https://upload.wikimedia.org/wikipedia/commons/thumb/9/9c/FIFA%2B_(2025).svg/960px-FIFA%2B_(2025).svg.png,Sports,,iptv-org-all.txt
FIFA+ United States (720p),https://d2w9q46ikgrcwx.cloudfront.net/v1/master/3722c60a815c199d9c0ef36c5b73da68a62b09d1/cc-of5cbk3sav3w5/v1/sysdata_s_p_a_fifa_7/samsungheadend_us/latest/main/hls/playlist.m3u8,,,,FIFAPlus.uk@UnitedStates,,,,https://upload.wikimedia.org/wikipedia/commons/thumb/9/9c/FIFA%2B_(2025).svg/960px-FIFA%2B_(2025).svg.png,Sports,,iptv-org-all.txt
FIFA+ Women (720p),https://cffda8ff.wurl.com/master/f36d25e7e52f1ba8d7e56eb859c636563214f541/U2Ftc3VuZy1nYl9GSUZBUGx1c3dvbWVuX0hMUw/playlist.m3u8,,,,FIFAPlusWomen.uk@English,,,,https://i.imgur.com/xy9ZxVO.png,Sports,,iptv-org-all.txt
Fight Network (1080p),https://d12a2vxqkkh1bo.cloudfront.net/hls/main.m3u8,,,,FightNetwork.ca@SD,,,,https://i.imgur.com/vlKPZHR.png,Sports,,iptv-org-all.txt
Fight TV (1080p),https://streams2.sofast.tv/v1/master/611d79b11b77e2f571934fd80ca1413453772ac7/70e45fc8-1f6c-4492-ac26-9868f70f4e02/manifest.m3u8,,,,,,,,,Undefined,,iptv-org-all.txt
FightBox HD,https://nosignal1.antenaplay.ro/hls/fightbox-hd/index.m3u8,,,,FightBox.nl@HD,,,,https://i.imgur.com/mRsnztA.png,Sports,,iptv-org-all.txt
FilAmTV Network (1080p),https://cdn.vegasplus.us/vegas/ftv/playlist.m3u8,,,,FilAmTVNetwork.us@HD,,,,https://i.imgur.com/nRiApdI.png,General,,iptv-org-all.txt
Filinfo TV (1080p),https://d2iqjnqfr8pv3b.cloudfront.net/out/v1/d09d2fc718404cd8bccd3eba2444dd70/index.m3u8,,,,FilinfoTV.bf@SD,,,,https://i.imgur.com/KG93Tvn.png,News,,iptv-org-all.txt
Film & Arts (1080p),http://15.204.246.24:8080/FilmArtsHD/index.m3u8,,,,FilmArts.ar@Panregional,,,,https://i.imgur.com/ukdmEKD.png,Movies,,iptv-org-all.txt
Filmax (576p),https://s3.ideationtec.live/Filmax/Filmax.m3u8,,,,Filmax.pk@SD,,,,https://i.imgur.com/eLmdZ6k.png,Movies,,iptv-org-all.txt
Filmazia (576p),http://103.250.28.74:8000/play/a02k/index.m3u8,,,,Filmazia.pk@SD,,,,https://i.imgur.com/hpTCANa.png,Movies,,iptv-org-all.txt
FILMBOX+ Comedy Romania,https://nosignal1.antenaplay.ro/hls/fb-comedy-hd/index.m3u8,,,,FILMBOXPlusComedy.pl@Romania,,,,https://spiintl.com/data/files/kcfinderUploadDir/images/filmboxplus/filmbox%2Bcomedy.png,Movies,,iptv-org-all.txt
FILMBOX+ Festival,https://dash3.antik.sk/live/test_filmbox_arthouse_atk_1200/playlist.m3u8,,,,FILMBOXPlusFestival.pl@SD,,,,https://spiintl.com/data/files/kcfinderUploadDir/images/filmboxplus/filmbox%2Bfestival.png,Movies,,iptv-org-all.txt
FILMBOX+ Festival HD (1080p),https://nosignal1.antenaplay.ro/hls/fb-festival-hd/index.m3u8,,,,FILMBOXPlusFestival.pl@HD,,,,https://spiintl.com/data/files/kcfinderUploadDir/images/filmboxplus/filmbox%2Bfestival.png,Movies,,iptv-org-all.txt
FILMBOX+ Hits Romania (576p),https://nosignal1.antenaplay.ro/hls/fb-hits-sd/index.m3u8,,,,FILMBOXPlusHits.pl@Romania,,,,https://spiintl.com/data/files/kcfinderUploadDir/images/filmboxplus/filmbox%2Bhits.png,Movies,,iptv-org-all.txt
FILMBOX+ Love & Crime Romania,https://nosignal1.antenaplay.ro/hls/fb-love-and-crime-sd/index.m3u8,,,,FILMBOXPlusLoveCrime.pl@Romania,,,,https://spiintl.com/data/files/kcfinderUploadDir/images/filmboxplus/filmbox%2Blove-and-crime.png,Movies,,iptv-org-all.txt
FILMBOX+ One Nederland,http://46.149.191.219:9100/play/a015,,,,FILMBOXPlusOne.pl@Nederland,,,,https://spiintl.com/data/files/kcfinderUploadDir/images/filmboxplus/filmbox%2Bone.png,Movies,,iptv-org-all.txt
FILMBOX+ One Romania (576p),https://nosignal1.antenaplay.ro/hls/fb-one-sd/index.m3u8,,,,FILMBOXPlusOne.pl@Romania,,,,https://spiintl.com/data/files/kcfinderUploadDir/images/filmboxplus/filmbox%2Bone.png,Movies,,iptv-org-all.txt
FILMBOX+ One Ukraine & Baltics (450p) [Geo-blocked],https://s70378.cdn.ngenix.net/filmbox/index.m3u8,,,,FILMBOXPlusOne.pl@UkraineBaltics,,,,https://spiintl.com/data/files/kcfinderUploadDir/images/filmboxplus/filmbox%2Bone.png,Movies,,iptv-org-all.txt
Filmelier TV,https://jmp2.uk/plu-633dcebd80386500074a2461.m3u8,,,,,,,,,Undefined,,iptv-org-all.txt
Filmes Suspense,https://jmp2.uk/plu-5f171d3442a0500007362f22.m3u8,,,,FilmesSuspense.us@BR,,,,https://images.pluto.tv/channels/5f171d3442a0500007362f22/colorLogoPNG.png,Movies,,iptv-org-all.txt
Filmex (Xumo) (1080p) [Geo-blocked],https://filmex-filmex-xumo.amagi.tv/playlist.m3u8,,,,Filmex.mx@SD,,,,https://i.imgur.com/Hiz2OyC.png,Movies,,iptv-org-all.txt
Filmex Clásico (1080p) [Geo-blocked],https://filmex-filmexclasico-xumo.amagi.tv/playlist.m3u8,,,,FilmexClasico.mx@SD,,,,https://i.imgur.com/D3dj4mv.png,Movies,,iptv-org-all.txt
Filmgold (720p),https://jmp2.uk/plu-6305ca798bd95300072d2f93.m3u8,,,,,,,,,Undefined,,iptv-org-all.txt
FilmGold Germany (1080p),https://mainstreamfilmgold-rakuten.amagi.tv/playlist.m3u8,,,,,,,,,Undefined,,iptv-org-all.txt
FilmRise Anime (720p),https://dvu7aia8rjlfm.cloudfront.net/master.m3u8,,,,FilmRiseAnime.us@SD,,,,https://i.imgur.com/3wqeGXM.png,Animation,,iptv-org-all.txt
FilmRise Binge Watch France (720p),https://d39g1vxj2ef6in.cloudfront.net/v1/master/3fec3e5cac39a52b2132f9c66c83dae043dc17d4/prod-rakuten-stitched/master.m3u8?ads.xumo_channelId=88883021,,,,,,,,,Undefined,,iptv-org-all.txt
FilmRise Classic TV (720p),https://d2tv4k5moji5m7.cloudfront.net/v1/master/3722c60a815c199d9c0ef36c5b73da68a62b09d1/cc-lu4pzh9l4b57p/master.m3u8,,,,FilmRiseClassicTV.us@SD,,,,https://i.imgur.com/8j2npVc.png,Classic,,iptv-org-all.txt
FilmRise DeGrassi la nouvelle génération,https://d39g1vxj2ef6in.cloudfront.net/v1/master/3fec3e5cac39a52b2132f9c66c83dae043dc17d4/prod-rakuten-stitched/master.m3u8?ads.xumo_channelId=88883113,,,,,,,,,Undefined,,iptv-org-all.txt
FilmRise Hot Ones (720p),https://d39g1vxj2ef6in.cloudfront.net/v1/master/3fec3e5cac39a52b2132f9c66c83dae043dc17d4/prod-rakuten-stitched/master.m3u8?ads.xumo_channelId=88883082,,,,,,,,,Undefined,,iptv-org-all.txt
FilmRise Les Routes du Paradis (720p),https://d39g1vxj2ef6in.cloudfront.net/v1/master/3fec3e5cac39a52b2132f9c66c83dae043dc17d4/prod-rakuten-stitched/master.m3u8?ads.xumo_channelId=88883083,,,,,,,,,Undefined,,iptv-org-all.txt
FilmRise Séries France (720p),https://d39g1vxj2ef6in.cloudfront.net/v1/master/3fec3e5cac39a52b2132f9c66c83dae043dc17d4/prod-rakuten-stitched/master.m3u8?ads.xumo_channelId=88883033,,,,,,,,,Undefined,,iptv-org-all.txt
FilmRise Westerns (720p),https://dz05z8iljgvbe.cloudfront.net/master.m3u8,,,,FilmRiseWestern.us@SD,,,,https://i.imgur.com/8j2npVc.png,Movies,,iptv-org-all.txt
FilmRise Z Nation France (720p),https://d39g1vxj2ef6in.cloudfront.net/v1/master/3fec3e5cac39a52b2132f9c66c83dae043dc17d4/prod-rakuten-stitched/master.m3u8?ads.xumo_channelId=88883103,,,,,,,,,Undefined,,iptv-org-all.txt
FilmUA Live,https://dash2.antik.sk/live/test_film_life_atktv/playlist.m3u8,,,,FilmUALive.ua@SD,,,,https://i.imgur.com/kizTBgS.png,Movies,,iptv-org-all.txt
Filstalwelle (1080p),https://h055.video-stream-hosting.de/filstalwelle-live/_definst_/mp4:livestream/playlist.m3u8,,,,Filstalwelle.de@SD,,,,https://i.imgur.com/19iKLvf.png,General,,iptv-org-all.txt
Finans Turk TV (720p),https://yayin30.haber100.com/live/finansturk/playlist.m3u8,,,,FinansTurkTV.tr@SD,,,,https://i.ibb.co/wBwmB1T/iY0osc7.png,News,,iptv-org-all.txt
Finest TV (288p) [Not 24/7],https://media.finest.tv/hls/live.m3u8,,,,FinestTV.de@SD,,,,https://i.imgur.com/1uoP10V.png,Music,,iptv-org-all.txt
Fireplace Vibes (2160p),https://d21izs34d0y5tl.cloudfront.net/Fireplace_4K_SONO20.m3u8,,,,,,,,,Undefined,,iptv-org-all.txt
Fireplace Vibes (2160p) [Geo-blocked],https://pb-rhq7yj8tne4rm.akamaized.net/Fireplace_4K_SONO20.m3u8,,,,,,,,,Undefined,,iptv-org-all.txt
First Channel (1080p),http://5.254.89.106/8717/index.m3u8,,,,FirstChannel.xk@SD,,,,https://i.imgur.com/LchiPOr.png,Entertainment,,iptv-org-all.txt
First Channel News (1080p),https://amtvusdvr.tulix.tv/am3abr/index.m3u8,,,,FirstChannelNews.am@SD,,,,https://i.imgur.com/RlYJUH4.png,News,,iptv-org-all.txt
First India News (576p),https://mumt03.tangotv.in/Dsly5z3H1STINDIANEWS/index.m3u8,,,,FirstIndiaNews.in@SD,,,,https://xstreamcp-assets-msp.streamready.in/assets/LIVETV/LIVECHANNEL/LIVETV_LIVETVCHANNEL_FIRST_INDIA_NEWS_RAJASTHAN/images/LOGO_HD/image.png,News,,iptv-org-all.txt
First Music Channel Russia (1080p),http://hls127.freeott.top:8080/1muz_HD/video.m3u8,,,,FirstMusicChannelRussia.by@SD,,,,https://i.imgur.com/rEo7nR1.png,Music,,iptv-org-all.txt
Firstlight (576p),https://uni01rtmp.tulix.tv/firstlight/firstlight.smil/playlist.m3u8,,,,Firstlight.nz@SD,,,,https://i.imgur.com/gtDROeT.png,Religious,,iptv-org-all.txt
Fish TV (720p),http://45.162.64.114/FISH_TV/index.m3u8,,,,FishTV.br@SD,,,,https://www.fishtv.com/public/site/images/logos/fishtv.svg,Outdoor,,iptv-org-all.txt
FITE 24/7 (1080p),https://d3d85c7qkywguj.cloudfront.net/scheduler/scheduleMaster/263.m3u8,,,,FITE247.us@SD,,,,https://i.imgur.com/ESV6qgH.png,Sports,,iptv-org-all.txt
Fix TV (720p) [Not 24/7],https://fixhd.tv:8082/fix/1080i/playlist.m3u8,,,,FIXTV.hu@SD,,,,https://i.imgur.com/PLhh0Ps.png,Undefined,,iptv-org-all.txt
Fixers and Flippers,https://jmp2.uk/plu-62fb62081afad500077e915e.m3u8,,,,,,,,,Undefined,,iptv-org-all.txt
Flame TV (576p),https://viewmedia7219.bozztv.com/wmedia/viewmedia100/web_010/Stream/playlist.m3u8,,,,FlameTV.ng@SD,,,,https://i.imgur.com/ORKcnzr.png,Religious,,iptv-org-all.txt
Flash Haber TV,https://b01c02nl.mediatriple.net/videoonlylive/mtyycglqauzjhlive/broadcast_67c053c48829f.smil/playlist.m3u8,,,,FlashHaberTV.tr@SD,,,,,News,,iptv-org-all.txt
Flashpoint,https://jmp2.uk/plu-66d71ff86b63480008cf15c5.m3u8,,,,,,,,,Undefined,,iptv-org-all.txt
Flashpoint,https://jmp2.uk/plu-66d7120815d2c60008cec006.m3u8,,,,,,,,,Undefined,,iptv-org-all.txt
Flashpoint,https://jmp2.uk/plu-66a10eacfe11e500084c6925.m3u8,,,,,,,,,Undefined,,iptv-org-all.txt
Flex Studio Radio TV [Not 24/7],https://live20.bozztv.com/akamaissh101/ssh101/fsradiotv/playlist.m3u8,,,,FlexStudioRadioTV.bz@SD,,,,https://i.imgur.com/tZjqtxd.png,Music,,iptv-org-all.txt
Flicks of Fury,https://jmp2.uk/plu-58e55b14ad8e9c364d55f717.m3u8,,,,FlicksofFury.us@SD,,,,https://i.imgur.com/rtL5L81.png,Movies,,iptv-org-all.txt
Flipper,https://jmp2.uk/plu-68d277fb12bf71eaaed3e9f1.m3u8,,,,,,,,,Undefined,,iptv-org-all.txt
Flipper: The New Adventures,https://jmp2.uk/plu-698ddd6ec144dcc29b866133.m3u8,,,,,,,,,Undefined,,iptv-org-all.txt
Flipper: The New Adventures,https://jmp2.uk/plu-698dde17c7f3f49e64e3414a.m3u8,,,,,,,,,Undefined,,iptv-org-all.txt
Flipper: The New Adventures,https://jmp2.uk/plu-698dde7c8b5c1e0795b85739.m3u8,,,,,,,,,Undefined,,iptv-org-all.txt
Flipping Nation (720p),https://a64543d5.wurl.com/master/f36d25e7e52f1ba8d7e56eb859c636563214f541/UmFrdXRlblRWLWdiX0ZsaXBwaW5nTmF0aW9uX0hMUw/playlist.m3u8,,,,,,,,,Undefined,,iptv-org-all.txt
Flipping Nation (720p),https://d3795432.wurl.com/master/f36d25e7e52f1ba8d7e56eb859c636563214f541/U2Ftc3VuZy1nYl9GbGlwcGluZ05hdGlvbl9ITFM/playlist.m3u8,,,,,,,,,Undefined,,iptv-org-all.txt
Flipping Nation (720p),https://d21mkcgtx2frod.cloudfront.net/v1/aenetworks_flippingnation_1/samsungheadend_us/latest/main/hls/playlist.m3u8,,,,,,,,,Undefined,,iptv-org-all.txt
FloHockey 24/7 (1080p),https://amg02278-amg02278c2-flosports-worldwide-9916.playouts.now.amagi.tv/playlist.m3u8,,,,FloHockey.us@HD,,,,https://images.fubo.tv/channel-config-ui/station-logos/on-dark/flohockey-white.png,Sports,,iptv-org-all.txt
FloRacing 24/7 (1080p),https://amg02278-amg02278c1-distrotv-us-7534.playouts.now.amagi.tv/playlist/amg02278-flosports-floracing24x7-distrotvus/playlist.m3u8,,,,,,,,,Undefined,,iptv-org-all.txt
FloRacing 24/7 (1080p),https://amg02278-amg02278c1-flosports-worldwide-7592.playouts.now.amagi.tv/playlist.m3u8,,,,FloRacing.us@HD,,,,https://images.fubo.tv/channel-config-ui/station-logos/on-dark/floracing-white.png,Sports,,iptv-org-all.txt
Flow Caribe,https://stream.ads.ottera.tv/playlist.m3u8?network_id=1083,,,,,,,,,Undefined,,iptv-org-all.txt
Flowers TV USA,https://yuppmedtaorire.akamaized.net/v1/master/a0d007312bfd99c47f76b77ae26b1ccdaae76cb1/flowers_nim_https/050522/flowers/playlist.m3u8,,,,FlowersTVUSA.us@SD,,,,https://upload.wikimedia.org/wikipedia/ml/1/1c/Flowers-Onam.png,Culture,,iptv-org-all.txt
Fluss Monster (1080p),https://rivermonstergermany-rakuten.amagi.tv/playlist.m3u8,,,,,,,,,Undefined,,iptv-org-all.txt
Fluss-Monster,https://jmp2.uk/plu-62a0b2aff4cf470007e47e29.m3u8,,,,,,,,,Undefined,,iptv-org-all.txt
FM ITALIA (1080p),https://stream2.xdevel.com/video0s975817-1183/stream/playlist.m3u8,,,,FMITALIA.it@SD,,,,https://i.imgur.com/54CO2u9.png,Music,,iptv-org-all.txt
FM Mundo (1080p),https://video2.makrodigital.com/fmmundo/fmmundo/playlist.m3u8,,,,FMMundo.ec@SD,,,,https://i.imgur.com/1nNnYQO.png,Music,,iptv-org-all.txt
FM Plus TV (720p),https://v2.tustreaming.cl/fmplus/index.m3u8,,,,FMPlusTV.cl@SD,,,,https://i.imgur.com/1UokOyN.png,Music,,iptv-org-all.txt
FMH Kids (1080p),https://cdn1tlinkgo.tlink.cl/fmhkidshd/index.m3u8,,,,FMHKids.us@SD,,,,https://img-evg3.tv360.bitel.com.pe/peru-image/2024/12/31/22/1735657792230/b870c45f862d_480_270.png,Kids,,iptv-org-all.txt
FMH Movies (1080p),https://cdn1tlinkgo.tlink.cl/fmhmovies/index.m3u8,,,,FMHMovies.us@SD,,,,https://img-evg3.tv360.bitel.com.pe/peru-image/2024/12/24/23/1735058961578/eaf883fb926d_480_270.png,Movies,,iptv-org-all.txt
FNX (1080p),https://fnx.lls.pbs.org/index.m3u8,,,,FNX.us@SD,,,,https://upload.wikimedia.org/wikipedia/commons/e/e8/FNX_Web_Logo.png,Culture,,iptv-org-all.txt
Folcloreando TV,https://stmvideo6.livecastv.com/radioactivasanjuan/radioactivasanjuan/playlist.m3u8,,,,FolcloreandoTV.ar@SD,,,,https://folcloreando.com/wp-content/uploads/elementor/thumbs/logo-qvcz16ulfxe7qqvftihvlcoku8l2hux59qcndiy3qo.png,General,,iptv-org-all.txt
Folk Klub (720p),http://tv1.intv.mk:1935/live2/folkklub/index.m3u8,,,,FolkKlubTV.au@SD,,,,https://i.imgur.com/Seq7Od7.png,Music,,iptv-org-all.txt
Folk TV (1080p) [Not 24/7],https://stream.nasatv.com.mk/folktv/hls/folktv_live.m3u8,,,,FolkTV.mk@SD,,,,https://i.imgur.com/4b9aZ9P.png,Music,,iptv-org-all.txt
Folketinget (1080p) [Not 24/7],https://cdnapi.kaltura.com/p/2158211/sp/327418300/playManifest/entryId/1_24gfa7qq/protocol/https/format/applehttp/a.m3u8,,,,TVfromtheDanishParliament.dk@SD,,,,https://i.imgur.com/RqQDUzX.png,Legislative,,iptv-org-all.txt
Folklore TV (720p),https://play.folkloretv.pe/StreamSD/index.m3u8,,,,FolkloreTV.pe@SD,,,,https://i.imgur.com/QdOGJes.png,Music,,iptv-org-all.txt
Folx Music Television,https://folxapp.b-cdn.net/1080p/index.m3u8,,,,FolxMusicTelevision.de@SD,,,,https://i.imgur.com/ze04puX.png,Music,,iptv-org-all.txt
Folx Slovenija,https://folxsloapp.b-cdn.net/1080p/index.m3u8,,,,FolxSlovenija.si@SD,,,,https://i.imgur.com/RK1IASU.png,Music,,iptv-org-all.txt
Fon Music (1080p),http://hls127.freeott.top:8080/TNT_MUSIC_HD/video.m3u8,,,,,,,,,Undefined,,iptv-org-all.txt
FON Music (1080p),https://cdn-01.bonus-tv.ru/tntmusic/playlist.m3u8,,,,,,,,,Undefined,,iptv-org-all.txt
FON Music (1080p),https://tntm.mediacdn.ru/cdn/tntmusic/playlist.m3u8,,,,,,,,,Undefined,,iptv-org-all.txt
Fon Music (576p),http://stream.mcquack.net/317/index.m3u8,,,,,,,,,Undefined,,iptv-org-all.txt
FON Music (576p),https://stream8.cinerama.uz/1272/tracks-v1a1/mono.m3u8,,,,FONMusic.ru@SD,,,,https://i.imgur.com/tXABQDE.png,Music,,iptv-org-all.txt
Fontana Community Television (720p) [Geo-blocked],https://reflect-watchkfon-fontana.cablecast.tv/live-3/live/live.m3u8,,,,KFONTV.us@SD,,,,https://i.imgur.com/MQHYm3V.png,General,,iptv-org-all.txt
Fonte TV,https://59fb88a1b1108.streamlock.net/fonte/_definst_/fontetv/chunklist_w1224511652.m3u8,,,,FonteTV.br@SD,,,,https://i.imgur.com/7q2BmNc.png,Religious,,iptv-org-all.txt
Food Food (576p),https://mumt03.tangotv.in/Dsly5z3HFOODFOOD/index.m3u8,,,,FoodFood.in@SD,,,,https://jiotvimages.cdn.jio.com/dare_images/images/Food_Food.png,Cooking;Lifestyle,,iptv-org-all.txt
FoodTime (1080p),http://stream.mcquack.net/216/index.m3u8,,,,FoodTime.ru@SD,,,,https://i.imgur.com/gxCYAwH.png,Cooking,,iptv-org-all.txt
Foot+,http://145.239.5.177/556a/index.m3u8,,,,FootPlus.fr@SD,,,,https://i.imgur.com/qsLLyn4.png,Sports,,iptv-org-all.txt
For lækker til love,https://jmp2.uk/plu-6272511cb389bb0007b30b09.m3u8,,,,Forlaekkertillove.se@DK,,,,https://images.pluto.tv/channels/6272511cb389bb0007b30b09/colorLogoPNG.png,Entertainment,,iptv-org-all.txt
For You TV,https://stream.az-multimedia.com:3325/live/foryoutvlive.m3u8,,,,ForYouTV.cm@SD,,,,https://i.imgur.com/1oMboXL.png,News,,iptv-org-all.txt
Forensic Files (720p) [Geo-blocked],https://pb-x9qsxrudiq9d2.akamaized.net/webvtt/v1/18584c3f3a2a4df8/88886014/master.m3u8,,,,FilmRiseForensicFiles.us@SD,,,,https://i.imgur.com/8j2npVc.png,Movies,,iptv-org-all.txt
Forensic Files,https://jmp2.uk/plu-62e92392a3e6270007f562e8.m3u8,,,,ForensicFiles.us@SD,,,,https://i.imgur.com/V5vvuLK.png,Documentary,,iptv-org-all.txt
Forever Kids,https://jmp2.uk/plu-56171fafada51f8004c4b40f.m3u8,,,,ForeverKids.us@SD,,,,https://i.imgur.com/deeQqYZ.png,Kids,,iptv-org-all.txt
Forged In Fire (720p) [Geo-blocked],https://pb-7zbm16kmdn8iw.akamaized.net/v1/aenetworks_forgedinfire_1/samsungheadend_us/latest/main/hls/playlist.m3u8,,,,,,,,,Undefined,,iptv-org-all.txt
Formula (1080p),https://c4635.cdn.xsg.ge/c4635/TVFormula/index.m3u8,,,,Formula.ge@SD,,,,https://i.imgur.com/fsqBn8G.png,News,,iptv-org-all.txt
Foro TV,https://mc.servidor.stream:19360/8274/8274.m3u8,,,,ForoTV.pe@SD,,,,https://encrypted-tbn0.gstatic.com/images?q=tbn:ANd9GcTarTiQHz2Pl0Bpx9g7JV_eaz4V4f61wtGyRw&s,Undefined,,iptv-org-all.txt
Forsidefruer,https://jmp2.uk/plu-61c19dcefbb4b50007d242e1.m3u8,,,,Forsidefruer.se@DK,,,,https://images.pluto.tv/channels/61c19dcefbb4b50007d242e1/colorLogoPNG.png,Entertainment,,iptv-org-all.txt
Fort Collins Cable TV (FCTV) (Fort Collins CO) (1080p),https://reflect-vod-fcgov.cablecast.tv/live-9/live/stream-1/live.m3u8,,,,FCTV.us@SD,,,,https://i.imgur.com/N5Canf3.png,General,,iptv-org-all.txt
Fort Pierce Live Stream (Fort Pierce FL) (720p),https://edge-f.swagit.com/live/fortpiercefl/live-1-a/playlist.m3u8,,,,CityofFortPierce.us@SD,,,,https://i.imgur.com/2ChoSsi.png,Legislative,,iptv-org-all.txt
FORT TV (480p),https://fort.co-works.org/memfs/87017643-274a-4bc0-a786-7767a0d159c2.m3u8,,,,FORTTV.ug@SD,,,,https://i.ibb.co/4KN5zW9/fort-tv-logo-GENE.png,Entertainment,,iptv-org-all.txt
Fortaleza TV (1080p),https://multimedia.fortalezatv.cl/video/video.m3u8,,,,FortalezaTV.cl@SD,,,,https://i.imgur.com/BJpop5n.png,Religious,,iptv-org-all.txt
Fortaleza TV Cueto (720p),https://twitch-m3u8.bastypro112.workers.dev/tvfortalezacueto/index.m3u8,,,,FortalezaTVCueto.bo@SD,,,,https://i.imgur.com/z4TfuxB.jpg,General,,iptv-org-all.txt
Fortis TV,https://stream.fortistv.com/hls/fortis-news/index.m3u8,,,,FortisTV.ng@SD,,,,https://i.imgur.com/HoO9Urd.jpg,General,,iptv-org-all.txt
Fortuna TV (1080p),https://edge.taksimbilisim.com/ftvturk/bant1/playlist.m3u8,,,,FortunaTV.tr@HD,,,,https://i.imgur.com/ZbUSlOC.png,Lifestyle,,iptv-org-all.txt
Fortuna TV (720p),https://edge1.socialsmart.tv/ftvturk/bant1/playlist.m3u8,,,,FortunaTV.tr@SD,,,,https://i.imgur.com/ZbUSlOC.png,Lifestyle,,iptv-org-all.txt
FORTUNE TV (720p),http://103.215.194.93:8282/hls/fortunetv/vmix.m3u8,,,,FortuneTV.mm@SD,,,,https://i.imgur.com/MM5evnD.png,Entertainment,,iptv-org-all.txt
Foshan News TV,http://dslive.grtn.cn/fszh/sd/live.m3u8,,,,,,,,,Undefined,,iptv-org-all.txt
Four in a Bed (720p),https://all3media-four-in-a-bed-1-au.samsung.wurl.tv/playlist.m3u8,,,,,,,,,Undefined,,iptv-org-all.txt
Four in a Bed (720p),https://all3media-four-in-a-bed-1-nl.samsung.wurl.tv/playlist.m3u8,,,,,,,,,Undefined,,iptv-org-all.txt
Four in a Bed (720p),https://all3media-four-in-a-bed-1-nz.samsung.wurl.tv/playlist.m3u8,,,,,,,,,Undefined,,iptv-org-all.txt
Foursquare TV (360p) [Not 24/7],https://webstreaming-3.viewmedia.tv/web_033/Stream/playlist.m3u8,,,,FoursquareTV.ng@SD,,,,https://i.imgur.com/ORer9ag.png,Religious,,iptv-org-all.txt
Fox [Not 24/7],http://315e5a5d.ottrast.com/iptv/MM4E93NGF5LADZ/6108/index.m3u8,,,,Fox.pl@SD,,,,https://i.imgur.com/hSDN9YQ.png,Entertainment,,iptv-org-all.txt
Fox (576p),http://stream.mcquack.net/182/index.m3u8,,,,Fox.ru@SD,,,,https://i.imgur.com/nr1Y67Z.png,Entertainment,,iptv-org-all.txt
Fox (720p),http://stream.cammonitorplus.net/1752/index.m3u8,,,,Fox.us@East,,,,https://upload.wikimedia.org/wikipedia/commons/2/27/WWAY_logo.png,General,,iptv-org-all.txt
FOX 2 San Francisco CA (KTVU) (720p),https://aegis-cloudfront-1.tubi.video/8d9284ec-c451-4e51-a1d4-d16e5c8972af/index.m3u8,,,,CW.us@KTVU,,,,https://upload.wikimedia.org/wikipedia/commons/2/27/WWAY_logo.png,General,,iptv-org-all.txt
FOX 11 Green Bay WI (WLUK) (1080p),https://linear-702.frequency.stream/dist/stirr/702/hls/master/playlist.m3u8,,,,CW.us@WLUKTV,,,,https://upload.wikimedia.org/wikipedia/commons/2/27/WWAY_logo.png,General,,iptv-org-all.txt
FOX 13 Seattle WA (KCPQ) (720p),https://aegis-cloudfront-1.tubi.video/cc394198-7bde-43e8-b186-875bc0eb3037/index.m3u8,,,,Fox.us@KCPQ,,,,https://upload.wikimedia.org/wikipedia/commons/2/27/WWAY_logo.png,General,,iptv-org-all.txt
FOX 23 Cape Girardeau MO (KBSI-DT1) (720p) [Not 24/7],https://live.field59.com/kbsi/kbsi1/playlist.m3u8,,,,Fox.us@KBSI,,,,https://upload.wikimedia.org/wikipedia/commons/2/27/WWAY_logo.png,General,,iptv-org-all.txt
Fox 25 Boston (WFXT-TV) (1080p) [Geo-blocked],https://pubads.g.doubleclick.net/ssai/event/1kItNgwtQUe54NjjBiiTGg/master.m3u8,,,,Fox.us@WFXT,,,,https://upload.wikimedia.org/wikipedia/commons/2/27/WWAY_logo.png,General,,iptv-org-all.txt
FOX 25 Oklahoma City OK (KOKH) (1080p),https://linear-705.frequency.stream/dist/stirr/705/hls/master/playlist.m3u8,,,,Fox.us@KOKHTV,,,,https://upload.wikimedia.org/wikipedia/commons/2/27/WWAY_logo.png,General,,iptv-org-all.txt
FOX 26 Visalia CA (KMPH) (1080p),https://linear-711.frequency.stream/dist/stirr/711/hls/master/playlist.m3u8,,,,Fox.us@KMPHTV,,,,https://upload.wikimedia.org/wikipedia/commons/2/27/WWAY_logo.png,General,,iptv-org-all.txt
FOX 45 Baltimore MD (WBFF) (1080p),https://linear-688.frequency.stream/dist/stirr/688/hls/master/playlist.m3u8,,,,Fox.us@WBFF,,,,https://upload.wikimedia.org/wikipedia/commons/2/27/WWAY_logo.png,General,,iptv-org-all.txt
Fox Business Network (720p),http://5.254.89.106/6187/index.m3u8,,,,FoxBusinessNetwork.us@SD,,,,https://upload.wikimedia.org/wikipedia/commons/thumb/8/8a/Fox_Business.svg/960px-Fox_Business.svg.png,Business,,iptv-org-all.txt
Fox Deportes (720p),http://23.237.104.106:8080/USA_FOX_DEPORTES/index.m3u8,,,,FoxDeportes.us@SD,,,,https://upload.wikimedia.org/wikipedia/commons/thumb/3/3b/FOX_Deportes_logo.png/960px-FOX_Deportes_logo.png,Sports,,iptv-org-all.txt
Fox Life (576p),http://stream.mcquack.net/129/index.m3u8,,,,FoxLife.ru@SD,,,,https://i.imgur.com/O2miSLA.png,Series,,iptv-org-all.txt
FOX LOCAL Los Angeles,https://jmp2.uk/plu-667f2c7b22acab0008b7072b.m3u8,,,,,,,,,Undefined,,iptv-org-all.txt
Fox News Channel (720p),http://45.190.28.50/FOX_NEWS/index.m3u8,,,,FoxNewsChannel.us@SD,,,,https://upload.wikimedia.org/wikipedia/commons/thumb/6/67/Fox_News_Channel_logo.svg/960px-Fox_News_Channel_logo.svg.png,News,,iptv-org-all.txt
Fox News Radio (720p),https://radiovid.foxnews.com/hls/live/661547/RADIOVID/index.m3u8,,,,FoxNewsRadio.us@SD,,,,https://radio.foxnews.com/wp-content/uploads/2017/10/default_logo-150x150.png,News,,iptv-org-all.txt
Fox Soul (1080p),https://foxsoul-vizio.amagi.tv/playlist.m3u8,,,,FoxSoul.us@SD,,,,https://i.imgur.com/YIamDGn.png,Culture,,iptv-org-all.txt
FOX Sports (1080p),https://d1jzu95oc8fgt3.cloudfront.net/FOX_Sports.m3u8,,,,,,,,,Undefined,,iptv-org-all.txt
Fox Sports (720p),https://live-manifest.production-public.tubi.io/live/6035c7fd-efff-4ec7-93dc-aa0c7a58ba47/playlist.m3u8,,,,,,,,,Undefined,,iptv-org-all.txt
FOX Sports (1080p) [Geo-blocked],https://amg02855-foxsports-amg02855c1-xumo-us-1755.playouts.now.amagi.tv/Fox-Sports-AmazonNews/playlist.m3u8,,,,,,,,,Undefined,,iptv-org-all.txt
Fox Sports 1 (720p),http://85.237.89.160:9590/usa-s/FOX-SPORTS-1/index.m3u8,,,,FoxSports1.us@HD,,,,https://i.imgur.com/O9BapV9.png,Sports,,iptv-org-all.txt
Fox Sports 2 (720p),https://tvsen7.aynascope.net/foxsports2/index.m3u8,,,,FoxSports2.us@HD,,,,https://i.imgur.com/LHtxKI8.png,Sports,,iptv-org-all.txt
Fox Weather (720p),https://247wlive.foxweather.com/stream/index.m3u8,,,,FoxWeather.us@SD,,,,https://upload.wikimedia.org/wikipedia/commons/thumb/b/b9/Fox_Weather_logo.svg/960px-Fox_Weather_logo.svg.png,Weather,,iptv-org-all.txt
Fox West (720p),http://stream.cammonitorplus.net/1799/index.m3u8,,,,Fox.us@West,,,,https://upload.wikimedia.org/wikipedia/commons/2/27/WWAY_logo.png,General,,iptv-org-all.txt
France 3 Cote d'Azur,http://89.187.185.76:8080/France3/index.m3u8,,,,France3.fr@CotedAzur,,,,https://upload.wikimedia.org/wikipedia/commons/9/9c/France_3_Cote_d%27Azur_-_Logo_2018.svg,General,,iptv-org-all.txt
France 3 Lorraine (1080p),http://5.180.164.197:8080/FRANCE3/index.m3u8,,,,France3.fr@Lorraine,,,,https://upload.wikimedia.org/wikipedia/commons/6/61/France_3_Lorraine_-_Logo_2018.svg,General,,iptv-org-all.txt
France 4,http://176.65.146.100:8047/play/a074/index.m3u8,,,,France4.fr@SD,,,,https://upload.wikimedia.org/wikipedia/commons/thumb/3/3b/France_4_2018.svg/960px-France_4_2018.svg.png,Kids,,iptv-org-all.txt
France 4 HD (1080p),https://sv1.data-stream.top/8c0a287e56a6e1843143904778be3775b4d3edd4fba4ffcc3f72638c7a71d4d4/hls/francetv4.m3u8,,,,France4.fr@HD,,,,https://upload.wikimedia.org/wikipedia/commons/thumb/3/3b/France_4_2018.svg/960px-France_4_2018.svg.png,Kids,,iptv-org-all.txt
France 5 (720p),http://145.239.5.177/305/index.m3u8,,,,France5.fr@SD,,,,https://upload.wikimedia.org/wikipedia/commons/thumb/5/50/France_5_2018.svg/960px-France_5_2018.svg.png,General,,iptv-org-all.txt
France 24 Arabic (1080p),https://live.france24.com/hls/live/2037222-b/F24_AR_HI_HLS/master_5000.m3u8,,,,France24.fr@Arabic,,,,https://xstreamcp-assets-msp.streamready.in/assets/LIVETV/LIVECHANNEL/LIVETV_LIVETVCHANNEL_FRANCE_24/images/LOGO_HD/image.png,News,,iptv-org-all.txt
France 24 English (1080p),https://live.france24.com/hls/live/2037218-b/F24_EN_HI_HLS/master_5000.m3u8,,,,France24.fr@English,,,,https://xstreamcp-assets-msp.streamready.in/assets/LIVETV/LIVECHANNEL/LIVETV_LIVETVCHANNEL_FRANCE_24/images/LOGO_HD/image.png,News,,iptv-org-all.txt
France 24 English HD (1080p),http://nmk.ioapk.com:5050/4gtv-live146/index.m3u8,,,,France24.fr@EnglishHD,,,,https://xstreamcp-assets-msp.streamready.in/assets/LIVETV/LIVECHANNEL/LIVETV_LIVETVCHANNEL_FRANCE_24/images/LOGO_HD/image.png,News,,iptv-org-all.txt
France 24 Español (1080p),https://live.france24.com/hls/live/2037220-b/F24_ES_HI_HLS/master_5000.m3u8,,,,France24.fr@Spanish,,,,https://xstreamcp-assets-msp.streamready.in/assets/LIVETV/LIVECHANNEL/LIVETV_LIVETVCHANNEL_FRANCE_24/images/LOGO_HD/image.png,News,,iptv-org-all.txt
France 24 FAST English (1080p),https://amg00106-amg00106c1-rakuten-uk-4654.playouts.now.amagi.tv/playlist/amg00106-france24fast-france24-rakutenuk/playlist.m3u8,,,,,,,,,Undefined,,iptv-org-all.txt
France 24 French (1080p),https://live.france24.com/hls/live/2037179-b/F24_FR_HI_HLS/master_5000.m3u8,,,,France24.fr@French,,,,https://i.imgur.com/u8N6uoj.png,News,,iptv-org-all.txt
Franchs TV (720p),https://stream.oursnetworktv.com/latin/franchstv/playlist.m3u8,,,,FranchsTV.gt@SD,,,,https://i.imgur.com/Rr9pKQh.png,Religious,,iptv-org-all.txt
Francophonie24 (1080p),https://5421175365ea3.streamlock.net/live/smil:switch.smil/playlist.m3u8,,,,Francophonie24.fr@SD,,,,https://i.imgur.com/uM1v1sd.png,Documentary,,iptv-org-all.txt
Franken Fernsehen (Nürnberg) (1080p) [Not 24/7],https://frankentv.iptv-playoutcenter.de/frankentv/frankentv.stream_1/playlist.m3u8,,,,FrankenFernsehen.de@SD,,,,https://i.imgur.com/3pGGLLD.png,General,,iptv-org-all.txt
FrankenPlus (1080p),https://stream01.welocal.stream/stream/fhd-frankenplus_119/ngrp:stream_all/playlist.m3u8,,,,,,,,,Undefined,,iptv-org-all.txt
Frasier,https://jmp2.uk/plu-62cebf042ffc6d0007c4e59a.m3u8,,,,Frasier.de@DACH,,,,https://images.pluto.tv/channels/62cebf042ffc6d0007c4e59a/colorLogoPNG.png,Comedy,,iptv-org-all.txt
Frasier,https://jmp2.uk/plu-6400c095498393000878a634.m3u8,,,,Frasier.se@DK,,,,https://images.pluto.tv/channels/6400c095498393000878a634/colorLogoPNG.png,General,,iptv-org-all.txt
Frasier,https://jmp2.uk/plu-62f4f90e39183b000769f12b.m3u8,,,,Frasier.us@CA,,,,https://images.pluto.tv/channels/62f4f90e39183b000769f12b/colorLogoPNG.png,Series,,iptv-org-all.txt
Frasier: Berühmte Gäste,https://jmp2.uk/plu-6790fa9e1cfc4aa96dfadcef.m3u8,,,,FrasierBeruhmteGaste.de@DACH,,,,https://images.pluto.tv/channels/6790fa9e1cfc4aa96dfadcef/colorLogoPNG.png,Comedy,,iptv-org-all.txt
FRATA TV (1080p) [Not 24/7],https://vdopanel.jlahozconsulting.com:3706/hybrid/play.m3u8,,,,FRATATV.do@SD,,,,https://i.imgur.com/VxeTREd.png,General,,iptv-org-all.txt
Frecuencia 7 TV (720p),https://v2.tustreaming.cl/frecuencia7/index.m3u8,,,,Frecuencia7TV.cl@SD,,,,https://i.imgur.com/ZhwmWXD.png,General,,iptv-org-all.txt
Frecuencia Amazonica,https://vivatv.juanjuiserver.com:3349/live/frecuenciaamazonicalive.m3u8,,,,FrecuenciaAmazonica.pe@SD,,,,https://i.imgur.com/jVkzHw0.png,Undefined,,iptv-org-all.txt
Frecuencia F TV (1080p),https://tv.frecuenciaf.com/live/envivo_1080p4000kbs/index.m3u8,,,,FrecuenciaFTV.co@SD,,,,https://i.imgur.com/Cw5k96N.png,Religious,,iptv-org-all.txt
Frecuencia Musical TV [Not 24/7],https://s2.tvdatta.com:3307/hybrid/play.m3u8,,,,FMTV.uk@SD,,,,https://i.imgur.com/vPxvbVv.png,Music,,iptv-org-all.txt
Free Speech TV (720p),https://na.linear.zype.com/f2f02a72-71d0-45f3-829f-4ae51f721102/86ef0177-697d-41c4-be57-c4d1a2b83cad-hls4/live.m3u8,,,,FreeSpeechTV.us@SD,,,,https://i.imgur.com/Qq6heRq.png,News,,iptv-org-all.txt
Freebie TV (720p) [Not 24/7],https://d1h1d6qoy9vnra.cloudfront.net/v1/master/9d062541f2ff39b5c0f48b743c6411d25f62fc25/Freebie-Plex/187.m3u8,,,,FreebieTV.us@SD,,,,https://i.imgur.com/KbmXdjm.png,Entertainment,,iptv-org-all.txt
FREEDOM (1080p),https://dash4.antik.sk/live/test_uatv/playlist.m3u8,,,,FREEDOM.ua@SD,,,,https://upload.wikimedia.org/wikipedia/commons/thumb/f/f2/FreeDOMUAlogo.svg/960px-FreeDOMUAlogo.svg.png,News,,iptv-org-all.txt
Freeform (720p),http://190.11.225.124:5000/live/freeform_hd/playlist.m3u8,,,,Freeform.us@East,,,,https://i.imgur.com/BGAGeIf.png,Family,,iptv-org-all.txt
FreeTV Estelar (1080p),https://d38sud5af047z8.cloudfront.net/ftveu.m3u8,,,,,,,,,Undefined,,iptv-org-all.txt
Fresh Movies by VVS Films (720p),https://jmp2.uk/plu-691e0561e32eb094b835c418.m3u8,,,,,,,,,Undefined,,iptv-org-all.txt
Fresh News,http://streaming-android.freshnewsasia.tv:1935/live/ngrp:myStream_all/playlist.m3u8,,,,FreshNews.kh@SD,,,,https://i.imgur.com/bV6sawt.png,News,,iptv-org-all.txt
Fresno CMAC 1 Public Channel (720p),https://reflect-vod-cmac.cablecast.tv/live-11/live/stream-1/live.m3u8,,,,CMAC1.us@SD,,,,https://i.imgur.com/PYhdQy9.png,General,,iptv-org-all.txt
Fresno CMAC 2 Education Channel (720p),https://reflect-vod-cmac.cablecast.tv/live-11/live/stream-2/live.m3u8,,,,CMAC2.us@SD,,,,https://i.imgur.com/O0sYOED.png,Education,,iptv-org-all.txt
Fresno CMAC 3 Government Channel (720p),https://reflect-vod-cmac.cablecast.tv/live-11/live/stream-3/live.m3u8,,,,CMAC3.us@SD,,,,https://i.imgur.com/ToZzguz.png,Legislative,,iptv-org-all.txt
Friday! (576p),http://stream.mcquack.net/181/index.m3u8,,,,Friday.ru@SD,,,,https://i.imgur.com/UfmlXxe.png,Entertainment,,iptv-org-all.txt
FrightFlix (720p),https://stream-us-east-1.getpublica.com/playlist.m3u8?network_id=2229,,,,FrightFlix.us@SD,,,,https://i.imgur.com/rgNQYAl.png,Movies,,iptv-org-all.txt
Frikanalen (720p),https://frikanalen.no/stream/index.m3u8,,,,Frikanalen.no@SD,,,,https://i.imgur.com/rY3Owxl.png,General,,iptv-org-all.txt
Fristet,https://jmp2.uk/plu-6969fc6c3b9ce349c9e41670.m3u8,,,,,,,,,Undefined,,iptv-org-all.txt
Frusna Vägar,https://jmp2.uk/plu-61c19099bf8c520007a93cff.m3u8,,,,FrusnaVagar.se@SE,,,,https://images.pluto.tv/channels/61c19099bf8c520007a93cff/colorLogoPNG.png,Entertainment,,iptv-org-all.txt
FS1 Salzburg (720p) [Not 24/7],http://stream.fs1.tv:8080/hls/webstream.m3u8,,,,FS1Salzburg.at@SD,,,,https://i.imgur.com/74gMaPK.png,General,,iptv-org-all.txt
FTF Sports (720p),https://1593604785.rsc.cdn77.org/FTF/FTF_SCTE.m3u8,,,,FTFSports.us@SD,,,,https://i.imgur.com/yvUjOI3.png,Sports,,iptv-org-all.txt
FTV (720p),https://master.tucableip.com/ftvhd/index.m3u8,,,,FTV.bo@SD,,,,https://i.imgur.com/YOr1Oac.png,Sports,,iptv-org-all.txt
FTV (576p),https://stream8.cinerama.uz/1018/playlist.m3u8,,,,FTV.uz@SD,,,,https://i.imgur.com/7lpISyN.jpg,Music,,iptv-org-all.txt
fubo Sports Network (1080p),https://dnf08l6u6uxnz.cloudfront.net/master.m3u8,,,,FuboSportsNetwork.us@SD,,,,https://i.imgur.com/qFNRJLb.png,Sports,,iptv-org-all.txt
Fuego TV [Not 24/7],https://streamunoapp.com:3553/live/cromtvlive.m3u8,,,,FuegoTV.do@SD,,,,https://i.imgur.com/T9vWjeB.png,Music,,iptv-org-all.txt
Fuel TV (1080p),https://amg01074-fueltv-fueltvau-samsungau-g09kq.amagi.tv/playlist/amg01074-fueltv-fueltvau-samsungau/playlist.m3u8,,,,FUELTV.pt@AU,,,,https://i.imgur.com/I8mviBy.png,Sports,,iptv-org-all.txt
FUEL TV (1080p),https://amg01074-fueltv-fueltvemeaen-rakuten-b6j62.amagi.tv/hls/amagi_hls_data_rakutenAA-fueltvemeaen/CDN/master.m3u8,,,,FUELTV.pt@EMEA,,,,https://i.imgur.com/I8mviBy.png,Sports,,iptv-org-all.txt
Fuel TV (1080p),https://amg01074-fueltv-amg01074c1-stirr-us-4214.playouts.now.amagi.tv/playlist.m3u8,,,,FUELTV.pt@SD,,,,https://i.imgur.com/I8mviBy.png,Sports,,iptv-org-all.txt
Fuel TV (1080p) [Geo-blocked],https://amg01074-fueltv-amg01074c1-firetv-us-3150.playouts.now.amagi.tv/playlist.m3u8,,,,FUELTV.pt@US,,,,https://i.imgur.com/I8mviBy.png,Sports,,iptv-org-all.txt
Fuerteventura TV (1080p),https://5c0956165db0b.streamlock.net/ftv/directo/.m3u8,,,,FuerteventuraTV.es@SD,,,,https://i.ibb.co/MpvjCzC/Fuerteventura-tv-service-webtv-488969d1-1.png,General,,iptv-org-all.txt
Fujairah TV (720p),https://live.kwikmotion.com/fujairahlive/fujairah.smil/playlist.m3u8,,,,FujairahTV.ae@SD,,,,https://i.imgur.com/D2tOhbE.png,Entertainment,,iptv-org-all.txt
Fujian Comprehensive Channel,http://120.39.52.202:5140/%E7%A6%8F%E5%BB%BA%E7%BB%BC%E5%90%88,,,,FujianComprehensiveChannel.cn@SD,,,,https://i.imgur.com/rePTGa6.png,General,,iptv-org-all.txt
Fun Roads (720p),https://stream-us-east-1.getpublica.com/playlist.m3u8?network_id=978,,,,FunRoads.us@SD,,,,https://i.imgur.com/2Q6TENm.png,Auto;Travel,,iptv-org-all.txt
Fun Vision,https://funradiovisionhd.vedge.infomaniak.com/livecast/ik:funradiovisionhd/manifest.m3u8,,,,FunVision.be@SD,,,,https://i.imgur.com/AhkKr7Y.png,Music,,iptv-org-all.txt
FunBox,http://186.148.196.100:8000/play/a00d,,,,FunBox.cl@SD,,,,https://i.imgur.com/9MXM6jD.png,Kids,,iptv-org-all.txt
Funny AF,https://jmp2.uk/plu-65a6a5e90c7ff50008cb9815.m3u8,,,,FunnyAF.de@GB,,,,https://images.pluto.tv/channels/65a6a5e90c7ff50008cb9815/colorLogoPNG.png,Comedy,,iptv-org-all.txt
Funny AF,https://jmp2.uk/plu-580e87ff497c73ba2f321dd3.m3u8,,,,FunnyAF.us@SD,,,,https://i.imgur.com/UCwjdtQ.png,Comedy,,iptv-org-all.txt
Fury,https://jmp2.uk/plu-6270ea4345f5bc0007823048.m3u8,,,,,,,,,Undefined,,iptv-org-all.txt
Fuse (1080p),http://23.237.104.106:8080/USA_FUSE/index.m3u8,,,,Fuse.us@East,,,,https://upload.wikimedia.org/wikipedia/commons/c/c2/Fuse_Black_Logo_2017.png,Entertainment,,iptv-org-all.txt
FUSION TV (1080p),https://edge20.vedge.infomaniak.com/livecast/ik:fusiontv/manifest.m3u8,,,,FUSIONTV.mq@SD,,,,https://i.imgur.com/WMrYEgH.png,Music,,iptv-org-all.txt
Futbol (1080p),https://live.teleradiocom.tj/8/3m.m3u8,,,,Futbol.tj@SD,,,,https://i.imgur.com/RngmCDn.png,Sports,,iptv-org-all.txt
Futbol TV (1080p),http://stream3.cinerama.uz/1010/tracks-v1a1/mono.m3u8,,,,FutbolTV.uz@HD,,,,https://i.ibb.co/h1gQSkbB/Futbol-TV.png,Sports,,iptv-org-all.txt
Futura (720p),http://168.197.104.22/FUTURA/index.m3u8,,,,Futura.br@SD,,,,https://upload.wikimedia.org/wikipedia/commons/thumb/8/8e/Canal_Futura.png/960px-Canal_Futura.png,Education,,iptv-org-all.txt
Future TV (1080p),https://live.kwikmotion.com/futurelive/ftv.smil/playlist.m3u8,,,,FutureTV.lb@SD,,,,https://i.imgur.com/OaqEpwe.png,General,,iptv-org-all.txt
FUTV,http://190.61.90.17:40000/play/a03v/index.m3u8,,,,FUTV.cr@SD,,,,https://i.imgur.com/f8BkLql.png,Sports,,iptv-org-all.txt
FX (1080p),http://23.237.104.106:8080/USA_FX/index.m3u8,,,,FX.us@East,,,,https://upload.wikimedia.org/wikipedia/commons/thumb/4/4d/FX_International_logo.svg/960px-FX_International_logo.svg.png,Entertainment,,iptv-org-all.txt
FX Latin America (1080p),http://15.204.246.24:8080/FXHD/index.m3u8,,,,FXLatinAmerica.us@Panregional,,,,https://upload.wikimedia.org/wikipedia/commons/thumb/4/4d/FX_International_logo.svg/960px-FX_International_logo.svg.png,Entertainment,,iptv-org-all.txt
FX Latin America South (720p),http://72.1.184.5:8089/play/a05i/index.m3u8,,,,FXLatinAmerica.us@South,,,,https://upload.wikimedia.org/wikipedia/commons/thumb/4/4d/FX_International_logo.svg/960px-FX_International_logo.svg.png,Entertainment,,iptv-org-all.txt
FX Movie Channel (720p),http://misterich.megatv.fun/iptv/CVHTUN2FGZ4TTVYBXGA5MRPN/1106/index.m3u8,,,,FXMovieChannel.us@SD,,,,https://upload.wikimedia.org/wikipedia/commons/thumb/e/e7/FXM_Logo.svg/960px-FXM_Logo.svg.png,Movies,,iptv-org-all.txt
FX Movie Channel HD (1080p),https://sra72yz.s.gy/FX_MOVIE_CHANNEL_US.m3u8,,,,FXMovieChannel.us@HD,,,,https://upload.wikimedia.org/wikipedia/commons/thumb/e/e7/FXM_Logo.svg/960px-FXM_Logo.svg.png,Movies,,iptv-org-all.txt
FX TV 1,https://fxtvhls.wns.live/hls/stream.m3u8,,,,FX1.ir@SD,,,,,Entertainment,,iptv-org-all.txt
FX TV 2,https://toonixhls.wns.live/hls/stream.m3u8,,,,FX2.ir@SD,,,,,Entertainment,,iptv-org-all.txt
FXX (1080p),http://23.237.104.106:8080/USA_FXX/index.m3u8,,,,FXX.us@East,,,,https://upload.wikimedia.org/wikipedia/commons/thumb/3/3e/FXX_Logo.svg/960px-FXX_Logo.svg.png,Entertainment,,iptv-org-all.txt
G-eye TV (1080p),https://online.geyetv.com/hls/stream.m3u8,,,,,,,,,Undefined,,iptv-org-all.txt
Gagsnetwork (576p),http://hls127.freeott.top:8080/Gagsnetwork/video.m3u8,,,,Gagsnetwork.us@SD,,,,https://i.imgur.com/ENj5GIp.png,Comedy,,iptv-org-all.txt
Gainesville Community 12TV (Gainesville FL) (720p),https://lin10.isilive.ca/live/gainesville/live/index.m3u8,,,,Community12TV.us@SD,,,,https://i.imgur.com/Oel3q43.png,Legislative,,iptv-org-all.txt
Gaki no Tsukai (English Subs) (720p),https://hamada.gaki-no-tsukai.stream/hls/test.m3u8,,,,,,,,,Undefined,,iptv-org-all.txt
Galactica TV,https://stream.neux.site/memfs/e3f59eec-6b93-45e1-a2ab-c82381c2a9ec.m3u8,,,,GalacticaTV.pe@SD,,,,https://i.imgur.com/byL1zCV.jpeg,Music,,iptv-org-all.txt
Galaxia TV (360p),https://streaming.grupomediosdelnorte.com:19360/galaxiateve/galaxiateve.m3u8,,,,GalaxiATeVe.do@SD,,,,https://grupomediosdelnorte.com/iptv/galaxia.png,Entertainment,,iptv-org-all.txt
Galaxy4,https://budapest-cache-1.antik.sk/live/test_galaxy_4_atk_1200/playlist.m3u8,,,,Galaxy4.hu@SD,,,,https://i.imgur.com/fTG99xh.png,General,,iptv-org-all.txt
Galicia TV Europa (720p),https://crtvg-europa.flumotion.cloud/playlist.m3u8,,,,GaliciaTVEuropa.es@SD,,,,https://i.imgur.com/dvkzH8n.png,General;Public,,iptv-org-all.txt
Galveston County TV (720p) [Not 24/7],https://edge-f.swagit.com/live/galvestontx/smil:hd-16x9-1-a/playlist.m3u8,,,,GalvestonCountyTV.us@SD,,,,https://i.imgur.com/uzjuxdI.png,Legislative,,iptv-org-all.txt
Galxy TV (720p),https://stream-us-east-1.getpublica.com/playlist.m3u8?network_id=2230,,,,GalxyTV.us@SD,,,,https://i.imgur.com/7gZlQDn.png,Entertainment,,iptv-org-all.txt
Gamavision (1080p),http://45.224.97.181:9999/Gamavision/index.m3u8,,,,Gamavision.ec@SD,,,,https://upload.wikimedia.org/wikipedia/commons/9/94/Gamavisi%C3%B3n2018new.png,General,,iptv-org-all.txt
Gambero Rosso (720p),https://jmp2.uk/plu-6971fc07c945e6e4e5bc46bf.m3u8,,,,GamberoRossoChannel.it@SD,,,,https://i.imgur.com/x5cwb1q.png,Cooking;Lifestyle,,iptv-org-all.txt
Game & Fish TV (1080p),https://d32bh11mbsmi60.cloudfront.net/Game_Fish_TV.m3u8,,,,,,,,,Undefined,,iptv-org-all.txt
Game Show Central (720p),https://jmp2.uk/plu-5e54187aae660e00093561d6.m3u8,,,,GameShowCentral.us@SD,,,,https://upload.wikimedia.org/wikipedia/en/5/50/Jewelry_television_logo.png,Entertainment,,iptv-org-all.txt
Game Show Network East (720p) [Not 24/7],https://a-cdn.klowdtv.com/live2/gsn_720p/playlist.m3u8,,,,GameShowNetwork.us@East,,,,https://upload.wikimedia.org/wikipedia/commons/thumb/c/c8/Game_Show_Network_2018.svg/960px-Game_Show_Network_2018.svg.png,Entertainment,,iptv-org-all.txt
Game+ (720p),https://a-cdn.klowdtv.com/live2/fntsy_720p/playlist.m3u8,,,,GamePlus.ca@SD,,,,https://i.imgur.com/Lj69WbR.png,Sports,,iptv-org-all.txt
GAMTV.cr (720p),https://v2.azulstream.com:8081/gamtv/gamtv/index.m3u8,,,,GAMTVcr.cr@SD,,,,https://i.ibb.co/xFCS7wM/GAMTVCR.png,General,,iptv-org-all.txt
Gangaur TV (1080p),https://pbgangaur.wiseplayout.com/Gangaur/master.m3u8,,,,GangaurTV.in@SD,,,,https://jiotvimages.cdn.jio.com/dare_images/images/Gangaur.png,Entertainment,,iptv-org-all.txt
Ganj e Hozour TV (1080p),https://media.parvizshahbazi.com/ganjehozour/Main_tv/playlist.m3u8,,,,GanjeHozourTV.us@SD,,,,https://i.imgur.com/TnQYtKh.png,General,,iptv-org-all.txt
Garabito TV (720p),https://59ef525c24caa.streamlock.net/garabitoTV/garabitotv/playlist.m3u8,,,,GarabitoTV.cr@SD,,,,https://i.imgur.com/sAYNKJ8.png,General,,iptv-org-all.txt
Garage TV Latin America,https://stream1.sersat.com/hls/garagetv.m3u8,,,,GarageTVLatinAmerica.ar@SD,,,,https://i.imgur.com/FqFxog1.png,Auto,,iptv-org-all.txt
Gardenias TV (720p) [Not 24/7],https://stream.oursnetworktv.com/latin/gardeniasTv/playlist.m3u8,,,,GardeniasTV.gt@SD,,,,https://i.ibb.co/YfVmfwV/83ff2da28cae14bc47bb07e976bef578.png,Entertainment,,iptv-org-all.txt
Gardening With Monty Don (720p),https://aegis-cloudfront-1.tubi.video/b82a751c-18e0-417c-92c1-d476319da423/playlist.m3u8,,,,,,,,,Undefined,,iptv-org-all.txt
Gardening with Monty Don,https://all3media-gardening-with-monty-don-us.xumo.wurl.tv/playlist.m3u8,,,,,,,,,Undefined,,iptv-org-all.txt
Garfield and Friends,https://jmp2.uk/plu-677f927554f43dad4b3258aa.m3u8,,,,GarfieldandFriends.us@US,,,,https://i.imgur.com/evzfe9C.png,Kids,,iptv-org-all.txt
Garshom TV (360p) [Not 24/7],https://og2qd3aal7an-hls-live.5centscdn.com/garshomtv/d0dbe915091d400bd8ee7f27f0791303.sdp/playlist.m3u8,,,,GarshomTV.uk@SD,,,,https://i.imgur.com/KnbwUyb.png,Culture,,iptv-org-all.txt
Garuda TV (1080p),https://hgmtv.com:19360/garudatvlivestreaming/garudatvlivestreaming.m3u8,,,,GarudaTV.id@SD,,,,https://i.imgur.com/sXsAcZ3.png,General,,iptv-org-all.txt
Gata salvaje,https://jmp2.uk/plu-69c5100c3d2597380f0f6422.m3u8,,,,,,,,,Undefined,,iptv-org-all.txt
Gaunda Punjab TV (720p),http://cdn6.live247stream.com/gaundapunjab/tv/playlist.m3u8,,,,GaundaPunjabTV.ca@SD,,,,https://i.imgur.com/ArRZRM3.png,General,,iptv-org-all.txt
Gaviota TV [Not 24/7],https://gaviotatv.streamseguro.com:3195/live/gaviotatvlive.m3u8,,,,GaviotaTV.ec@SD,,,,https://i.imgur.com/1vlZA6O.png,Entertainment,,iptv-org-all.txt
Gazi TV (1080p),http://tvn1.chowdhury-shaheb.com/gazitv/index.m3u8,,,,GaziTV.bd@SD,,,,https://i.imgur.com/2Lzhiq6.png,General,,iptv-org-all.txt
GB News (1080p),https://amg01076-lightningintern-gbnewsau-samsungau-et7fz.amagi.tv/playlist/amg01076-lightningintern-gbnewsau-samsungau/playlist.m3u8,,,,GBNews.uk@SD,,,,https://upload.wikimedia.org/wikipedia/en/thumb/3/35/GB_News_Logo.svg/960px-GB_News_Logo.svg.png,News,,iptv-org-all.txt
GB News HD (2160p),https://xemzi.short.gy/1000017,,,,GBNews.uk@HD,,,,https://upload.wikimedia.org/wikipedia/en/thumb/3/35/GB_News_Logo.svg/960px-GB_News_Logo.svg.png,News,,iptv-org-all.txt
GBN Global Buddhist Network (1080p),https://github.com/BellezaEmporium/IPTV_Exception/raw/master/channels/us/gbnus.m3u8,,,,GlobalBuddhistNetwork.us@SD,,,,https://i.imgur.com/fU0ZhKD.png,Religious,,iptv-org-all.txt
GBS TV (720p) [Not 24/7],https://goliveafrica.media:9998/live/647460ac1ddd6/index.m3u8,,,,GBSTV.ke@SD,,,,https://i.imgur.com/2AP1xVg.png,General,,iptv-org-all.txt
GCN24 Korean (720p),http://liveko24-manminglobal3.ktcdn.co.kr/liveko24/gcnko_1300k.stream/playlist.m3u8,,,,GCN.kr@SD,,,,https://i.imgur.com/yzwtMOC.png,Religious,,iptv-org-all.txt
GDS TV,http://31.146.5.178:8087/play/a00a/index.m3u8,,,,GDSTV.ge@SD,,,,https://i.imgur.com/gv61tFf.png,General,,iptv-org-all.txt
ge Fast (1080p),https://amg00716-globo-amg00716c1-tcl-br-9495.playouts.now.amagi.tv/playlist.m3u8,,,,geFast.br@SD,,,,https://i.ibb.co/WGXHDnF/logo-ge-fast.png,Sports,,iptv-org-all.txt
Geb Tv (KBPX LD5) (1080p),https://edge1.lifestreamcdn.com/live/geb/playlist.m3u8,,,,GEBNetwork.us@KBPXLD,,,,https://upload.wikimedia.org/wikipedia/commons/e/e8/GEB_logo_blue.png,Religious,,iptv-org-all.txt
Geekdot (720p),https://stream.ichibantv.com:3764/hybrid/play.m3u8,,,,Geekdot.br@SD,,,,https://i.imgur.com/jML1u4O.png,Animation,,iptv-org-all.txt
GEM 24B,https://ca-rt.onetv.app/gem24b/index-0.m3u8?token=onetv202,,,,GEM24B.tr@SD,,,,https://i.imgur.com/8LgdPst.png,Music,,iptv-org-all.txt
GEM Bollywood,https://ca-rt.onetv.app/gembollywood/index-0.m3u8?token=onetv202,,,,GEMBollywood.tr@SD,,,,https://i.imgur.com/2XASeBk.png,Movies,,iptv-org-all.txt
GEM Classic,https://ca-rt.onetv.app/gemclassic/index-0.m3u8?token=onetv202,,,,GEMClassic.tr@SD,,,,https://i.imgur.com/25BhuOf.png,Classic,,iptv-org-all.txt
GEM Comedy,https://ca-rt.onetv.app/gemcomedy/index-0.m3u8?token=onetv202,,,,GEMComedy.tr@SD,,,,https://i.imgur.com/FuscfJW.png,Comedy,,iptv-org-all.txt
GEM Drama,https://ca-rt.onetv.app/gemdrama/index-0.m3u8?token=onetv202,,,,GEMDrama.tr@SD,,,,https://i.imgur.com/k2pGyRH.png,Movies,,iptv-org-all.txt
GEM Drama Plus,https://ca-rt.onetv.app/gemdramaplus/index-0.m3u8?token=onetv202,,,,GEMDramaPlus.tr@SD,,,,https://gemgroup.tv/assets/images/channels/icon_7.png,Movies,,iptv-org-all.txt
GEM Entertainment,https://ca-rt.onetv.app/gementertainment/index-0.m3u8?token=onetv202,,,,GEMEntertainment.tr@SD,,,,https://www.gemgroup.tv/assets/images/channels/icon_8.png,Entertainment,,iptv-org-all.txt
GEM Film,https://ca-rt.onetv.app/gemfilm/index-0.m3u8?token=onetv202,,,,GEMFilm.tr@SD,,,,https://i.imgur.com/nrFz3LU.png,Movies,,iptv-org-all.txt
GEM Fit,https://ca-rt.onetv.app/gemfit/index-0.m3u8?token=onetv202,,,,GEMFit.tr@SD,,,,https://i.imgur.com/7FQxaII.png,Sports,,iptv-org-all.txt
GEM Food,https://ca-rt.onetv.app/gemfood/index-0.m3u8?token=onetv202,,,,GEMFood.tr@SD,,,,https://i.imgur.com/SMtSinK.png,Cooking,,iptv-org-all.txt
GEM Junior,https://ca-rt.onetv.app/gemjunior/index-0.m3u8?token=onetv202,,,,GEMJunior.tr@SD,,,,https://i.imgur.com/jK8yzj2.png,Kids,,iptv-org-all.txt
GEM Kids,https://ca-rt.onetv.app/gemkids/index-0.m3u8?token=onetv202,,,,GEMKids.tr@SD,,,,https://i.imgur.com/ArkjaFk.png,Kids,,iptv-org-all.txt
GEM Life,https://ca-rt.onetv.app/gemlife/index-0.m3u8?token=onetv202,,,,GEMLife.tr@SD,,,,https://i.imgur.com/gI8qePa.png,Lifestyle,,iptv-org-all.txt
GEM Mifa,https://ca-rt.onetv.app/gemmifa/index-0.m3u8?token=onetv202,,,,GEMMifa.tr@SD,,,,https://i.imgur.com/qlI7o7V.png,Music,,iptv-org-all.txt
GEM Mifa Plus,https://ca-rt.onetv.app/gemmifaplus/index-0.m3u8?token=onetv202,,,,GEMMifaPlus.tr@SD,,,,https://i.imgur.com/8FIAqR5.png,Music,,iptv-org-all.txt
GEM Nature,https://ca-rt.onetv.app/gemnature/index-0.m3u8?token=onetv202,,,,GEMNature.tr@SD,,,,https://i.imgur.com/ENvOMDQ.png,Documentary,,iptv-org-all.txt
GEM Onyx,https://ca-rt.onetv.app/gemonyx/index-0.m3u8?token=onetv202,,,,GEMOnyx.tr@SD,,,,https://i.imgur.com/gXRIAw4.png,Movies,,iptv-org-all.txt
GEM Pixel,https://glserver1.tamashaland.com/live/aBCH96886YznRbGOiqTnnQ__/stream_0.m3u8,,,,GEMPixel.tr@SD,,,,https://i.ibb.co/Q3tkbPrn/icon-27.png,Movies,,iptv-org-all.txt
GEM River,https://ca-rt.onetv.app/gemriver/index-0.m3u8?token=onetv202,,,,GEMRiver.tr@SD,,,,https://i.imgur.com/yJ6f1B6.png,Entertainment,,iptv-org-all.txt
GEM River Plus,https://ca-rt.onetv.app/gemriverplus/index-0.m3u8?token=onetv202,,,,GEMRiverPlus.tr@SD,,,,https://gemgroup.tv/assets/images/channels/icon_29.png,Entertainment,,iptv-org-all.txt
GEM Rubix,https://ca-rt.onetv.app/gemrubix/index-0.m3u8?token=onetv202,,,,GEMRubix.tr@SD,,,,https://i.imgur.com/cDjOj58.png,Movies,,iptv-org-all.txt
GEM Rubix Plus,https://ca-rt.onetv.app/gemrubixplus/index-0.m3u8?token=onetv202,,,,GEMRubixPlus.tr@SD,,,,https://gemgroup.tv/assets/images/channels/icon_31.png,Movies,,iptv-org-all.txt
GEM Series Plus,https://ca-rt.onetv.app/gemseriesplus/index-0.m3u8?token=onetv202,,,,GEMSeriesPlus.tr@SD,,,,https://gemgroup.tv/assets/images/channels/icon_33.png,Series,,iptv-org-all.txt
Gem Shopping Network (720p),https://amg01460-gemshoppingnetw-gem-ono-x662c.amagi.tv/playlist.m3u8,,,,GemShoppingNetwork.us@SD,,,,https://i.imgur.com/WlHEpAu.png,Shop,,iptv-org-all.txt
GEM Sport,https://steep-wildflower-284d.nhhwkiszzzvcuojxdo.workers.dev/?url=https://gg.hls2.xyz/live/IR+-+GEM+Sport/chunks.m3u8,,,,GEMSport.tr@SD,,,,https://www.gemgroup.tv/assets/images/channels/icon_34.png,Sports,,iptv-org-all.txt
GEM TV,https://ca-rt.onetv.app/gem/index-0.m3u8?token=onetv202,,,,GEMTV.tr@SD,,,,https://gemgroup.tv/assets/images/channels/icon_16.png,Movies,,iptv-org-all.txt
GEM TV Plus,https://ca-rt.onetv.app/gemtvplus/index-0.m3u8?token=onetv202,,,,GEMTVPlus.tr@SD,,,,https://gemgroup.tv/assets/images/channels/icon_17.png,Movies,,iptv-org-all.txt
Gems TV (720p),https://lo3.gemporia.com/abrgemporiaukgfx/smil:livestream.smil/playlist.m3u8,,,,GemsTV.uk@SD,,,,https://i.imgur.com/WgaJufI.png,Shop,,iptv-org-all.txt
Generation Sitcoms (1080p),https://production-fastbpk.content.okast.tv/fa2e8c4385712f9aa35c5b79a2b4ac2d/channels/eec463a6-4364-473b-8d89-555acc5b8fb2/e36e4304-73ff-4f9f-8d38-e748576a1f51/media_.m3u8,,,,,,,,,Undefined,,iptv-org-all.txt
Génération Sitcoms,https://jmp2.uk/plu-60afb203ec391c00070ea1bf.m3u8,,,,,,,,,Undefined,,iptv-org-all.txt
Generations TV (576p),https://event.vedge.infomaniak.com/livecast/ik:generation-tv/manifest.m3u8,,,,GenerationsTV.fr@SD,,,,https://i.imgur.com/NgBrDMe.png,Undefined,,iptv-org-all.txt
Genesis Science Network (720p),https://2-fss-1.streamhoster.com/pl_122/amlst:206018-2645902/playlist.m3u8,,,,GenesisScienceNetwork.us@SD,,,,https://i.imgur.com/CFAn996.png,Religious,,iptv-org-all.txt
Génesis TV (768p) [Not 24/7],https://cdn.streamhispanatv.net:3126/live/genesistvlive.m3u8,,,,GTV.gt@SD,,,,https://i.imgur.com/gUiIC8E.png,Entertainment,,iptv-org-all.txt
Genial TV (720p),https://v1.tustreaming.cl/genialtv/index.m3u8,,,,GenialTV.cl@SD,,,,https://i.imgur.com/uBC8e96.png,Music,,iptv-org-all.txt
Genie K Drama (1080p),https://ads.its-newid.net/api/manifest.m3u8?ads.service_id=US2000012KX&channel_id=newid_351&tp=samsung_tvplus,,,,,,,,,Undefined,,iptv-org-all.txt
Genie K Movie (1080p),https://ads.its-newid.net/api/manifest.m3u8?ads.service_id=US200001137&channel_id=newid_350&tp=samsung_tvplus,,,,,,,,,Undefined,,iptv-org-all.txt
Genios TV (1080p),https://sc3.wasidata.com/Genios2_1902/video.m3u8,,,,GeniosTV.pe@SD,,,,https://i.imgur.com/iH2Lx6E.png,General,,iptv-org-all.txt
Geordie Shore,https://jmp2.uk/plu-65c4960d11ced7000812c433.m3u8,,,,GeordieShore.de@GB,,,,https://images.pluto.tv/channels/619263ee9541940007d20d60/colorLogoPNG.png,Entertainment,,iptv-org-all.txt
Geordie Shore,https://jmp2.uk/plu-619263ee9541940007d20d60.m3u8,,,,GeordieShore.de@IT,,,,https://images.pluto.tv/channels/619263ee9541940007d20d60/colorLogoPNG.png,Entertainment,,iptv-org-all.txt
Geordie Shore,https://jmp2.uk/plu-6442512cee6a2f0008d3351f.m3u8,,,,GeordieShore.se@DK,,,,https://images.pluto.tv/channels/6442512cee6a2f0008d3351f/colorLogoPNG.png,Entertainment,,iptv-org-all.txt
Geordie Shore,https://jmp2.uk/plu-64424a1d5a0cd500083ed27c.m3u8,,,,GeordieShore.se@NO,,,,https://images.pluto.tv/channels/6442512cee6a2f0008d3351f/colorLogoPNG.png,Entertainment,,iptv-org-all.txt
Geordie Shore,https://jmp2.uk/plu-64424be3e94c380008d0a66d.m3u8,,,,GeordieShore.se@SE,,,,https://images.pluto.tv/channels/6442512cee6a2f0008d3351f/colorLogoPNG.png,Entertainment,,iptv-org-all.txt
Germany Shore,https://jmp2.uk/plu-6447dea7e94c380008dba94c.m3u8,,,,GermanyShore.de@DACH,,,,https://images.pluto.tv/channels/6447dea7e94c380008dba94c/colorLogoPNG.png,Entertainment,,iptv-org-all.txt
Get.Factual (720p),https://d1nhni5l2n8hjt.cloudfront.net/gf.m3u8,,,,Getfactual.us@UK,,,,https://i.imgur.com/4oVcjLd.png,Documentary,,iptv-org-all.txt
Gex TV (1080p),https://live20.bozztv.com/akamaissh101/ssh101/gextvaccess/playlist.m3u8,,,,GexTV.cr@HD,,,,https://gextv.com/LOGO-WHITE.png,Entertainment;Music,,iptv-org-all.txt
GFN Football (1080p),https://e562e489.wurl.com/master/f36d25e7e52f1ba8d7e56eb859c636563214f541/U2Ftc3VuZy1nYl9HRk5Tb2NjZXJfSExT/manifest.m3u8,,,,,,,,,Undefined,,iptv-org-all.txt
GH Television (1080p) [Not 24/7],https://fox.hostlagarto.com:8081/ghtelevision/tracks-v1a1/mono.m3u8,,,,GHTelevision.do@SD,,,,https://i.imgur.com/xhkiiO3.png,General,,iptv-org-all.txt
Ghost (720p),https://9485e5d3.wurl.com/master/f36d25e7e52f1ba8d7e56eb859c636563214f541/UmFrdXRlblRWLWV1X0dob3N0SU5UTF9ITFM/playlist.m3u8,,,,,,,,,Undefined,,iptv-org-all.txt
Ghost Dimension,https://jmp2.uk/plu-619e1bb3e9af5a0007f235ad.m3u8,,,,GhostDimension.us@UK,,,,https://i.imgur.com/a0jOxez.png,Series,,iptv-org-all.txt
Ghost Hunters (1080p),https://amg00353-amg00353c30-samsung-au-3440.playouts.now.amagi.tv/playlist.m3u8,,,,GhostHunters.us@UK,,,,https://i.imgur.com/KdBr6rG.png,Series,,iptv-org-all.txt
Ghost Stories (720p),https://d3qindbjv75wld.cloudfront.net/v1/ae_networks_unxplainedzonehauntings_1/samsungheadend_us/latest/main/hls/playlist.m3u8,,,,,,,,,Undefined,,iptv-org-all.txt
Ghost TV (712p) [Not 24/7],https://stmv.video.expressolider.com.br/ghostv/ghostv/playlist.m3u8,,,,GhostTV.br@SD,,,,https://i.imgur.com/ZVO8GVI.png,Movies,,iptv-org-all.txt
Gi Television (720p) [Not 24/7],https://canal.gitelevisionserver.com/live/DIEEFIh506fL8huspvl0f0c2PZF3/index.m3u8,,,,GiTelevision.do@SD,,,,https://i.imgur.com/br9TNG8.png,Entertainment,,iptv-org-all.txt
Gigant FM (720p),https://video.uitzending.tv:19360/gigantfm/gigantfm.m3u8,,,,GigantFM.nl@SD,,,,https://i.imgur.com/LwEHfjD.png,Music,,iptv-org-all.txt
Gigavision (720p),https://tv2.bitstreaming.net:3576/multi_live/play.m3u8,,,,Gigavision.bo@SD,,,,https://i.imgur.com/fE3BkcT.png,Undefined,,iptv-org-all.txt
Giggle Mug (576p),https://tvsen6.aynaott.com/ytv/index.m3u8,,,,GiggleMug.us@SD,,,,https://i.imgur.com/NbNHJXo.png,Kids,,iptv-org-all.txt
Gigolos,https://jmp2.uk/plu-68d27437e6767bdeb23f0336.m3u8,,,,,,,,,Undefined,,iptv-org-all.txt
GikTVMX (720p),https://pistream.ddns.net/hls/stream.m3u8,,,,GikTVMX.mx@SD,,,,https://i.imgur.com/Gwz78jZ.png,Animation;Culture;Entertainment,,iptv-org-all.txt
Gillette Public Access Television Channel 189,https://securestream11.champds.com/LIVE/GilletteWYLIVE3/GilletteWYLIVE3.m3u8,,,,GillettePublicAccessTelevisionChannel189.us@SD,,,,https://yt3.googleusercontent.com/ytc/AGIKgqMoPQ32FU8R2lR71LXhYrC3tCHfjJEXcm6E9PEO=s176-c-k-c0x00ffffff-no-rj,Education,,iptv-org-all.txt
Gillette Public Access Television Channel 190,https://securestream11.champds.com/LIVE/GilletteWYLIVE/GilletteWYLIVE.m3u8,,,,GillettePublicAccessTelevisionChannel190.us@SD,,,,https://yt3.googleusercontent.com/ytc/AGIKgqMoPQ32FU8R2lR71LXhYrC3tCHfjJEXcm6E9PEO=s176-c-k-c0x00ffffff-no-rj,General,,iptv-org-all.txt
Gillette Public Access Television Channel 192,https://securestream11.champds.com/LIVE/GilletteWYLIVE2/GilletteWYLIVE2.m3u8,,,,GillettePublicAccessTelevisionChannel192.us@SD,,,,https://yt3.googleusercontent.com/ytc/AGIKgqMoPQ32FU8R2lR71LXhYrC3tCHfjJEXcm6E9PEO=s176-c-k-c0x00ffffff-no-rj,Legislative,,iptv-org-all.txt
Gilroy CMAP TV Channel 17 (720p),https://livestream.telvue.com/cmap1/f7b44cfafd5c52223d5498196c8a2e7b.sdp/playlist.m3u8,,,,CMAPChannel17.us@SD,,,,https://i.imgur.com/wlYUEYc.png,Legislative,,iptv-org-all.txt
Gilroy CMAP TV Channel 18 (720p),https://livestream.telvue.com/cmap3/f7b44cfafd5c52223d5498196c8a2e7b.sdp/playlist.m3u8,,,,CMAPChannel18.us@SD,,,,https://i.imgur.com/wlYUEYc.png,General,,iptv-org-all.txt
Gilroy CMAP TV Channel 19 (720p),https://livestream.telvue.com/cmap4/f7b44cfafd5c52223d5498196c8a2e7b.sdp/playlist.m3u8,,,,CMAPChannel19.us@SD,,,,https://i.imgur.com/wlYUEYc.png,Undefined,,iptv-org-all.txt
Gilroy CMAP TV Channel 20 (720p),https://livestream.telvue.com/cmap5/f7b44cfafd5c52223d5498196c8a2e7b.sdp/playlist.m3u8,,,,CMAPChannel20.us@SD,,,,https://i.imgur.com/wlYUEYc.png,General,,iptv-org-all.txt
Giornale Radio TV (720p),https://5f204aff97bee.streamlock.net/GR_tv/livestream/playlist.m3u8,,,,GiornaleRadioTV.it@SD,,,,https://i.imgur.com/2Y5qiao.png,News,,iptv-org-all.txt
Giovanni Paolo TV (1080p),https://media2021.rtvweb.com/giovannipaolotv/web/playlist.m3u8,,,,GiovanniPaoloTV.it@SD,,,,,Religious,,iptv-org-all.txt
Girasol TV (1080i),https://s.emisoras.tv:8081/girasoltv/index.m3u8,,,,GirasolTV.hn@SD,,,,https://i.imgur.com/2t7A2yg.png,Entertainment,,iptv-org-all.txt
Girlfriends,https://jmp2.uk/plu-66ba1e4446762a000855cd87.m3u8,,,,GirlfriendsFilms.us@SD,,,,https://i.imgur.com/hCcdrOv.png,Movies,,iptv-org-all.txt
GIT (720p),https://stream.uagit.tv/gittv.m3u8,,,,GIT.ua@SD,,,,https://i.imgur.com/b5K5Uwh.png,News,,iptv-org-all.txt
Glazami Turista (576i),https://stream8.cinerama.uz/1423/tracks-v1a1/mono.m3u8,,,,GlazamiTurista.ru@SD,,,,https://i.imgur.com/GXJKWdy.png,Travel,,iptv-org-all.txt
Glendale 11 AZ (360p),https://edge-f.swagit.com/live/glendaleaz/live-1-a-1/playlist.m3u8,,,,Glendale11AZ.us@SD,,,,https://i.imgur.com/jehiyV7.png,Legislative,,iptv-org-all.txt
Glendale TV (720p) [Geo-blocked],https://reflect-gtv6-glendale.cablecast.tv/live-2/live/live.m3u8,,,,GlendaleTV.us@SD,,,,https://i.imgur.com/akbtQ33.png,Legislative,,iptv-org-all.txt
Gli Immortali | Van Damme vs Lundgren (720p),https://jmp2.uk/plu-6536608b4f123d000876b78b.m3u8,,,,,,,,,Undefined,,iptv-org-all.txt
Global Christian Network America (GCN) (720p),http://liveen24-manminglobal3.ktcdn.co.kr/liveen24/gcnus_1300k.stream/playlist.m3u8,,,,GCNAmerica.us@SD,,,,https://i.imgur.com/DWSWrtV.png,Religious,,iptv-org-all.txt
Global Fashion Channel (1080p),https://pubgfc.teleosmedia.com/linear/globalfashionchannel/globalfashionchannel/playlist.m3u8,,,,GlobalFashionChannel.us@SD,,,,https://i.imgur.com/s4eGYEP.jpg,Lifestyle,,iptv-org-all.txt
Global News BC,https://jmp2.uk/plu-62cbf063257170000724590c.m3u8,,,,,,,,,Undefined,,iptv-org-all.txt
Global News Calgary,https://jmp2.uk/plu-62cbf23dcfb48300077f8348.m3u8,,,,,,,,,Undefined,,iptv-org-all.txt
Global News Edmonton,https://jmp2.uk/plu-62cbf2de1fba5f0007e47d9c.m3u8,,,,,,,,,Undefined,,iptv-org-all.txt
Global News Halifax,https://jmp2.uk/plu-62cbf398b8e02600071deda5.m3u8,,,,,,,,,Undefined,,iptv-org-all.txt
Global News Kingston,https://jmp2.uk/plu-62cbf4964446e2000742073e.m3u8,,,,,,,,,Undefined,,iptv-org-all.txt
Global News Lethbridge,https://jmp2.uk/plu-62cbf7439cb58900088dc77b.m3u8,,,,,,,,,Undefined,,iptv-org-all.txt
Global News Montreal,https://jmp2.uk/plu-62cbfbd6ad95670007f567af.m3u8,,,,,,,,,Undefined,,iptv-org-all.txt
Global News National (720p),https://jmp2.uk/plu-62cbef9ebb857100072fc187.m3u8,,,,,,,,,Undefined,,iptv-org-all.txt
Global News Okanagan (720p),https://jmp2.uk/plu-62cbfc572dc3750007a493ce.m3u8,,,,,,,,,Undefined,,iptv-org-all.txt
Global News Peterborough,https://jmp2.uk/plu-62cbfcd8c2db990007861e43.m3u8,,,,,,,,,Undefined,,iptv-org-all.txt
Global News Regina,https://jmp2.uk/plu-62cbff53ca8f2200080253b5.m3u8,,,,,,,,,Undefined,,iptv-org-all.txt
Global News Saskatoon,https://jmp2.uk/plu-62cc00359cb58900088dc840.m3u8,,,,,,,,,Undefined,,iptv-org-all.txt
Global News Toronto,https://jmp2.uk/plu-62cc00b3b821cf00070f82c3.m3u8,,,,,,,,,Undefined,,iptv-org-all.txt
Global News Winnipeg,https://jmp2.uk/plu-62cc0120880c890007191016.m3u8,,,,,,,,,Undefined,,iptv-org-all.txt
Global Punjab (1080p),https://server.livelegitpro.in/globalpunjab/globalpunjab/index.m3u8,,,,GlobalPunjab.in@SD,,,,https://i.imgur.com/WDLqcWW.png,News,,iptv-org-all.txt
Global Trekker (720p),http://nmk.ioapk.com:5050/4gtv-live112/index.m3u8,,,,GlobalTrekker.sg@SD,,,,https://i.imgur.com/5nlmJIw.png,Travel,,iptv-org-all.txt
Global TV (720p),https://stmv4.voxtvhd.com.br/globaltv/globaltv/playlist.m3u8,,,,GlobalTV.do@SD,,,,https://i.imgur.com/1rQaROm.png,General,,iptv-org-all.txt
Global TV (1080p),http://190.93.224.42/GLOBAL/index.m3u8,,,,GlobalTV.pe@SD,,,,https://i.imgur.com/yuEou9C.png,General,,iptv-org-all.txt
GlobalTV (480p) [Not 24/7],https://streamtv.intervenhosting.net:3179/live/globaltvlive.m3u8,,,,GlobalTV.ve@SD,,,,https://imgur.com/hzM9D9L.jpg,General,,iptv-org-all.txt
GlobalWorldTV (720p),https://media.streambrothers.com:1936/8052/8052/playlist.m3u8,,,,GlobalWorldTV.us@SD,,,,https://i.imgur.com/2u33Ayy.jpeg,Entertainment,,iptv-org-all.txt
Globo TV,https://stream.radiosmundiales.com/hls/globotvhonduras/globotvhonduras.m3u8,,,,GloboTV.hn@SD,,,,https://i.imgur.com/hxGvZ77.png,General,,iptv-org-all.txt
Globo TV (720p) [Geo-blocked],https://stream.streaming4u.hu/GloboTV/index.m3u8,,,,GloboTV.hu@SD,,,,https://i.imgur.com/PJ4c4jq.png,General,,iptv-org-all.txt
GloboNews (720p),http://177.52.24.163/GLOBO-NEWS-HD/index.m3u8,,,,GloboNews.br@SD,,,,https://i.imgur.com/3yZyaCm.png,News,,iptv-org-all.txt
Globoplay Novelas (1080p),http://170.82.202.31/Viva/index.m3u8,,,,GloboplayNovelas.br@SD,,,,https://i.ibb.co/m5TBCDL2/Globoplay-Novelas-1.png,Undefined,,iptv-org-all.txt
Globovision (576p),http://181.78.8.199:8000/play/a09k/index.m3u8,,,,Globovision.ve@SD,,,,https://i.imgur.com/v6nRdxQ.png,General,,iptv-org-all.txt
Gloob (576p),http://45.235.0.78/Gloob/playlist.m3u8,,,,Gloob.br@SD,,,,https://i.imgur.com/N1BUULh.png,Kids,,iptv-org-all.txt
Gloob Web [Not 24/7],https://vs20.live.opencaster.com/globiosat_73a904af/index.m3u8,,,,GloobWeb.br@SD,,,,https://i.ibb.co/wrQZXZ01/C-pia-de-Blue-Modern-Simple-Logo.png,Kids,,iptv-org-all.txt
Gloobinho (720p),http://177.52.24.163/GLOOBINHO-HD/index.m3u8,,,,Gloobinho.br@SD,,,,https://i.imgur.com/UWkHErt.png,Kids,,iptv-org-all.txt
GLORY Kickboxing (720p),https://6f972d29.wurl.com/master/f36d25e7e52f1ba8d7e56eb859c636563214f541/UmFrdXRlblRWLWV1X0dsb3J5S2lja2JveGluZ19ITFM/playlist.m3u8,,,,GloryKickboxing.us@Poland,,,,https://i.imgur.com/tS7Ub7i.png,Sports,,iptv-org-all.txt
GM7 Digital [Not 24/7],https://s2.tvdatta.com:3858/live/gm7digitallive.m3u8,,,,GM7Digital.ec@HD,,,,https://www.vivalivetv.com/public/files/shows/0/1/3708-294x165-FFFFFF.jpg,General,,iptv-org-all.txt
GMM 25 (720p),https://lb1-live-mv.v2h-cdn.com/hls/ffbf/ugvhgvh/ugvhgvh.m3u8,,,,GMM25.th@SD,,,,https://i.imgur.com/uARba6N.png,General,,iptv-org-all.txt
GMS TV,http://158.101.222.193:88/georgia_play.php?id=gms,,,,GMSTV.ge@SD,,,,,General,,iptv-org-all.txt
GMS TV,https://acasmedia6.acangroup.org/gmstv/gmstv_output/playlist.m3u8,,,,GMSTV.sn@SD,,,,https://i.imgur.com/Ue02CIH.png,General,,iptv-org-all.txt
GMTV (1080p),https://livechannel.mdc.akamaized.net/stitch/livechannel/1341/master1400000.m3u8;session=live_stream_1341,,,,GMTV.us@SD,,,,https://i.imgur.com/GJYb8c8.png,Music,,iptv-org-all.txt
GNF TV (576p),https://oqgdrb8my4rm-hls-live.5centscdn.com/GNF02/bcea197d8b00f79cb716c6288a861000.sdp/playlist.m3u8,,,,GNFTV.za@SD,,,,https://i.imgur.com/vCB7u0e.png,Religious,,iptv-org-all.txt
GNN TV (1080p),https://na.linear.zype.com/bf94f9f4-383c-40e0-9d49-279a4f33ab8d/f29b8836-d990-4c8d-b421-192a8f43edc4-zype/live.m3u8,,,,GNNTV.jm@SD,,,,https://i.imgur.com/itetPKw.png,Religious,,iptv-org-all.txt
Gnomi TV (1080p),https://live.streams.ovh:8081/gnomitv/index.m3u8,,,,GnomiTV.gr@SD,,,,https://i.ibb.co/ZNCXr79/gnomi-logo.png,General,,iptv-org-all.txt
GNT (1080p),http://170.82.202.31/GNT/index.m3u8,,,,GNT.br@SD,,,,https://i.imgur.com/XymcvMy.png,News,,iptv-org-all.txt
Go Go Gadget!,https://jmp2.uk/plu-667f3852efa2a10008e1e514.m3u8,,,,,,,,,Undefined,,iptv-org-all.txt
GO TV (720p),https://rds3.desdeparaguay.net/gotv/gotv/playlist.m3u8,,,,GOTV.py@SD,,,,https://i.ibb.co/jkvYVyz/Captura.png,Entertainment;Music,,iptv-org-all.txt
Go USA TV (720p),https://brandusa-gousa-1-be.samsung.wurl.tv/playlist.m3u8,,,,GoUSATV.us@SD,,,,https://i.imgur.com/x90ALip.png,Travel,,iptv-org-all.txt
GO-TV Canale 163 (720p),https://6zklxkbbdw9b-hls-live.mariatvcdn.it/msmotor/2f759512164fc6fe4acbed6a5648993a.sdp/playlist.m3u8,,,,GOTVCanale163.it@SD,,,,https://i.imgur.com/11V0QSp.png,General,,iptv-org-all.txt
Goal TV,https://streams2.sofast.tv/sofastplayout/WiseM3U8_1/master.m3u8,,,,,,,,,Undefined,,iptv-org-all.txt
God Stands Kids Club TV Arabic,https://online.godstands.tv:5443/WebRTCApp/streams/KidsArabic.m3u8,,,,GodStandsKidsClubTV.pk@Arabic,,,,https://i.imgur.com/FxDBbpz.jpeg,Kids;Religious,,iptv-org-all.txt
God Stands Kids Club TV Chinese,https://online.godstands.tv:5443/WebRTCApp/streams/KidsChinese.m3u8,,,,GodStandsKidsClubTV.pk@Chinese,,,,https://i.imgur.com/FxDBbpz.jpeg,Kids;Religious,,iptv-org-all.txt
God Stands Kids Club TV English,https://online.godstands.tv:5443/WebRTCApp/streams/kidsenglish.m3u8,,,,GodStandsKidsClubTV.pk@English,,,,https://i.imgur.com/FxDBbpz.jpeg,Kids;Religious,,iptv-org-all.txt
God Stands Kids Club TV Urdu,https://online.godstands.tv:5443/WebRTCApp/streams/KidsUrdu.m3u8,,,,GodStandsKidsClubTV.pk@Urdu,,,,https://i.imgur.com/FxDBbpz.jpeg,Kids;Religious,,iptv-org-all.txt
God Stands TV,https://online.godstands.tv:5443/WebRTCApp/streams/mainlive.m3u8,,,,GodStandsTV.pk@Main,,,,https://i.imgur.com/EO6cYUI.png,Religious,,iptv-org-all.txt
God Stands TV Arabic,https://online.godstands.tv:5443/WebRTCApp/streams/Arabic.m3u8,,,,GodStandsTV.pk@Arabic,,,,https://i.imgur.com/EO6cYUI.png,Religious,,iptv-org-all.txt
God Stands TV Chinese,https://online.godstands.tv:5443/WebRTCApp/streams/chineselive.m3u8,,,,GodStandsTV.pk@Chinese,,,,https://i.imgur.com/EO6cYUI.png,Religious,,iptv-org-all.txt
God Stands TV English,https://online.godstands.tv:5443/WebRTCApp/streams/EnglishStreaming.m3u8,,,,GodStandsTV.pk@English,,,,https://i.imgur.com/EO6cYUI.png,Religious,,iptv-org-all.txt
God Stands TV Hindi,https://online.godstands.tv:5443/WebRTCApp/streams/HindiStreaming.m3u8,,,,GodStandsTV.pk@Hindi,,,,https://i.imgur.com/EO6cYUI.png,Religious,,iptv-org-all.txt
God Stands TV Punjabi,https://online.godstands.tv:5443/WebRTCApp/streams/PunjabiStreaming.m3u8,,,,GodStandsTV.pk@Punjabi,,,,https://i.imgur.com/EO6cYUI.png,Religious,,iptv-org-all.txt
God Stands TV Tagalog,https://online.godstands.tv:5443/WebRTCApp/streams/Tagalog.m3u8,,,,GodStandsTV.pk@Tagalog,,,,https://i.imgur.com/EO6cYUI.png,Religious,,iptv-org-all.txt
God Stands TV Urdu,https://online.godstands.tv:5443/WebRTCApp/streams/UrduStreaming.m3u8,,,,GodStandsTV.pk@Urdu,,,,https://i.imgur.com/EO6cYUI.png,Religious,,iptv-org-all.txt
GOD TV (720p),https://ott.god.tv/live/us/master.m3u8,,,,,,,,,Undefined,,iptv-org-all.txt
GOD TV (396p),https://d1msejlow1t3l4.cloudfront.net/211125/godtv/chunks.m3u8,,,,GODTV.uk@SD,,,,https://i.imgur.com/hW4g2oe.png,Religious,,iptv-org-all.txt
God's Learning Channel (480p),https://2-fss-1.streamhoster.com/pl_122/200562-1176456-1/playlist.m3u8,,,,GodsLearningChannel.us@KPCBDT,,,,https://upload.wikimedia.org/wikipedia/en/f/f3/God%27s_Learning_Channel_logo_2022.png,Religious,,iptv-org-all.txt
Goiena Eus (720p),https://zuzenean.goienamedia.eus/goiena-telebista.m3u8,,,,GoienaEus.es@SD,,,,https://i.imgur.com/eaLIJzK.png,Undefined,,iptv-org-all.txt
Golazo Network (720p),https://jmp2.uk/plu-63a0e33a45264d000850ed7e.m3u8,,,,GolazoNetwork.us@SD,,,,https://images.pluto.tv/channels/63a0e33a45264d000850ed7e/colorLogoPNG_1731835813404.png,Sports,,iptv-org-all.txt
Gold Star,https://moviethls.wns.live/hls/stream.m3u8,,,,GoldStar.ir@SD,,,,,Movies,,iptv-org-all.txt
Gold TV (576p),https://streaming.softwarecreation.it/GoldTv/GoldTv/playlist.m3u8,,,,GoldTV.it@SD,,,,https://i.imgur.com/Yzc47k9.png,Entertainment,,iptv-org-all.txt
Gold TV Sat (576p),https://streaming.softwarecreation.it/GoldTvSat/GoldTvSat/playlist.m3u8,,,,GoldTVSat.it@SD,,,,https://i.imgur.com/gQzNIg5.png,Entertainment,,iptv-org-all.txt
Golden (1080p),http://38.19.41.46:8081/MTV/index.m3u8,,,,Golden.mx@Panregional,,,,https://i.imgur.com/NNd1lYl.png,Undefined,,iptv-org-all.txt
Golden Boy,https://goldenboy.duckhunting.playout.vju.tv/DuckhuntingTV_GoldenBoy/main.m3u8,,,,,,,,,Undefined,,iptv-org-all.txt
Golden Community Television (GCO.tv) (Golden CO) (1080p),https://reflect-golden-co.cablecast.tv/live-3/live/live.m3u8,,,,GCOtv.us@SD,,,,https://i.imgur.com/zHBR2zR.png,General,,iptv-org-all.txt
Golden Edge (1080p),http://38.19.41.46:8081/GOLDENEDGE/index.m3u8,,,,GoldenEdge.mx@Panregional,,,,https://i.imgur.com/SlSbcp3.png,Undefined,,iptv-org-all.txt
Goldmines (576p),https://streams.tangotv.in/GOLDMINES/ORIGIN/index.m3u8,,,,Goldmines.in@SD,,,,https://xstreamcp-assets-msp.streamready.in/assets/LIVETV/LIVECHANNEL/LIVETV_LIVETVCHANNEL_GOLDMINES/images/LOGO_HD/image.png,Movies,,iptv-org-all.txt
Goldmines Bollywood (576p),https://mumt03.tangotv.in/Dsly5z3HGOLDMINESBOLLYWOOD/index.m3u8,,,,GoldminesBollywood.in@SD,,,,https://i.imgur.com/6mNQ9mM.png,Movies,,iptv-org-all.txt
Golf Channel,https://dash4.antik.sk/live/test_golf_channel/playlist.m3u8,,,,GolfChannel.cz@SD,,,,https://www.sms.cz/kategorie/televize/bmp/loga/velka/golfchannel.png,Sports,,iptv-org-all.txt
Golf Channel (1080p) [Geo-blocked],https://messi.damitv.st/papi/ts/golfchannel-usa/playlist.m3u8,,,,GolfChannel.us@SD,,,,https://i.imgur.com/Lgux6Ik.png,Sports,,iptv-org-all.txt
Golf Channel Latin America (1080p),http://15.204.246.24:8080/GolfChannelHD/index.m3u8,,,,GolfChannelLatinAmerica.us@SD,,,,https://upload.wikimedia.org/wikipedia/commons/thumb/2/23/Golf_Channel_Logo_2018.png/960px-Golf_Channel_Logo_2018.png,Sports,,iptv-org-all.txt
GolfPass (1080p),https://d2icntm6fhxrry.cloudfront.net/master.m3u8,,,,,,,,,Undefined,,iptv-org-all.txt
GolfPass (720p),https://jmp2.uk/plu-65493029ab052400089e9d2f.m3u8,,,,,,,,,Undefined,,iptv-org-all.txt
Golkhane TV,https://ncdn.telewebion.ir/golkhane/live/playlist.m3u8,,,,GolkhaneTv.ir@SD,,,,https://static.telewebion.com/channelsLogo/686599d8-c1ee-4557-aa72-b1293a21906d/default,Undefined,,iptv-org-all.txt
GolTV Latin America (720p),http://177.234.249.178:8888/GOLTV/index.m3u8,,,,GolTVLatinAmerica.us@SD,,,,https://i.imgur.com/pypul3s.png,Sports,,iptv-org-all.txt
Gólya TV (480p) [Geo-blocked],https://stream.streaming4u.hu/GolyaTV/index.m3u8,,,,GolyaTV.hu@SD,,,,https://i.imgur.com/TeK6Pzb.png,Entertainment,,iptv-org-all.txt
Gong (1080p),https://amg01596-gongnetworks-gong-ono-vh5f2.amagi.tv/1080p-vtt/index.m3u8,,,,Gong.fr@SD,,,,https://i.imgur.com/lA9UFMG.png,Animation,,iptv-org-all.txt
Gongyoung Shopping (720p),https://etv.publichs.com/live5.stream/playlist.m3u8,,,,GongyoungHomeShopping.kr@SD,,,,https://i.imgur.com/YL3rpd7.png,Shop,,iptv-org-all.txt
Good Idea TV (720p) [Not 24/7],http://stream1.ai-net.net:1935/gtv1/_definst_/smil:gtv.smil/playlist.m3u8,,,,GoodIdeaTV.th@SD,,,,https://i.imgur.com/ETgVyTy.png,Entertainment,,iptv-org-all.txt
Good News Today (720p),https://aajtaklive.vgcdn.net/v1/master/611d79b11b77e2f571934fd80ca1413453772ac7/3196cced-ce29-4219-9809-f07ccdaa02b9/vglive-sk-848805/master.m3u8,,,,GoodNewsToday.in@SD,,,,https://xstreamcp-assets-msp.streamready.in/assets/LIVETV/LIVECHANNEL/LIVETV_LIVETVCHANNEL_GOOD_NEWS_TODAY/images/LOGO_HD/image.png,News,,iptv-org-all.txt
GoodLife 45 (720p) [Not 24/7],https://2-fss-2.streamhoster.com/pl_118/201450-1248872-1/playlist.m3u8,,,,GoodLife45.us@SD,,,,https://i.imgur.com/AQfVNMK.png,Religious,,iptv-org-all.txt
GoodNews TV (720p),https://bpgdlwwar3ze-hls-live.wmncdn.net/goodnews/live.stream/playlist.m3u8,,,,GoodNewsTV.in@SD,,,,https://xstreamcp-assets-msp.streamready.in/assets/LIVETV/LIVECHANNEL/LIVETV_LIVETVCHANNEL_GOODNEWS_TV/images/LOGO_HD/image.png,Religious,,iptv-org-all.txt
GoodTV (1080p),http://mobliestream.c3tv.com:1935/live/goodtv.sdp/playlist.m3u8,,,,GoodTV.kr@SD,,,,https://i.ibb.co/1v913gn/logo-goodtv.png,Religious,,iptv-org-all.txt
Gordon Ramsay (720p),https://aegis-cloudfront-1.tubi.video/c8364f36-c60b-4a39-8d86-0b92db4611c0/index.m3u8,,,,GordonRamsaysHellsKitchen.us@SD,,,,https://i.imgur.com/WgN4T18.png,Cooking,,iptv-org-all.txt
Gormiti,https://jmp2.uk/plu-66a8c64814a2bb00084d09d6.m3u8,,,,,,,,,Undefined,,iptv-org-all.txt
Gospel Broadcasting Network (GBN) (1080p),https://cdn3.wowza.com/5/Ny9jK1A1Q3h4N1VZ/live/myStream/playlist.m3u8,,,,GBNTV.us@SD,,,,,Undefined,,iptv-org-all.txt
Gospel Cartoon (360p),https://stmv1.srvif.com/gospelcartoon/gospelcartoon/playlist.m3u8,,,,GospelCartoon.br@SD,,,,https://i.imgur.com/yxjPno5.png,Religious,,iptv-org-all.txt
Gospel Movie TV (360p),https://stmv1.srvif.com/gospelf/gospelf/playlist.m3u8,,,,GospelMovieTV.br@SD,,,,https://i.imgur.com/cQN3nWt.png,Religious,,iptv-org-all.txt
Gospel Truth TV (1080p),https://na.linear.zype.com/bf94f9f4-383c-40e0-9d49-279a4f33ab8d/f29b8836-d990-4c8d-b421-192a8f43edc4-zype/manifest.m3u8,,,,GospelTruthTV.us@SD,,,,https://i.imgur.com/LI52X2q.png,Religious,,iptv-org-all.txt
GoTraveler (720p) [Geo-blocked],https://amg09501-amg09501c1-klowdtv-us-2398.playouts.now.amagi.tv/playlist/amg09501-quester-gotraveler-klowdtvus/playlist.m3u8,,,,GoTraveler.us@SD,,,,https://i.imgur.com/IaRcN1G.png,Travel,,iptv-org-all.txt
Grace Network (720p),https://livecdn.live247stream.com/grace/tv/playlist.m3u8,,,,GraceNetwork.pk@SD,,,,https://i.imgur.com/QSaZPJ4.png,Religious,,iptv-org-all.txt
Graham Norton Germany (1080p),https://amg00654-itv-amg00654c37-rakuten-de-7600.playouts.now.amagi.tv/playlist.m3u8,,,,,,,,,Undefined,,iptv-org-all.txt
Gran TV (720p),https://stream.medialive.hu/gran/grantvlive/playlist.m3u8,,,,GranTV.hu@SD,,,,https://i.ibb.co/qJN7Qh2/gran-kicsi.png,Religious,,iptv-org-all.txt
Grand Cinema,https://gcinemahls.wns.live/hls/stream.m3u8,,,,GrandCinema.tr@SD,,,,,Movies,,iptv-org-all.txt
Grande TV,https://vs20.live.opencaster.com/grande41_0b593479/index.m3u8,,,,GrandeTV.ve@SD,,,,https://i.imgur.com/jxCirrP.png,General,,iptv-org-all.txt
Gravitas Movies (1080p),https://d6dg3ebeih71x.cloudfront.net/Gravitas_Movies.m3u8,,,,GravitasMovies.us@SD,,,,https://i.imgur.com/H2hD4vT.png,Movies,,iptv-org-all.txt
Great British Menu (720p),https://all3media-great-british-menu-1-gb.rakuten.wurl.tv/playlist.m3u8,,,,,,,,,Undefined,,iptv-org-all.txt
Great British Menu (720p),https://all3media-great-british-menu-1-gb.samsung.wurl.tv/playlist.m3u8,,,,,,,,,Undefined,,iptv-org-all.txt
Great Commission TV,https://stream-server9-jupiter.muxlive.com/hls/gctvghana/index.m3u8,,,,GreatCommissionTV.ke@SD,,,,https://raw.githubusercontent.com/songwenhui239/Songwenhui239/refs/heads/main/Great%20Commission%20TV.jpeg,General,,iptv-org-all.txt
Great Entertainment Television (720p),https://a-cdn.klowdtv.com/live2/greattv_720p/playlist.m3u8,,,,GreatEntertainmentTelevision.us@SD,,,,https://i.imgur.com/ocs2DeU.png,Entertainment,,iptv-org-all.txt
GREAT! movies (1080p),https://amg01753-narrativeuk-amg01753c3-lg-gb-1833.playouts.now.amagi.tv/playlist/amg01753-narrativeuk-greatmovies-lggb/playlist.m3u8,,,,GREATmovies.uk@UK,,,,https://d2n0069hmnqmmx.cloudfront.net/epgdata/1.0/newchanlogos/512/512/skychb3709.png,Movies,,iptv-org-all.txt
GREAT! romance (1080p),https://amg01753-narrativeuk-amg01753c2-lg-gb-1832.playouts.now.amagi.tv/playlist/amg01753-narrativeuk-greatchristmas-lggb/playlist.m3u8,,,,GREATromance.uk@UK,,,,https://d2n0069hmnqmmx.cloudfront.net/epgdata/1.0/newchanlogos/512/512/skychb3643.png,Movies,,iptv-org-all.txt
Greater Love TV (720p),https://rpn.bozztv.com/dvrfl04/itv04019/index.m3u8,,,,GreaterLoveTV.us@SD,,,,https://i.imgur.com/WE0cRXR.png,Religious,,iptv-org-all.txt
Green Gold TV,https://vglivessai.akamaized.net/eu/v1/manifest/611d79b11b77e2f571934fd80ca1413453772ac7/675a37e5-f517-434e-adae-d25ae1706340/fbdb017c-7b61-4f62-8719-28b27e44c862/4.m3u8,,,,,,,,,Undefined,,iptv-org-all.txt
Green Gold TV HD,https://vglivessai.akamaized.net/eu/v1/manifest/611d79b11b77e2f571934fd80ca1413453772ac7/675a37e5-f517-434e-adae-d25ae1706340/fbdb017c-7b61-4f62-8719-28b27e44c862/0.m3u8,,,,,,,,,Undefined,,iptv-org-all.txt
Green TV (1080p),https://app.ncare.live/c3VydmVyX8RpbEU9Mi8xNy8yMDE0GIDU6RgzQ6NTAgdEoaeFzbF92YWxIZTO0U0ezN1IzMyfvcGVMZEJCTEFWeVN3PTOmdFsaWRtaW51aiPhnPTI2/greentv.stream/live-orgin/greentv.stream/playlist.m3u8,,,,GreenTV.bd@SD,,,,https://www.jagobd.com/wp-content/uploads/2022/12/green-tv.jpg,Family,,iptv-org-all.txt
Greensboro TV (Greensboro NC) (720p),https://lin12.isilive.ca/live/greensboro/GTN/index.m3u8,,,,GreensboroTV.us@SD,,,,,Legislative,,iptv-org-all.txt
Grit Xtra (1080p),https://cdn-uw2-prod.tsv2.amagi.tv/linear/amg01438-ewscrippscompan-gritxtra-tablo/playlist.m3u8,,,,GritXtra.us@SD,,,,https://provider-static.plex.tv/epg/cms/production/dbbb9bca-0b08-43b5-a0e7-715df9a6dbfd/_ChannelLogo_1500x1000.png,Entertainment,,iptv-org-all.txt
Grjngo,https://b6c7c7d1020a4588982ca7c2625f85d1.mediatailor.us-east-1.amazonaws.com/v1/master/0fb304b2320b25f067414d481a779b77db81760d/RakutenTV-eu_GrjngoWesterny/playlist.m3u8,,,,Grjngo.pl@SD,,,,https://images-2.rakuten.tv/storage/global-live-channel/translation/artwork/22c730ab-2e9f-47dc-b35a-ad8c081fec40-width200-quality90.jpeg,Undefined,,iptv-org-all.txt
Grjngo Films de Western (1080p),https://d46c0ebf9ef94053848fdd7b1f2f6b90.mediatailor.eu-central-1.amazonaws.com/v1/master/81bfcafb76f9c947b24574657a9ce7fe14ad75c0/live-prod/a5fc1b02-5945-11ef-a2df-87241c204d22/0/master.m3u8?country=fr&vendor=rakuten,,,,,,,,,Undefined,,iptv-org-all.txt
Grjngo Italy (720p),https://amogonetworx-grjngo-6-it.rakuten.wurl.tv/playlist.m3u8,,,,,,,,,Undefined,,iptv-org-all.txt
Grjngo Spain (720p),https://amogo-networx-grjngopelculasdeloeste-1-es.rakuten.wurl.tv/playlist.m3u8,,,,,,,,,Undefined,,iptv-org-all.txt
Grjngo Western Movies (720p),https://amogonetworx-grjngo-3-dk.samsung.wurl.tv/playlist.m3u8,,,,GrjngoWesternMovies.de@SD,,,,https://i.imgur.com/wFqhK3p.png,Movies,,iptv-org-all.txt
Groovia Kanal (576p),https://gist.githubusercontent.com/iptvonlinetv/02d209207082846012c15305f7471c55/raw/4439b54b986e696e6fcfba7a53380d85b27bbbc1/udp450.500.723:6050.m3u8,,,,GrooviaKanal.id@HD,,,,https://hosting.renderforestsites.com/35126779/1657983/media/e1b4737ec68d96b27f713c034543d472.png,General,,iptv-org-all.txt
Groovia Kids (576p),https://gist.githubusercontent.com/iptvonlinetv/244b66c61f162a7c0c2b4fa59b528139/raw/2376b7ba1989ebbd383301ec7d645e222a6c9338/udp780.510.345:4545.m3u8,,,,GrooviaKids.id@HD,,,,https://hosting.renderforestsites.com/35126779/1657983/media/37034d6b30d2c092aa6827a34fa145ab.png,Kids,,iptv-org-all.txt
Groovy TV (360p),http://web.onair-radio.eu:1935/groovytv/groovytv/playlist.m3u8,,,,GroovyTV.gr@SD,,,,https://i.imgur.com/ZYNQuf1.png,Movies,,iptv-org-all.txt
GrowthDay Network (720p),https://jmp2.uk/plu-69699ae5d301d54fb3dc1499.m3u8,,,,,,,,,Undefined,,iptv-org-all.txt
Groznyj,https://balancer.facecast.io/evacoder_hls_hi/UUMLQVAYVlZyH14GRENQVV0G/2/720-3.m3u8,,,,Groznyj.ru@SD,,,,https://i.imgur.com/yrN0Vl6.png,General,,iptv-org-all.txt
GRP VERATV (576p),https://webstream.multistream.it/memfs/a3195c96-f884-4c74-924f-2648814fc0b5_output_0.m3u8,,,,GRPVERATV.it@SD,,,,https://i.imgur.com/jasSHXJ.png,General,,iptv-org-all.txt
GS My Shop (1080p),https://gstv-myshop.gsshop.com/myshop_hd/myshop_hd.stream/playlist.m3u8,,,,GSMyShop.kr@SD,,,,https://i.imgur.com/ETPQwui.png,Shop,,iptv-org-all.txt
GS Shop (1080p),https://gstv-gsshop.gsshop.com/gsshop_hd/gsshop_hd.stream/playlist.m3u8,,,,GSShop.kr@SD,,,,https://i.imgur.com/F7QDbEy.png,Shop,,iptv-org-all.txt
GSG TV (720p),https://schurch1.bozztv.com/livecdn69/live/playlist.m3u8,,,,GSGTV.sv@SD,,,,https://i.imgur.com/8fZnNu0.png,Religious,,iptv-org-all.txt
GSTV (720p),https://japaneast.av.mk.io/mediakindcdn-mediakind/ca01a143-f823-4432-b670-c22ff9643ce4/index.qfm/manifest(format=m3u8-cmaf),,,,GSTV.jp@SD,,,,https://i.imgur.com/ECnVG5I.png,Shop,,iptv-org-all.txt
GTC News (1080p),https://vglivessai.akamaized.net/sg/v1/master/611d79b11b77e2f571934fd80ca1413453772ac7/921cca59-daee-4f89-8c38-7ffe8de44f4c/index.m3u8,,,,GTCNews.in@SD,,,,https://www.thegtcnetwork.com/gtc-news.png,News,,iptv-org-all.txt
GTC Punjabi (1080p),https://gtc-yupp.vgcdn.net/vglive-sk-254807/index.m3u8,,,,GTCPunjabi.in@SD,,,,https://media.thegtcnetwork.com/uploads/gtc-pujabin-s.jpg,Entertainment,,iptv-org-all.txt
GTN Canada (1080i) [Geo-blocked],https://streamer12.vdn.dstreamone.net/carishowtime/showtime/chunks.m3u8,,,,GTNCanada.ca@SD,,,,https://i.imgur.com/7bQPJOd.png,General,,iptv-org-all.txt
GTN TV (1080p) [Not 24/7],https://goliveafrica.media:9998/live/644e07abdc1d3/index.m3u8,,,,GTNTV.ke@SD,,,,https://i.imgur.com/CSCZW6L.png,General,,iptv-org-all.txt
GTV HD,https://mncmedia.malingtv.workers.dev/gtv.m3u8,,,,GTV.id@HD,,,,https://i.imgur.com/jjuKnYs.png,General,,iptv-org-all.txt
Guada TV (720p) [Not 24/7],https://cloud.streamingconnect.tv/hls/guadatv/guadatv.m3u8,,,,GuadaTV.es@SD,,,,https://i.imgur.com/YaDNsYN.png,General,,iptv-org-all.txt
Guadalupe Media (720p),https://streamer1.nexgen.bz/GUADALUPE_MEDIA/index.m3u8,,,,GuadalupeMedia.bz@SD,,,,https://i.imgur.com/EfaOwRE.png,Religious,,iptv-org-all.txt
Guangdong Satellite TV,https://h5cul1yar48um3t.wcetv.com/hls/gdsatellite.m3u8,,,,GuangdongSatelliteTV.cn@SD,,,,https://parco-zh.github.io/demo/guangdong.jpg,Undefined,,iptv-org-all.txt
Guangdong TV America,https://h5cul1yar48um3t.wcetv.com/hls/gdtv.m3u8,,,,GuangdongTVAmerica.us@SD,,,,https://i.imgur.com/7J4qGjA.png,General,,iptv-org-all.txt
Guangxi Variety & Travel Channel,http://111.59.24.227:8181/tsfile/live/1001_1.m3u8?key=txiptv&playlive=1&authid=0,,,,GuangxiVarietyTravelChannel.cn@SD,,,,https://www.tvchinese.net/uploads/tv/gxzypd.jpg,General;Travel,,iptv-org-all.txt
Guarantee News (1080p),https://guaranteenews.in:8443/live/gnews/index.m3u8,,,,GuaranteeNews.in@SD,,,,https://media.licdn.com/dms/image/v2/D560BAQHYZzbGJ7ViZA/company-logo_200_200/company-logo_200_200/0/1728031377890?e=2147483647&v=beta&t=bIsZgNUCcg0M_-Zqeu5wKYgBt_1-pI798X9lP5CxhTM,News,,iptv-org-all.txt
Guardian Talk Radio (1080p),https://cdn-edge1.streamcomedia.com/abr_tngr969fm/abr-tngr969fm_streams/playlist.m3u8,,,,GuardianTalkRadio.bs@SD,,,,https://i.imgur.com/o3cWUwL.png,News,,iptv-org-all.txt
Guaro TV (720p),https://stream.guarotv.net:3592/hybrid/play.m3u8,,,,GuaroTV.ve@SD,,,,https://i.ibb.co/LN92K6h/IMG-20230705-154347.jpg,Entertainment,,iptv-org-all.txt
Guatevision (720p),https://mdstrm.com/live-stream-playlist/69f8df22a762c9b1ab3eabca.m3u8,,,,Guatevision.gt@SD,,,,https://i.imgur.com/mbmHPnO.png,News,,iptv-org-all.txt
Guatuso TV,https://5cf4a2c2512a2.streamlock.net/8176/8176/playlist.m3u8,,,,GuatusoTV.cr@SD,,,,https://www.grupodgrajal.com/images/logoguatusochannel.png,General,,iptv-org-all.txt
Guayape TV,https://tv.bitstreaming.net:8443/live/guayapetv.m3u8,,,,GuayapeTV.hn@SD,,,,https://i.imgur.com/cteBdAJ.jpg,General,,iptv-org-all.txt
Guaymate TV (720p) [Not 24/7],https://live20.bozztv.com/akamaissh101/ssh101/guaymatetv/playlist.m3u8,,,,GuaymateTV.do@SD,,,,https://i.imgur.com/PBgQi9a.png,Culture,,iptv-org-all.txt
GugakTV 국악방송 (1080p),https://mgugaklive.nowcdn.co.kr/gugakvideo/gugakvideo.stream/playlist.m3u8,,,,GugakTV.kr@SD,,,,https://i.imgur.com/Ey7Htm8.png,Music,,iptv-org-all.txt
Gugbang TV (1080p) [Not 24/7],http://mediaworks.dema.mil.kr:1935/live_edge/cudo.sdp/playlist.m3u8,,,,GugbangTV.kr@SD,,,,https://i.imgur.com/f1tz5fg.png,News,,iptv-org-all.txt
Gugudde TV (480p),https://jk3lzqq4lw79-hls-live.5centscdn.com/gugudde/c9a1fdac6e082dd89e7173244f34d7b3.sdp/chunks.m3u8,,,,GuguddeTV.ug@SD,,,,https://i.imgur.com/XEakc6Q.png,Religious,,iptv-org-all.txt
Guide Love TV (720p),https://video1.getstreamhosting.com:1936/8056/8056/playlist.m3u8,,,,GuideLoveTV.ci@SD,,,,https://i.ibb.co/9gS2Y4G/guidelove-logo.png,Lifestyle,,iptv-org-all.txt
Gujarat First (576p),https://mumt03.tangotv.in/Dsly5z3HGUJARATFIRST/index.m3u8,,,,GujaratFirst.in@SD,,,,https://jiotvimages.cdn.jio.com/dare_images/images/Gujarat_First_24x7.png,News,,iptv-org-all.txt
Gulli Girl (720p),https://stream8.cinerama.uz/1445/tracks-v1a1/mono.m3u8,,,,GulliGirl.ru@SD,,,,https://i.imgur.com/lbViDuC.png,Kids,,iptv-org-all.txt
GunAz TV,https://tv.gunaz.tv/hls/live.m3u8,,,,GunAzTV.us@SD,,,,https://i.imgur.com/2ZnQazl.png,General,,iptv-org-all.txt
Guneydogu TV (720p),https://edge1.socialsmart.tv/gtv/bant1/playlist.m3u8,,,,GuneydoguTV.tr@SD,,,,https://i.imgur.com/JT5pp3Y.png,News,,iptv-org-all.txt
Gunsmoke,https://jmp2.uk/plu-60f75771dfc72a00071fd0e0.m3u8,,,,Gunsmoke.us@SD,,,,https://images.pluto.tv/channels/62e916affb29c60007211c8a/colorLogoPNG.png,Series,,iptv-org-all.txt
GurSikh Sabha TV (720p) [Not 24/7],http://cdn12.henico.net:8080/live/gsctv/index.m3u8,,,,GurSikhSabhaTV.ca@SD,,,,https://i.imgur.com/2EKCtQm.png,Religious,,iptv-org-all.txt
Gustav & Linse på udebane,https://jmp2.uk/plu-69c290eeed1b1f1acb446dd8.m3u8,,,,GustavLinsepaudebane.se@DK,,,,https://images.pluto.tv/channels/69c290eeed1b1f1acb446dd8/colorLogoPNG_1778675778733.png,General,,iptv-org-all.txt
Gusto TV (1080p),https://563f72af.wurl.com/master/f36d25e7e52f1ba8d7e56eb859c636563214f541/UmFrdXRlblRWLWV1X0d1c3RvVFZfSExT/playlist.m3u8,,,,GustoTV.ca@Poland,,,,https://jiotvimages.cdn.jio.com/dare_images/images/Gusto_TV.png,Cooking,,iptv-org-all.txt
Gusto TV (1080p),https://e75fc053c0d2406fb74cdd71d77e1a7f.mediatailor.us-east-1.amazonaws.com/v1/master/f4e8c53a8367a5b58e20ce054ea3ce25a3e904d3/RakutenTV-eu_GustoTV/playlist.m3u8,,,,GustoTV.ca@SD,,,,https://jiotvimages.cdn.jio.com/dare_images/images/Gusto_TV.png,Cooking,,iptv-org-all.txt
GVision (288p),https://videostream.chileservidores.com:8081/tome/index.m3u8,,,,GVision.cl@SD,,,,https://i.imgur.com/jUPHG21.png,Education,,iptv-org-all.txt
Gyandarshan (720p),https://cdn-6.pishow.tv/live/14/master.m3u8,,,,Gyandarshan.in@SD,,,,https://xstreamcp-assets-msp.streamready.in/assets/LIVETV/LIVECHANNEL/LIVETV_LIVETVCHANNEL_GYANDARSHAN/images/LOGO_HD/image.png,Education,,iptv-org-all.txt
Gyöngyösi TV (576p),https://cloudfront41.lexanetwork.com:1344/relay02/livestream005.sdp/playlist.m3u8,,,,GyongyosiTV.hu@SD,,,,https://i.imgur.com/RHgaPCk.png,General,,iptv-org-all.txt
GZT (1080p),https://gzttv-live.lg.mncdn.com/gzttv/gzttv/playlist.m3u8,,,,GZT.tr@SD,,,,https://upload.wikimedia.org/wikipedia/commons/thumb/e/ef/GZT_logo.svg/960px-GZT_logo.svg.png,Documentary;Series,,iptv-org-all.txt
H2O & Friends (1080p),https://dprx6ugrwz23t.cloudfront.net/H2O_Friends_GB.m3u8,,,,,,,,,Undefined,,iptv-org-all.txt
H20 TV (1080p),https://linear-738.frequency.stream/dist/stirr/738/hls/master/playlist.m3u8,,,,,,,,,Undefined,,iptv-org-all.txt
H20 TV (720p),https://a-cdn.klowdtv.com/live2/h2o/playlist.m3u8,,,,,,,,,Undefined,,iptv-org-all.txt
H!T Music Channel (480p),http://hitmusic.hu/hitmusic.m3u8,,,,HtMusicChannel.hu@SD,,,,https://i.imgur.com/sqC2hqV.png,Music,,iptv-org-all.txt
Ha Tinh TV (720p),https://cohauw9bgpvod.vcdn.cloud/httv1/index.m3u8,,,,HaTinhTV.vn@SD,,,,https://i.imgur.com/4yIgKKx.png,General,,iptv-org-all.txt
Haarlem105 RTV (720p),https://d2qm50imcbcfqx.cloudfront.net/nlpo/clr-nlpo/haarlem105/index.m3u8,,,,Haarlem105TV.nl@SD,,,,https://i.imgur.com/xyOVVZ0.png,General,,iptv-org-all.txt
Haber61 TV (720p) [Not 24/7],https://cdn-haber61tv.yayin.com.tr/haber61tv/smil:haber61tv.smil/index.m3u8,,,,Haber61TV.tr@SD,,,,https://i.imgur.com/2a2XUKl.png,News,,iptv-org-all.txt
Haber Global (720p) [Not 24/7],https://tv.ensonhaber.com/haberglobal/haberglobal.m3u8,,,,HaberGlobal.tr@SD,,,,https://i.imgur.com/fu6XeGS.png,News,,iptv-org-all.txt
Habertürk TV (720p) [Not 24/7],https://tv.ensonhaber.com/haberturk/haberturk.m3u8,,,,HaberturkTV.tr@SD,,,,https://i.imgur.com/6Tw3rUp.png,News,,iptv-org-all.txt
Habib TV,https://ncdn.telewebion.ir/habib/live/playlist.m3u8,,,,HabibTV.ir@SD,,,,https://i.ibb.co/spZRy7mg/habib.png,Religious,,iptv-org-all.txt
Haddam Killingworth High School TV (HKTV) (1080p) [Geo-blocked],https://reflect-hktv.cablecast.tv/live-3/live/live.m3u8,,,,HKTV.us@SD,,,,https://i.imgur.com/AYzdlMz.png,Education,,iptv-org-all.txt
Hagerty (1080p),https://dqw6u0upa8l21.cloudfront.net/Hagerty.m3u8,,,,,,,,,Undefined,,iptv-org-all.txt
Hagerty (1080p),https://aegis-cloudfront-1.tubi.video/1d7878db-0fc9-45fc-afb4-1355e66738ac/playlist.m3u8,,,,,,,,,Undefined,,iptv-org-all.txt
HAHA TV,https://dash3.antik.sk/live/test_haha_tv/playlist.m3u8,,,,HAHATV.sk@SD,,,,,Comedy,,iptv-org-all.txt
Haina Vision (720p),https://cdn.streamingcpanel.com:3447/live/hainavisionlive.m3u8,,,,HainaVision.do@SD,,,,https://i.imgur.com/eoodUNJ.png,General,,iptv-org-all.txt
Haiti News Channel (1080p) [Not 24/7],https://cdn.haititivi.com/website/haitinews/index.m3u8,,,,HaitiNewsChannel.ht@SD,,,,https://m.media-amazon.com/images/I/51bJg+c7vRL.png,News,,iptv-org-all.txt
Hakka TV,https://h5cul1yar48um3t.wcetv.com/hls/hakkatv.m3u8,,,,HakkaTV.tw@SD,,,,https://i.imgur.com/1CdGSbU.png,Culture,,iptv-org-all.txt
Hala London (1080p),https://halalondon-live.ercdn.net/halalondon/halalondon.m3u8,,,,HalaLondon.uk@SD,,,,https://i.imgur.com/bM4VZDH.png,General,,iptv-org-all.txt
Hala TV (1080p) [Not 24/7],https://stream.panet.com/edge/halaTV/playlist.m3u8,,,,HalaTV.il@SD,,,,https://i.imgur.com/028M4Ew.png,General,,iptv-org-all.txt
Halab Today TV (1080p),https://halabtoday-live.lg.mncdn.com/halabtoday/livestream/playlist.m3u8,,,,HalabTodayTV.sy@SD,,,,https://pbs.twimg.com/profile_images/1779495135841075200/aPINrLwe_400x400.png,News,,iptv-org-all.txt
Halal TV,https://vdo.plathong.net/Halaltv/Halaltv/playlist.m3u8,,,,HalalTV.th@SD,,,,https://raw.githubusercontent.com/songwenhui239/Songwenhui239/refs/heads/main/halal-tv-th.png,General,,iptv-org-all.txt
Halk TV (1080p),https://halktv-live.daioncdn.net/halktv/halktv.m3u8,,,,HalkTV.tr@SD,,,,https://i.imgur.com/xM0HA30.png,News,,iptv-org-all.txt
Hallmark Channel (1080p),http://23.237.104.106:8080/USA_HALLMARK/index.m3u8,,,,HallmarkChannel.us@East,,,,https://upload.wikimedia.org/wikipedia/commons/thumb/5/53/Hallmark_Channel.svg/960px-Hallmark_Channel.svg.png,Family,,iptv-org-all.txt
Hallmark Movies & More (1080p),https://dbrb49pjoymg4.cloudfront.net/v1/master/3fec3e5cac39a52b2132f9c66c83dae043dc17d4/prod_default_xumo-ams-aws/master.m3u8?ads.xumo_channelId=99991709,,,,HallmarkMoviesMore.us@SD,,,,https://provider-static.plex.tv/epg/cms/production/29af70d1-d3ba-4a16-bc4d-bd99e7e7def4/hallmark-movies-and-more_color.png,Movies,,iptv-org-all.txt
Hamaika Telebista (1080p),https://cdn3.wowza.com/1/RERMR282dnU5eE5Z/OHY0dVFs/hls/live/playlist.m3u8,,,,HamaikaTelebista.es@SD,,,,https://i.imgur.com/HR3G3Ie.png,Culture,,iptv-org-all.txt
Hamburg 1 (1080p),https://stream.hamburg1.de/live_abr/hamburg1_abr/playlist.m3u8,,,,Hamburg1.de@SD,,,,https://i.imgur.com/df3yY8W.png,Undefined,,iptv-org-all.txt
Hamdard TV (1080p),https://tv.hamdardtv.com/hamdard/index.m3u8,,,,HamdardTV.ca@SD,,,,https://i.ibb.co/JcD2xck/logo-hamda.png,News,,iptv-org-all.txt
Hamedan,https://ncdn.telewebion.ir/sina/live/playlist.m3u8,,,,HamedanTV.ir@SD,,,,https://upload.wikimedia.org/wikipedia/commons/thumb/9/97/IRIB_Hamadan_tv.svg/960px-IRIB_Hamadan_tv.svg.png,Undefined,,iptv-org-all.txt
Hamoon,https://ncdn.telewebion.ir/hamoon/live/playlist.m3u8,,,,HamoonTV.ir@SD,,,,https://upload.wikimedia.org/wikipedia/fa/b/bc/Zahedan_Hamoon.png,Undefined,,iptv-org-all.txt
HANDICAP TV France,https://srv.webtvmanager.fr:3697/stream/play.m3u8,,,,HANDICAPTV.fr@SD,,,,https://i.imgur.com/vXbAeD0.png,Lifestyle,,iptv-org-all.txt
Handystar (404p) [Not 24/7],https://sparhandytv.cdn.ses-ps.com/live/channel01/hls/index.m3u8,,,,Handystar.de@SD,,,,https://i.imgur.com/oMIygVf.png,Shop,,iptv-org-all.txt
Hang Meas HDTV (720p),http://clive.malisresidences.com:1935/hm_hdtv/_definst_/smil:hmhdt12356.smil/playlist.m3u8,,,,HangMeasHDTV.kh@SD,,,,https://i.imgur.com/P8oOR8I.png,General,,iptv-org-all.txt
Hangulat TV (720p),https://iptv01.eurocable.co.hu/EC-HANGULATTV/index.m3u8,,,,HangulatTV.hu@SD,,,,https://play-lh.googleusercontent.com/uBasB1USS1zI0tdHUbhUg356TwmworMA5P_7UGnhvg3z6LXX6n1bEk7Qj3cE3-yuToA,Lifestyle,,iptv-org-all.txt
HanoiTV1 (720p),https://liveh34.vtvprime.vn/hls/HANOI1TV/index.m3u8,,,,HanoiTV1.vn@SD,,,,https://i.imgur.com/Je3K25E.png,General,,iptv-org-all.txt
HanoiTV2 (1080p) [Geo-blocked],https://cloudstreamhntv.tek4tv.vn/live/smil:HN2.smil/playlist.m3u8,,,,HanoiTV2.vn@SD,,,,https://i.imgur.com/szivqh2.png,General,,iptv-org-all.txt
Happy Days,https://jmp2.uk/plu-654a4e29ab05240008a18625.m3u8,,,,HappyDays.se@DK,,,,https://images.pluto.tv/channels/654a4e29ab05240008a18625/colorLogoPNG.png,Classic;Series,,iptv-org-all.txt
Happy Days,https://jmp2.uk/plu-654a508d986ad20008a456a5.m3u8,,,,HappyDays.se@NO,,,,https://images.pluto.tv/channels/654a4e29ab05240008a18625/colorLogoPNG.png,Classic;Series,,iptv-org-all.txt
Happy Days,https://jmp2.uk/plu-654a52254d6d8f00084eacfc.m3u8,,,,HappyDays.se@SE,,,,https://images.pluto.tv/channels/654a4e29ab05240008a18625/colorLogoPNG.png,Classic;Series,,iptv-org-all.txt
Happy Days,https://jmp2.uk/plu-62e917b5e354cf0007b97a67.m3u8,,,,HappyDays.us@CA,,,,https://images.pluto.tv/channels/62e917b5e354cf0007b97a67/colorLogoPNG.png,Series,,iptv-org-all.txt
Happy Days,https://jmp2.uk/plu-5f7794162a4559000781fc12.m3u8,,,,HappyDays.us@SD,,,,https://images.pluto.tv/channels/62e917b5e354cf0007b97a67/colorLogoPNG.png,Series,,iptv-org-all.txt
Happy Radio TV (1080p),https://tv.mediacp.eu:8081/happyradio/index.m3u8,,,,HappyRadioTV.ua@HD,,,,https://i.imgur.com/PAw36qJ.png,Music,,iptv-org-all.txt
HappyKids (1080p),https://dil9xdvretp0f.cloudfront.net/index.m3u8,,,,HappyKids.us@SD,,,,https://i.imgur.com/cPrUCFw.png,Kids,,iptv-org-all.txt
Harbin Comprehensive News Channel,https://stream.hrbtv.net/xwzh/playlist.m3u8?_upt=ef41dd531755913594,,,,HarbinComprehensiveNewsChannel.cn@SD,,,,https://www.tvchinese.net/uploads/tv/haerbin.jpg,News,,iptv-org-all.txt
Hard Knocks Fighting Championship,https://d39g1vxj2ef6in.cloudfront.net/v1/master/3fec3e5cac39a52b2132f9c66c83dae043dc17d4/prod-rakuten-stitched/master.m3u8?ads.xumo_channelId=88883037,,,,HardKnocksFightingChampionship.pl@SD,,,,https://images-1.rakuten.tv/storage/global-live-channel/translation/artwork/13b0a6c7-4307-4c8d-9fc4-df2a4f8e8b38-hard-knocks-fighting-1602077398-width200-quality90.jpeg,Undefined,,iptv-org-all.txt
Hardcore Pawn (1080p),https://amg00627-banijay-amg00627c8-samsung-au-1827.playouts.now.amagi.tv/playlist.m3u8,,,,,,,,,Undefined,,iptv-org-all.txt
Hardcore Pawn (1080p),https://amg00627-banijay-amg00627c8-samsung-nz-1828.playouts.now.amagi.tv/playlist.m3u8,,,,,,,,,Undefined,,iptv-org-all.txt
Hardcore Pawn (1080p),https://amg00627-amg00627c8-rakuten-uk-4801.playouts.now.amagi.tv/playlist.m3u8,,,,,,,,,Undefined,,iptv-org-all.txt
Hardcore Pawn,https://jmp2.uk/plu-691b012d1148fa1cd8a75d5c.m3u8,,,,,,,,,Undefined,,iptv-org-all.txt
Hardcore Pawn,https://jmp2.uk/plu-6909fc4b74601d957a380613.m3u8,,,,,,,,,Undefined,,iptv-org-all.txt
Hare Krsna TV (1080p),https://hktv.harekrsnatv.com/HKTV/HKWebApp/manifest.mpd,,,,HareKrsnaTV.in@SD,,,,https://dtil.tmsimg.com/assets/s143102_ld_h15_aa.png?lock=720x540,Religious,,iptv-org-all.txt
Harmony Gospel Music TV (1080p),https://tgn.bozztv.com/watc57/watc57-harmony/watc57-harmony/index.m3u8,,,,HarmonyGospelMusicTV.us@SD,,,,https://i.imgur.com/iDiGBE3.png,Music;Religious,,iptv-org-all.txt
HarPal Geo (360p),https://jk3lz82elw79-hls-live.5centscdn.com/harPalGeo/955ad3298db330b5ee880c2c9e6f23a0.sdp/playlist.m3u8,,,,HarPalGeo.pk@SD,,,,https://i.imgur.com/NX3vvAX.png,Culture,,iptv-org-all.txt
Harvest TV (720p),https://7mbd4ogkr3gx-hls-live.wmncdn.net/harvesttvlive1/bbb19eae240ec100af921d511efc86a0.sdp/index.m3u8,,,,HarvestTV.in@SD,,,,https://xstreamcp-assets-msp.streamready.in/assets/LIVETV/LIVECHANNEL/LIVETV_LIVETVCHANNEL_HARVEST_TV_24X7/images/LOGO_HD/image.png,Religious,,iptv-org-all.txt
Harvest TV Keralam (720p),https://7mbd4ogkr3gx-hls-live.wmncdn.net/harvestenglish/d1796a22d24e8696c7d5d0b5c349fdd2.sdp/index.m3u8,,,,HarvestTVKeralam.in@SD,,,,https://i.imgur.com/1DyPuIt.png,Religious,,iptv-org-all.txt
Harvest USA (576p),https://7mbd4ogkr3gx-hls-live.wmncdn.net/harvestusa/d57ffba6564caea2fee3f4085f19a098.sdp/playlist.m3u8,,,,HarvestUSA.in@SD,,,,,Religious,,iptv-org-all.txt
Hasbro Legends (1080p) [Geo-blocked],https://amg02713-amg02713c11-amgplt0852.playout.now3.amagi.tv/ts-us-e2-n2/playlist/amg02713-amg02713c11-amgplt0852/playlist.m3u8,,,,HasbroLegends.us@SD,,,,https://i.imgur.com/JDM9rEV.png,Animation;Kids,,iptv-org-all.txt
Hatoscsatorna (360p) [Not 24/7],https://hatoscsatorna.hu:8082/Hatoscsatorna/livestream/playlist.m3u8,,,,Hatoscsatorna.hu@SD,,,,https://i.imgur.com/XZqg1Pj.png,General,,iptv-org-all.txt
Haunt TV (1080p),https://amg01446-blueantmediacan-haunttvaussam-samsungau-vcnai.amagi.tv/playlist/amg01446-blueantmediacan-haunttvaussam-samsungau/playlist.m3u8,,,,HauntTV.ca@SD,,,,https://images.pluto.tv/channels/63934c218ef524000757b122/colorLogoPNG.png,Series,,iptv-org-all.txt
HauntTV CA (720p),https://jmp2.uk/plu-63934c218ef524000757b122.m3u8,,,,HauntTV.ca@CA,,,,https://images.pluto.tv/channels/63934c218ef524000757b122/colorLogoPNG.png,Series,,iptv-org-all.txt
Hausmeister Krause,https://jmp2.uk/plu-622f6faf65be650007f57aab.m3u8,,,,,,,,,Undefined,,iptv-org-all.txt
Hawaii Five-O,https://jmp2.uk/plu-68503d3bc692373f0158c43f.m3u8,,,,,,,,,Undefined,,iptv-org-all.txt
Haz Clic!,https://stream.ads.ottera.tv/playlist.m3u8?network_id=4310,,,,,,,,,Undefined,,iptv-org-all.txt
HBO Hits (720p),http://tvsen7.aynascope.net/hbo2/index.m3u8,,,,HBOHits.us@East,,,,https://static.hbo.com/2025-09/HBO_Hits_Plex_Logo_bw.svg,Movies;Series,,iptv-org-all.txt
HBO Movies (720p),http://23.237.104.106:8080/USA_HBO_ZONE/index.m3u8,,,,HBOMovies.us@East,,,,https://static.hbo.com/2025-09/HBO_Movies_Plex_Logo_bw.svg,Movies;Series,,iptv-org-all.txt
HC2 TV,https://stream.hc2tv.bj/2/live/stream.m3u8,,,,HC2TV.bj@SD,,,,https://i.imgur.com/CV38429.jpeg,News,,iptv-org-all.txt
HCH (720p),https://live.streamhch.com/live/streams/hch1.m3u8,,,,HCH.hn@SD,,,,https://i.imgur.com/2CB5ezq.png,News,,iptv-org-all.txt
HCTV Educational Access Channel,https://reflect-hudsonctv.cablecast.tv/live-26/live/stream-1/live.m3u8,,,,HCTVEducationalAccessChannel.us@SD,,,,https://i.imgur.com/bVbpgiD.png,Education,,iptv-org-all.txt
HCTV Government Channel,https://reflect-hudsonctv.cablecast.tv/live-26/live/stream-2/live.m3u8,,,,HCTVGovernmentChannel.us@SD,,,,https://i.imgur.com/bVbpgiD.png,Legislative,,iptv-org-all.txt
HCTV Public Access Channel,https://reflect-hudsonctv.cablecast.tv/live-26/live/stream-5/live.m3u8,,,,HCTVPublicAccessChannel.us@SD,,,,https://i.imgur.com/bVbpgiD.png,General,,iptv-org-all.txt
HD365 TV,https://s2.netstreaming.eu/hd365.m3u8,,,,HD365TV.ro@SD,,,,https://i.imgur.com/2cLx4ja.png,General,,iptv-org-all.txt
Heart Radio Aruba,https://live2.tensila.com/heart-v-1.heartar/hls/live/mystream.m3u8,,,,HeartRadioAruba.aw@SD,,,,https://i.imgur.com/MKZCskA.png,Music,,iptv-org-all.txt
HeartFelt TV (1080p),https://streams2.sofast.tv/v1/master/611d79b11b77e2f571934fd80ca1413453772ac7/74c455d4-625a-448a-8ba7-d086e6462245/manifest.m3u8,,,,,,,,,Undefined,,iptv-org-all.txt
Heartland (1080p) [Geo-blocked],https://pb-a0c87g3b3mtrw.akamaized.net/Heartland.m3u8,,,,,,,,,Undefined,,iptv-org-all.txt
Heartland (720p),https://2-fss-2.streamhoster.com/pl_120/201950-2724904-1/playlist.m3u8,,,,Heartland.us@Eastern,,,,https://upload.wikimedia.org/wikipedia/en/5/50/Jewelry_television_logo.png,Entertainment,,iptv-org-all.txt
Heartland,https://jmp2.uk/plu-61f07513227feb00073ee6bc.m3u8,,,,Heartland.us@Web,,,,https://upload.wikimedia.org/wikipedia/en/5/50/Jewelry_television_logo.png,Entertainment,,iptv-org-all.txt
Heaven Bound TV (480p) [Not 24/7],https://goliveafrica.media:9998/live/62580b337c021/index.m3u8,,,,HeavenBoundTV.ke@SD,,,,https://i.imgur.com/pwnesmW.jpg,Religious,,iptv-org-all.txt
Hebron TV (1080p),https://account20.livebox.co.in/charleshls/live.m3u8,,,,HebronTV.in@SD,,,,https://i0.wp.com/hebrontv.in/wp-content/uploads/2023/11/hebron-.png?w=512,Religious,,iptv-org-all.txt
Hechiceras,https://jmp2.uk/plu-67f95fa76b11614ab0caaef3.m3u8,,,,,,,,,Undefined,,iptv-org-all.txt
Hechizada,https://jmp2.uk/plu-631fb6be21b7440007b9f606.m3u8,,,,,,,,,Undefined,,iptv-org-all.txt
Hechos Ecuador (1080p) [Not 24/7],https://online.hechosecuador.com:5443/WebRTCApp/streams/hechosecuador.m3u8,,,,HechosEcuador.ec@SD,,,,https://i.imgur.com/koMQZNX.png,General,,iptv-org-all.txt
Hegyvidek TV,https://iptv02.eurocable.co.hu:15400/EC-HEGYVIDEKTV-FTA/index.m3u8,,,,HegyvidekTV.hu@SD,,,,https://i.imgur.com/t5bw1J1.png,General,,iptv-org-all.txt
Heidi,https://jmp2.uk/plu-68779a09c691b3f0964127c6.m3u8,,,,,,,,,Undefined,,iptv-org-all.txt
Hélène et les garçons,https://jmp2.uk/plu-604f8de01b479400078fb1e7.m3u8,,,,Heleneetlesgarcons.us@France,,,,https://i.imgur.com/EjjzjF9.png,Series,,iptv-org-all.txt
Heliconia Radio TV (720p),https://eu1.servers10.com:8081/8178/index.m3u8,,,,HeliconiaRadioTV.co@SD,,,,https://i.imgur.com/AJ182BG.png,General,,iptv-org-all.txt
Hell's Kitchen (1080p),https://amg00654-itv-amg00654c1-samsung-au-1072.playouts.now.amagi.tv/itv-hellskitchen-samsung/playlist.m3u8,,,,HellsKitchen.us@UK,,,,https://i.imgur.com/P9eT0O9.png,Series,,iptv-org-all.txt
Hell's Kitchen Germany (1080p),https://hellskitchengermany-rakuten.amagi.tv/playlist.m3u8,,,,,,,,,Undefined,,iptv-org-all.txt
Hell's Kitchen Italy (1080p),https://amg00654-itv-amg00654c20-rakuten-it-3615.playouts.now.amagi.tv/playlist.m3u8,,,,,,,,,Undefined,,iptv-org-all.txt
Hellenic Parliament TV (1080p),https://ert-ucdn.broadpeak-aas.com/bpk-tv/VOULITV/default/index.m3u8,,,,HellenicParliamentTV.gr@SD,,,,https://i.imgur.com/o2cvqv3.png,Legislative,,iptv-org-all.txt
Hellenic TV (720p) [Not 24/7],https://l5.cloudskep.com/hellenictv/htv/playlist.m3u8,,,,HellenicTV.uk@SD,,,,https://i.imgur.com/NE7ddhC.png,Undefined,,iptv-org-all.txt
Hello Taste,https://dai.google.com/linear/hls/pa/event/YeG0_KbLRjGeYKU2qVhl_Q/stream/30ddffe9-87f0-4dc7-b0fe-8f0e12044f3e:GRQ/variant/c209b0d3694ace6f439e2179fdad8e66/bandwidth/2628000.m3u8,,,,HelloTaste.ro@SD,,,,https://i.imgur.com/TdKO0er.png,Cooking,,iptv-org-all.txt
Hells Kitchen,https://jmp2.uk/plu-6095ad97351eb0000754c1e6.m3u8,,,,,,,,,Undefined,,iptv-org-all.txt
Her Sphere (720p) [Geo-blocked],https://aegis-cloudfront-1.tubi.video/804f9e76-e98c-41fa-8d75-5986879e2168/playlist.m3u8,,,,,,,,,Undefined,,iptv-org-all.txt
Hercules: The Legendary Journeys (720p),https://jmp2.uk/plu-68e38aaf8082ad3760def7bc.m3u8,,,,,,,,,Undefined,,iptv-org-all.txt
Heritage Tourism (1080p),https://streams2.sofast.tv/v1/master/611d79b11b77e2f571934fd80ca1413453772ac7/cff3309e-ded1-40dd-a6dc-e3a6d0a92d72/manifest.m3u8,,,,,,,,,Undefined,,iptv-org-all.txt
Heritage+ (1080p),https://streams2.sofast.tv/v1/master/611d79b11b77e2f571934fd80ca1413453772ac7/e4523706-f2a8-4b0f-b081-40fe59a46f81/manifest.m3u8,,,,,,,,,Undefined,,iptv-org-all.txt
Hermanas Mirabal TV (720p) [Not 24/7],https://fox.hostlagarto.com:8081/hmtv/index.m3u8,,,,HermanasMirabalTV.do@SD,,,,https://i.imgur.com/cbKgcGh.png,News,,iptv-org-all.txt
Hero (720p) [Not 24/7],https://live-fi.tvkaista.net/hero/live.m3u8?hd=true,,,,Hero.fi@SD,,,,https://i.imgur.com/4t5JQLY.png,Movies,,iptv-org-all.txt
Hévízi TV (1080p),https://cloudfront44.lexanetwork.com:1344/relay03/livestream003.sdp/playlist.m3u8,,,,HeviziTV.hu@SD,,,,https://i.imgur.com/zuWQKDm.png,General,,iptv-org-all.txt
Hewad TV (720p) [Not 24/7],http://51.210.199.58/hls/stream.m3u8,,,,HewadTV.af@SD,,,,https://i.imgur.com/cK2eWUZ.png,Undefined,,iptv-org-all.txt
Hey Arnold!,https://jmp2.uk/plu-66c79221b1a34600087e264d.m3u8,,,,HeyArnold.us@LatAm,,,,https://images.pluto.tv/channels/66c79221b1a34600087e264d/colorLogoPNG.png,Kids,,iptv-org-all.txt
HGPTV (720p) [Not 24/7],https://cdn-us-east-prod-ingest-infra-dacast-com.akamaized.net/8424fb7f-99a9-87ae-3861-f0620849d11c/source/index.m3u8,,,,HGPTV.gy@SD,,,,https://i.imgur.com/0aIH6V5.png,General,,iptv-org-all.txt
HGTV (1080p),https://i.mjh.nz/.r/sky-hgtv.m3u8,,,,HGTV.nz@SD,,,,https://upload.wikimedia.org/wikipedia/commons/thumb/c/c5/HGTV_US_Logo_2015.svg/960px-HGTV_US_Logo_2015.svg.png,Lifestyle,,iptv-org-all.txt
Hi Dost! (720p),https://cdn-1.pishow.tv/live/224/master.m3u8,,,,HiDost.in@SD,,,,https://jiotvimages.cdn.jio.com/dare_images/images/Hi_Dost.png,Entertainment,,iptv-org-all.txt
Hi-YAH! (1080p),https://linear-59.frequency.stream/dist/plex/59/hls/master/playlist.m3u8,,,,HiYAH.us@SD,,,,https://i.imgur.com/sOYAnTB.png,Entertainment,,iptv-org-all.txt
Hidabroot (1080p),https://cdn.cybercdn.live/HidabrootIL/Live97/playlist.m3u8,,,,Hidabroot.il@SD,,,,https://i.imgur.com/CTH4Hu2.png,Religious,,iptv-org-all.txt
High News (480p),https://highmedia.livebox.co.in/HIGHNEWShls/LIVE.m3u8,,,,HighNews.in@SD,,,,https://pbs.twimg.com/profile_images/1104268476858937351/USUT4ykS_400x400.png,News,,iptv-org-all.txt
High TV (720p) [Not 24/7],http://live.streams.ovh:1935/hightv/hightv/playlist.m3u8,,,,HighTV.gr@SD,,,,https://i.imgur.com/8gHuwt7.png,Shop,,iptv-org-all.txt
High Vision (1080p) [Not 24/7],https://streamer1.connectto.com/HIGHVISION_WEB_1205/index.m3u8,,,,HighVisionTV.us@SD,,,,https://i.imgur.com/zhCgoru.png,Music,,iptv-org-all.txt
Highway Thru Hell (1080p),https://amg00627-amg00627c15-samsung-au-2899.playouts.now.amagi.tv/playlist/amg00627-banijayfast-highwaythruhell-samsungau/playlist.m3u8,,,,,,,,,Undefined,,iptv-org-all.txt
Highway Thru Hell (1080p),https://amg00627-amg00627c15-samsung-nz-2900.playouts.now.amagi.tv/playlist/amg00627-banijayfast-highwaythruhell-samsungnz/playlist.m3u8,,,,,,,,,Undefined,,iptv-org-all.txt
Highway Thru Hell (1080p),https://amg00627-amg00627c15-rakuten-uk-4803.playouts.now.amagi.tv/playlist.m3u8,,,,,,,,,Undefined,,iptv-org-all.txt
Highway Thru Hell (1080p),https://duplpbng64yvf.cloudfront.net/HighwayThruHell.m3u8,,,,,,,,,Undefined,,iptv-org-all.txt
Highway to Heaven,https://jmp2.uk/plu-68bff9a63efb41cd97562e46.m3u8,,,,HighwaytoHeaven.us@UK,,,,https://i.imgur.com/e6pvibn.png,Series,,iptv-org-all.txt
Hilando Fino TV (1080p),https://hilandofinotv.essastream.com:3606/live/canalhilandofinotvlive.m3u8,,,,HilandoFinoTV.do@SD,,,,https://i.imgur.com/E7ta6g8.png,General,,iptv-org-all.txt
Hillsborough County TV HTV (Hillsborough County FL) (360p),https://cdn3.wowza.com/5/M0lyamVmM2JWcjhQ/hillsboroughcounty/G2155_002/playlist.m3u8,,,,HillsboroughTV.us@SD,,,,https://i.imgur.com/fUne7FX.png,Legislative,,iptv-org-all.txt
Himlen TV7 (720p),https://vod.tv7.fi/tv7-se/smil:tv7-se.smil/playlist.m3u8,,,,HimlenTV7.fi@SD,,,,https://i.imgur.com/k8a7KNn.png,Religious,,iptv-org-all.txt
Hindi Khabar (576p),https://mumt04.tangotv.in/m18aqlK4HINDIKHABAR/index.m3u8,,,,HindiKhabar.in@SD,,,,https://xstreamcp-assets-msp.streamready.in/assets/LIVETV/LIVECHANNEL/LIVETV_LIVETVCHANNEL_HINDI_KHABAR/images/LOGO_HD/image.png,News,,iptv-org-all.txt
Hindu Dharmam (576p),https://mumt01.tangotv.in/O5aw8Zn3HINDUDHARMAM/index.m3u8,,,,HinduDharmam.in@SD,,,,https://dtil.tmsimg.com/assets/s143131_ld_h15_aa.png?lock=720x540,Religious,,iptv-org-all.txt
HIPTV (1080p),https://stream.ads.ottera.tv/playlist.m3u8?content_livestream=1&network_id=16993,,,,,,,,,Undefined,,iptv-org-all.txt
Hirshabelle TV (576p),http://ap02.iqplay.tv:8081/iqb8002/h1rshbe1iptv/playlist.m3u8,,,,HirshabelleTV.so@SD,,,,https://i.imgur.com/Kk0A2o7.png,General,,iptv-org-all.txt
Hiru TV (360p) [Not 24/7],https://tv.hiruhost.com:1936/8012/8012/playlist.m3u8,,,,HiruTV.lk@SD,,,,https://i.imgur.com/M66UqPB.png,Entertainment,,iptv-org-all.txt
His Glory TV (1080p),https://customer-6itfaqopbksp5p0q.cloudflarestream.com/3972e89fb79bf6d6dd2a16c75455087a/manifest/video.m3u8,,,,HisGloryTV.us@SD,,,,https://i.imgur.com/VTcdAJj.jpeg,General,,iptv-org-all.txt
His Grace TV (480p) [Not 24/7],https://goliveafrica.media:9998/live/6593c35f9c090/index.m3u8,,,,HisGraceTV.ke@SD,,,,https://i.imgur.com/uIlU5im.jpg,Religious,,iptv-org-all.txt
Hispan TV,https://cdnlive.presstv.ir/live/smil:live.smil/playlist.m3u8,,,,HispanTV.ir@SD,,,,https://upload.wikimedia.org/wikipedia/commons/9/9f/Hispantv_logo.jpg,News,,iptv-org-all.txt
Historia (1080p),https://d1k3vzh2ivy22k.cloudfront.net/Historia.m3u8,,,,Historia.es@SD,,,,https://i.imgur.com/VUy8xIG.png,Entertainment,,iptv-org-all.txt
Historia HD (1080p),https://d1k3vzh2ivy22k.cloudfront.net/Historia1080.m3u8,,,,Historia.es@HD,,,,https://i.imgur.com/VUy8xIG.png,Entertainment,,iptv-org-all.txt
Historia y Vida (720p),https://jmp2.uk/plu-67517f923a61d40008c451f0.m3u8,,,,HistoriaYVida.es@SD,,,,https://i.imgur.com/56ZtCA1.png,Documentary,,iptv-org-all.txt
Historias de Ultratumba,https://jmp2.uk/plu-5f4d3696d938c900072679fd.m3u8,,,,PlutoTVHistoriasdeUltratumba.us@LatAm,,,,https://images.pluto.tv/channels/5f4d3696d938c900072679fd/colorLogoPNG.png,Undefined,,iptv-org-all.txt
History (720p),http://45.177.114.114/HISTORY/index.m3u8,,,,History.br@SD,,,,https://upload.wikimedia.org/wikipedia/commons/thumb/0/01/History_%282021%29.svg/500px-History_%282021%29.svg.png,Documentary,,iptv-org-all.txt
History (720p),http://212.5.144.156:8080/history/index.m3u8,,,,History.us@East,,,,https://upload.wikimedia.org/wikipedia/commons/thumb/0/01/History_%282021%29.svg/500px-History_%282021%29.svg.png,Documentary,,iptv-org-all.txt
History 2 Latin America (1080p),http://138.121.15.230:9002/HISTORY-2/index.m3u8,,,,History2LatinAmerica.us@Panregional,,,,https://upload.wikimedia.org/wikipedia/commons/thumb/c/c9/History2_logo_%282022%29.svg/500px-History2_logo_%282022%29.svg.png,Documentary,,iptv-org-all.txt
History 2 Latin America Brazil (720p),http://45.177.114.114/HISTORY_2/index.m3u8,,,,History2LatinAmerica.us@Brazil,,,,https://upload.wikimedia.org/wikipedia/commons/thumb/c/c9/History2_logo_%282022%29.svg/500px-History2_logo_%282022%29.svg.png,Documentary,,iptv-org-all.txt
History2 Ukraine (360p),http://dtv.vol.net.ua/H2-HD/index.m3u8,,,,History2Ukraine.ua@SD,,,,https://upload.wikimedia.org/wikipedia/commons/thumb/c/c9/History2_logo_%282022%29.svg/960px-History2_logo_%282022%29.svg.png,Documentary,,iptv-org-all.txt
History 365 (1080p) [Geo-blocked],https://pb-162j8hrspp1iq.akamaized.net/History_365.m3u8,,,,,,,,,Undefined,,iptv-org-all.txt
History & Warfare,https://jmp2.uk/plu-69dd5d7bfcb9bf5e3063cb16.m3u8,,,,,,,,,Undefined,,iptv-org-all.txt
History & Warfare Now (1080p),https://d1nzda2a2b3swt.cloudfront.net/History_Warfare_Now.m3u8,,,,,,,,,Undefined,,iptv-org-all.txt
History and Warfare Now (1080p),https://d28gzbv9fhdm3h.cloudfront.net/playlist/amg00376-magellantv-historyandwarfarenowaunzin-samsungau/playlist.m3u8,,,,,,,,,Undefined,,iptv-org-all.txt
History and Warfare Now (1080p),https://amg00376-magellan-amg00376c19-samsung-nz-1735.playouts.now.amagi.tv/playlist/amg00376-magellantv-historyandwarfarenowaunzin-samsungnz/playlist.m3u8,,,,,,,,,Undefined,,iptv-org-all.txt
History Asia (720p),https://freem3u.xyz/api/live/play.m3u8?vid=9856,,,,HistoryAsia.us@SD,,,,https://upload.wikimedia.org/wikipedia/commons/thumb/0/01/History_%282021%29.svg/500px-History_%282021%29.svg.png,Documentary,,iptv-org-all.txt
History Channel (1080p),https://streamer12.xploretv.si/__cl/cg:prod/__c/A1_SI_HISTORYHD_ott/__op/dash-default/__dci/__f/index.m3u8?admin=xploreTv_test_user&redirect=true,,,,History.si@HD,,,,https://upload.wikimedia.org/wikipedia/commons/thumb/0/01/History_%282021%29.svg/500px-History_%282021%29.svg.png,Documentary,,iptv-org-all.txt
History Hit (1080p),https://lds-timeline-rakuten.amagi.tv/playlist.m3u8,,,,HistoryHit.uk@SD,,,,https://i.imgur.com/ulHoqlP.png,Documentary,,iptv-org-all.txt
History Hunters (1080p),https://amg00841-amg00841c7-rakuten-uk-2820.playouts.now.amagi.tv/playlist/amg00841-aeemeafast-historyhuntersrakuten-rakutenuk/playlist.m3u8,,,,,,,,,Undefined,,iptv-org-all.txt
History Hunters (1080p),https://amg00841-amg00841c9-samsung-gb-3032.playouts.now.amagi.tv/playlist/amg00841-aeemeafast-historyhunterssamsung-samsunggb/playlist.m3u8,,,,,,,,,Undefined,,iptv-org-all.txt
History Hunters,https://jmp2.uk/plu-65819fc1b9adc4000813f37d.m3u8,,,,,,,,,Undefined,,iptv-org-all.txt
History Latin America (1080p),http://15.204.246.24:8080/HistoryHD/index.m3u8,,,,HistoryLatinAmerica.us@Panregional,,,,https://upload.wikimedia.org/wikipedia/commons/thumb/0/01/History_%282021%29.svg/500px-History_%282021%29.svg.png,Documentary,,iptv-org-all.txt
History TV18 HD (1080p),http://103.154.3.101:5001/live/577.m3u8,,,,HistoryTV18.in@HD,,,,https://dtil.tmsimg.com/assets/s143133_ld_h15_aa.png?lock=720x540,Documentary,,iptv-org-all.txt
History Ukraine,http://dtv.vol.net.ua/History_HD/index.m3u8,,,,HistoryUkraine.ua@SD,,,,https://upload.wikimedia.org/wikipedia/commons/thumb/0/01/History_%282021%29.svg/960px-History_%282021%29.svg.png,Documentary,,iptv-org-all.txt
Hit FM,https://hitfm.nfthost.net/hls/hitfm/live_all/playlist.m3u8,,,,HitFM.md@SD,,,,https://i.imgur.com/QwqM5j6.png,Music,,iptv-org-all.txt
Hit HD (1080p),http://hls127.freeott.top:8080/XitHD/video.m3u8,,,,Hit.ru@HD,,,,https://i.imgur.com/jl3MNPe.png,Movies,,iptv-org-all.txt
Hit Sitcoms (720p),https://jmp2.uk/plu-69b83e4169056557a9252f61.m3u8,,,,,,,,,Undefined,,iptv-org-all.txt
Hit Sitcoms (720p),https://jmp2.uk/plu-66e0b4a3f0f17500085cc268.m3u8,,,,,,,,,Undefined,,iptv-org-all.txt
Hitradio O3 (720p),https://studiocam-oe3.mdn.ors.at/orf/studiocam_oe3/q6a/manifest.mpd,,,,HitradioO3.at@SD,,,,https://upload.wikimedia.org/wikipedia/commons/thumb/7/7a/Hitradio_%C3%963.svg/960px-Hitradio_%C3%963.svg.png,Music,,iptv-org-all.txt
Hits 360 TV (720p) [Not 24/7],http://cm.hostlagarto.com:8081/hits360tv/hits360HD.myStream/playlist.m3u8,,,,Hits360TV.do@SD,,,,https://i.imgur.com/Cx5V233.jpg,Music,,iptv-org-all.txt
Hitz TV (1080p),https://streamer2.nexgen.bz/13-HITZ/index.m3u8,,,,HitzTV.bz@SD,,,,https://i.imgur.com/SbZgsDh.png,Music,,iptv-org-all.txt
HLC TV (480p) [Not 24/7],https://goliveafrica.media:9998/live/627d06e001aaf/index.m3u8,,,,HLCTV.ke@SD,,,,https://i.imgur.com/TPZoSXM.jpg,General,,iptv-org-all.txt
HLN Live (720p),https://dpg-eventstreams.akamaized.net/hlnlivesrt-xmr/streamx/hlnlivesrt_720p.m3u8,,,,HLNLive.be@SD,,,,https://i.ibb.co/zbCrZG9/hq-hln.png,News,,iptv-org-all.txt
Hluttaw S & D,https://mrtvott.com/cache/MRTV-HLUTTAW/master.m3u8,,,,HluttawSD.mm@SD,,,,https://i.imgur.com/Gffq8ks.png,Legislative,,iptv-org-all.txt
HMI PROMZ NEWS (720p),https://video1.getstreamhosting.com:1936/8326/8326/playlist.m3u8,,,,HMIPROMZNEWS.us@SD,,,,https://i.imgur.com/gwPaw3v.png,Music,,iptv-org-all.txt
Hmong Star TV (720p) [Not 24/7],https://livefta.malimarcdn.com/ftaedge00/hmongstartv.sdp/playlist.m3u8,,,,HmongStarTV.us@SD,,,,https://i.imgur.com/dRsacao.png,Culture,,iptv-org-all.txt
Hmong TV Network (720p),https://livefta.malimarcdn.com/ftaedge00/cvabroadcasting.stream/playlist.m3u8,,,,HmongTVNetwork.us@SD,,,,https://yt3.googleusercontent.com/aj3kdBQTgfxP-bDnleou4m1ykjPRFexvfTZZuvWlNc75Hn9-NTqXYEdEJ_KOcTSsbKj24K1B9BM=s512-c-k-c0x00ffffff-no-rj,Culture,,iptv-org-all.txt
HMTV (720p),https://cdn-1.pishow.tv/live/280/master.m3u8,,,,HMTV.in@SD,,,,https://dtil.tmsimg.com/assets/s143136_ld_h15_aa.png?lock=720x540,News,,iptv-org-all.txt
Hoarders (720p),https://8f2546fe.wurl.com/master/f36d25e7e52f1ba8d7e56eb859c636563214f541/UmFrdXRlblRWLWV1X0hvYXJkZXJzX0hMUw/playlist.m3u8,,,,,,,,,Undefined,,iptv-org-all.txt
Hoarders (720p),https://eada4a55.wurl.com/master/f36d25e7e52f1ba8d7e56eb859c636563214f541/U2Ftc3VuZy1nYl9Ib2FyZGVyc19ITFM/playlist.m3u8,,,,,,,,,Undefined,,iptv-org-all.txt
Hoarders,https://jmp2.uk/plu-698a040b48d98175cb870fc5.m3u8,,,,,,,,,Undefined,,iptv-org-all.txt
Hoarders by A&E (720p),https://d1klo92zvoj2of.cloudfront.net/v1/aenetworks_hoarders_1/samsungheadend_us/latest/main/hls/playlist.m3u8,,,,,,,,,Undefined,,iptv-org-all.txt
Hobby Maker (720p),https://lo3.gemporia.com/abrhobbymakerukgfx/smil:livestreamFullHD.smil/playlist.m3u8,,,,HobbyMaker.uk@SD,,,,https://i.imgur.com/VWHp5Tl.png,Lifestyle,,iptv-org-all.txt
HodHod Farsi TV (1080p),https://northtelecom.b-cdn.net/hodhodtv.m3u8,,,,HodHodFarsiTV.ir@SD,,,,https://i.imgur.com/l8XMKTT.png,Kids,,iptv-org-all.txt
Hogan's Heroes,https://jmp2.uk/plu-68939e206727ec919bb39061.m3u8,,,,HogansHeroes.us@SD,,,,https://images.pluto.tv/channels/68939e206727ec919bb39061/colorLogoPNG_1757523507747.png,Classic,,iptv-org-all.txt
Högspänning,https://jmp2.uk/plu-6537abf42cf1310008441686.m3u8,,,,Hogspanning.se@SE,,,,https://images.pluto.tv/channels/6537abf42cf1310008441686/colorLogoPNG.png,Entertainment,,iptv-org-all.txt
HOLA! Play (1080p),https://hola-play-2108fd06-86d4-44e8-9867-c35b4895a1c1-es.fast.rakuten.tv/v1/master/0547f18649bd788bec7b67b746e47670f558b6b2/production-LiveChannel-6433/master.m3u8,,,,HOLAPlay.es@SD,,,,https://m.media-amazon.com/images/I/5194tl8duqL.png,Entertainment,,iptv-org-all.txt
Hola! TV Latin America (1080p),http://15.204.246.24:8080/HOLATVHD/index.m3u8,,,,HolaTVLatinAmerica.us@SD,,,,https://i.imgur.com/i0Qexxd.png,Entertainment,,iptv-org-all.txt
HollyWire (720p),https://bozztv.com/hwotta/playlist/playlist.m3u8,,,,HollyWire.us@SD,,,,https://i.imgur.com/oVNjFoj.png,Entertainment;News,,iptv-org-all.txt
Hollywood HD (1080p),http://31.148.48.15/MGM_HD/index.m3u8,,,,Hollywood.ru@SD,,,,https://i.imgur.com/1j7cT2I.png,Movies,,iptv-org-all.txt
Holvoet TV (Copiapó) (720p) [Not 24/7],https://unlimited1-us.dps.live/holvoettv/holvoettv.smil/playlist.m3u8,,,,HolvoetTV.cl@SD,,,,https://i.imgur.com/9JKRO3R.png,Culture,,iptv-org-all.txt
Holy Quran Radio Nablus (720p),http://streaming.zaytonatube.com:8080/holyquran/holyquran/video.m3u8,,,,HolyQuranRadioNablus.ps@SD,,,,https://quran-radio.com/assets/images/site/quran-radio-logo-h-rtl.png,Religious,,iptv-org-all.txt
Home & Shopping (720p),https://s28.qtcdn.co.kr/media/liveM3U8/idx/518045142/enc/1860408350/playlist.m3u8,,,,HomeShopping.kr@SD,,,,https://i.imgur.com/IcexRXG.png,Shop,,iptv-org-all.txt
Home Cooking by Food Network,https://jmp2.uk/plu-68bb16916523408b14bac7f8.m3u8,,,,,,,,,Undefined,,iptv-org-all.txt
Home Plus,https://homeplushls.wns.live/hls/stream.m3u8,,,,HomePlus.ir@SD,,,,,Movies,,iptv-org-all.txt
Home Refresh (720p) [Geo-blocked],https://pb-wedgbca8p66er.akamaized.net/playlist.m3u8,,,,,,,,,Undefined,,iptv-org-all.txt
Home.Made.Nation (720p),https://jmp2.uk/plu-5dc1cb279c91420009db261d.m3u8,,,,HomeMadeNation.us@SD,,,,https://i.imgur.com/IdGNIoB.png,Series,,iptv-org-all.txt
Homebase TV (480p),https://viewmedia7219.bozztv.com/wmedia/viewmedia100/web_022/Stream/playlist.m3u8,,,,HomebaseTV.za@SD,,,,https://i.imgur.com/MaLNfJG.png,Religious,,iptv-org-all.txt
Homeful (1080p),https://amg00090-blueantcanada-amg00090c4-samsung-au-819.playouts.now.amagi.tv/playlist/amg00090-blueantfast-homefulworldwide-samsungau/playlist.m3u8,,,,Homeful.ca@US,,,,https://www.homefultv.com/wp-content/uploads/2023/03/Homeful_Logo_MintWhite.png,Undefined,,iptv-org-all.txt
Homerun TV,https://streams2.sofast.tv/WiseM3U8_29/sofast/cleanhls/master.m3u8,,,,,,,,,Undefined,,iptv-org-all.txt
Homes Under The Hammer (720p),https://all3media-homes-under-the-hammer-1-au.samsung.wurl.tv/playlist.m3u8,,,,HomesUnderHammer.us@UK,,,,https://i.imgur.com/P5Haaln.png,Series,,iptv-org-all.txt
Homicide (720p),https://jmp2.uk/plu-63921a3d00c96100082a3cb4.m3u8,,,,,,,,,Undefined,,iptv-org-all.txt
Homicide Hunter,https://jmp2.uk/plu-619e21b213ef6b0007d8c17a.m3u8,,,,HomicideHunter.us@UK,,,,https://i.imgur.com/ZSnATs0.png,Series,,iptv-org-all.txt
Homicide la chaîne du fait divers (1080p),https://rakutenaa-fastmedia-homicide-rakuten-pw6g3.amagi.tv/playlist/rakutenAA-fastmedia-homicide-rakuten/playlist.m3u8,,,,,,,,,Undefined,,iptv-org-all.txt
Hoop TV (1080p),https://streams2.sofast.tv/WiseM3U8_28/sofast/cleanhls/master.m3u8,,,,,,,,,Undefined,,iptv-org-all.txt
Hop! (1080p),http://stream.mcquack.net/44/index.m3u8,,,,Hop.il@SD,,,,https://i.imgur.com/bScuilD.png,Kids,,iptv-org-all.txt
Hope4Life TV (720p),http://144.217.14.88/hls/hope4life.m3u8,,,,Hope4LifeTV.us@SD,,,,https://i.imgur.com/p24tAjs.jpg,Religious,,iptv-org-all.txt
Hope Channel Africa (1080p),https://jstre.am/live/jsl:i1onRBELcGV.m3u8,,,,HopeChannelAfrica.za@SD,,,,https://i.imgur.com/SFacyYO.png,Religious,,iptv-org-all.txt
Hope Channel Australia (1080p),https://videodelivery.net/9fb3596948ddf463fde0ec4b85625b24/manifest/video.m3u8,,,,HopeChannelAustralia.au@SD,,,,https://i.imgur.com/8Zs7rDm.png,Religious,,iptv-org-all.txt
Hope Channel Bulgaria,https://hc1.hopetv.bg/live/hopetv_all.smil/playlist.m3u8,,,,HopeChannelBulgaria.bg@SD,,,,https://i.imgur.com/bxzeEML.png,Religious,,iptv-org-all.txt
Hope Channel German (1080p),https://customer-x8zydurm357k8j9p.cloudflarestream.com/5b46490d20cdd87fcac238b0027813e0/manifest/video.m3u8,,,,HopeChannelGerman.de@SD,,,,https://i.imgur.com/I9BbJR0.png,Religious,,iptv-org-all.txt
Hope Channel Ghana (480p),https://videodelivery.net/dfbdca87f2a6291aa4fdc8fe3290769b/manifest/video.m3u8,,,,HopeChannelGhana.gh@SD,,,,https://i.imgur.com/d1P9ekm.png,Religious,,iptv-org-all.txt
Hope Channel India (576p),https://mumt01.tangotv.in/O5aw8Zn3HOPECHANNELINDIA/index.m3u8,,,,HopeChannelIndia.in@SD,,,,https://i.imgur.com/wPzPUrK.png,Religious,,iptv-org-all.txt
Hope Channel Inter-America,https://jstre.am/live/jsl:EC0Mq0i6HJU.m3u8,,,,HopeChannelInterAmerica.us@SD,,,,https://i.imgur.com/wzvgAch.png,Religious,,iptv-org-all.txt
Hope Channel Inter-America English (1080p),https://jstre.am/live/jsl:UP9KAdlVrm8.m3u8,,,,HopeChannelInterAmericaEnglish.us@SD,,,,https://i.imgur.com/wzvgAch.png,Religious,,iptv-org-all.txt
Hope Channel International (1080p),https://jstre.am/live/jsl:cZXINbwrFj6.m3u8,,,,HopeChannelInternational.us@SD,,,,https://i.imgur.com/PNihgl2.png,Religious,,iptv-org-all.txt
Hope Channel North America (1080p),https://jstre.am/live/jsl:0sUSK6VA7GT.m3u8,,,,HopeChannelNorthAmerica.us@SD,,,,https://i.imgur.com/2qXqajS.png,Religious,,iptv-org-all.txt
Hope Channel Philippines (1080p),https://jstre.am/live/jsl:nX5eC7gQvZb.m3u8,,,,HopeChannelPhilippines.ph@SD,,,,https://i.imgur.com/LB2vmMt.png,Religious,,iptv-org-all.txt
Hornbill TV (576p),https://mumt01.tangotv.in/O5aw8Zn3HORNBILLTV/index.m3u8,,,,HornbillTV.in@SD,,,,https://xstreamcp-assets-msp.streamready.in/assets/LIVETV/LIVECHANNEL/LIVETV_LIVETVCHANNEL_HORNBILL/images/LOGO_HD/image.png,News,,iptv-org-all.txt
Horoshee Kino (720p),https://live-rian.cdnvideo.ru/rian/rus-radio/playlist.m3u8,,,,HorosheeKino.ru@SD,,,,https://i.imgur.com/ZbOqfy4.png,Movies,,iptv-org-all.txt
Horror by ALTER (1080p),https://d3opw4b2eztyyq.cloudfront.net/playlist.m3u8,,,,,,,,,Undefined,,iptv-org-all.txt
Horror by ALTER (1080p),https://aegis-cloudfront-1.tubi.video/acac036c-181a-413a-a102-cd294c83320d/playlist.m3u8,,,,,,,,,Undefined,,iptv-org-all.txt
Horror Club,https://jmp2.uk/plu-66c35c0c92b1af0008c8e83a.m3u8,,,,,,,,,Undefined,,iptv-org-all.txt
Horror Machine (720p) [Geo-blocked],https://naviofrequency-horrormachine-klowdtv.amagi.tv/playlist.m3u8,,,,,,,,,Undefined,,iptv-org-all.txt
Horror TV (1080p),https://streams2.sofast.tv/v1/master/611d79b11b77e2f571934fd80ca1413453772ac7/93dc292b-cbcf-4988-ab97-94feced4c14b/manifest.m3u8,,,,,,,,,Undefined,,iptv-org-all.txt
Horse & Country (720p),https://jmp2.uk/plu-671b4dc049c4060008f91d3a.m3u8,,,,,,,,,Undefined,,iptv-org-all.txt
Horse & Country (720p),https://jmp2.uk/plu-671b4e47daad7f000868b840.m3u8,,,,,,,,,Undefined,,iptv-org-all.txt
Horse & Country (720p),https://jmp2.uk/plu-671b4e8bc7626f00089b7194.m3u8,,,,,,,,,Undefined,,iptv-org-all.txt
Horse & Country TV (1080p),https://hnc-free-viewlift.amagi.tv/HNC_AUSTRALIA.m3u8,,,,HorseCountryTV.uk@SD,,,,https://i.imgur.com/1x6zYZr.png,Outdoor,,iptv-org-all.txt
Horse TV (720p),https://a-cdn.klowdtv.com/live2/horsetv_720p/playlist.m3u8,,,,HorseTV.it@SD,,,,https://i.imgur.com/nK4UUX4.png,Sports,,iptv-org-all.txt
Hosanna TV,https://asia.mslivestream.net/mslive/bfba54c5c96a6359e2da0ca35f4998af.sdp/playlist.m3u8,,,,HosannaTV.in@Tamil,,,,https://i.imgur.com/VYorU1L.png,Religious,,iptv-org-all.txt
Hosanna TV Global,https://ktismaservers.in:3349/live/hosannatvlive.m3u8,,,,HosannaTV.in@Global,,,,https://i.imgur.com/VYorU1L.png,Religious,,iptv-org-all.txt
Hosanna TV Hindi,https://ktismaservers.in:3466/live/hosannattvhindhilive.m3u8,,,,HosannaTV.in@Hindi,,,,https://i.imgur.com/VYorU1L.png,Religious,,iptv-org-all.txt
Hosanna Vision (720p) [Not 24/7],https://1206618505.rsc.cdn77.org/LS-ATL-59020-1/playlist.m3u8,,,,HosannaVision.pa@SD,,,,https://i.imgur.com/v0tc51l.png,Religious,,iptv-org-all.txt
Hot Bench (720p),https://jmp2.uk/plu-6036e6e7ac69c400072afca2.m3u8,,,,HotBench.us@SD,,,,https://images.pluto.tv/channels/6036e6e7ac69c400072afca2/colorLogoPNG_1731835667408.png,Entertainment,,iptv-org-all.txt
Hot Ones (1080p),https://d532j1ra4v4q9.cloudfront.net/SONO65.m3u8,,,,,,,,,Undefined,,iptv-org-all.txt
Hot Ones (720p),https://d1si3n1st4nkgb.cloudfront.net/10502/88896039/hls/master.m3u8?ads.xumo_channelId=88896039,,,,,,,,,Undefined,,iptv-org-all.txt
Hot Ones,https://jmp2.uk/plu-65a803b607e03a0008925118.m3u8,,,,,,,,,Undefined,,iptv-org-all.txt
Hot Ones,https://jmp2.uk/plu-655ca7405812e80008883d4e.m3u8,,,,,,,,,Undefined,,iptv-org-all.txt
Hot Ones,https://jmp2.uk/plu-655ca968c917a5000830f8f5.m3u8,,,,,,,,,Undefined,,iptv-org-all.txt
Hot Ones,https://jmp2.uk/plu-655caa815812e80008884322.m3u8,,,,,,,,,Undefined,,iptv-org-all.txt
Hot Wheels Action (1080p),https://dtz4aepbew7ez.cloudfront.net/hotwh.m3u8,,,,,,,,,Undefined,,iptv-org-all.txt
Hotel Inspector (1080p),https://amg00654-itv-amg00654c4-rakuten-uk-5263.playouts.now.amagi.tv/playlist.m3u8,,,,,,,,,Undefined,,iptv-org-all.txt
House of Lies,https://jmp2.uk/plu-693ae62a43fe00a023e76e0d.m3u8,,,,HouseofLies.se@DK,,,,https://images.pluto.tv/channels/693ae62a43fe00a023e76e0d/colorLogoPNG_1769415649672.png,Series,,iptv-org-all.txt
House of Lies,https://jmp2.uk/plu-693ae65fab5959c036fa6c1e.m3u8,,,,HouseofLies.se@NO,,,,https://images.pluto.tv/channels/693ae62a43fe00a023e76e0d/colorLogoPNG_1769415649672.png,Series,,iptv-org-all.txt
House of Lies,https://jmp2.uk/plu-693ae6bf0ddf7d2a40b7fd35.m3u8,,,,HouseofLies.se@SE,,,,https://images.pluto.tv/channels/693ae62a43fe00a023e76e0d/colorLogoPNG_1769415649672.png,Series,,iptv-org-all.txt
HOY Infotainment (1080p) [Geo-blocked],https://hoytv-live-stream.hoy.tv/ch78/index.m3u8,,,,HOYInfotainment.hk@HD,,,,https://i.imgur.com/LNokYLQ.png,Undefined,,iptv-org-all.txt
HOY International Business Channel (1080p) [Geo-blocked],https://hoytv-live-stream.hoy.tv/ch76/index-fhd.m3u8,,,,HongKongInternationalBusinessChannel.hk@SD,,,,https://i.imgur.com/jaIdkbz.png,Business,,iptv-org-all.txt
HOY TV (1080p) [Geo-blocked],https://hoytv-live-stream.hoy.tv/ch77/index.m3u8,,,,HOYTV.hk@SD,,,,https://i.imgur.com/NfVZPTT.png,General,,iptv-org-all.txt
hr-fernsehen (1080p),https://hrhls.akamaized.net/hls/live/2024525/hrhls/index.m3u8,,,,hrfernsehen.de@SD,,,,https://upload.wikimedia.org/wikipedia/commons/thumb/e/ea/HR-Fernsehen_Logo_2023.svg/960px-HR-Fernsehen_Logo_2023.svg.png,General,,iptv-org-all.txt
hr-fernsehen HD,https://dash4.antik.sk/live/test_hr_tizen/playlist.m3u8,,,,hrfernsehen.de@HD,,,,https://upload.wikimedia.org/wikipedia/commons/thumb/e/ea/HR-Fernsehen_Logo_2023.svg/960px-HR-Fernsehen_Logo_2023.svg.png,General,,iptv-org-all.txt
HRT 1 HD (1080p) [Geo-blocked],https://bpcdnmanprod.nexttv.ht.hr/bpk-tv/HRT1/default/index.mpd,,,,HRT1.hr@HD,,,,https://i.imgur.com/lDSctzX.png,General,,iptv-org-all.txt
HRT 2 HD (1080p) [Geo-blocked],https://bpcdnmanprod.nexttv.ht.hr/bpk-tv/HRT2/default/index.mpd,,,,HRT2.hr@HD,,,,https://i.imgur.com/yyePcl1.png,General,,iptv-org-all.txt
HRT 3 HD (720p) [Geo-blocked],https://bpcdnmanprod.nexttv.ht.hr/bpk-tv/HRT3/default/index.mpd,,,,HRT3.hr@HD,,,,https://i.imgur.com/4OrOJRx.png,Culture;Documentary,,iptv-org-all.txt
HRT 4 HD (720p) [Geo-blocked],https://bpcdnmanprod.nexttv.ht.hr/bpk-tv/HRT4/default/index.mpd,,,,HRT4.hr@HD,,,,https://i.imgur.com/VcNrY0m.png,News,,iptv-org-all.txt
HSE (1080p),https://hse24.akamaized.net/hls/live/2006663/hse24/playlist.m3u8,,,,HSE.de@SD,,,,https://i.imgur.com/IecRNCk.png,Shop,,iptv-org-all.txt
HSE24 Extra (1080p),https://hse24extra.akamaized.net/hls/live/2006596/hse24extra/playlist.m3u8,,,,HSEExtra.de@SD,,,,https://i.imgur.com/nvMpbip.png,Shop,,iptv-org-all.txt
HSE24 Trend (576p),https://hse24trend.akamaized.net/hls/live/2006597/hse24trend/playlist.m3u8,,,,HSETrend.de@SD,,,,https://i.imgur.com/qwh2urX.png,Shop,,iptv-org-all.txt
HSN (720p),https://qvc-amd-live.akamaized.net/hls/live/2034113/lshsn1us/master.m3u8,,,,HSN.us@East,,,,https://m.media-amazon.com/images/I/419RyCp4+WL.png,Shop,,iptv-org-all.txt
HSN2 (720p),https://qvc-amd-live.akamaized.net/hls/live/2034113/lshsn2us/master.m3u8,,,,HSN2.us@SD,,,,https://i.imgur.com/qCJ9Poe.png,Shop,,iptv-org-all.txt
HSN West (720p),https://qvc-amd-live.akamaized.net/hls/live/2034113/lshsn1uswest/master.m3u8,,,,HSN.us@West,,,,https://m.media-amazon.com/images/I/419RyCp4+WL.png,Shop,,iptv-org-all.txt
HTR TV (720p),https://ms7.mx-cd.net/tv/286-3043214/HTR_Media_TV.smil/playlist.m3u8,,,,HTRTV.nl@SD,,,,https://i.imgur.com/IlwVHX0.png,General,,iptv-org-all.txt
HTSpor TV (1080p),https://ciner.daioncdn.net/ht-spor/ht-spor.m3u8?app=web,,,,HTSporTV.tr@SD,,,,https://www.htspor.com/images/manifest/social-share-logo.png,Sports,,iptv-org-all.txt
HTV1 (720p),https://dethich.pw/htv1/index.m3u8,,,,HTV1.vn@SD,,,,https://upload.wikimedia.org/wikipedia/commons/thumb/0/04/HTV1.png/960px-HTV1.png,General,,iptv-org-all.txt
HTV 1 Houston Television (720p),https://stream.swagit.com/live-edge/houstontx/smil:hd-16x9-2-a/playlist.m3u8,,,,HTV1HoustonTelevision.us@SD,,,,https://i.imgur.com/zvj1boM.jpg,Legislative,,iptv-org-all.txt
HTV2 (720p),https://dethich.pw/htv2/index.m3u8,,,,HTV2.vn@SD,,,,https://upload.wikimedia.org/wikipedia/commons/d/d2/HTV2_-_Vie_Channel.png,Entertainment;General,,iptv-org-all.txt
HTV 2 Houston Television (720p),https://stream.swagit.com/live-edge/houstontx/smil:hd-16x9-2-b/playlist.m3u8,,,,HTV2HoustonTelevision.us@SD,,,,https://i.imgur.com/zvj1boM.jpg,Legislative,,iptv-org-all.txt
HTV3 (720p),https://dethich.pw/htv3/index.m3u8,,,,HTV3.vn@SD,,,,https://upload.wikimedia.org/wikipedia/commons/6/65/HTV3-2018.png,Entertainment;General;Series,,iptv-org-all.txt
HTV4 (1080p),https://freem3u.xyz/api/live/play.m3u8?vid=9,,,,HTV4.vn@SD,,,,https://upload.wikimedia.org/wikipedia/commons/thumb/1/1f/HTV4_logo.webp/960px-HTV4_logo.webp.png,Education,,iptv-org-all.txt
HTV7 (720p),https://dethich.pw/htv7/index.m3u8,,,,HTV7.vn@SD,,,,https://upload.wikimedia.org/wikipedia/commons/c/c0/HTV7_logo.webp,General,,iptv-org-all.txt
HTV9 (720p),https://dethich.pw/htv9/index.m3u8,,,,HTV9.vn@SD,,,,https://upload.wikimedia.org/wikipedia/commons/b/bf/HTV9_logo.webp,General;News,,iptv-org-all.txt
HTV9 HD (1080p) [Geo-blocked],https://live.fptplay53.net/epzhd1/htv9hd_vhls.smil/chunklist.m3u8,,,,HTV9.vn@HD,,,,https://upload.wikimedia.org/wikipedia/commons/b/bf/HTV9_logo.webp,General;News,,iptv-org-all.txt
HTV Live (1080p) [Not 24/7],https://fox.hostlagarto.com:8081/canalhtv/tracks-v1a1/mono.m3u8,,,,HTVLive.do@SD,,,,https://i.imgur.com/0WBsAin.png,Entertainment,,iptv-org-all.txt
HTV Sports,https://dethich.pw/htvthethao/index.m3u8,,,,HTVSports.vn@SD,,,,https://upload.wikimedia.org/wikipedia/vi/3/3f/HTV_THETHAO_2014.png,Sports,,iptv-org-all.txt
Huacho Peru TV,https://tv.huachotv.com/stream.m3u8,,,,HuachoPeruTV.pe@SD,,,,https://i.imgur.com/PevmfqK.png,General,,iptv-org-all.txt
Huasco Televisión (360p),https://paneltv.online:1936/8024/8024/playlist.m3u8,,,,HuascoTelevision.cl@SD,,,,https://i.imgur.com/Fo2DV70.png,General,,iptv-org-all.txt
Huda TV (720p) [Not 24/7],https://cdn.bestream.io:19360/elfaro1/elfaro1.m3u8,,,,HudaTV.eg@SD,,,,https://i.imgur.com/1UUjU26.png,Religious,,iptv-org-all.txt
Huế TV (720p) [Geo-blocked],https://live.fptplay53.net/epzsd1/hue_hls.smil/chunklist.m3u8,,,,ThuaThienHueTV.vn@SD,,,,https://upload.wikimedia.org/wikipedia/commons/e/e9/LogoHueTV_2025.png,Undefined,,iptv-org-all.txt
Huelva TV (720p),https://5d8d85cf2c308.streamlock.net:1936/huelvatv/htvdirecto/playlist.m3u8,,,,HuelvaTV.es@SD,,,,https://i.imgur.com/hEnpvKj.png,General,,iptv-org-all.txt
Hum News,http://103.86.135.164:9981/stream/channelid/2024790699?profile=pass&ticket=CAC87CD3CF8747A13FB03B91C9BE860F93CD615C,,,,HumNews.pk@SD,,,,https://i.imgur.com/9OroocT.png,News,,iptv-org-all.txt
Hum TV (720p),https://g4wlkwx8l23a-hls-live.5centscdn.com/HUM/271ddf829afeece44d8732757fba1a66.sdp/playlist_dvr.m3u8,,,,HumTV.pk@HD,,,,https://i.ibb.co/Tx4GfKT5/Hum-TV-HD.png,Entertainment,,iptv-org-all.txt
Huma Betang TV (720p) [Not 24/7],https://v3.siar.us/humabetangtv/live/playlist.m3u8,,,,HumaBetangTV.id@SD,,,,https://i.imgur.com/xBTqOEu.png,News,,iptv-org-all.txt
Hunat TV (480p) [Not 24/7],https://59cba4d34b678.streamlock.net/canlitv/hunattv/playlist.m3u8,,,,HunatTV.tr@SD,,,,https://i.imgur.com/NrxHGnb.png,General,,iptv-org-all.txt
Hundehviskeren,https://jmp2.uk/plu-6501af923a0d700008b71b53.m3u8,,,,,,,,,Undefined,,iptv-org-all.txt
Hundehviskeren,https://jmp2.uk/plu-6501ad3a98020f0008503dba.m3u8,,,,,,,,,Undefined,,iptv-org-all.txt
Hunedoara 1 (480p) [Not 24/7],https://netstreaming.eu/hd1.m3u8,,,,Hunedoara1.ro@SD,,,,https://i.imgur.com/9bz15ad.png,General,,iptv-org-all.txt
Hungama TV (576p),http://103.185.24.134:3001/HUNGAMA/index.m3u8,,,,HungamaTV.in@SD,,,,https://xstreamcp-assets-msp.streamready.in/assets/LIVETV/LIVECHANNEL/LIVETV_LIVETVCHANNEL_HUNGAMA/images/LOGO_HD/image.png,Kids,,iptv-org-all.txt
Hungry (720p),https://dos35knl8v49a.cloudfront.net/v1/food/samsungheadend_us/latest/main/hls/playlist.m3u8,,,,Hungry.us@SD,,,,https://i.imgur.com/MIUDYh0.png,Cooking,,iptv-org-all.txt
Hunt Fish TV (1080p),https://streams2.sofast.tv/sofastplayout/WiseM3U8_2/master.m3u8,,,,,,,,,Undefined,,iptv-org-all.txt
Hunter x Hunter (1080p),https://d190au8yjmla79.cloudfront.net/playlist.m3u8,,,,,,,,,Undefined,,iptv-org-all.txt
Hunter x Hunter,https://jmp2.uk/plu-65d9167818036500080e8780.m3u8,,,,,,,,,Undefined,,iptv-org-all.txt
Hunter x Hunter,https://jmp2.uk/plu-65d916a2f7f0af0008b6540d.m3u8,,,,,,,,,Undefined,,iptv-org-all.txt
Huntington Beach TV Channel 3 (720p),https://reflect-huntingtonbeach.cablecast.tv/live-4/live/stream-1/live.m3u8,,,,HBTV.us@SD,,,,https://i.imgur.com/xADoSqE.png,General,,iptv-org-all.txt
Hyder TV (720p),https://cdn.live247stream.com/hyder/tv/playlist.m3u8,,,,HyderTV.ca@SD,,,,https://i.imgur.com/reHjjRZ.png,Culture,,iptv-org-all.txt
Hype Visual Radio (1080p),https://streammix.alsolnet.com/hyperadio/live/playlist.m3u8,,,,HypeVisualRadio.nl@SD,,,,https://cdn.onlineradiobox.com/img/fblogo/1/97371.v21.png,Music,,iptv-org-all.txt
Hyundai Home Shopping (720p),https://livejj.hyundaihmall.com:8443/live/ngrp:hmall.stream_pc/playlist.m3u8,,,,HyundaiHomeShopping.kr@SD,,,,https://i.imgur.com/NJpECmq.png,Shop,,iptv-org-all.txt
Hyundai Home Shopping Plus (720p),https://dtvstreaming.hyundaihmall.com/newcjp3/_definst_/newcjpstream.smil/playlist.m3u8,,,,HyundaiHomeShoppingPlusShop.kr@SD,,,,https://i.imgur.com/DoNOuZE.png,Shop,,iptv-org-all.txt
i24NEWS Arabic (1080p),https://i24newsarabic-cdn.encoders.immergo.tv/master.m3u8,,,,i24NEWSArabic.il@SD,,,,https://upload.wikimedia.org/wikipedia/commons/thumb/7/79/LOGO_i24NEWS.png/960px-LOGO_i24NEWS.png,News,,iptv-org-all.txt
i24NEWS English World (1080p),https://i24newsenglish-cdn.encoders.immergo.tv/master.m3u8,,,,i24NEWSEnglishWorld.il@SD,,,,https://upload.wikimedia.org/wikipedia/commons/thumb/7/79/LOGO_i24NEWS.png/960px-LOGO_i24NEWS.png,News,,iptv-org-all.txt
i24NEWS French (1080p),https://i24newsfrench-cdn.encoders.immergo.tv/master.m3u8,,,,i24NEWSFrench.il@SD,,,,https://upload.wikimedia.org/wikipedia/commons/thumb/7/79/LOGO_i24NEWS.png/960px-LOGO_i24NEWS.png,News,,iptv-org-all.txt
I24 News Hebrew (1080p),https://i24newshebrew-cdn.encoders.immergo.tv/master.m3u8,,,,i24NEWSHebrew.il@SD,,,,https://www.i24news.tv/images/favicon.png,News,,iptv-org-all.txt
I Jefferson,https://jmp2.uk/plu-62442f28afe626000747f195.m3u8,,,,,,,,,Undefined,,iptv-org-all.txt
I Love Lucy,https://jmp2.uk/plu-63a2f1dda0d69700078b7cba.m3u8,,,,ILoveLucy.us@CA,,,,https://images.pluto.tv/channels/63a2f1dda0d69700078b7cba/colorLogoPNG.png,Classic;Comedy,,iptv-org-all.txt
I Love Lucy,https://jmp2.uk/plu-634f3011f4fff20007431641.m3u8,,,,ILoveLucy.us@SD,,,,https://images.pluto.tv/channels/63a2f1dda0d69700078b7cba/colorLogoPNG.png,Classic;Comedy,,iptv-org-all.txt
I Puffi,https://jmp2.uk/plu-68adb5853efb41cd97ce413d.m3u8,,,,,,,,,Undefined,,iptv-org-all.txt
I Shouldn't Be Alive,https://jmp2.uk/plu-69fcaaa1853a01a827bcd056.m3u8,,,,,,,,,Undefined,,iptv-org-all.txt
I soliti idioti,https://jmp2.uk/plu-6602acadb2abe500081cf28a.m3u8,,,,,,,,,Undefined,,iptv-org-all.txt
I Survived (720p),https://jmp2.uk/plu-6578852bcbd0d60008f876d7.m3u8,,,,,,,,,Undefined,,iptv-org-all.txt
I Survived (720p),https://jmp2.uk/plu-657887d9dfed030008ce8aa8.m3u8,,,,,,,,,Undefined,,iptv-org-all.txt
I Survived (720p),https://8e979536.wurl.com/master/f36d25e7e52f1ba8d7e56eb859c636563214f541/UmFrdXRlblRWLWdiX0lTdXJ2aXZlZF9ITFM/playlist.m3u8,,,,,,,,,Undefined,,iptv-org-all.txt
I Survived (720p),https://a86a4e47.wurl.com/master/f36d25e7e52f1ba8d7e56eb859c636563214f541/U2Ftc3VuZy1nYl9JU3Vydml2ZWRfSExT/playlist.m3u8,,,,,,,,,Undefined,,iptv-org-all.txt
I Survived,https://jmp2.uk/plu-657881c46e4f6a00087414c2.m3u8,,,,,,,,,Undefined,,iptv-org-all.txt
I Survived...,https://jmp2.uk/plu-68c82005be767928b4a8ef0c.m3u8,,,,,,,,,Undefined,,iptv-org-all.txt
I Survived… (720p),https://d1ewp56x5c748d.cloudfront.net/v1/aenetworks_i_survived_1/samsungheadend_us/latest/main/hls/playlist.m3u8,,,,,,,,,Undefined,,iptv-org-all.txt
I-UA.tv (1080p),https://kie2.cdn.i-ua.tv/hlsme/iuatv.m3u8,,,,IUAtv.ua@SD,,,,https://i.imgur.com/t1OABVZ.png,News,,iptv-org-all.txt
IasiTV Life (1080p) [Not 24/7],https://tv.streambox.ro/hls/itv/index.m3u8,,,,IasiTVLife.ro@SD,,,,https://i.imgur.com/HY7EL5e.png,General,,iptv-org-all.txt
IBC 24 (576p),https://mumt05.tangotv.in/87NeALx2IBC24/index.m3u8,,,,IBC24.in@SD,,,,https://xstreamcp-assets-msp.streamready.in/assets/LIVETV/LIVECHANNEL/LIVETV_LIVETVCHANNEL_IBC24/images/LOGO_HD/image.png,News,,iptv-org-all.txt
IBC Bakthi (1080p),https://ibc.massstream.net/IBC2/index.m3u8,,,,IBCBakthi.uk@SD,,,,https://i.imgur.com/ZNEz5Wx.png,Religious,,iptv-org-all.txt
IBC Tamil (1080p),https://ibc.massstream.net/IBC/index.m3u8,,,,IBCTamil.uk@SD,,,,https://i.imgur.com/uVt9vBa.png,General,,iptv-org-all.txt
IBN TV (480p),http://138.68.138.119:8080/live/5a8993709ea19/index.m3u8,,,,IBNTV.tz@SD,,,,https://i.imgur.com/hkV51ij.png,Religious,,iptv-org-all.txt
IBN TV Africa (720p),http://68.183.41.209:8080/live/5d9a537c64b9c/index.m3u8,,,,IBNTVAfrica.tz@SD,,,,https://i.imgur.com/eKy2ocd.png,Religious,,iptv-org-all.txt
iCarly,https://jmp2.uk/plu-5e8b580a233dc90007f0cb9d.m3u8,,,,iCarly.de@DACH,,,,https://images.pluto.tv/channels/5e8b580a233dc90007f0cb9d/colorLogoPNG.png,Kids,,iptv-org-all.txt
iCarly,https://jmp2.uk/plu-6181404ef48321000797bc41.m3u8,,,,iCarly.de@ES,,,,https://images.pluto.tv/channels/5e8b580a233dc90007f0cb9d/colorLogoPNG.png,Kids,,iptv-org-all.txt
iCarly,https://jmp2.uk/plu-61c0b9aab7facb0007913908.m3u8,,,,iCarly.se@DK,,,,https://images.pluto.tv/channels/61c0b9aab7facb0007913908/colorLogoPNG.png,Kids,,iptv-org-all.txt
iCarly,https://jmp2.uk/plu-61c1d9b31a9c310008f8ee57.m3u8,,,,iCarly.se@NO,,,,https://images.pluto.tv/channels/61c0b9aab7facb0007913908/colorLogoPNG.png,Kids,,iptv-org-all.txt
iCarly,https://jmp2.uk/plu-61c185049e0bde0007820039.m3u8,,,,iCarly.se@SE,,,,https://images.pluto.tv/channels/61c0b9aab7facb0007913908/colorLogoPNG.png,Kids,,iptv-org-all.txt
iCarly TV,https://jmp2.uk/plu-5f8ecc7aa44d9c00081fca29.m3u8,,,,iCarly.de@FR,,,,https://images.pluto.tv/channels/5e8b580a233dc90007f0cb9d/colorLogoPNG.png,Kids,,iptv-org-all.txt
iCarly TV,https://jmp2.uk/plu-6450209d939a5900084dba1d.m3u8,,,,iCarly.us@SD,,,,https://images.pluto.tv/channels/620ff46e0a576e0007dc2f89/colorLogoPNG.png,Series,,iptv-org-all.txt
Icaro TV (720p) [Not 24/7],https://59d7d6f47d7fc.streamlock.net/icarotv/icarotv/playlist.m3u8,,,,IcaroTV.it@SD,,,,https://i.imgur.com/nWBWzNy.png,General,,iptv-org-all.txt
ICC Plus (1080p),https://icchls.wns.live/hls/stream.m3u8,,,,ICCplus.us@SD,,,,,Movies,,iptv-org-all.txt
Ice Pilots,https://jmp2.uk/plu-5ce40f42ba7f7f5ea9518fe1.m3u8,,,,IcePilots.us@Germany,,,,https://i.imgur.com/F8GBYq3.png,Series,,iptv-org-all.txt
Ice Road Truckers (720p),https://jmp2.uk/plu-657884cba620e30008fe33e1.m3u8,,,,,,,,,Undefined,,iptv-org-all.txt
Ice Road Truckers (720p),https://jmp2.uk/plu-62beb6c0371e6c000775930f.m3u8,,,,,,,,,Undefined,,iptv-org-all.txt
Ice Road Truckers (720p),https://6ffa57ba.wurl.com/master/f36d25e7e52f1ba8d7e56eb859c636563214f541/UmFrdXRlblRWLWdiX0ljZVJvYWRUcnVja2Vyc19ITFM/playlist.m3u8,,,,,,,,,Undefined,,iptv-org-all.txt
Ice Road Truckers (720p),https://7aac8d7e.wurl.com/master/f36d25e7e52f1ba8d7e56eb859c636563214f541/U2Ftc3VuZy1nYl9JY2VSb2FkVHJ1Y2tlcnNfSExT/playlist.m3u8,,,,,,,,,Undefined,,iptv-org-all.txt
Ice Road Truckers (720p),https://d27c7ivrw07fxl.cloudfront.net/v1/aenetworks_iceroadtruckers_1/samsungheadend_us/latest/main/hls/playlist.m3u8,,,,,,,,,Undefined,,iptv-org-all.txt
Ice Road Truckers,https://jmp2.uk/plu-633560bfa693390008b99cf0.m3u8,,,,,,,,,Undefined,,iptv-org-all.txt
Ice Road Truckers,https://jmp2.uk/plu-68c8201b1e5aaf77c47d9605.m3u8,,,,,,,,,Undefined,,iptv-org-all.txt
Icel TV (720p) [Not 24/7],https://edge1.socialsmart.tv/iceltv/bant1/playlist.m3u8,,,,IcelTV.tr@SD,,,,https://i.imgur.com/CGwImKv.png,Undefined,,iptv-org-all.txt
ICI Montreal (720p),https://amdici.akamaized.net/hls/live/873426/ICI-Live-Stream/master.m3u8,,,,IciRadioCanadaTele.ca@CFHDDT,,,,https://i.imgur.com/x0vLIWr.png,Undefined,,iptv-org-all.txt
Ici Radio-Canada Télé (1080p) [Geo-blocked],https://rcavlive-dai.akamaized.net/hls/live/696614/cancbftprem/master.m3u8,,,,IciRadioCanadaTele.ca@CBFTDT,,,,https://i.imgur.com/pFCJGj4.png,Undefined,,iptv-org-all.txt
Ici Radio-Canada Télé Alberta (CBXFT-DT) [Geo-blocked],https://rcavlive.akamaized.net/hls/live/704020/cancbxft/master.m3u8,,,,IciRadioCanadaTele.ca@CBXFTDT,,,,https://i.imgur.com/xN4Valg.png,Undefined,,iptv-org-all.txt
Ici Radio-Canada Télé Colombie-Britannique/Yukon (CBUFT-DT) [Geo-blocked],https://rcavlive.akamaized.net/hls/live/704017/cancbuft/master.m3u8,,,,IciRadioCanadaTele.ca@CBUFTDT,,,,https://upload.wikimedia.org/wikipedia/en/thumb/c/cf/Current_Logo_of_Ici_Radio-Canada_T%C3%A9l%C3%A9_%282016-present%29.svg/960px-Current_Logo_of_Ici_Radio-Canada_T%C3%A9l%C3%A9_%282016-present%29.svg.png,Undefined,,iptv-org-all.txt
Ici Radio-Canada Télé Est du Québec (CJBR-DT) [Geo-blocked],https://rcavlive.akamaized.net/hls/live/704024/cancjbr/master.m3u8,,,,IciRadioCanadaTele.ca@CJBRDT,,,,https://i.imgur.com/1B3d8Jc.png,Undefined,,iptv-org-all.txt
Ici Radio-Canada Télé Estrie (CKSH-DT) [Geo-blocked],https://rcavlive.akamaized.net/hls/live/704016/cancksh/master.m3u8,,,,IciRadioCanadaTele.ca@CKSHDT,,,,https://upload.wikimedia.org/wikipedia/en/thumb/c/cf/Current_Logo_of_Ici_Radio-Canada_T%C3%A9l%C3%A9_%282016-present%29.svg/960px-Current_Logo_of_Ici_Radio-Canada_T%C3%A9l%C3%A9_%282016-present%29.svg.png,Undefined,,iptv-org-all.txt
Ici Radio-Canada Télé Manitoba (CBWFT-DT) [Geo-blocked],https://rcavlive.akamaized.net/hls/live/704018/cancbwft/master.m3u8,,,,IciRadioCanadaTele.ca@CBWFTDT,,,,https://upload.wikimedia.org/wikipedia/en/thumb/c/cf/Current_Logo_of_Ici_Radio-Canada_T%C3%A9l%C3%A9_%282016-present%29.svg/960px-Current_Logo_of_Ici_Radio-Canada_T%C3%A9l%C3%A9_%282016-present%29.svg.png,Undefined,,iptv-org-all.txt
Ici Radio-Canada Télé Mauricie/Centre-du-Québec (CKTM-DT) [Geo-blocked],https://rcavlive.akamaized.net/hls/live/704021/cancktm/master.m3u8,,,,IciRadioCanadaTele.ca@CKTMDT,,,,https://upload.wikimedia.org/wikipedia/en/thumb/c/cf/Current_Logo_of_Ici_Radio-Canada_T%C3%A9l%C3%A9_%282016-present%29.svg/960px-Current_Logo_of_Ici_Radio-Canada_T%C3%A9l%C3%A9_%282016-present%29.svg.png,Undefined,,iptv-org-all.txt
Ici Radio-Canada Télé Ontario (CBLFT-DT) [Geo-blocked],https://rcavlive.akamaized.net/hls/live/704022/cancblft/master.m3u8,,,,IciRadioCanadaTele.ca@CBLFTDT,,,,https://i.imgur.com/1f798e8.png,Undefined,,iptv-org-all.txt
Ici Radio-Canada Télé Ottawa/Gatineau (CBOFT-DT) [Geo-blocked],https://rcavlive.akamaized.net/hls/live/664046/cancboft/master.m3u8,,,,IciRadioCanadaTele.ca@CBOFTDT,,,,https://i.imgur.com/373Y8Py.png,Undefined,,iptv-org-all.txt
Ici Radio-Canada Télé Québec (CBVT-DT) [Geo-blocked],https://rcavlive.akamaized.net/hls/live/664045/cancbvt/master.m3u8,,,,IciRadioCanadaTele.ca@CBVTDT,,,,https://upload.wikimedia.org/wikipedia/en/thumb/c/cf/Current_Logo_of_Ici_Radio-Canada_T%C3%A9l%C3%A9_%282016-present%29.svg/960px-Current_Logo_of_Ici_Radio-Canada_T%C3%A9l%C3%A9_%282016-present%29.svg.png,Undefined,,iptv-org-all.txt
Ici Radio-Canada Télé Saguenay/Lac-St-Jean (CKTV-DT) [Geo-blocked],https://rcavlive.akamaized.net/hls/live/704023/cancktv/master.m3u8,,,,IciRadioCanadaTele.ca@CKTVDT,,,,https://upload.wikimedia.org/wikipedia/en/thumb/c/cf/Current_Logo_of_Ici_Radio-Canada_T%C3%A9l%C3%A9_%282016-present%29.svg/960px-Current_Logo_of_Ici_Radio-Canada_T%C3%A9l%C3%A9_%282016-present%29.svg.png,Undefined,,iptv-org-all.txt
Ici Radio-Canada Télé Saskatchewan (CBKFT-DT) [Geo-blocked],https://rcavlive.akamaized.net/hls/live/704019/cancbkft/master.m3u8,,,,IciRadioCanadaTele.ca@CBKFTDT,,,,https://upload.wikimedia.org/wikipedia/en/thumb/c/cf/Current_Logo_of_Ici_Radio-Canada_T%C3%A9l%C3%A9_%282016-present%29.svg/960px-Current_Logo_of_Ici_Radio-Canada_T%C3%A9l%C3%A9_%282016-present%29.svg.png,Undefined,,iptv-org-all.txt
Ici Radio-Canada Télé Terre-Neuve-et-Labrador (CBAFT-DT) [Geo-blocked],https://rcavlive.akamaized.net/hls/live/704014/cancbaft/master.m3u8,,,,IciRadioCanadaTele.ca@CBAFTDT,,,,https://upload.wikimedia.org/wikipedia/en/thumb/c/cf/Current_Logo_of_Ici_Radio-Canada_T%C3%A9l%C3%A9_%282016-present%29.svg/960px-Current_Logo_of_Ici_Radio-Canada_T%C3%A9l%C3%A9_%282016-present%29.svg.png,Undefined,,iptv-org-all.txt
ICI RDI (720p),https://rcavlive.akamaized.net/hls/live/704025/xcanrdi/master.m3u8,,,,IciRDI.ca@SD,,,,https://upload.wikimedia.org/wikipedia/commons/thumb/0/0a/ICI_RDI_logo.svg/960px-ICI_RDI_logo.svg.png,News,,iptv-org-all.txt
ICN Digital,https://streaming.icndigital.com/live_output/icn_live_stream_1.m3u8,,,,ICNDigital.hn@SD,,,,https://i.imgur.com/UCZVQgj.png,News,,iptv-org-all.txt
icnet 1,https://icnet1hls.wns.live/hls/stream.m3u8,,,,ICnet1.ca@SD,,,,https://i.imgur.com/aeS4Sjv.png,Religious,,iptv-org-all.txt
icnet 2,https://icnet2hls.wns.live/hls/stream.m3u8,,,,ICnet2.ca@SD,,,,https://i.imgur.com/Ke5xn4E.png,Religious,,iptv-org-all.txt
icnet 3,https://ic3hls.wns.live/hls/stream.m3u8,,,,icnet3.ca@SD,,,,,Religious,,iptv-org-all.txt
Icon Film Channel (720p),https://iconfilmsdistribution-iconfilmchannelclassics-1-gb.samsung.wurl.tv/playlist.m3u8,,,,,,,,,Undefined,,iptv-org-all.txt
ICONE TV,https://lecteur.iconetv.bj/hls/stream.m3u8,,,,ICONETV.bj@SD,,,,https://i.imgur.com/Aws11wj.jpeg,News,,iptv-org-all.txt
Icons Unearthed+,https://jmp2.uk/plu-686fc8fe1889b4ad04604704.m3u8,,,,,,,,,Undefined,,iptv-org-all.txt
ICRTV Colima (1080p),https://5fc584f3f19c9.streamlock.net/icrtvcolima/smil:icrtvcolima.smil/playlist.m3u8,,,,IcrtvColima.mx@SD,,,,https://i.imgur.com/iUks0ot.png,Legislative,,iptv-org-all.txt
Ictimai TV,https://live.itv.az/itv.m3u8,,,,IctimaiTV.az@SD,,,,https://i.imgur.com/HzY4VMo.png,General,,iptv-org-all.txt
ICTV (480p) [Not 24/7],https://goliveafrica.media:9998/live/659a7f33bed3f/index.m3u8,,,,ICTV.ke@SD,,,,https://i.imgur.com/0kMhqK3.png,Religious,,iptv-org-all.txt
ID,http://213.91.179.28:8000/play/a0cf,,,,ID.bg@SD,,,,,Documentary,,iptv-org-all.txt
Ideaal TV (480p) [Not 24/7],https://ms2.mx-cd.net/dtv-09/236-2051366/Ideaal_TV.smil/playlist.m3u8,,,,IdeaalTV.nl@SD,,,,https://i.imgur.com/JLYQFoX.png,General,,iptv-org-all.txt
Ideas en 5 minutos (1080p),https://soul-5mincraftspa-rakuten.amagi.tv/playlist.m3u8,,,,,,,,,Undefined,,iptv-org-all.txt
Identité Télé Caraïbes (548p),https://vdo2.pro-fhi.net:3769/stream/play.m3u8,,,,IdentiteTeleCaraibes.mq@SD,,,,https://i.imgur.com/Atsf6Cd.png,Music,,iptv-org-all.txt
IDJTV,https://best-str.umn.cdn.united.cloud/stream?channel=idjhd&p=In$trum300na765ta&player=m3u8&sp=idjtv&stream=hp1400&u=idjtv,,,,IDJTV.rs@SD,,,,https://i.imgur.com/btvyrzr.png,Undefined,,iptv-org-all.txt
IDTV (720p) [Not 24/7],https://b1world.beritasatumedia.com/Beritasatu/B1World_manifest.m3u8,,,,,,,,,Undefined,,iptv-org-all.txt
IeanJesus Ecuador (720p),https://cloud37.ecuatel.com/iglesia2020/Stream1/playlist.m3u8,,,,IeanJesusEcuador.ec@SD,,,,https://i.imgur.com/TyckDSV.png,Religious,,iptv-org-all.txt
IERTBCS Canal 8.2 La Paz (1080p) [Not 24/7],https://s5.mexside.net:1936/xhbzc82/xhbzc82/playlist.m3u8,,,,IERTBCSCanal82.mx@SD,,,,https://i.imgur.com/R3icGuG.png,Entertainment,,iptv-org-all.txt
IERTBCS Canal 8 La Paz (1080p) [Not 24/7],https://s5.mexside.net:1936/xhbzc81/xhbzc81/playlist.m3u8,,,,XHBZCTDT.mx@SD,,,,https://i.imgur.com/R3icGuG.png,General,,iptv-org-all.txt
IFC (1080p),http://23.237.104.106:8080/USA_IFC/index.m3u8,,,,IFC.us@East,,,,https://i.imgur.com/bQdkyF9.png,Movies,,iptv-org-all.txt
iFilm 2,https://live.presstv.ir/hls/ifilm2.m3u8,,,,iFilm2.ir@SD,,,,https://upload.wikimedia.org/wikipedia/fa/c/ce/Ifilm2logo.png,Movies,,iptv-org-all.txt
iFilm Arabic,https://live.presstv.ir/hls/ifilmar.m3u8,,,,iFilmArabic.ir@SD,,,,https://upload.wikimedia.org/wikipedia/commons/b/b9/IFILM.png,Movies,,iptv-org-all.txt
iFilm English,https://live.presstv.ir/hls/ifilmen.m3u8,,,,iFilmEnglish.ir@SD,,,,https://upload.wikimedia.org/wikipedia/commons/b/b9/IFILM.png,Movies,,iptv-org-all.txt
iFilm Persian,https://live.presstv.ir/hls/ifilmfa.m3u8,,,,iFilmPersian.ir@SD,,,,https://upload.wikimedia.org/wikipedia/commons/b/b9/IFILM.png,Movies,,iptv-org-all.txt
Iglesia Del Camino (480p) [Not 24/7],http://streamingcontrol.com:1935/ectv/ectv/playlist.m3u8,,,,IglesiaDelCamino.gt@SD,,,,https://i.imgur.com/vHfb3Z4.png,Religious,,iptv-org-all.txt
Ignite Television (1080p) [Not 24/7],https://rpn.bozztv.com/ignitelive/ignitetv/ignitetv/tracks-v1a1/mono.m3u8,,,,IgniteTelevision.gy@SD,,,,https://i.imgur.com/aQI9tsg.jpeg,General,,iptv-org-all.txt
IIPC TV (720p),https://rpn.bozztv.com/dvrfl03/iipctv/index.m3u8,,,,IIPCTV.ca@SD,,,,https://i.imgur.com/mIih39Y.png,Religious,,iptv-org-all.txt
Il Banco dei Pugni,https://jmp2.uk/plu-60e4507a06171800072339a3.m3u8,,,,IlBancodeiPugni.us@Italy,,,,https://i.imgur.com/NZDUlME.png,Entertainment,,iptv-org-all.txt
Il Sole24Ore TV (720p),https://jmp2.uk/plu-6971fc932c004063166ac8fd.m3u8,,,,,,,,,Undefined,,iptv-org-all.txt
Il Testimone,https://jmp2.uk/plu-61fbd3f0733df400076c9a2d.m3u8,,,,IlTestimone.de@IT,,,,https://images.pluto.tv/channels/61fbd3f0733df400076c9a2d/colorLogoPNG.png,Entertainment,,iptv-org-all.txt
Ilam,https://ncdn.telewebion.ir/ilam/live/playlist.m3u8,,,,IlamTV.ir@SD,,,,https://upload.wikimedia.org/wikipedia/commons/thumb/5/50/Ilam_TV.png/960px-Ilam_TV.png,General,,iptv-org-all.txt
Ilke TV (1080p),https://stream.ilketv.com.tr/hls/ilkecanli.m3u8,,,,IlkeTV.tr@HD,,,,https://ilketv.com.tr/wp-content/uploads/2024/06/logo.png,Undefined,,iptv-org-all.txt
Ilm va Tabiat (1080p),https://live.teleradiocom.tj/15/3m.m3u8,,,,IlmvaTabiat.tj@SD,,,,https://i.imgur.com/MDULX7X.png,Science,,iptv-org-all.txt
ILTV (720p),https://live.creacast.com/iltv/smil:iltv.smil/playlist.m3u8,,,,ILTV.fr@SD,,,,https://i.imgur.com/fVhrJHK.png,Undefined,,iptv-org-all.txt
Imagen TV (1080p),https://igd-it-runtime.otteravision.com/igd/it/it.m3u8,,,,ImagenTV.mx@SD,,,,https://i.imgur.com/lKrRvtS.png,General,,iptv-org-all.txt
Imagen Universal TV,https://imagenuniversaltv.net:3771/live/iutvlive.m3u8,,,,ImagenUniversalTV.do@SD,,,,https://i.imgur.com/DP6HmDV.png,General,,iptv-org-all.txt
Imai TV (1080p),https://live20.bozztv.com/akamaissh101/ssh101/imaitv/playlist.m3u8,,,,ImaiTV.lk@SD,,,,https://i.imgur.com/9tODclu.png,Culture,,iptv-org-all.txt
Imam Hussein TV 1 (1080p),http://fa.imamhossaintv.com/live/ih1.m3u8,,,,ImamHusseinTV1.iq@SD,,,,https://i.imgur.com/pDdUvz7.png,Religious,,iptv-org-all.txt
Imam Hussein TV 2 (1080p),http://ar.imamhossaintv.com/live/ih2.m3u8,,,,ImamHusseinTV2.iq@SD,,,,https://i.imgur.com/IXVSPdJ.png,Religious,,iptv-org-all.txt
Imam Hussein TV 3 (1080p),http://en.imamhossaintv.com/live/ih3.m3u8,,,,ImamHusseinTV3.iq@SD,,,,https://i.imgur.com/emQRHQZ.png,Religious,,iptv-org-all.txt
Imam Hussein TV 4 (1080p),http://ur.imamhossaintv.com/live/ih4.m3u8,,,,ImamHusseinTV4.iq@SD,,,,https://i.imgur.com/0UYcylY.png,Religious,,iptv-org-all.txt
Imam Hussein TV 5 (720p),http://live.al-zahratv.com/live/playlist.m3u8,,,,ImamHusseinTV5.iq@SD,,,,https://i.imgur.com/Oq2Ve7C.png,Religious,,iptv-org-all.txt
Imam Hussein TV 6 (1080p),http://live.imamhossaintv.com/live/ih6.m3u8,,,,ImamHusseinTV6.iq@SD,,,,https://i.imgur.com/lqhU0PY.png,Religious,,iptv-org-all.txt
Iman TV (480p),https://live.relentlessinnovations.net:1936/imantv/imantv/playlist.m3u8,,,,ImanTV.us@SD,,,,https://i.imgur.com/Vo6cEYi.png,Religious,,iptv-org-all.txt
Imás TV (1080p) [Not 24/7],https://secure3.todostreaming.es/live/imastv-livestream.m3u8,,,,ImasTV.es@SD,,,,https://i.imgur.com/a9hgTmM.png,General,,iptv-org-all.txt
Imedi TV (1080p),https://tv.cdn.xsg.ge/imedihd/index.m3u8,,,,ImediTV.ge@SD,,,,https://i.imgur.com/94hNyxZ.png,General,,iptv-org-all.txt
Immaculata TV (720p),https://g5nl63z8lpq6-hls-live.5centscdn.com/tvistream/a5586d8ea3b7b021120a05c60dc59876.sdp/playlist.m3u8,,,,ImmaculataTV.ch@SD,,,,https://i.imgur.com/8WsYVpt.png,Religious,,iptv-org-all.txt
Impact Channel,https://5fe2654d6127d.streamlock.net/impactchannel/videoimpactchannel/playlist.m3u8,,,,ImpactChannel.cr@SD,,,,https://i.imgur.com/YRRID7W.png,Religious,,iptv-org-all.txt
Impact Network (720p),https://edge1.lifestreamcdn.com/live/impactroku1/index.m3u8,,,,ImpactNetwork.us@SD,,,,https://i.imgur.com/57NH9sS.png,Entertainment,,iptv-org-all.txt
Impact TV,https://edge11.vedge.infomaniak.com/livecast/ik:impacttv-2/manifest.m3u8,,,,ImpactTV.bf@SD,,,,https://i.imgur.com/nynh5LY.png,Religious,,iptv-org-all.txt
Impact TV Dance (1080p),https://online.tvimpact.live/hls/dancetv.m3u8,,,,ImpactTVDance.ro@SD,,,,https://i.imgur.com/G5mNdpE.png,Music,,iptv-org-all.txt
Impact TV Manele (1080p),https://online.tvimpact.live/hls/impact_tv.m3u8,,,,ImpactTVManele.ro@SD,,,,https://i.imgur.com/G5mNdpE.png,Music,,iptv-org-all.txt
Impacto Televisión (360p) [Not 24/7],https://cloudvideo.servers10.com:8081/impactotv/index.m3u8,,,,ImpactoTelevision.pe@SD,,,,https://i.imgur.com/bkpCGP6.png,Entertainment,,iptv-org-all.txt
Imperial Television (720p),https://live-evg5.tv360.bitel.com.pe/bitel/imperialSRT/playlist.m3u8,,,,ImperialTelevision.pe@SD,,,,https://i.imgur.com/eYXqkyN.png,Undefined,,iptv-org-all.txt
Imperial TV (720p),https://tv.centaurychile.com/imperial/streams/EnCyCiwNLsqEQ2kv2852222720686498.m3u8,,,,ImperialTV.bo@SD,,,,https://i.ibb.co/8XHSVWY/IMG-20210613-153444.png,General,,iptv-org-all.txt
Imperio TV Canal 6 (720p),https://live21.bozztv.com/akamaissh101/ssh101/imperiotvcanal6/playlist.m3u8,,,,ImperioTVCanal6.ec@SD,,,,https://i.imgur.com/NrsNljx.png,General,,iptv-org-all.txt
Impossible Quiz Show (1080p),https://bbc-impossible-1-us.roku.wurl.tv/playlist.m3u8,,,,ImpossibleQuizShow.us@SD,,,,https://i.imgur.com/9EWffqx.png,Series,,iptv-org-all.txt
In Depth with Graham Bensinger (1080p),https://d3l6x4fdwxv0np.cloudfront.net/In_Depth_With_Graham_Bensinger.m3u8,,,,,,,,,Undefined,,iptv-org-all.txt
In The Black Network (720p),https://stream.ads.ottera.tv/playlist.m3u8?content_livestream=1&network_id=16206,,,,,,,,,Undefined,,iptv-org-all.txt
In the kitchen (720p),https://qvc-amd-live.akamaized.net/hls/live/2034113/lsqvc4us/master.m3u8,,,,IntheKitchen.us@SD,,,,https://i.imgur.com/HrRUd6r.png,Cooking;Shop,,iptv-org-all.txt
In Touch+ (1080p) [Geo-blocked],https://amg01540-amg01540c1-amgplt0095.playout.now3.amagi.tv/playlist.m3u8,,,,InTouchPlus.us,,,,https://upload.wikimedia.org/wikipedia/en/5/50/Jewelry_television_logo.png,Religious,,iptv-org-all.txt
INA 70 (720p),https://jmp2.uk/plu-639b54404cfdf7000729b3c1.m3u8,,,,,,,,,Undefined,,iptv-org-all.txt
INA 70s (1080p),https://fast-rakuten.okast.tv/fa2e8c4385712f9af3e719ec904b3543/channels/34d82f76-b51f-4bf5-9b35-769fb5904e79/96f96405-90e7-489a-a1e6-8ede5d2b4933/media_.m3u8,,,,,,,,,Undefined,,iptv-org-all.txt
INA Ardivision (1080p),https://fast-rakuten.okast.tv/fa2e8c4385712f9a3b579747e448699c/channels/34d82f76-b51f-4bf5-9b35-769fb5904e79/a4226699-b685-4f5d-9cb6-2a6cac14c377/media_.m3u8,,,,,,,,,Undefined,,iptv-org-all.txt
Inazuma Eleven,https://jmp2.uk/plu-632c6df43d2bc5000751f621.m3u8,,,,InazumaEleven.us@France,,,,https://i.imgur.com/pLv0T3D.png,Kids;Series,,iptv-org-all.txt
Inazuma Eleven Go Italy (720p),https://minerva-pictures-inazumaelevengo-1-it.rakuten.wurl.tv/playlist.m3u8,,,,,,,,,Undefined,,iptv-org-all.txt
INC Radio (1080p),https://stream-243529.castr.net/6842a712b68c56f675d988f1/live_b60a96e056fc11f084c05f5d0649296b/rewind-1800.m3u8,,,,INCRadio.ph@SD,,,,https://i.imgur.com/y2Nrr68.png,Religious,,iptv-org-all.txt
INC TV (1080p),https://stream-243529.castr.net/6842a712b68c56f675d988f1/live_f5ac22b0566511f0805217b960326aaa/rewind-1800.m3u8,,,,INCTV.ph@SD,,,,https://i.imgur.com/JGSLqA6.png,Religious,,iptv-org-all.txt
Income Property,https://jmp2.uk/plu-62e926429cb58900088f951f.m3u8,,,,,,,,,Undefined,,iptv-org-all.txt
Incroyables Transformations (720p),https://jmp2.uk/plu-66f55d205e4a6e0008c2b92b.m3u8,,,,,,,,,Undefined,,iptv-org-all.txt
Ind 24 (576p),https://mumt06.tangotv.in/qYyB8fXVIND24/index.m3u8,,,,Ind24.in@SD,,,,https://i.imgur.com/exRpVmL.png,News,,iptv-org-all.txt
